n_qubits,t,J,g,order,n_steps,p,cnots,infidelity,local_err,trotter_err,bound,z_exact,z_trotter_part,z_noise_part,trace_dist,cancel_ratio
4,2.0,1.0,1.0,1,1,0.0001,6,0.7717282665236288,0.712084694747703,1.9378367009008897,17.88854381999832,0.058571796071826915,-0.7122154169354392,0.000130722187736243,0.878441247098585,0.9996329812697599
4,2.0,1.0,1.0,1,2,0.0001,12,0.9124605621167605,0.45847880234097615,1.9794547822139053,8.94427190999916,0.058571796071826915,0.4586856742957439,-0.0002068719547677622,0.9551766715245494,0.9990983860755288
4,2.0,1.0,1.0,1,3,0.0001,18,0.570051581042289,0.04741716842913864,1.367663700412042,5.962847939999439,0.058571796071826915,0.047522766643628284,-0.00010559821448964668,0.7547122469842809,0.9955657426071957
4,2.0,1.0,1.0,1,4,0.0001,24,0.2729293979889409,0.02271781265732102,0.8976523830325339,4.47213595499958,0.058571796071826915,0.022827960904140285,-0.00011014824681926383,0.5214337815532863,0.990396048244922
4,2.0,1.0,1.0,1,5,0.0001,30,0.15190654431823147,0.013388899846250774,0.6564718918544042,3.5777087639996643,0.058571796071826915,0.013522856275934941,-0.00013395642968416777,0.3877046014403637,0.9803824753884116
4,2.0,1.0,1.0,1,6,0.0001,36,0.09629761034085615,0.00885799230612394,0.516909481864952,2.9814239699997196,0.058571796071826915,0.009018551022962007,-0.00016055871683806622,0.3068750321557403,0.9650164947605119
4,2.0,1.0,1.0,1,7,0.0001,42,0.06704387623230756,0.006290461269002873,0.42689979050349847,2.5555062599997598,0.058571796071826915,0.006478276947628786,-0.0001878156786259133,0.2537710343306233,0.9436504443739071
4,2.0,1.0,1.0,1,8,0.0001,48,0.05001813109664843,0.004678006049977368,0.3641575836523822,2.23606797749979,0.058571796071826915,0.0048932365924686805,-0.00021523054249131257,0.21648185163975175,0.9157357630752387
4,2.0,1.0,1.0,1,9,0.0001,54,0.03935746409983776,0.003590121742188368,0.31789891412496085,1.987615979999813,0.058571796071826915,0.003832787392149567,-0.000242665649961199,0.1889448982024074,0.8809135340519015
4,2.0,1.0,1.0,1,10,0.0001,60,0.03231739802815037,0.002816221835160282,0.28234079069317636,1.7888543819998322,0.058571796071826915,0.003086302512160216,-0.0002700806769999342,0.16781163511142297,0.8390644561251571
4,2.0,1.0,1.0,1,11,0.0001,66,0.027483821221372495,0.002242559981141784,0.25412081137281867,1.6262312563634835,0.058571796071826915,0.002540024974946875,-0.00029746499380509106,0.15109881651160928,0.7903323027880679
4,2.0,1.0,1.0,1,12,0.0001,72,0.024070384245541865,0.0018029673630239607,0.23115485960677426,1.4907119849998598,0.058571796071826915,0.0021277848817456146,-0.000324817518721654,0.13756243165277138,0.7351241940725738
4,2.0,1.0,1.0,1,13,0.0001,78,0.02161215076816181,0.0014566791867156592,0.21208308634768186,1.376041832307563,0.058571796071826915,0.0018088193246167672,-0.000352140137901108,0.12638449667791013,0.6740890849559885
4,2.0,1.0,1.0,1,14,0.0001,84,0.019820080278523777,0.001177405779431151,0.19598026939368543,1.2777531299998799,0.058571796071826915,0.0015568412274291343,-0.00037943544799798334,0.11700573254508918,0.6080772414259602
4,2.0,1.0,1.0,1,15,0.0001,90,0.018506840693372384,0.0009475462967570292,0.18219469091585264,1.1925695879998879,0.058571796071826915,0.0013542522822610203,-0.0004067059855039912,0.10903102408238485,0.5380856060601846
4,2.0,1.0,1.0,1,16,0.0001,96,0.017546686597146866,0.0007549431624757907,0.1702537319261622,1.118033988749895,0.058571796071826915,0.0011888971535116977,-0.00043395399103590693,0.10217338711542034,0.46519556954574726
4,2.0,1.0,1.0,1,17,0.0001,102,0.01685265209329767,0.0005909729842636102,0.15980607544525233,1.0522672835293128,0.058571796071826915,0.0010521543521224974,-0.0004611813678588872,0.09621937057208303,0.3905101666871907
4,2.0,1.0,1.0,1,18,0.0001,108,0.016363022708974717,0.0004493779061461589,0.15058496944446342,0.9938079899999065,0.058571796071826915,0.0009377676135875479,-0.000488389707441389,0.09100692540325675,0.31509700894845455
4,2.0,1.0,1.0,1,19,0.0001,114,0.016033011320027657,0.0003255254805341057,0.1423841075662148,0.9415023063157008,0.058571796071826915,0.0008411058142681338,-0.0005155803337340281,0.0864108063988366,0.23994162615537146
4,2.0,1.0,1.0,1,20,0.0001,120,0.015829469982684752,0.0002159259619854692,0.13504134133598228,0.8944271909999161,0.058571796071826915,0.0007586803103274142,-0.000542754348341945,0.08233268021023066,0.16591379409415827
4,2.0,1.0,1.0,1,21,0.0001,126,0.015727434925595363,0.00011790930982086278,0.12842740569247185,0.8518354199999197,0.058571796071826915,0.0006878219803418406,-0.0005699126705209778,0.07869426135130898,0.09374736534449125
4,2.0,1.0,1.0,1,22,0.0001,132,0.015707812570070256,2.9404112674408234e-05,0.1224379424112211,0.8131156281817418,0.058571796071826915,0.0006264601833797789,-0.0005970560707053707,0.07543244785094227,0.024032465916355435
4,2.0,1.0,1.0,1,23,0.0001,138,0.01575579516137171,5.121680192612943e-05,0.11698774605574043,0.7777627747825355,0.058571796071826915,0.0005729683959276033,-0.0006241851978537327,0.07249580850235747,0.04278214774793914
4,2.0,1.0,1.0,1,24,0.0001,144,0.015859754296518647,0.00012524614875139561,0.11200654042244727,0.7453559924999299,0.058571796071826915,0.0005260544527891375,-0.0006513006015405332,0.06984200290612261,0.10637925092418679
4,2.0,1.0,1.0,1,25,0.0001,150,0.016010454312867184,0.00019372152489283145,0.10743582954742895,0.7155417527999327,0.058571796071826915,0.00048468122480907483,-0.0006784027497019063,0.06743585746744735,0.16655850234225925
4,2.0,1.0,1.0,1,26,0.0001,156,0.016200483980592706,0.00025748360051106034,0.10322651647112313,0.6880209161537815,0.058571796071826915,0.00044800844239320514,-0.0007054920429042655,0.06524791057250012,0.22321932568988834
4,2.0,1.0,1.0,1,27,0.0001,162,0.016423839848062838,0.00031721937463463634,0.09933707931736066,0.6625386599999377,0.058571796071826915,0.00041534945120660915,-0.0007325688258412455,0.06325329857319706,0.2763431691761556
4,2.0,1.0,1.0,1,28,0.0001,168,0.016675616651872893,0.00037349472648651183,0.09573215780533116,0.6388765649999399,0.058571796071826915,0.0003861386701287661,-0.000759633396615278,0.06143089284748918,0.32597646366774924
4,2.0,1.0,1.0,1,29,0.0001,174,0.01695177443691409,0.0004267791894033979,0.09238144603631808,0.6168463386206317,0.058571796071826915,0.0003599068248948123,-0.0007866860142982102,0.059762624233029325,0.37221511840573424
4,2.0,1.0,1.0,1,30,0.0001,180,0.01724896138812837,0.00047746500286713345,0.08925881661140246,0.5962847939999439,0.058571796071826915,0.0003362619022144464,-0.0008137269050815799,0.05823294896509501,0.4151909999800772
4,2.0,1.0,1.0,1,31,0.0001,186,0.0175643776322727,0.0005258819059696385,0.08634162143110463,0.577049800645107,0.058571796071826915,0.0003148743613546612,-0.0008407562673242996,0.05682842265575394,0.45506054695936127
4,2.0,1.0,1.0,1,32,0.0001,192,0.017895669518698254,0.0005723087273946104,0.08361012883262549,0.5590169943749475,0.058571796071826915,0.00029546554832607375,-0.0008677742757206841,0.0555373576053087,0.49199547295726503
4,2.0,1.0,1.0,1,33,0.0001,198,0.01824084681868754,0.0006169825414382712,0.08104706693931747,0.5420770854544946,0.058571796071826915,0.00027779854331083653,-0.0008947810847491078,0.05434954499577607,0.5261753885824204
4,2.0,1.0,1.0,1,34,0.0001,204,0.018598217330834776,0.0006601059576528123,0.0786372504885102,0.5261336417646564,0.058571796071826915,0.0002616708738700235,-0.0009217768315228358,0.053256028045631364,0.5577821095471915
4,2.0,1.0,1.0,1,35,0.0001,210,0.018966334828877107,0.0007018529668252893,0.0763672738121792,0.5111012519999518,0.058571796071826915,0.00024690867138663086,-0.0009487616382119202,0.05224891552047478,0.5869953959640748
4,2.0,1.0,1.0,1,36,0.0001,216,0.019343957326392047,0.0007423736612749976,0.07422525664521094,0.49690399499995325,0.058571796071826915,0.00023336195277232075,-0.0009757356140473183,0.05132122744686399,0.6139898728170523
4,2.0,1.0,1.0,1,37,0.0001,222,0.019730013383751688,0.0007817980706679994,0.07220063242447142,0.48347415729725196,0.058571796071826915,0.00022090078635458865,-0.001002698857022588,0.0504667667088341,0.6389329017048502
4,2.0,1.0,1.0,1,38,0.0001,228,0.020123574732200167,0.0008202392979189954,0.07028397099556236,0.4707511531578504,0.058571796071826915,0.00020941215741401842,-0.0010296514553330138,0.04968001158819345,0.6619832020573231
4,2.0,1.0,1.0,1,39,0.0001,234,0.020523833895672472,0.0008577960975178212,0.06846682935873634,0.4586806107691876,0.058571796071826915,0.00019879739109227024,-0.0010565934886100914,0.04895602536058842,0.6832900504432488
4,2.0,1.0,1.0,1,40,0.0001,240,0.02093008579339828,0.0008945550067852581,0.06674162540076085,0.44721359549995804,0.058571796071826915,0.00018897002217990733,-0.0010835250289651654,0.04829037986512276,0.702992916145552
4,2.0,1.0,1.0,1,1,0.00012955586655595704,6,0.7717548443627047,0.7120460611752268,1.9378367009008897,17.88854381999832,0.058571796071826915,-0.7122154169354392,0.0001693557602123752,0.8784447322024842,0.9995245385170951
4,2.0,1.0,1.0,1,2,0.00012955586655595704,12,0.9124665209109757,0.4584176714241598,1.9794547822139053,8.94427190999916,0.058571796071826915,0.4586856742957439,-0.0002680028715841276,0.9551646297092236,0.998832113631867
4,2.0,1.0,1.0,1,3,0.00012955586655595704,18,0.5702233355165033,0.047385974496756286,1.367663700412042,5.962847939999439,0.058571796071826915,0.047522766643628284,-0.00013679214687199737,0.7547359348004685,0.9942596133768966
4,2.0,1.0,1.0,1,4,0.00012955586655595704,24,0.2733443504580113,0.02268527905018458,0.8976523830325339,4.47213595499958,0.058571796071826915,0.022827960904140285,-0.00014268185395570343,0.5215387549937797,0.9875770255575095
4,2.0,1.0,1.0,1,5,0.00012955586655595704,30,0.15251984428052034,0.013349344395920698,0.6564718918544042,3.5777087639996643,0.058571796071826915,0.013522856275934941,-0.00017351188001424322,0.38789078969247315,0.9746630817690344
4,2.0,1.0,1.0,1,6,0.00012955586655595704,36,0.09708543284519389,0.008810593837933062,0.516909481864952,2.9814239699997196,0.058571796071826915,0.009018551022962007,-0.00020795718502894522,0.30713912797129683,0.954921801326999
4,2.0,1.0,1.0,1,7,0.00012955586655595704,42,0.06799443865684773,0.00623503028484601,0.42689979050349847,2.5555062599997598,0.058571796071826915,0.006478276947628786,-0.00024324666278277562,0.25411108594445486,0.927621570083905
4,2.0,1.0,1.0,1,8,0.00012955586655595704,48,0.05112511096897443,0.004614499702484315,0.3641575836523822,2.23606797749979,0.058571796071826915,0.0048932365924686805,-0.00027873688998436563,0.21689685103522127,0.8922125602808922
4,2.0,1.0,1.0,1,9,0.00012955586655595704,54,0.040617122632697567,0.0035185378082051855,0.31789891412496085,1.987615979999813,0.058571796071826915,0.003832787392149567,-0.0003142495839443815,0.18943447652356873,0.8484462107495506
4,2.0,1.0,1.0,1,10,0.00012955586655595704,60,0.03372733736600464,0.0027365699832080648,0.28234079069317636,1.7888543819998322,0.058571796071826915,0.003086302512160216,-0.00034973252895215134,0.1683758483559852,0.7964325015504321
4,2.0,1.0,1.0,1,11,0.00012955586655595704,66,0.029042396093937328,0.0021548530081332284,0.25412081137281867,1.6262312563634835,0.058571796071826915,0.002540024974946875,-0.0003851719668136466,0.15173802197973427,0.736652283943773
4,2.0,1.0,1.0,1,12,0.00012955586655595704,72,0.02577640019954064,0.0017072183776511707,0.23115485960677426,1.4907119849998598,0.058571796071826915,0.0021277848817456146,-0.00042056650409444396,0.1382772146523098,0.6699305233718347
4,2.0,1.0,1.0,1,13,0.00012955586655595704,78,0.02346469827567077,0.0013529007347381217,0.21208308634768186,1.376041832307563,0.058571796071826915,0.0018088193246167672,-0.00045591858987864553,0.12717562551440523,0.5973762906863994
4,2.0,1.0,1.0,1,14,0.00012955586655595704,84,0.0218184380768478,0.0010656096348673205,0.19598026939368543,1.2777531299998799,0.058571796071826915,0.0015568412274291343,-0.0004912315925618138,0.11787412977486958,0.5202987044533066
4,2.0,1.0,1.0,1,15,0.00012955586655595704,90,0.020650416638213098,0.000827743480277976,0.18219469091585264,1.1925695879998879,0.058571796071826915,0.0013542522822610203,-0.0005265088019830444,0.10997774738817902,0.440110914252924
4,2.0,1.0,1.0,1,16,0.00012955586655595704,96,0.01983497993703498,0.0006271440291830688,0.1702537319261622,1.118033988749895,0.058571796071826915,0.0011888971535116977,-0.0005617531243286289,0.10319961603150145,0.3582349011229925
4,2.0,1.0,1.0,1,17,0.00012955586655595704,102,0.019285228538162058,0.0004551873235828785,0.15980607544525233,1.0522672835293128,0.058571796071826915,0.0010521543521224974,-0.0005969670285396189,0.09732639684348225,0.2760180838842332
4,2.0,1.0,1.0,1,18,0.00012955586655595704,108,0.01893949744197676,0.0003056150340936814,0.15058496944446342,0.9938079899999065,0.058571796071826915,0.0009377676135875479,-0.0006321525794938665,0.09219614563408011,0.19466915289103012
4,2.0,1.0,1.0,1,19,0.00012955586655595704,114,0.018753037109777715,0.00017379431884531615,0.1423841075662148,0.9415023063157008,0.058571796071826915,0.0008411058142681338,-0.0006673114954228176,0.0876837161463267,0.11521633816369
4,2.0,1.0,1.0,1,20,0.00012955586655595704,120,0.01869272866834537,5.6235103881863147e-05,0.13504134133598228,0.8944271909999161,0.058571796071826915,0.0007586803103274142,-0.0007024452064455511,0.0836908689789767,0.03848752433402417
4,2.0,1.0,1.0,1,21,0.00012955586655595704,126,0.01873363119111393,4.973292607546309e-05,0.12842740569247185,0.8518354199999197,0.058571796071826915,0.0006878219803418406,-0.0007375549064173037,0.08013940812394363,0.034891070942324603
4,2.0,1.0,1.0,1,22,0.00012955586655595704,132,0.01885666930823704,0.00014618141298355924,0.1224379424112211,0.8131156281817418,0.058571796071826915,0.0006264601833797789,-0.0007726415963633382,0.07696631690587574,0.10448232937735163
4,2.0,1.0,1.0,1,23,0.00012955586655595704,138,0.019047049964897256,0.00023473772399140724,0.11698774605574043,0.7777627747825355,0.058571796071826915,0.0005729683959276033,-0.0008077061199190105,0.07412024534284326,0.17001669929966712
4,2.0,1.0,1.0,1,24,0.00012955586655595704,144,0.019293156762970165,0.000316694739161405,0.11200654042244727,0.7453559924999299,0.058571796071826915,0.0005260544527891375,-0.0008427491919505425,0.07155893017390252,0.23136608408259624
4,2.0,1.0,1.0,1,25,0.00012955586655595704,150,0.019585763947102763,0.00039309019674391155,0.10743582954742895,0.7155417527999327,0.058571796071826915,0.00048468122480907483,-0.0008777714215529864,0.06924727074781345,0.2885165938012725
4,2.0,1.0,1.0,1,26,0.00012955586655595704,156,0.01991746854255827,0.0004647648881388744,0.10322651647112313,0.6880209161537815,0.058571796071826915,0.00044800844239320514,-0.0009127733305320795,0.06715587402143365,0.34154255839256664
4,2.0,1.0,1.0,1,27,0.00012955586655595704,162,0.020282274037084047,0.0005324059170973283,0.09933707931736066,0.6625386599999377,0.058571796071826915,0.00041534945120660915,-0.0009477553683039375,0.06525994031495966,0.39058325484352746
4,2.0,1.0,1.0,1,28,0.00012955586655595704,168,0.020675281048413208,0.0005965792537888648,0.09573215780533116,0.6388765649999399,0.058571796071826915,0.0003861386701287661,-0.000982717923917631,0.0635384001047618,0.43582304850893966
4,2.0,1.0,1.0,1,29,0.00012955586655595704,174,0.021092454643571346,0.000657754510962949,0.09238144603631808,0.6168463386206317,0.058571796071826915,0.0003599068248948123,-0.0010176613358577613,0.06197323816297971,0.47747511136117854
4,2.0,1.0,1.0,1,30,0.00012955586655595704,180,0.021530447326471913,0.0007163239977850122,0.08925881661140246,0.5962847939999439,0.058571796071826915,0.0003362619022144464,-0.0010525858999994586,0.06054895918439425,0.5157685360794392
4,2.0,1.0,1.0,1,31,0.00012955586655595704,186,0.021986462962750863,0.0007726175148112246,0.08634162143110463,0.577049800645107,0.058571796071826915,0.0003148743613546612,-0.0010874918761658858,0.05925216144634329,0.5509384739447597
4,2.0,1.0,1.0,1,32,0.00012955586655595704,192,0.022458151158595507,0.0008269139451870244,0.08361012883262549,0.5590169943749475,0.058571796071826915,0.00029546554832607375,-0.0011223794935130982,0.058071193800797054,0.5832188432343669
4,2.0,1.0,1.0,1,33,0.00012955586655595704,198,0.022943524538903803,0.0008794504116922952,0.08104706693931747,0.5420770854544946,0.058571796071826915,0.00027779854331083653,-0.0011572489550031317,0.05699587755616359,0.612837144920679
4,2.0,1.0,1.0,1,34,0.00012955586655595704,204,0.023440893416456943,0.0009304295672348806,0.0786372504885102,0.5261336417646564,0.058571796071826915,0.0002616708738700235,-0.001192100441104904,0.05601727933555302,0.6400109547153413
4,2.0,1.0,1.0,1,35,0.00012955586655595704,210,0.02394881379180025,0.0009800254415325838,0.0763672738121792,0.5111012519999518,0.058571796071826915,0.00024690867138663086,-0.0012269341129192146,0.055127524313509764,0.6649457133205418
4,2.0,1.0,1.0,1,36,0.00012955586655595704,216,0.024466045660682,0.0010283881620145041,0.07422525664521094,0.49690399499995325,0.058571796071826915,0.00023336195277232075,-0.0012617501147868249,0.05431964168552884,0.68783349711932
4,2.0,1.0,1.0,1,37,0.00012955586655595704,222,0.02499151935632371,0.001075647790124229,0.07220063242447142,0.48347415729725196,0.058571796071826915,0.00022090078635458865,-0.0012965485764788176,0.053587436056687573,0.7088525103175515
4,2.0,1.0,1.0,1,38,0.00012955586655595704,228,0.025524308202862,0.0011219174576708457,0.07028397099556236,0.4707511531578504,0.058571796071826915,0.00020941215741401842,-0.0013313296150848641,0.05292537981690158,0.7281670930822117
4,2.0,1.0,1.0,1,39,0.00012955586655595704,234,0.026063606161703,0.0011672959454913645,0.06846682935873634,0.4586806107691876,0.058571796071826915,0.00019879739109227024,-0.0013660933365836347,0.05232852262067697,0.7459280861258423
4,2.0,1.0,1.0,1,40,0.00012955586655595704,240,0.026608709454755686,0.001211869815038319,0.06674162540076085,0.44721359549995804,0.058571796071826915,0.00018897002217990733,-0.0014008398372182262,0.05179241489439269,0.7622734302937999
4,2.0,1.0,1.0,1,1,0.00016784722559064962,6,0.7717892721620007,0.7119960108137656,1.9378367009008897,17.88854381999832,0.058571796071826915,-0.7122154169354392,0.0002194061216735932,0.8784492482079646,0.9993840668238756
4,2.0,1.0,1.0,1,2,0.00016784722559064962,12,0.9124742392358405,0.45833848079590167,1.9794547822139053,8.94427190999916,0.058571796071826915,0.4586856742957439,-0.00034719349984224657,0.9551490377080627,0.9984872826143819
4,2.0,1.0,1.0,1,3,0.00016784722559064962,18,0.5704457392062601,0.04734557214164989,1.367663700412042,5.962847939999439,0.058571796071826915,0.047522766643628284,-0.00017719450197839492,0.7547666614990993,0.9925704550811897
4,2.0,1.0,1.0,1,4,0.00016784722559064962,24,0.2738815695857395,0.022643144543898944,0.8976523830325339,4.47213595499958,0.058571796071826915,0.022827960904140285,-0.00018481636024134107,0.5216748772032496,0.9839379351637498
4,2.0,1.0,1.0,1,5,0.00016784722559064962,30,0.15331370762493612,0.01329812275963091,0.6564718918544042,3.5777087639996643,0.058571796071826915,0.013522856275934941,-0.00022473351630403204,0.3881323170716552,0.9673057576345634
4,2.0,1.0,1.0,1,6,0.00016784722559064962,36,0.09810501235784286,0.008749224337489314,0.516909481864952,2.9814239699997196,0.058571796071826915,0.009018551022962007,-0.0002693266854726928,0.30748191822101695,0.942004687415704
4,2.0,1.0,1.0,1,7,0.00016784722559064962,42,0.06922440563984855,0.006163270117707981,0.42689979050349847,2.5555062599997598,0.058571796071826915,0.006478276947628786,-0.0003150068299208053,0.25455278852802576,0.9072593342966657
4,2.0,1.0,1.0,1,8,0.00016784722559064962,48,0.052557208899336016,0.004532295940872733,0.3641575836523822,2.23606797749979,0.058571796071826915,0.0048932365924686805,-0.0003609406515959479,0.21743637392951015,0.8626081173779648
4,2.0,1.0,1.0,1,9,0.00016784722559064962,54,0.042246441391663,0.0034258901119919305,0.31789891412496085,1.987615979999813,0.058571796071826915,0.003832787392149567,-0.0004068972801576365,0.19007159092659948,0.8080530456354877
4,2.0,1.0,1.0,1,10,0.00016784722559064962,60,0.0355507036302285,0.0026334933992856746,0.28234079069317636,1.7888543819998322,0.058571796071826915,0.003086302512160216,-0.0004528091128745415,0.1691109105278476,0.7441114263412958
4,2.0,1.0,1.0,1,11,0.00016784722559064962,66,0.031057611342777847,0.0020413666259567753,0.25412081137281867,1.6262312563634835,0.058571796071826915,0.002540024974946875,-0.0004986583489900998,0.15257181259525138,0.6717931447071432
4,2.0,1.0,1.0,1,12,0.00016784722559064962,72,0.02798184989293051,0.0015833416838313685,0.23115485960677426,1.4907119849998598,0.058571796071826915,0.0021277848817456146,-0.0005444431979142461,0.1392108431632632,0.5925174186602017
4,2.0,1.0,1.0,1,13,0.00016784722559064962,78,0.025859137011200017,0.001218652481458804,0.21208308634768186,1.376041832307563,0.058571796071826915,0.0018088193246167672,-0.0005901668431579632,0.128210471024086,0.5079864560408078
4,2.0,1.0,1.0,1,14,0.00016784722559064962,84,0.02440086440913536,0.0009210075701696074,0.19598026939368543,1.2777531299998799,0.058571796071826915,0.0015568412274291343,-0.0006358336572595269,0.11901180282281308,0.42003836346234324
4,2.0,1.0,1.0,1,15,0.00016784722559064962,90,0.023419996481143013,0.0006728043723081834,0.18219469091585264,1.1925695879998879,0.058571796071826915,0.0013542522822610203,-0.000681447909952837,0.11122006401543189,0.330502681525268
4,2.0,1.0,1.0,1,16,0.00016784722559064962,96,0.02279099770785953,0.00046188378014111464,0.1702537319261622,1.118033988749895,0.058571796071826915,0.0011888971535116977,-0.000727013373370583,0.10454857921206245,0.24107794892318277
4,2.0,1.0,1.0,1,17,0.00016784722559064962,102,0.022427054870616914,0.00027962109926452094,0.15980607544525233,1.0522672835293128,0.058571796071826915,0.0010521543521224974,-0.0007725332528579765,0.09878418238546374,0.15324327216412104
4,2.0,1.0,1.0,1,18,0.00016784722559064962,108,0.022266567186196684,0.00011975738350872289,0.15058496944446342,0.9938079899999065,0.058571796071826915,0.0009377676135875479,-0.000818010230078825,0.09376509078241169,0.06820759467988753
4,2.0,1.0,1.0,1,19,0.00016784722559064962,114,0.022264833937330586,2.2340723221575542e-05,0.1423841075662148,0.9415023063157008,0.058571796071826915,0.0008411058142681338,-0.0008634465374897093,0.08936630976976212,0.0131065045896281
4,2.0,1.0,1.0,1,20,0.00016784722559064962,120,0.02238877404519013,0.000150163723879021,0.13504134133598228,0.8944271909999161,0.058571796071826915,0.0007586803103274142,-0.0009088440342064352,0.08548974261174658,0.09005189301808889
4,2.0,1.0,1.0,1,21,0.00016784722559064962,126,0.022613476315027636,0.0002663822928568593,0.12842740569247185,0.8518354199999197,0.058571796071826915,0.0006878219803418406,-0.0009542042731986999,0.08205732737079291,0.16222779159741524
4,2.0,1.0,1.0,1,22,0.00016784722559064962,132,0.02291988910503795,0.0003730683742023122,0.1224379424112211,0.8131156281817418,0.058571796071826915,0.0006264601833797789,-0.0009995285575820911,0.07900617287085104,0.2294409332635476
4,2.0,1.0,1.0,1,23,0.00016784722559064962,138,0.023293238544195516,0.00047184959061699616,0.11698774605574043,0.7777627747825355,0.058571796071826915,0.0005729683959276033,-0.0010448179865445995,0.07628504584241338,0.2916637176139067
4,2.0,1.0,1.0,1,24,0.00016784722559064962,144,0.023721923927825572,0.0005640190396390965,0.11200654042244727,0.7453559924999299,0.058571796071826915,0.0005260544527891375,-0.001090073492428234,0.0738517905642018,0.34899405168273057
4,2.0,1.0,1.0,1,25,0.00016784722559064962,150,0.024196732477477112,0.00065061464571603,0.10743582954742895,0.7155417527999327,0.058571796071826915,0.00048468122480907483,-0.0011352958705251048,0.07167140424612041,0.4016196572099168
4,2.0,1.0,1.0,1,26,0.00016784722559064962,156,0.02471027205547416,0.0007324773606380008,0.10322651647112313,0.6880209161537815,0.058571796071826915,0.00044800844239320514,-0.001180485803031206,0.06971458144083362,0.449788117272165
4,2.0,1.0,1.0,1,27,0.00016784722559064962,162,0.025256555282576976,0.0008102944271361767,0.09933707931736066,0.6625386599999377,0.058571796071826915,0.00041534945120660915,-0.0012256438783427859,0.06795659916289767,0.4937828890253184
4,2.0,1.0,1.0,1,28,0.00016784722559064962,168,0.02583069053886633,0.0008846319365188038,0.09573215780533116,0.6388765649999399,0.058571796071826915,0.0003861386701287661,-0.00127077060664757,0.06637645302373632,0.5339048727157432
4,2.0,1.0,1.0,1,29,0.00016784722559064962,174,0.026428649541096028,0.0009559596077174659,0.09238144603631808,0.6168463386206317,0.058571796071826915,0.0003599068248948123,-0.0013158664326122782,0.06495618071654549,0.5704588036806173
4,2.0,1.0,1.0,1,30,0.00016784722559064962,180,0.02704709053208121,0.0010246698434800972,0.08925881661140246,0.5962847939999439,0.058571796071826915,0.0003362619022144464,-0.0013609317456945436,0.0636803270149365,0.6037436239185382
4,2.0,1.0,1.0,1,31,0.00016784722559064962,186,0.027683222364907834,0.001091092527283427,0.08634162143110463,0.577049800645107,0.058571796071826915,0.0003148743613546612,-0.0014059668886380883,0.06253551685312755,0.6340460093503827
4,2.0,1.0,1.0,1,32,0.00016784722559064962,192,0.028334699008755404,0.0011555066161271776,0.08361012883262549,0.5590169943749475,0.058571796071826915,0.00029546554832607375,-0.0014509721644532514,0.061510111807878874,0.6616363169850903
4,2.0,1.0,1.0,1,33,0.00016784722559064962,198,0.028999536929103842,0.0012181492988938003,0.08104706693931747,0.5420770854544946,0.058571796071826915,0.00027779854331083653,-0.0014959478422046368,0.06059393155946041,0.6867663318957465
4,2.0,1.0,1.0,1,34,0.00016784722559064962,204,0.02967604983954031,0.0012792232879411114,0.0786372504885102,0.5261336417646564,0.058571796071826915,0.0002616708738700235,-0.001540894161811135,0.0597780264367789,0.7096683129980466
4,2.0,1.0,1.0,1,35,0.00016784722559064962,210,0.030362796769031752,0.001338902666711994,0.0763672738121792,0.5111012519999518,0.058571796071826915,0.00024690867138663086,-0.001585811338098625,0.05905449046502552,0.7305549455358666
4,2.0,1.0,1.0,1,36,0.00016784722559064962,216,0.03105854042472178,0.0013973376113928515,0.07422525664521094,0.49690399499995325,0.058571796071826915,0.00023336195277232075,-0.0016306995641651723,0.058416306784264356,0.7496199018627709
4,2.0,1.0,1.0,1,37,0.00016784722559064962,222,0.03176221357992737,0.0014546582278877063,0.07220063242447142,0.48347415729725196,0.058571796071826915,0.00022090078635458865,-0.001675559014242295,0.05785721913648449,0.7670387884994311
4,2.0,1.0,1.0,1,38,0.00016784722559064962,228,0.032472891765616074,0.001510977688696652,0.07028397099556236,0.4707511531578504,0.058571796071826915,0.00020941215741401842,-0.0017203898461106704,0.05737162449655693,0.7829703181657627
4,2.0,1.0,1.0,1,39,0.00016784722559064962,234,0.03318977094853304,0.0015663948120721305,0.06846682935873634,0.4586806107691876,0.058571796071826915,0.00019879739109227024,-0.0017651922031644007,0.0569544829692212,0.7975575922870295
4,2.0,1.0,1.0,1,40,0.00016784722559064962,240,0.033912149181139495,0.0016209961939922801,0.06674162540076085,0.44721359549995804,0.058571796071826915,0.00018897002217990733,-0.0018099662161721874,0.05660124187540587,0.8109294148014521
4,2.0,1.0,1.0,1,1,0.00021745592760409819,6,0.7718338664164761,0.7119311704845427,1.9378367009008897,17.88854381999832,0.058571796071826915,-0.7122154169354392,0.00028424645089653033,0.8784551003822949,0.9992021148486006
4,2.0,1.0,1.0,1,2,0.00021745592760409819,12,0.9124842360217565,0.4582358982199273,1.9794547822139053,8.94427190999916,0.058571796071826915,0.4586856742957439,-0.0004497760758166436,0.9551288522472059,0.9980407695574252
4,2.0,1.0,1.0,1,3,0.00021745592760409819,18,0.5707336844800235,0.04729324733832939,1.367663700412042,5.962847939999439,0.058571796071826915,0.047522766643628284,-0.00022951930529889475,0.7548065330203624,0.9903870861577444
4,2.0,1.0,1.0,1,4,0.00021745592760409819,24,0.2745769376377436,0.02258858146888626,0.8976523830325339,4.47213595499958,0.058571796071826915,0.022827960904140285,-0.00023937943525402516,0.5218514375569862,0.9792451637915782
4,2.0,1.0,1.0,1,5,0.00021745592760409819,30,0.154341025818596,0.013231803681339943,0.6564718918544042,3.5777087639996643,0.058571796071826915,0.013522856275934941,-0.0002910525945949982,0.3884457484977467,0.957860936057582
4,2.0,1.0,1.0,1,6,0.00021745592760409819,36,0.09942410885261244,0.008669780284418754,0.516909481864952,2.9814239699997196,0.058571796071826915,0.009018551022962007,-0.0003487707385432526,0.30792709232721904,0.9255345877032823
4,2.0,1.0,1.0,1,7,0.00021745592760409819,42,0.07081531485861037,0.006070391052783702,0.42689979050349847,2.5555062599997598,0.058571796071826915,0.006478276947628786,-0.00040788589484508364,0.2551269575454378,0.8815346357105462
4,2.0,1.0,1.0,1,8,0.00021745592760409819,48,0.05440912478709514,0.004425917618157749,0.3641575836523822,2.23606797749979,0.058571796071826915,0.0048932365924686805,-0.00046731897431093183,0.21813847994863328,0.8256453203444073
4,2.0,1.0,1.0,1,9,0.00021745592760409819,54,0.04435289190031555,0.0033060163414619093,0.31789891412496085,1.987615979999813,0.058571796071826915,0.003832787392149567,-0.0005267710506876577,0.19090175236595458,0.7583374290792476
4,2.0,1.0,1.0,1,10,0.00021745592760409819,60,0.037907466132914625,0.00250014789160527,0.28234079069317636,1.7888543819998322,0.058571796071826915,0.003086302512160216,-0.0005861546205549462,0.17007006056231777,0.6807834104674307
4,2.0,1.0,1.0,1,11,0.00021745592760409819,66,0.033661725837931256,0.0018945783099881541,0.25412081137281867,1.6262312563634835,0.058571796071826915,0.002540024974946875,-0.0006454466649587209,0.15366148961697013,0.594755980952416
4,2.0,1.0,1.0,1,12,0.00021745592760409819,72,0.030831112899847968,0.0014231399899605202,0.23115485960677426,1.4907119849998598,0.058571796071826915,0.0021277848817456146,-0.0007046448917850945,0.140433065178975,0.5024449337667191
4,2.0,1.0,1.0,1,13,0.00021745592760409819,78,0.02895182336147739,0.0010450658783646705,0.21208308634768186,1.376041832307563,0.058571796071826915,0.0018088193246167672,-0.0007637534462520967,0.1295676569937912,0.40623374786467503
4,2.0,1.0,1.0,1,14,0.00021745592760409819,84,0.02773556514854225,0.0007340632167438799,0.19598026939368543,1.2777531299998799,0.058571796071826915,0.0015568412274291343,-0.0008227780106852545,0.1205067206576643,0.3084792747454638
4,2.0,1.0,1.0,1,15,0.00021745592760409819,90,0.02699551968349234,0.00047252814977113977,0.18219469091585264,1.1925695879998879,0.058571796071826915,0.0013542522822610203,-0.0008817241324898806,0.11285579398843434,0.2113296663837046
4,2.0,1.0,1.0,1,16,0.00021745592760409819,96,0.026606305212291792,0.00024830044004856,0.1702537319261622,1.118033988749895,0.058571796071826915,0.0011888971535116977,-0.0009405967134631377,0.10632848635029354,0.11660068333575258
4,2.0,1.0,1.0,1,17,0.00021745592760409819,102,0.026481220474033562,5.275443156105286e-05,0.15980607544525233,1.0522672835293128,0.058571796071826915,0.0010521543521224974,-0.0009993999205614446,0.10071189403004774,0.0257143728847285
4,2.0,1.0,1.0,1,18,0.00021745592760409819,108,0.026558748155826928,0.00012036962837758125,0.15058496944446342,0.9938079899999065,0.058571796071826915,0.0009377676135875479,-0.0010581372419651291,0.09584447696952954,0.060308299788293385
4,2.0,1.0,1.0,1,19,0.00021745592760409819,114,0.02679425107605915,0.00027570576941030045,0.1423841075662148,0.9415023063157008,0.058571796071826915,0.0008411058142681338,-0.0011168115836784342,0.0916014649371874,0.14081583303741832
4,2.0,1.0,1.0,1,20,0.00021745592760409819,120,0.027154697412713147,0.0004167450575684739,0.13504134133598228,0.8944271909999161,0.058571796071826915,0.0007586803103274142,-0.0011754253678958881,0.0878849676487004,0.21547170987642308
4,2.0,1.0,1.0,1,21,0.00021745592760409819,126,0.027615214787521603,0.000546158639758515,0.12842740569247185,0.8518354199999197,0.058571796071826915,0.0006878219803418406,-0.0012339806201003556,0.0846171113520428,0.284190811081662
4,2.0,1.0,1.0,1,22,0.00021745592760409819,132,0.02815678260065846,0.000666018858627937,0.1224379424112211,0.8131156281817418,0.058571796071826915,0.0006264601833797789,-0.001292479042007716,0.08173517403031338,0.3470765774218027
4,2.0,1.0,1.0,1,23,0.00021745592760409819,138,0.0287646521384175,0.0007779536751629512,0.11698774605574043,0.7777627747825355,0.058571796071826915,0.0005729683959276033,-0.0013509220710905545,0.0791880714925598,0.4043648474274647
4,2.0,1.0,1.0,1,24,0.00021745592760409819,144,0.02942724333341451,0.0008832564758392836,0.11200654042244727,0.7453559924999299,0.058571796071826915,0.0005260544527891375,-0.0014093109286284211,0.0769337757816534,0.4563771184086915
4,2.0,1.0,1.0,1,25,0.00021745592760409819,150,0.03013536052639243,0.0009829654335091753,0.10743582954742895,0.7155417527999327,0.058571796071826915,0.00048468122480907483,-0.0014676466583182501,0.07493738923616705,0.5034837856920928
4,2.0,1.0,1.0,1,26,0.00021745592760409819,156,0.030881625927521972,0.001077921714914415,0.10322651647112313,0.6880209161537815,0.058571796071826915,0.00044800844239320514,-0.00152593015730762,0.07316968757303854,0.5460766181267175
4,2.0,1.0,1.0,1,27,0.00021745592760409819,162,0.0316600642983067,0.001168812749997361,0.09933707931736066,0.6625386599999377,0.058571796071826915,0.00041534945120660915,-0.0015841622012039702,0.07160600374132753,0.5845491065722268
4,2.0,1.0,1.0,1,28,0.00021745592760409819,168,0.032465794384189506,0.0012562047941443444,0.09573215780533116,0.6388765649999399,0.058571796071826915,0.0003861386701287661,-0.0016423434642731105,0.07022536292103414,0.6192831441992227
4,2.0,1.0,1.0,1,29,0.00021745592760409819,174,0.03329479682598213,0.001340567710974544,0.09238144603631808,0.6168463386206317,0.058571796071826915,0.0003599068248948123,-0.0017004745358693563,0.06900980506185883,0.650640573877714
4,2.0,1.0,1.0,1,30,0.00021745592760409819,180,0.03414373761058065,0.0014222940316024613,0.08925881661140246,0.5962847939999439,0.058571796071826915,0.0003362619022144464,-0.0017585559338169077,0.06794384918113971,0.6789583357267028
4,2.0,1.0,1.0,1,31,0.00021745592760409819,186,0.03500983236151467,0.0015017137540415948,0.08634162143110463,0.577049800645107,0.058571796071826915,0.0003148743613546612,-0.001816588115396256,0.06701406603796944,0.7045461838627926
4,2.0,1.0,1.0,1,32,0.00021745592760409819,192,0.03589074100922551,0.0015791059380707573,0.08361012883262549,0.5590169943749475,0.058571796071826915,0.00029546554832607375,-0.001874571486396831,0.06620873454501745,0.7276861697765429
4,2.0,1.0,1.0,1,33,0.00021745592760409819,198,0.03678448530338563,0.0016547078653019465,0.08104706693931747,0.5420770854544946,0.058571796071826915,0.00027779854331083653,-0.001932506408612783,0.06551756352734021,0.7486332887513376
4,2.0,1.0,1.0,1,34,0.00021745592760409819,204,0.0376893836717177,0.0017287223322037526,0.0786372504885102,0.5261336417646564,0.058571796071826915,0.0002616708738700235,-0.001990393206073776,0.0649314649543766,0.767616848738555
4,2.0,1.0,1.0,1,35,0.00021745592760409819,210,0.038603999374541065,0.0018013234988884241,0.0763672738121792,0.5111012519999518,0.058571796071826915,0.00024690867138663086,-0.002048232170275055,0.06444236807232773,0.784842248541167
4,2.0,1.0,1.0,1,36,0.00021745592760409819,216,0.03952709893922246,0.001872661611784343,0.07422525664521094,0.49690399499995325,0.058571796071826915,0.00023336195277232075,-0.002106023564556664,0.06404306630117931,0.8004929490725718
4,2.0,1.0,1.0,1,37,0.00021745592760409819,222,0.04045761860741326,0.00194286684144096,0.07220063242447142,0.48347415729725196,0.058571796071826915,0.00022090078635458865,-0.0021637676277955487,0.06372709057633975,0.8147324927492574
4,2.0,1.0,1.0,1,38,0.00021745592760409819,228,0.04139463707574653,0.0020120524201369117,0.07028397099556236,0.4707511531578504,0.058571796071826915,0.00020941215741401842,-0.00222146457755093,0.06348860417982179,0.8277064777478007
4,2.0,1.0,1.0,1,39,0.00021745592760409819,234,0.04233735321512422,0.002080317221630157,0.06846682935873634,0.4586806107691876,0.058571796071826915,0.00019879739109227024,-0.002279114612722427,0.06332231514053921,0.8395444303217987
4,2.0,1.0,1.0,1,40,0.00021745592760409819,240,0.04328506775525254,0.0021477478936612893,0.06674162540076085,0.44721359549995804,0.058571796071826915,0.00018897002217990733,-0.0023367179158411966,0.06322340307417482,0.8503615436133676
4,2.0,1.0,1.0,1,1,0.000281726911384784,6,0.771891625820742,0.7118471708182632,1.9378367009008897,17.88854381999832,0.058571796071826915,-0.7122154169354392,0.00036824611717600764,0.8784626846068035,0.9989664480501883
4,2.0,1.0,1.0,1,2,0.000281726911384784,12,0.9124971828179964,0.45810301917992835,1.9794547822139053,8.94427190999916,0.058571796071826915,0.4586856742957439,-0.0005826551158155668,0.9551027257747544,0.9974626810580991
4,2.0,1.0,1.0,1,3,0.000281726911384784,18,0.571106412857051,0.04722548906059641,1.367663700412042,5.962847939999439,0.058571796071826915,0.047522766643628284,-0.00029727758303187135,0.754858294977434,0.9875668210751618
4,2.0,1.0,1.0,1,4,0.000281726911384784,24,0.275476769964772,0.02251793316150906,0.8976523830325339,4.47213595499958,0.058571796071826915,0.022827960904140285,-0.0003100277426312248,0.5220805269604026,0.9732018415806005
4,2.0,1.0,1.0,1,5,0.000281726911384784,30,0.15567000156047617,0.01314595313365613,0.6564718918544042,3.5777087639996643,0.058571796071826915,0.013522856275934941,-0.0003769031422788116,0.38885268529756345,0.9457683934032799
4,2.0,1.0,1.0,1,6,0.000281726911384784,36,0.10113001137627309,0.008566962744047987,0.516909481864952,2.9814239699997196,0.058571796071826915,0.009018551022962007,-0.00045158827891401965,0.3085056302770961,0.9046290102988115
4,2.0,1.0,1.0,1,7,0.000281726911384784,42,0.072872100025134,0.005950212427402679,0.42689979050349847,2.5555062599997598,0.058571796071826915,0.006478276947628786,-0.000528064520226107,0.25587403289813637,0.8492609808845692
4,2.0,1.0,1.0,1,8,0.000281726911384784,48,0.05680261045578838,0.004288301908567188,0.3641575836523822,2.23606797749979,0.058571796071826915,0.0048932365924686805,-0.0006049346839014924,0.21905331618494986,0.7799505859334149
4,2.0,1.0,1.0,1,9,0.000281726911384784,54,0.04707450860582285,0.003150975590389321,0.31789891412496085,1.987615979999813,0.058571796071826915,0.003832787392149567,-0.0006818118017602459,0.19198519186676505,0.6979524549244553
4,2.0,1.0,1.0,1,10,0.000281726911384784,60,0.040951557652074144,0.0023277198635223706,0.28234079069317636,1.7888543819998322,0.058571796071826915,0.003086302512160216,-0.0007585826486378455,0.17132409329045423,0.6054068629293518
4,2.0,1.0,1.0,1,11,0.000281726911384784,66,0.037024271425590394,0.0017048074941056202,0.25412081137281867,1.6262312563634835,0.058571796071826915,0.002540024974946875,-0.0008352174808412549,0.15508897814990075,0.5050918612326895
4,2.0,1.0,1.0,1,12,0.000281726911384784,72,0.03450907198369424,0.0012160714998708522,0.23115485960677426,1.4907119849998598,0.058571796071826915,0.0021277848817456146,-0.0009117133818747625,0.14203757768662195,0.4000895524192131
4,2.0,1.0,1.0,1,13,0.000281726911384784,78,0.03294277532906453,0.0008207435610221581,0.21208308634768186,1.376041832307563,0.058571796071826915,0.0018088193246167672,-0.0009880757635946091,0.13135336005029463,0.29344810410712485
4,2.0,1.0,1.0,1,14,0.000281726911384784,84,0.032037499474373066,0.0004925292037954998,0.19598026939368543,1.2777531299998799,0.058571796071826915,0.0015568412274291343,-0.0010643120236336345,0.12247830544323997,0.1879055349380276
4,2.0,1.0,1.0,1,15,0.000281726911384784,90,0.031606707512046306,0.000213822900349242,0.18219469091585264,1.1925695879998879,0.058571796071826915,0.0013542522822610203,-0.0011404293819117783,0.1150184211541158,0.08571149715013546
4,2.0,1.0,1.0,1,16,0.000281726911384784,96,0.031525217452076926,2.7537066827287848e-05,0.1702537319261622,1.118033988749895,0.058571796071826915,0.0011888971535116977,-0.0012164342203389855,0.10868774107115231,0.01144834642189192
4,2.0,1.0,1.0,1,17,0.000281726911384784,102,0.031706473669571356,0.0002401776157587021,0.15980607544525233,1.0522672835293128,0.058571796071826915,0.0010521543521224974,-0.0012923319678811995,0.10327374618550438,0.10244359871475957
4,2.0,1.0,1.0,1,18,0.000281726911384784,108,0.032089067604969324,0.00043035955997719477,0.15058496944446342,0.9938079899999065,0.058571796071826915,0.0009377676135875479,-0.0013681271735647427,0.09861524332112806,0.18663451705386594
4,2.0,1.0,1.0,1,19,0.000281726911384784,114,0.03262844502019824,0.0006027178175634917,0.1423841075662148,0.9415023063157008,0.058571796071826915,0.0008411058142681338,-0.0014438236318316255,0.09458777131877633,0.26377961848769366
4,2.0,1.0,1.0,1,20,0.000281726911384784,120,0.03329163854929307,0.0007607441997591891,0.13504134133598228,0.8944271909999161,0.058571796071826915,0.0007586803103274142,-0.0015194245100866033,0.09109370990145735,0.3339373118138318
4,2.0,1.0,1.0,1,21,0.000281726911384784,126,0.034053826752035055,0.000907110481270873,0.12842740569247185,0.8518354199999197,0.058571796071826915,0.0006878219803418406,-0.0015949324616127136,0.0880554142187253,0.39737540954872974
4,2.0,1.0,1.0,1,22,0.000281726911384784,132,0.034896029899909586,0.0010438895367415324,0.1224379424112211,0.8131156281817418,0.058571796071826915,0.0006264601833797789,-0.0016703497201213113,0.0854103475734943,0.45449540040309955
4,2.0,1.0,1.0,1,23,0.000281726911384784,138,0.03580353253039048,0.0011727097809609288,0.11698774605574043,0.7777627747825355,0.058571796071826915,0.0005729683959276033,-0.001745678176888532,0.08310756487740839,0.5057734088109006
4,2.0,1.0,1.0,1,24,0.000281726911384784,144,0.03676478197385413,0.0012948649902373988,0.11200654042244727,0.7453559924999299,0.058571796071826915,0.0005260544527891375,-0.0018209194430265363,0.0811051284958812,0.551716826738449
4,2.0,1.0,1.0,1,25,0.000281726911384784,150,0.03777060541247257,0.0014113936747103262,0.10743582954742895,0.7155417527999327,0.058571796071826915,0.00048468122480907483,-0.001896074899519401,0.07936818002364752,0.5928342093873343
4,2.0,1.0,1.0,1,26,0.000281726911384784,156,0.038813644308285045,0.0015231372950399447,0.10322651647112313,0.6880209161537815,0.058571796071826915,0.00044800844239320514,-0.00197114573743315,0.07786748153960613,0.6296156349775417
4,2.0,1.0,1.0,1,27,0.000281726911384784,162,0.03988793981558225,0.001630783539115055,0.09933707931736066,0.6625386599999377,0.058571796071826915,0.00041534945120660915,-0.002046132990321664,0.07657829825198584,0.6625208905014743
4,2.0,1.0,1.0,1,28,0.000281726911384784,168,0.04098862477240739,0.0017348988902715357,0.09573215780533116,0.6388765649999399,0.058571796071826915,0.0003861386701287661,-0.0021210375604003018,0.07547953304440402,0.691973252277298
4,2.0,1.0,1.0,1,29,0.000281726911384784,174,0.04211169204453025,0.0018359534149371692,0.09238144603631808,0.6168463386206317,0.058571796071826915,0.0003599068248948123,-0.0021958602398319815,0.07455304942541188,0.7183570992348745
4,2.0,1.0,1.0,1,30,0.000281726911384784,180,0.043253818314440085,0.0019343398258540312,0.08925881661140246,0.5962847939999439,0.058571796071826915,0.0003362619022144464,-0.0022706017280684776,0.07378313717452512,0.7420180340020688
4,2.0,1.0,1.0,1,31,0.000281726911384784,186,0.044412228639058915,0.0020303882847291788,0.08634162143110463,0.577049800645107,0.058571796071826915,0.0003148743613546612,-0.00234526264608384,0.07315608733675341,0.7632645533112146
4,2.0,1.0,1.0,1,32,0.000281726911384784,192,0.04558459133290327,0.0021243779997724144,0.08361012883262549,0.5590169943749475,0.058571796071826915,0.00029546554832607375,-0.002419843548098488,0.07265985192024597,0.7823705973547291
4,2.0,1.0,1.0,1,33,0.000281726911384784,198,0.04676893565147844,0.002216546387990681,0.08104706693931747,0.5420770854544946,0.058571796071826915,0.00027779854331083653,-0.0024943449313015176,0.07228376985650595,0.7995785240879837
4,2.0,1.0,1.0,1,34,0.000281726911384784,204,0.04796358678861701,0.002307096370047307,0.0786372504885102,0.5261336417646564,0.058571796071826915,0.0002616708738700235,-0.0025687672439173304,0.07201834525796899,0.8151022117561219
4,2.0,1.0,1.0,1,35,0.000281726911384784,210,0.04916711414401176,0.0023962022205941957,0.0763672738121792,0.5111012519999518,0.058571796071826915,0.00024690867138663086,-0.0026431108919808266,0.07185506727141207,0.8291301038122162
4,2.0,1.0,1.0,1,36,0.000281726911384784,216,0.05037828985045856,0.002484014292240544,0.07422525664521094,0.49690399499995325,0.058571796071826915,0.00023336195277232075,-0.0027173762450128647,0.0717862632320726,0.8418280869868554
4,2.0,1.0,1.0,1,37,0.000281726911384784,222,0.051596055297765786,0.0025706628544490406,0.07220063242447142,0.48347415729725196,0.058571796071826915,0.00022090078635458865,-0.0027915636408036293,0.07180497861707595,0.8533421444826995
4,2.0,1.0,1.0,1,38,0.000281726911384784,228,0.05281949393719254,0.002656261232076934,0.07028397099556236,0.4707511531578504,0.058571796071826915,0.00020941215741401842,-0.0028656733894909525,0.07190487864985043,0.8638007598684279
4,2.0,1.0,1.0,1,39,0.000281726911384784,234,0.05404780905403417,0.0027409083859050165,0.06846682935873634,0.4586806107691876,0.058571796071826915,0.00019879739109227024,-0.0029397057769972867,0.07208016744052163,0.8733170683951991
4,2.0,1.0,1.0,1,40,0.000281726911384784,240,0.055280305496916315,0.0028246910458259167,0.06674162540076085,0.44721359549995804,0.058571796071826915,0.00018897002217990733,-0.003013661068005824,0.07232552134708935,0.8819907651811696
4,2.0,1.0,1.0,1,1,0.00036499374136589037,6,0.7719664312315024,0.7117383523527264,1.9378367009008897,17.88854381999832,0.058571796071826915,-0.7122154169354392,0.00047706458271279395,0.8784725144222061,0.9986612330140019
4,2.0,1.0,1.0,1,2,0.00036499374136589037,12,0.9125139483884157,0.45793090469329123,1.9794547822139053,8.94427190999916,0.058571796071826915,0.4586856742957439,-0.0007547696024526873,0.9550689192788685,0.9967143963380815
4,2.0,1.0,1.0,1,3,0.00036499374136589037,18,0.5715887650218311,0.047137757210451006,1.367663700412042,5.962847939999439,0.058571796071826915,0.047522766643628284,-0.0003850094331772774,0.7549255333203349,0.9839270588323686
4,2.0,1.0,1.0,1,4,0.00036499374136589037,24,0.27664078241899204,0.022426473515614748,0.8976523830325339,4.47213595499958,0.058571796071826915,0.022827960904140285,-0.0004014873885255371,0.5223779033748437,0.965432895050521
4,2.0,1.0,1.0,1,5,0.00036499374136589037,30,0.1573884577776994,0.013034845624751643,0.6564718918544042,3.5777087639996643,0.058571796071826915,0.013522856275934941,-0.0004880106511832988,0.38938134757562165,0.9303382647595136
4,2.0,1.0,1.0,1,6,0.00036499374136589037,36,0.10333497523243595,0.008433935814380955,0.516909481864952,2.9814239699997196,0.058571796071826915,0.009018551022962007,-0.0005846152085810519,0.309258149628453,0.878245321493906
4,2.0,1.0,1.0,1,7,0.00036499374136589037,42,0.07552953381886596,0.005794768182646182,0.42689979050349847,2.5555062599997598,0.058571796071826915,0.006478276947628786,-0.0006835087649826044,0.2568472657186416,0.8091233688327215
4,2.0,1.0,1.0,1,8,0.00036499374136589037,48,0.059893836855836824,0.004110353978452469,0.3641575836523822,2.23606797749979,0.058571796071826915,0.0048932365924686805,-0.0007828826140162115,0.2202472423735437,0.7241486355248571
4,2.0,1.0,1.0,1,9,0.00036499374136589037,54,0.05058811833892429,0.002950551444872468,0.31789891412496085,1.987615979999813,0.058571796071826915,0.003832787392149567,-0.0008822359472770991,0.1934020422470428,0.6257766361833634
4,2.0,1.0,1.0,1,10,0.00036499374136589037,60,0.04487991435824956,0.002104880186960062,0.28234079069317636,1.7888543819998322,0.058571796071826915,0.003086302512160216,-0.0009814223252001542,0.17296773193395354,0.5174588427485576
4,2.0,1.0,1.0,1,11,0.00036499374136589037,66,0.041361857391964185,0.0014596216155144115,0.25412081137281867,1.6262312563634835,0.058571796071826915,0.002540024974946875,-0.0010804033594324636,0.1569645373470161,0.40316268703731684
4,2.0,1.0,1.0,1,12,0.00036499374136589037,72,0.03925163979854773,0.0009486095069549116,0.23115485960677426,1.4907119849998598,0.058571796071826915,0.0021277848817456146,-0.001179175374790703,0.14415123058834534,0.286852406248292
4,2.0,1.0,1.0,1,13,0.00036499374136589037,78,0.038086881576180454,0.000531073858142328,0.21208308634768186,1.376041832307563,0.058571796071826915,0.0018088193246167672,-0.0012777454664744392,0.13371216822154247,0.17205984454794976
4,2.0,1.0,1.0,1,14,0.00036499374136589037,84,0.03758023305438307,0.00018071793455032292,0.19598026939368543,1.2777531299998799,0.058571796071826915,0.0015568412274291343,-0.0013761232928788114,0.12509010668833262,0.06161613388059276
4,2.0,1.0,1.0,1,15,0.00036499374136589037,90,0.03754552341048312,0.00012006599497640935,0.18219469091585264,1.1925695879998879,0.058571796071826915,0.0013542522822610203,-0.0014743182772374297,0.11789173821225335,0.04244758702349604
4,2.0,1.0,1.0,1,16,0.00036499374136589037,96,0.03785783071501636,0.0003834416008679786,0.1702537319261622,1.118033988749895,0.058571796071826915,0.0011888971535116977,-0.0015723387543796763,0.11183169996266544,0.13886593310341055
4,2.0,1.0,1.0,1,17,0.00036499374136589037,102,0.038430789336343585,0.0006180374708541769,0.15980607544525233,1.0522672835293128,0.058571796071826915,0.0010521543521224974,-0.0016701918229766743,0.10669799752466916,0.22702383572936405
4,2.0,1.0,1.0,1,18,0.00036499374136589037,108,0.03920313296350586,0.0008301158271382392,0.15058496944446342,0.9938079899999065,0.058571796071826915,0.0009377676135875479,-0.001767883440725787,0.10232988256149464,0.30680816205581013
4,2.0,1.0,1.0,1,19,0.00036499374136589037,114,0.040130416195085616,0.0010243127728259693,0.1423841075662148,0.9415023063157008,0.058571796071826915,0.0008411058142681338,-0.0018654185870941031,0.09860325556062766,0.37846057190927834
4,2.0,1.0,1.0,1,20,0.00036499374136589037,120,0.04117975656767836,0.001204121118434237,0.13504134133598228,0.8944271909999161,0.058571796071826915,0.0007586803103274142,-0.0019628014287616513,0.09542077003035007,0.44245055961216206
4,2.0,1.0,1.0,1,21,0.00036499374136589037,126,0.04232640004184718,0.001372213485689,0.12842740569247185,0.8518354199999197,0.058571796071826915,0.0006878219803418406,-0.0020600354660308406,0.09270496199858777,0.4993757909459223
4,2.0,1.0,1.0,1,22,0.00036499374136589037,132,0.043551421255230705,0.0015306634719982892,0.1224379424112211,0.8131156281817418,0.058571796071826915,0.0006264601833797789,-0.002157123655378068,0.09039337800905355,0.5498894808504622
4,2.0,1.0,1.0,1,23,0.00036499374136589037,138,0.04484014924361579,0.0016811001135247083,0.11698774605574043,0.7777627747825355,0.058571796071826915,0.0005729683959276033,-0.0022540685094523116,0.08843505474570014,0.5946509259661722
4,2.0,1.0,1.0,1,24,0.00036499374136589037,144,0.046181068254565805,0.0018248177249809705,0.11200654042244727,0.7453559924999299,0.058571796071826915,0.0005260544527891375,-0.002350872177770108,0.08678793244513323,0.6342941476495855
4,2.0,1.0,1.0,1,25,0.00036499374136589037,150,0.04756503648520538,0.0019628552867456406,0.10743582954742895,0.7155417527999327,0.058571796071826915,0.00048468122480907483,-0.0024475365115547154,0.08541692604860684,0.6694097994167906
4,2.0,1.0,1.0,1,26,0.00036499374136589037,156,0.04898472176161173,0.0020960546734593855,0.10322651647112313,0.6880209161537815,0.058571796071826915,0.00044800844239320514,-0.0025440631158525906,0.0842924679531595,0.7005362781792122
4,2.0,1.0,1.0,1,27,0.00036499374136589037,162,0.05043418789671228,0.002225103940310086,0.09933707931736066,0.6625386599999377,0.058571796071826915,0.00041534945120660915,-0.002640453391516695,0.08338939446759472,0.7281569050204473
4,2.0,1.0,1.0,1,28,0.00036499374136589037,168,0.05190858740518378,0.0023505698990000934,0.09573215780533116,0.6388765649999399,0.058571796071826915,0.0003861386701287661,-0.0027367085691288595,0.08268608654827242,0.752700890857178
4,2.0,1.0,1.0,1,29,0.00036499374136589037,174,0.053403930407288414,0.002472922911684383,0.09238144603631808,0.6168463386206317,0.058571796071826915,0.0003599068248948123,-0.0028328297365791955,0.08216380124352064,0.7745464945415652
4,2.0,1.0,1.0,1,30,0.00036499374136589037,180,0.05491690885573153,0.0025925559593180936,0.08925881661140246,0.5962847939999439,0.058571796071826915,0.0003362619022144464,-0.00292881786153254,0.08180614792893495,0.7940253062433279
4,2.0,1.0,1.0,1,31,0.00036499374136589037,186,0.05644476143919053,0.002709799448521455,0.08634162143110463,0.577049800645107,0.058571796071826915,0.0003148743613546612,-0.003024673809876116,0.08159867564993237,0.8114269684341068
4,2.0,1.0,1.0,1,32,0.00036499374136589037,192,0.05798516874103543,0.00282493281258106,0.08361012883262549,0.5590169943749475,0.058571796071826915,0.00029546554832607375,-0.003120398360907134,0.08152854648816657,0.8270039110589744
4,2.0,1.0,1.0,1,33,0.00036499374136589037,198,0.05953617114415688,0.002938193676618489,0.08104706693931747,0.5420770854544946,0.058571796071826915,0.00027779854331083653,-0.0032159922199293256,0.08158427600194584,0.8409758556615997
4,2.0,1.0,1.0,1,34,0.00036499374136589037,204,0.06109610400759835,0.0030497851548369204,0.0786372504885102,0.5261336417646564,0.058571796071826915,0.0002616708738700235,-0.003311456028706944,0.08175552623159094,0.8535339600273898
4,2.0,1.0,1.0,1,35,0.00036499374136589037,210,0.06266354608038627,0.003159881702855666,0.0763672738121792,0.5111012519999518,0.058571796071826915,0.00024690867138663086,-0.0034067903742422967,0.08203294002827446,0.8648445488787491
4,2.0,1.0,1.0,1,36,0.00036499374136589037,216,0.06423727814884972,0.0032686338433551565,0.07422525664521094,0.49690399499995325,0.058571796071826915,0.00023336195277232075,-0.0035019957961274772,0.08240800791121658,0.8750524215031052
4,2.0,1.0,1.0,1,37,0.00036499374136589037,222,0.06581624965980581,0.0033761720063943124,0.07220063242447142,0.48347415729725196,0.058571796071826915,0.00022090078635458865,-0.003597072792748901,0.08287296052212065,0.8842837532644954
4,2.0,1.0,1.0,1,38,0.00036499374136589037,228,0.06739955160751854,0.003482609669142961,0.07028397099556236,0.4707511531578504,0.058571796071826915,0.00020941215741401842,-0.0036920218265569793,0.0834206811910255,0.8926486218788342
4,2.0,1.0,1.0,1,39,0.00036499374136589037,234,0.06898639437526644,0.0035880459374498797,0.06846682935873634,0.4586806107691876,0.058571796071826915,0.00019879739109227024,-0.00378684332854215,0.08404463426553868,0.9002431954727195
4,2.0,1.0,1.0,1,40,0.00036499374136589037,240,0.07057608952260364,0.003692567679879938,0.06674162540076085,0.44721359549995804,0.058571796071826915,0.00018897002217990733,-0.003881537702059845,0.08473880576236527,0.9071516208876861
4,2.0,1.0,1.0,1,1,0.00047287080450158787,6,0.7720633036013413,0.7115973851248862,1.9378367009008897,17.88854381999832,0.058571796071826915,-0.7122154169354392,0.000618031810552977,0.8784852562452667,0.9982659853809043
4,2.0,1.0,1.0,1,2,0.00047287080450158787,12,0.9125356561409079,0.4577079842261277,1.9794547822139053,8.94427190999916,0.058571796071826915,0.4586856742957439,-0.0009776900696162327,0.9550251911906908,0.9957460605068403
4,2.0,1.0,1.0,1,3,0.00047287080450158787,18,0.5722127764379612,0.04702418431580971,1.367663700412042,5.962847939999439,0.058571796071826915,0.047522766643628284,-0.0004985823278185753,0.7550129420666094,0.979234972007345
4,2.0,1.0,1.0,1,4,0.00047287080450158787,24,0.27814585779217627,0.02230809855433291,0.8976523830325339,4.47213595499958,0.058571796071826915,0.022827960904140285,-0.0005198623498073734,0.522764138053837,0.9554680242219604
4,2.0,1.0,1.0,1,5,0.00047287080450158787,30,0.15960927527665714,0.012891095361836052,0.6564718918544042,3.5777087639996643,0.058571796071826915,0.013522856275934941,-0.0006317609140988889,0.3900686861225495,0.9107342988344881
4,2.0,1.0,1.0,1,6,0.00047287080450158787,36,0.10618304258853328,0.008261892040261135,0.516909481864952,2.9814239699997196,0.058571796071826915,0.009018551022962007,-0.0007566589827008724,0.3102380719820018,0.8451881888445297
4,2.0,1.0,1.0,1,7,0.00047287080450158787,42,0.07896026079896012,0.0055938070224761105,0.42689979050349847,2.5555062599997598,0.058571796071826915,0.006478276947628786,-0.0008844699251526755,0.25811706898501313,0.7597445789091634
4,2.0,1.0,1.0,1,8,0.00047287080450158787,48,0.06388252156510132,0.003880383714481128,0.3641575836523822,2.23606797749979,0.058571796071826915,0.0048932365924686805,-0.0010128528779875523,0.22180852971048542,0.6570140418447431
4,2.0,1.0,1.0,1,9,0.00047287080450158787,54,0.055119469952774836,0.0026916274549673436,0.31789891412496085,1.987615979999813,0.058571796071826915,0.003832787392149567,-0.0011411599371822234,0.19525957689186463,0.5411451462492551
4,2.0,1.0,1.0,1,10,0.00047287080450158787,60,0.049943528525449477,0.0018171006797237932,0.28234079069317636,1.7888543819998322,0.058571796071826915,0.003086302512160216,-0.001269201832436423,0.17512861939475044,0.41719638782545493
4,2.0,1.0,1.0,1,11,0.00047287080450158787,66,0.046950074963653665,0.0011430958692139614,0.25412081137281867,1.6262312563634835,0.058571796071826915,0.002540024974946875,-0.0013969291057329136,0.15943773015725016,0.2903503179840453
4,2.0,1.0,1.0,1,12,0.00047287080450158787,72,0.04535844881508422,0.0006034476820356016,0.23115485960677426,1.4907119849998598,0.058571796071826915,0.0021277848817456146,-0.001524337199710013,0.1469472056322868,0.1652320674327199
4,2.0,1.0,1.0,1,13,0.00047287080450158787,78,0.044707313758309164,0.0001573838467319455,0.21208308634768186,1.376041832307563,0.058571796071826915,0.0018088193246167672,-0.0016514354778848217,0.13684269439231259,0.04548331140763534
4,2.0,1.0,1.0,1,14,0.00047287080450158787,84,0.04471001219789961,0.0002213953810790148,0.19598026939368543,1.2777531299998799,0.058571796071826915,0.0015568412274291343,-0.0017782366085081491,0.12856805728553214,0.06638387227229264
4,2.0,1.0,1.0,1,15,0.00047287080450158787,90,0.04518085025193741,0.0005505006645269706,0.18219469091585264,1.1925695879998879,0.058571796071826915,0.0013542522822610203,-0.001904752946787991,0.12173092251539473,0.1689167785372374
4,2.0,1.0,1.0,1,16,0.00047287080450158787,96,0.045995245715812594,0.0008420982796762122,0.1702537319261622,1.118033988749895,0.058571796071826915,0.0011888971535116977,-0.00203099543318791,0.11604669940686087,0.2615299290276523
4,2.0,1.0,1.0,1,17,0.00047287080450158787,102,0.0470670819994955,0.001104819051787359,0.15980607544525233,1.0522672835293128,0.058571796071826915,0.0010521543521224974,-0.0021569734039098565,0.11130399827436986,0.34427393852132465
4,2.0,1.0,1.0,1,18,0.00047287080450158787,108,0.04833528003770016,0.0013449271016417463,0.15058496944446342,0.9938079899999065,0.058571796071826915,0.0009377676135875479,-0.0022826947152292942,0.10734250029785354,0.4176192621808608
4,2.0,1.0,1.0,1,19,0.00047287080450158787,114,0.049755538426065504,0.0015670601406499451,0.1423841075662148,0.9415023063157008,0.058571796071826915,0.0008411058142681338,-0.002408165954918079,0.10403835110160406,0.48228041603378063
4,2.0,1.0,1.0,1,20,0.00047287080450158787,120,0.051295087714235965,0.0017747123465750303,0.13504134133598228,0.8944271909999161,0.058571796071826915,0.0007586803103274142,-0.0025333926569024445,0.10129425654020903,0.5390865768289383
4,2.0,1.0,1.0,1,21,0.00047287080450158787,126,0.052929264215354044,0.0019705575108061313,0.12842740569247185,0.8518354199999197,0.058571796071826915,0.0006878219803418406,-0.002658379491147972,0.09903260626049748,0.5888938629653969
4,2.0,1.0,1.0,1,22,0.00047287080450158787,132,0.05463921603969468,0.002156670239175984,0.1224379424112211,0.8131156281817418,0.058571796071826915,0.0006264601833797789,-0.002783130422555763,0.09719059961357883,0.632530555258327
4,2.0,1.0,1.0,1,23,0.00047287080450158787,138,0.05641033291354702,0.002334680444656123,0.11698774605574043,0.7777627747825355,0.058571796071826915,0.0005729683959276033,-0.0029076488405837264,0.09571672808643514,0.6707662135800389
4,2.0,1.0,1.0,1,24,0.00047287080450158787,144,0.05823114995184864,0.002505883211054022,0.11200654042244727,0.7453559924999299,0.058571796071826915,0.0005260544527891375,-0.0030319376638431594,0.09456819707010557,0.7042970104795749
4,2.0,1.0,1.0,1,25,0.00047287080450158787,150,0.0600925685684639,0.0026713181993233692,0.10743582954742895,0.7155417527999327,0.058571796071826915,0.00048468122480907483,-0.003155999424132444,0.09370901114814105,0.73374142280236
4,2.0,1.0,1.0,1,26,0.00047287080450158787,156,0.0619872937747834,0.0028318278915872297,0.10322651647112313,0.6880209161537815,0.058571796071826915,0.00044800844239320514,-0.003279836333980435,0.093108536547054,0.7596421153409626
4,2.0,1.0,1.0,1,27,0.00047287080450158787,162,0.0639094217611329,0.002988100889846357,0.09933707931736066,0.6625386599999377,0.058571796071826915,0.00041534945120660915,-0.003403450341052966,0.0927404121980447,0.7824712088607044
4,2.0,1.0,1.0,1,28,0.00047287080450158787,168,0.0658541335477808,0.003140704501983227,0.09573215780533116,0.6388765649999399,0.058571796071826915,0.0003861386701287661,-0.003526843172111993,0.09258171894409617,0.8026371265205541
4,2.0,1.0,1.0,1,29,0.00047287080450158787,174,0.06781746461325644,0.0032901095438512273,0.09238144603631808,0.6168463386206317,0.058571796071826915,0.0003599068248948123,-0.0036500163687460396,0.09261234199054244,0.8204919109345677
4,2.0,1.0,1.0,1,30,0.00047287080450158787,180,0.0697961296878592,0.0034367094142790378,0.08925881661140246,0.5962847939999439,0.058571796071826915,0.0003362619022144464,-0.003772971316493484,0.09281447918587937,0.8363383705341614
4,2.0,1.0,1.0,1,31,0.00047287080450158787,186,0.07178738810468155,0.003580834907382563,0.08634162143110463,0.577049800645107,0.058571796071826915,0.0003148743613546612,-0.003895709268737224,0.09317225992757468,0.8504367142339411
4,2.0,1.0,1.0,1,32,0.00047287080450158787,192,0.07378893931496466,0.0037227658180694345,0.08361012883262549,0.5590169943749475,0.058571796071826915,0.00029546554832607375,-0.004018231366395508,0.0936714481959542,0.8630105201328713
4,2.0,1.0,1.0,1,33,0.00047287080450158787,198,0.07579884107949297,0.0038627401109171122,0.08104706693931747,0.5420770854544946,0.058571796071826915,0.00027779854331083653,-0.004140538654227949,0.09429920957332882,0.8742519953137199
4,2.0,1.0,1.0,1,34,0.00047287080450158787,204,0.07781544487731518,0.004000961220522403,0.0786372504885102,0.5261336417646564,0.058571796071826915,0.0002616708738700235,-0.004262632094392427,0.09504392684519027,0.8843265467827334
4,2.0,1.0,1.0,1,35,0.00047287080450158787,210,0.07983734450885316,0.004137603906433279,0.0763672738121792,0.5111012519999518,0.058571796071826915,0.00024690867138663086,-0.00438451257781991,0.09589505238547802,0.8933767160873429
4,2.0,1.0,1.0,1,36,0.00047287080450158787,216,0.08186333489872433,0.004272818980959159,0.07422525664521094,0.49690399499995325,0.058571796071826915,0.00023336195277232075,-0.0045061809337314795,0.0968429883112943,0.901525544399298
4,2.0,1.0,1.0,1,37,0.00047287080450158787,222,0.08389237884739797,0.004406737151330609,0.07220063242447142,0.48347415729725196,0.058571796071826915,0.00022090078635458865,-0.004627637937685197,0.09787898756053975,0.9088794381452171
4,2.0,1.0,1.0,1,38,0.00047287080450158787,228,0.0859235800249798,0.004539472160988378,0.07028397099556236,0.4707511531578504,0.058571796071826915,0.00020941215741401842,-0.0047488843184023966,0.0989950707392941,0.9155306027239779
4,2.0,1.0,1.0,1,39,0.00047287080450158787,234,0.08795616090210645,0.004671123372470026,0.06846682935873634,0.4586806107691876,0.058571796071826915,0.00019879739109227024,-0.0048699207635622965,0.10018395490363602,0.9215591062565923
4,2.0,1.0,1.0,1,40,0.00047287080450158787,240,0.08998944461226233,0.0048017779025895935,0.06674162540076085,0.44721359549995804,0.058571796071826915,0.00018897002217990733,-0.004990747924769501,0.10143899145750006,0.9270346284815755
4,2.0,1.0,1.0,1,1,0.0006126318684621583,6,0.772188736254093,0.7114147764340132,1.9378367009008897,17.88854381999832,0.058571796071826915,-0.7122154169354392,0.0008006405014260309,0.8785017752914309,0.9977542146685893
4,2.0,1.0,1.0,1,2,0.0006126318684621583,12,0.9125637579490163,0.45741928499352646,1.9794547822139053,8.94427190999916,0.058571796071826915,0.4586856742957439,-0.0012663893022174522,0.9549686565444545,0.9944933857136713
4,2.0,1.0,1.0,1,3,0.0006126318684621583,18,0.5730197047270964,0.04687719301325202,1.367663700412042,5.962847939999439,0.058571796071826915,0.047522766643628284,-0.0006455736303762616,0.7551266830521414,0.9731951058847397
4,2.0,1.0,1.0,1,4,0.0006126318684621583,24,0.28009079542615134,0.02215493200997387,0.8976523830325339,4.47213595499958,0.058571796071826915,0.022827960904140285,-0.0006730288941664136,0.5232661416947977,0.9427233576166305
4,2.0,1.0,1.0,1,5,0.0006126318684621583,30,0.16247719652664772,0.012705187063231413,0.6564718918544042,3.5777087639996643,0.058571796071826915,0.013522856275934941,-0.0008176692127035284,0.3909632201802316,0.8859638423499416
4,2.0,1.0,1.0,1,6,0.0006126318684621583,36,0.10985850784729312,0.008039502594020531,0.516909481864952,2.9814239699997196,0.058571796071826915,0.009018551022962007,-0.0009790484289414758,0.311515930806327,0.8041432978683556
4,2.0,1.0,1.0,1,7,0.0006126318684621583,42,0.083384683883587,0.005334163492054622,0.42689979050349847,2.5555062599997598,0.058571796071826915,0.006478276947628786,-0.0011441134555741639,0.25977701367320555,0.6998019269405555
4,2.0,1.0,1.0,1,8,0.0006126318684621583,48,0.0690230643790638,0.0035834008973857634,0.3641575836523822,2.23606797749979,0.058571796071826915,0.0048932365924686805,-0.001309835695082917,0.2238553124539125,0.5776816279534541
4,2.0,1.0,1.0,1,9,0.0006126318684621583,54,0.06095547996556183,0.0023574100281292254,0.31789891412496085,1.987615979999813,0.058571796071826915,0.003832787392149567,-0.0014753773640203416,0.19770241948441253,0.44411018429469545
4,2.0,1.0,1.0,1,10,0.0006126318684621583,60,0.056460682864677314,0.0014458084379033453,0.28234079069317636,1.7888543819998322,0.058571796071826915,0.003086302512160216,-0.0016404940742568708,0.1779801094469241,0.305874900997013
4,2.0,1.0,1.0,1,11,0.0006126318684621583,66,0.05413760949207258,0.000734902694998707,0.25412081137281867,1.6262312563634835,0.058571796071826915,0.002540024974946875,-0.001805122279948168,0.16271312256265807,0.1691318272748523
4,2.0,1.0,1.0,1,12,0.0006126318684621583,72,0.053207737367605756,0.00015852839656646522,0.23115485960677426,1.4907119849998598,0.058571796071826915,0.0021277848817456146,-0.0019692564851791494,0.15066393277631127,0.0386933844130201
4,2.0,1.0,1.0,1,13,0.0006126318684621583,78,0.053211087281329394,0.000324089849446485,0.21208308634768186,1.376041832307563,0.058571796071826915,0.0018088193246167672,-0.002132909174063252,0.14101997696452667,0.08222023651680072
4,2.0,1.0,1.0,1,14,0.0006126318684621583,84,0.05386190382975209,0.0007392558575571861,0.19598026939368543,1.2777531299998799,0.058571796071826915,0.0015568412274291343,-0.0022960970849863205,0.1332265560011287,0.19186807511946316
4,2.0,1.0,1.0,1,15,0.0006126318684621583,90,0.05497511697258595,0.0011045842541466955,0.18219469091585264,1.1925695879998879,0.058571796071826915,0.0013542522822610203,-0.002458836536407716,0.12689239827251733,0.2896822777215924
4,2.0,1.0,1.0,1,16,0.0006126318684621583,96,0.05642659080347945,0.0014322448522620657,0.1702537319261622,1.118033988749895,0.058571796071826915,0.0011888971535116977,-0.0026211420057737633,0.12173366522082762,0.3759134204097447
4,2.0,1.0,1.0,1,17,0.0006126318684621583,102,0.05813053768623622,0.0017308715350717596,0.15980607544525233,1.0522672835293128,0.058571796071826915,0.0010521543521224974,-0.002783025887194257,0.11753935637474583,0.4513142608859807
4,2.0,1.0,1.0,1,18,0.0006126318684621583,108,0.060026127535010465,0.0020067310406402805,0.15058496944446342,0.9938079899999065,0.058571796071826915,0.0009377676135875479,-0.0029444986542278284,0.11414916482937859,0.5168968077425317
4,2.0,1.0,1.0,1,19,0.0006126318684621583,114,0.06206925194352442,0.002264463320492738,0.1423841075662148,0.9415023063157008,0.058571796071826915,0.0008411058142681338,-0.0031055691347608716,0.1114388621726131,0.5737648399572051
4,2.0,1.0,1.0,1,20,0.0006126318684621583,120,0.06422729434352203,0.002507564479325153,0.13504134133598228,0.8944271909999161,0.058571796071826915,0.0007586803103274142,-0.003266244789652567,0.10931039535307832,0.6230089795553275
4,2.0,1.0,1.0,1,21,0.0006126318684621583,126,0.06647571458135004,0.002738709978736459,0.12842740569247185,0.8518354199999197,0.058571796071826915,0.0006878219803418406,-0.0034265319590782994,0.10768502378697137,0.6656476372867526
4,2.0,1.0,1.0,1,22,0.0006126318684621583,132,0.0687957624290616,0.0029599758852023317,0.1224379424112211,0.8131156281817418,0.058571796071826915,0.0006264601833797789,-0.0035864360685821106,0.10649847264144317,0.7025988080821859
4,2.0,1.0,1.0,1,23,0.0006126318684621583,138,0.07117291270407478,0.003172993401214075,0.11698774605574043,0.7777627747825355,0.058571796071826915,0.0005729683959276033,-0.003745961797141678,0.10569745636722006,0.7346711475693388
4,2.0,1.0,1.0,1,24,0.0006126318684621583,144,0.07359577286947794,0.0033790587599706046,0.11200654042244727,0.7453559924999299,0.058571796071826915,0.0005260544527891375,-0.003905113212759742,0.10523715375402103,0.762566216178608
4,2.0,1.0,1.0,1,25,0.0006126318684621583,150,0.07605530675458139,0.003579212656581704,0.10743582954742895,0.7155417527999327,0.058571796071826915,0.00048468122480907483,-0.004063893881390779,0.10507935587818511,0.7868865684339525
4,2.0,1.0,1.0,1,26,0.0006126318684621583,156,0.07854427394818408,0.0037742985120930717,0.10322651647112313,0.6880209161537815,0.058571796071826915,0.00044800844239320514,-0.004222306954486277,0.10519109683920515,0.8081463865620098
4,2.0,1.0,1.0,1,27,0.0006126318684621583,162,0.08105681896272032,0.003965005788287318,0.09933707931736066,0.6625386599999377,0.058571796071826915,0.00041534945120660915,-0.004380355239493927,0.10554363451884896,0.8267827241272704
4,2.0,1.0,1.0,1,28,0.0006126318684621583,168,0.08358816609629782,0.0041519025867159665,0.09573215780533116,0.6388765649999399,0.058571796071826915,0.0003861386701287661,-0.004538041256844733,0.10611168671569779,0.8431663034839205
4,2.0,1.0,1.0,1,29,0.0006126318684621583,174,0.08613438999832534,0.004335460461352303,0.09238144603631808,0.6168463386206317,0.058571796071826915,0.0003599068248948123,-0.004695367286247115,0.1068728540710896,0.857611351241441
4,2.0,1.0,1.0,1,30,0.0006126318684621583,180,0.08869224119611507,0.004516073502218998,0.08925881661140246,0.5962847939999439,0.058571796071826915,0.0003362619022144464,-0.004852335404433444,0.1078071795423839,0.8703842744613806
4,2.0,1.0,1.0,1,31,0.0006126318684621583,186,0.09125901202495201,0.004694073154765277,0.08634162143110463,0.577049800645107,0.058571796071826915,0.0003148743613546612,-0.005008947516119938,0.10889680743511179,0.8817111584116242
4,2.0,1.0,1.0,1,32,0.0006126318684621583,192,0.09383243260491536,0.00486973983119568,0.08361012883262549,0.5590169943749475,0.058571796071826915,0.00029546554832607375,-0.005165205379521753,0.11012571479427,0.8917841590419647
4,2.0,1.0,1.0,1,33,0.0006126318684621583,198,0.09641058940310354,0.005043312084178658,0.08104706693931747,0.5420770854544946,0.058571796071826915,0.00027779854331083653,-0.005321110627489495,0.11147949528231203,0.9007669048250958
4,2.0,1.0,1.0,1,34,0.0006126318684621583,204,0.09899186094273671,0.005214993911212412,0.0786372504885102,0.5261336417646564,0.058571796071826915,0.0002616708738700235,-0.005476664785082436,0.11294518118084124,0.9087990353224503
4,2.0,1.0,1.0,1,35,0.0006126318684621583,210,0.10157486665130477,0.005384960612902334,0.0763672738121792,0.5111012519999518,0.058571796071826915,0.00024690867138663086,-0.005631869284288965,0.1145110932785526,0.916000000936162
4,2.0,1.0,1.0,1,36,0.0006126318684621583,216,0.10415842586464419,0.00555336352360522,0.07422525664521094,0.49690399499995325,0.058571796071826915,0.00023336195277232075,-0.005786725476377541,0.11616671146208067,0.9224722379803459
4,2.0,1.0,1.0,1,37,0.0006126318684621583,222,0.10674152474498799,0.005720333855969123,0.07220063242447142,0.48347415729725196,0.058571796071826915,0.00022090078635458865,-0.005941234642323712,0.11790256104809238,0.9283038197029795
4,2.0,1.0,1.0,1,38,0.0006126318684621583,228,0.10932328941308667,0.005885985844231084,0.07028397099556236,0.4707511531578504,0.058571796071826915,0.00020941215741401842,-0.006095398001645103,0.11971011147610033,0.9335706699707293
4,2.0,1.0,1.0,1,39,0.0006126318684621583,234,0.11190296399479838,0.006050419328831352,0.06846682935873634,0.4586806107691876,0.058571796071826915,0.00019879739109227024,-0.006249216719923623,0.12158168507808664,0.9383384131394373
4,2.0,1.0,1.0,1,40,0.0006126318684621583,240,0.11447989258068125,0.006213721893056773,0.06674162540076085,0.44721359549995804,0.058571796071826915,0.00018897002217990733,-0.00640269191523668,0.12351037437961143,0.9426639217926978
4,2.0,1.0,1.0,1,1,0.0007937005259841,6,0.7723511221951644,0.7111782341337464,1.9378367009008897,17.88854381999832,0.058571796071826915,-0.7122154169354392,0.0010371828016928486,0.8785231955669766,0.9970916816789028
4,2.0,1.0,1.0,1,2,0.0007937005259841,12,0.9126001288173545,0.45704543826695965,1.9794547822139053,8.94427190999916,0.058571796071826915,0.4586856742957439,-0.0016402360287842699,0.9548956096678463,0.9928735880731636
4,2.0,1.0,1.0,1,3,0.0007937005259841,18,0.5740625898426014,0.0466870070854879,1.367663700412042,5.962847939999439,0.058571796071826915,0.047522766643628284,-0.0008357595581403865,0.7552748733561752,0.9654348623176271
4,2.0,1.0,1.0,1,4,0.0007937005259841,24,0.2826022483688614,0.021956822970432138,0.8976523830325339,4.47213595499958,0.058571796071826915,0.022827960904140285,-0.0008711379337081465,0.5239192092742839,0.9264834549475017
4,2.0,1.0,1.0,1,5,0.0007937005259841,30,0.16617724060004369,0.012464882555797169,0.6564718918544042,3.5777087639996643,0.058571796071826915,0.013522856275934941,-0.0010579737201377726,0.39212887980295646,0.8548815505807649
4,2.0,1.0,1.0,1,6,0.0007937005259841,36,0.11459627106993853,0.007752226966154824,0.516909481864952,2.9814239699997196,0.058571796071826915,0.009018551022962007,-0.0012663240568071832,0.31318528465747364,0.753750230900111
4,2.0,1.0,1.0,1,7,0.0007937005259841,42,0.0890829138396656,0.004998974195675326,0.42689979050349847,2.5555062599997598,0.058571796071826915,0.006478276947628786,-0.0014793027519534596,0.2619521715108718,0.6282028436281651
4,2.0,1.0,1.0,1,8,0.0007937005259841,48,0.0756378392787922,0.003200243446182166,0.3641575836523822,2.23606797749979,0.058571796071826915,0.0048932365924686805,-0.0016929931462865144,0.22654678241835677,0.48589915218885393
4,2.0,1.0,1.0,1,9,0.0007937005259841,54,0.06845865669176765,0.001926474699384173,0.31789891412496085,1.987615979999813,0.058571796071826915,0.003832787392149567,-0.001906312692765394,0.2009270473855747,0.3356753969926138
4,2.0,1.0,1.0,1,10,0.0007937005259841,60,0.06483232028122221,0.0009673562171539363,0.28234079069317636,1.7888543819998322,0.058571796071826915,0.003086302512160216,-0.00211894629500628,0.18175953670369957,0.18584245498929794
4,2.0,1.0,1.0,1,11,0.0007937005259841,66,0.0633623839080657,0.00020921231805010043,0.25412081137281867,1.6262312563634835,0.058571796071826915,0.002540024974946875,-0.0023308126568967746,0.1670727369066377,0.04295202054824233
4,2.0,1.0,1.0,1,12,0.0007937005259841,72,0.06327310479424064,0.00041412060313836263,0.23115485960677426,1.4907119849998598,0.058571796071826915,0.0021277848817456146,-0.0025419054848839773,0.15563205368707805,0.08868266857643056
4,2.0,1.0,1.0,1,13,0.0007937005259841,78,0.06410627344992426,0.0009434223614264159,0.21208308634768186,1.376041832307563,0.058571796071826915,0.0018088193246167672,-0.002752241686043183,0.1466271351364892,0.20684274102483666
4,2.0,1.0,1.0,1,14,0.0007937005259841,84,0.06557731579052928,0.0014050024052050525,0.19598026939368543,1.2777531299998799,0.058571796071826915,0.0015568412274291343,-0.002961843632634187,0.13950479290669263,0.3109317088302909
4,2.0,1.0,1.0,1,15,0.0007937005259841,90,0.06750198305214283,0.001816480845643037,0.18219469091585264,1.1925695879998879,0.058571796071826915,0.0013542522822610203,-0.0031707331279040574,0.13387455196058573,0.4014335254125757
4,2.0,1.0,1.0,1,16,0.0007937005259841,96,0.06975673092757806,0.0021900324219338574,0.1702537319261622,1.118033988749895,0.058571796071826915,0.0011888971535116977,-0.003378929575445555,0.1294526341476529,0.479447350323159
4,2.0,1.0,1.0,1,17,0.0007937005259841,102,0.07225621154864859,0.002534295318493973,0.15980607544525233,1.0522672835293128,0.058571796071826915,0.0010521543521224974,-0.0035864496706164706,0.12602735085608435,0.5463487088077722
4,2.0,1.0,1.0,1,18,0.0007937005259841,108,0.07493993108921004,0.002855540000721607,0.15058496944446342,0.9938079899999065,0.058571796071826915,0.0009377676135875479,-0.003793307614309155,0.12343696827273318,0.6035710410783505
4,2.0,1.0,1.0,1,19,0.0007937005259841,114,0.07776404491863742,0.003158409656408484,0.1423841075662148,0.9415023063157008,0.058571796071826915,0.0008411058142681338,-0.003999515470676618,0.12155513223702206,0.6524802231960877
4,2.0,1.0,1.0,1,20,0.0007937005259841,120,0.08069614827461913,0.0034464032187387916,0.13504134133598228,0.8944271909999161,0.058571796071826915,0.0007586803103274142,-0.004205083529066206,0.1202810384558577,0.6943124875094397
4,2.0,1.0,1.0,1,21,0.0007937005259841,126,0.08371187476176545,0.0037221986433811083,0.12842740569247185,0.8518354199999197,0.058571796071826915,0.0006878219803418406,-0.004410020623722949,0.11953267480133198,0.7301517391716243
4,2.0,1.0,1.0,1,22,0.0007937005259841,132,0.08679261953117434,0.003987874217703913,0.1224379424112211,0.8131156281817418,0.058571796071826915,0.0006264601833797789,-0.004614334401083692,0.11924210554768803,0.7609293120409858
4,2.0,1.0,1.0,1,23,0.0007937005259841,138,0.08992398125418577,0.004245063141811195,0.11698774605574043,0.7777627747825355,0.058571796071826915,0.0005729683959276033,-0.004818031537738798,0.11935214202726616,0.7874352057214998
4,2.0,1.0,1.0,1,24,0.0007937005259841,144,0.09309467467210053,0.004495063463442278,0.11200654042244727,0.7453559924999299,0.058571796071826915,0.0005260544527891375,-0.005021117916231416,0.11981396943003174,0.8103341963098142
4,2.0,1.0,1.0,1,25,0.0007937005259841,150,0.09629575795076883,0.004738917541471682,0.10743582954742895,0.7155417527999327,0.058571796071826915,0.00048468122480907483,-0.005223598766280757,0.12058543943109688,0.8301830934832828
4,2.0,1.0,1.0,1,26,0.0007937005259841,156,0.09952007478258473,0.00497747033586432,0.10322651647112313,0.6880209161537815,0.058571796071826915,0.00044800844239320514,-0.005425478778257525,0.12162982842130987,0.847447206212336
4,2.0,1.0,1.0,1,27,0.0007937005259841,162,0.10276184559757606,0.005211412743372057,0.09933707931736066,0.6625386599999377,0.058571796071826915,0.00041534945120660915,-0.005626762194578666,0.12291492125718045,0.8625151352519811
4,2.0,1.0,1.0,1,28,0.0007937005259841,168,0.10601636399178005,0.005441314213436632,0.09573215780533116,0.6388765649999399,0.058571796071826915,0.0003861386701287661,-0.005827452883565398,0.12441232196295159,0.8757116019641827
4,2.0,1.0,1.0,1,29,0.0007937005259841,174,0.10927976850527132,0.005667647574552792,0.09238144603631808,0.6168463386206317,0.058571796071826915,0.0003599068248948123,-0.006027554399447604,0.12609692221792607,0.8873083335447208
4,2.0,1.0,1.0,1,30,0.0007937005259841,180,0.11254886909721873,0.0058908081290681424,0.08925881661140246,0.5962847939999439,0.058571796071826915,0.0003362619022144464,-0.006227070031282589,0.12794647957063557,0.8975331719859302
4,2.0,1.0,1.0,1,31,0.0007937005259841,186,0.11582101382517307,0.006111128481737865,0.08634162143110463,0.577049800645107,0.058571796071826915,0.0003148743613546612,-0.0064260028430925265,0.12994127249207604,0.9065776302387091
4,2.0,1.0,1.0,1,32,0.0007937005259841,192,0.11909398541908034,0.0063288901585975,0.08361012883262549,0.5590169943749475,0.058571796071826915,0.00029546554832607375,-0.006624355706923574,0.13206381016988467,0.9146031270383113
4,2.0,1.0,1.0,1,33,0.0007937005259841,198,0.12236592032361326,0.0065443327869401935,0.08104706693931747,0.5420770854544946,0.058571796071826915,0.00027779854331083653,-0.00682213133025103,0.1342985824704347,0.9217461162974919
4,2.0,1.0,1.0,1,34,0.0007937005259841,204,0.12563524479616262,0.006757661404879739,0.0786372504885102,0.5261336417646564,0.058571796071826915,0.0002616708738700235,-0.0070193322787497625,0.13663184060648745,0.9281223017254507
4,2.0,1.0,1.0,1,35,0.0007937005259841,210,0.12890062407240865,0.00696905232399464,0.0763672738121792,0.5111012519999518,0.058571796071826915,0.00024690867138663086,-0.007215960995381271,0.13905140241013036,0.9338300995698442
4,2.0,1.0,1.0,1,36,0.0007937005259841,216,0.13216092163120507,0.00717865786363045,0.07422525664521094,0.49690399499995325,0.058571796071826915,0.00023336195277232075,-0.007412019816402771,0.14154647824351363,0.9389534859558754
4,2.0,1.0,1.0,1,37,0.0007937005259841,222,0.13541516632828798,0.0073866101985265165,0.07220063242447142,0.48347415729725196,0.058571796071826915,0.00022090078635458865,-0.007607510984881105,0.14410751487920143,0.9435643415778779
4,2.0,1.0,1.0,1,38,0.0007937005259841,228,0.13866252570787774,0.007593024504740031,0.07028397099556236,0.4707511531578504,0.058571796071826915,0.00020941215741401842,-0.00780243666215405,0.1467260554393432,0.947724386185982
4,2.0,1.0,1.0,1,39,0.0007937005259841,234,0.14190228419940887,0.007798001546484801,0.06846682935873634,0.4586806107691876,0.058571796071826915,0.00019879739109227024,-0.007996798937577071,0.14939461390459868,0.9514867782355632
4,2.0,1.0,1.0,1,40,0.0007937005259841,240,0.14513382520344387,0.008001629814683803,0.06674162540076085,0.44721359549995804,0.058571796071826915,0.00018897002217990733,-0.00819059983686371,0.1521065629297937,0.9548974409525419
4,2.0,1.0,1.0,1,1,0.0010282855942978896,6,0.7725613024049115,0.7108718434411431,1.9378367009008897,17.88854381999832,0.058571796071826915,-0.7122154169354392,0.0013435734942961464,0.8785509784207104,0.9962341628027502
4,2.0,1.0,1.0,1,2,0.0010282855942978896,12,0.9126471878931264,0.4565614000245304,1.9794547822139053,8.94427190999916,0.058571796071826915,0.4586856742957439,-0.002124274271213533,0.9548013030474924,0.9907802586388611
4,2.0,1.0,1.0,1,3,0.0010282855942978896,18,0.5754094604081854,0.04644102903384209,1.367663700412042,5.962847939999439,0.058571796071826915,0.047522766643628284,-0.001081737609786193,0.7554682519919492,0.9554881743409531
4,2.0,1.0,1.0,1,4,0.0010282855942978896,24,0.28584205669468854,0.021700709485710137,0.8976523830325339,4.47213595499958,0.058571796071826915,0.022827960904140285,-0.0011272514184301474,0.5247697796153998,0.9058867520562063
4,2.0,1.0,1.0,1,5,0.0010282855942978896,30,0.1709449445228245,0.012154476080810606,0.6564718918544042,3.5777087639996643,0.058571796071826915,0.013522856275934941,-0.0013683801951243357,0.39365025167703005,0.816216712724461
4,2.0,1.0,1.0,1,6,0.0010282855942978896,36,0.12069424020869379,0.00738145522773738,0.516909481864952,2.9814239699997196,0.058571796071826915,0.009018551022962007,-0.0016370957952246273,0.315370906946432,0.6927270914365334
4,2.0,1.0,1.0,1,7,0.0010282855942978896,42,0.09640884057040544,0.004566713820328944,0.42689979050349847,2.5555062599997598,0.058571796071826915,0.006478276947628786,-0.0019115631272998423,0.2648108200752931,0.5443147639936143
4,2.0,1.0,1.0,1,8,0.0010282855942978896,48,0.08413255875032155,0.0027065165077844733,0.3641575836523822,2.23606797749979,0.058571796071826915,0.0048932365924686805,-0.002186720084684207,0.2300990466708705,0.3822786820883293
4,2.0,1.0,1.0,1,9,0.0010282855942978896,54,0.07808343916682325,0.0013716181406542016,0.31789891412496085,1.987615979999813,0.058571796071826915,0.003832787392149567,-0.0024611692514953654,0.20520243967731266,0.21792621371790627
4,2.0,1.0,1.0,1,10,0.0010282855942978896,60,0.0755590717176573,0.00035179725033712694,0.28234079069317636,1.7888543819998322,0.058571796071826915,0.003086302512160216,-0.002734505261823089,0.1867942122877036,0.06043787460385149
4,2.0,1.0,1.0,1,11,0.0010282855942978896,66,0.07516901085020666,0.00046659985080016453,0.25412081137281867,1.6262312563634835,0.058571796071826915,0.002540024974946875,-0.0030066248257470396,0.17290777548566139,0.08412282505049994
4,2.0,1.0,1.0,1,12,0.0010282855942978896,72,0.07614113827904156,0.0011497365966866568,0.23115485960677426,1.4907119849998598,0.058571796071826915,0.0021277848817456146,-0.0032775214784322715,0.16231196878873394,0.2127051678619044
4,2.0,1.0,1.0,1,13,0.0010282855942978896,78,0.07801956319765946,0.0017383993290061295,0.21208308634768186,1.376041832307563,0.058571796071826915,0.0018088193246167672,-0.0035472186536228967,0.15419844127055216,0.3245681483344296
4,2.0,1.0,1.0,1,14,0.0010282855942978896,84,0.08052126941359095,0.0022589055577412476,0.19598026939368543,1.2777531299998799,0.058571796071826915,0.0015568412274291343,-0.003815746785170382,0.14801456107898353,0.42045017269959634
4,2.0,1.0,1.0,1,15,0.0010282855942978896,90,0.08346310045133332,0.002728883243148017,0.18219469091585264,1.1925695879998879,0.058571796071826915,0.0013542522822610203,-0.004083135525409037,0.14336895012064726,0.5018739401479907
4,2.0,1.0,1.0,1,16,0.0010282855942978896,96,0.08672230718994345,0.0031605142374753203,0.1702537319261622,1.118033988749895,0.058571796071826915,0.0011888971535116977,-0.004349411390987018,0.13997549331411213,0.5706641679641894
4,2.0,1.0,1.0,1,17,0.0010282855942978896,102,0.09021414045722098,0.0035624430199349966,0.15980607544525233,1.0522672835293128,0.058571796071826915,0.0010521543521224974,-0.004614597372057494,0.13761882498814526,0.6286569790474632
4,2.0,1.0,1.0,1,18,0.0010282855942978896,108,0.09387857108452835,0.003940945600478252,0.15058496944446342,0.9938079899999065,0.058571796071826915,0.0009377676135875479,-0.0048787132140658,0.13613236715275034,0.6775481115216229
4,2.0,1.0,1.0,1,19,0.0010282855942978896,114,0.09767212515441015,0.0043006700696327504,0.1423841075662148,0.9415023063157008,0.058571796071826915,0.0008411058142681338,-0.005141775883900884,0.1353840017963538,0.718829200809522
4,2.0,1.0,1.0,1,20,0.0010282855942978896,120,0.10156270118480826,0.004645119730045472,0.13504134133598228,0.8944271909999161,0.058571796071826915,0.0007586803103274142,-0.005403800040372886,0.1352665439067645,0.7537743677377573
4,2.0,1.0,1.0,1,21,0.0010282855942978896,126,0.10552618661971602,0.004976976469001748,0.12842740569247185,0.8518354199999197,0.058571796071826915,0.0006878219803418406,-0.005664798449343589,0.13569131291528372,0.7834525176011814
4,2.0,1.0,1.0,1,22,0.0010282855942978896,132,0.10954419350416478,0.00529832214723816,0.1224379424112211,0.8131156281817418,0.058571796071826915,0.0006264601833797789,-0.005924782330617939,0.13658373961234446,0.8087507271967868
4,2.0,1.0,1.0,1,23,0.0010282855942978896,138,0.11360250931655069,0.005610793244766793,0.11698774605574043,0.7777627747825355,0.058571796071826915,0.0005729683959276033,-0.006183761640694396,0.13788032293684202,0.8304006841113762
4,2.0,1.0,1.0,1,24,0.0010282855942978896,144,0.11769001591576567,0.005915690847991456,0.11200654042244727,0.7453559924999299,0.058571796071826915,0.0005260544527891375,-0.006441745300780594,0.13952648418471386,0.8490041415097699
4,2.0,1.0,1.0,1,25,0.0010282855942978896,150,0.12179792159349534,0.0062140601551129715,0.10743582954742895,0.7155417527999327,0.058571796071826915,0.00048468122480907483,-0.006698741379922046,0.1414750167252501,0.8650556283602594
4,2.0,1.0,1.0,1,26,0.0010282855942978896,156,0.12591920667833023,0.006506748799753964,0.10322651647112313,0.6880209161537815,0.058571796071826915,0.00044800844239320514,-0.006954757242147169,0.1436849299750646,0.8789618741198827
4,2.0,1.0,1.0,1,27,0.0010282855942978896,162,0.1300482173938209,0.0067944502137495255,0.09933707931736066,0.6625386599999377,0.058571796071826915,0.00041534945120660915,-0.007209799664956135,0.14612055499165047,0.8910580121439964
4,2.0,1.0,1.0,1,28,0.0010282855942978896,168,0.1341803643128181,0.0070777362649662445,0.09573215780533116,0.6388765649999399,0.058571796071826915,0.0003861386701287661,-0.007463874935095011,0.14875082587677946,0.9016208914920069
4,2.0,1.0,1.0,1,29,0.0010282855942978896,174,0.1383118957041608,0.007357082101441231,0.09238144603631808,0.6168463386206317,0.058571796071826915,0.0003599068248948123,-0.007716988926336044,0.15154868267858812,0.9108799132785723
4,2.0,1.0,1.0,1,30,0.0010282855942978896,180,0.14243972523530002,0.007632885260701716,0.08925881661140246,0.5962847939999439,0.058571796071826915,0.0003362619022144464,-0.007969147162916163,0.15449056210786927,0.9190258060554279
4,2.0,1.0,1.0,1,31,0.0010282855942978896,186,0.14656129962171982,0.007905480510213586,0.08634162143110463,0.577049800645107,0.058571796071826915,0.0003148743613546612,-0.008220354871568247,0.15755595541898576,0.9262177141909447
4,2.0,1.0,1.0,1,32,0.0010282855942978896,192,0.15067449597468796,0.008175151476074421,0.08361012883262549,0.5590169943749475,0.058571796071826915,0.00029546554832607375,-0.008470617024400495,0.1607270207037796,0.932588919651444
4,2.0,1.0,1.0,1,33,0.0010282855942978896,198,0.1547775414659207,0.008442139831105783,0.08104706693931747,0.5420770854544946,0.058571796071826915,0.00027779854331083653,-0.00871993837441662,0.16398824141316087,0.9382514634844425
4,2.0,1.0,1.0,1,34,0.0010282855942978896,204,0.15886894993014267,0.008706652611202875,0.0786372504885102,0.5261336417646564,0.058571796071826915,0.0002616708738700235,-0.008968323485072899,0.16732612543266173,0.9432998843349257
4,2.0,1.0,1.0,1,35,0.0010282855942978896,210,0.16294747144279564,0.008968868083626791,0.0763672738121792,0.5111012519999518,0.058571796071826915,0.00024690867138663086,-0.009215776755013422,0.1707289403562334,0.9478142492832368
4,2.0,1.0,1.0,1,36,0.0010282855942978896,216,0.16701205192391222,0.00922894048607939,0.07422525664521094,0.49690399499995325,0.058571796071826915,0.00023336195277232075,-0.00946230243885171,0.1741864812764798,0.9518626174862407
4,2.0,1.0,1.0,1,37,0.0010282855942978896,222,0.1710618005525063,0.009487003878349332,0.07220063242447142,0.48347415729725196,0.058571796071826915,0.00022090078635458865,-0.00970790466470392,0.1776898677690401,0.955503048691313
4,2.0,1.0,1.0,1,38,0.0010282855942978896,228,0.17509596331201616,0.009743175291647477,0.07028397099556236,0.4707511531578504,0.058571796071826915,0.00020941215741401842,-0.009952587449061495,0.18123136697811987,0.958785245911528
4,2.0,1.0,1.0,1,39,0.0010282855942978896,234,0.1791139013830072,0.009997557318361161,0.06846682935873634,0.4586806107691876,0.058571796071826915,0.00019879739109227024,-0.010196354709453431,0.18480423990203165,0.9617519033546735
4,2.0,1.0,1.0,1,40,0.0010282855942978896,240,0.18311507339426125,0.010250240253087961,0.06674162540076085,0.44721359549995804,0.058571796071826915,0.00018897002217990733,-0.010439210275267868,0.1884026081722438,0.9644398162448776
4,2.0,1.0,1.0,1,1,0.001332204312362705,6,0.7728332672939892,0.7104750033005112,1.9378367009008897,17.88854381999832,0.058571796071826915,-0.7122154169354392,0.0017404136349280508,0.8785870256910343,0.9951245901765725
4,2.0,1.0,1.0,1,2,0.001332204312362705,12,0.9127080525093221,0.455934806948013,1.9794547822139053,8.94427190999916,0.058571796071826915,0.4586856742957439,-0.00275086734773089,0.9546796750767141,0.9880769419000356
4,2.0,1.0,1.0,1,3,0.001332204312362705,18,0.577147304291043,0.046123052141578885,1.367663700412042,5.962847939999439,0.058571796071826915,0.047522766643628284,-0.0013997145020493984,0.7557211013706124,0.9427782700602844
4,2.0,1.0,1.0,1,4,0.001332204312362705,24,0.29001615569410377,0.021369818163677057,0.8976523830325339,4.47213595499958,0.058571796071826915,0.022827960904140285,-0.001458142740463228,0.5258791889467894,0.8799195818480142
4,2.0,1.0,1.0,1,5,0.001332204312362705,30,0.1770785447100971,0.011753869564264857,0.6564718918544042,3.5777087639996643,0.058571796071826915,0.013522856275934941,-0.0017689867116700841,0.39563980127554943,0.7686365583136112
4,2.0,1.0,1.0,1,6,0.001332204312362705,36,0.12852774296673342,0.006903457452477224,0.516909481864952,2.9814239699997196,0.058571796071826915,0.009018551022962007,-0.002115093570484783,0.318240218573836,0.6200536935174459
4,2.0,1.0,1.0,1,7,0.001332204312362705,42,0.10580606488651334,0.0040100313011474376,0.42689979050349847,2.5555062599997598,0.058571796071826915,0.006478276947628786,-0.0024682456464813485,0.2685809556340346,0.4482223410230257
4,2.0,1.0,1.0,1,8,0.001332204312362705,48,0.09501316730362297,0.0020713308767333627,0.3641575836523822,2.23606797749979,0.058571796071826915,0.0048932365924686805,-0.002821905715735318,0.2348076068978407,0.2684760428243541
4,2.0,1.0,1.0,1,9,0.001332204312362705,54,0.09039357249909741,0.0006585148626095938,0.31789891412496085,1.987615979999813,0.058571796071826915,0.003832787392149567,-0.003174272529539973,0.21089927299877875,0.09397876855187688
4,2.0,1.0,1.0,1,10,0.001332204312362705,60,0.08925868008790228,0.0004385238485757892,0.28234079069317636,1.7888543819998322,0.058571796071826915,0.003086302512160216,-0.0035248263607360053,0.19353776363302924,0.06633116023098783
4,2.0,1.0,1.0,1,11,0.001332204312362705,66,0.09022586372538854,0.001333412474326251,0.25412081137281867,1.6262312563634835,0.058571796071826915,0.002540024974946875,-0.003873437449273126,0.18076200247228624,0.20790836308492433
4,2.0,1.0,1.0,1,12,0.001332204312362705,72,0.0925277537078546,0.002092316011144041,0.23115485960677426,1.4907119849998598,0.058571796071826915,0.0021277848817456146,-0.0042201008928896555,0.17134343023407084,0.3296083271542892
4,2.0,1.0,1.0,1,13,0.001332204312362705,78,0.09571152023519924,0.0027560309265969307,0.21208308634768186,1.376041832307563,0.058571796071826915,0.0018088193246167672,-0.004564850251213698,0.16447341462323833,0.4324088178414599
4,2.0,1.0,1.0,1,14,0.001332204312362705,84,0.099496224701072,0.003350886784039553,0.19598026939368543,1.2777531299998799,0.058571796071826915,0.0015568412274291343,-0.004907728011468687,0.15959621231277488,0.518346491499697
4,2.0,1.0,1.0,1,15,0.001332204312362705,90,0.1037001861188932,0.0038945232850130795,0.18219469091585264,1.1925695879998879,0.058571796071826915,0.0013542522822610203,-0.0052487755672741,0.15631468613292532,0.5898087019710616
4,2.0,1.0,1.0,1,16,0.001332204312362705,96,0.10820174640653812,0.004399133044533987,0.1702537319261622,1.118033988749895,0.058571796071826915,0.0011888971535116977,-0.005588030198045685,0.15433467824357638,0.6491338649990157
4,2.0,1.0,1.0,1,17,0.001332204312362705,102,0.11291699292756718,0.004873370225655704,0.15980607544525233,1.0522672835293128,0.058571796071826915,0.0010521543521224974,-0.005925524577778202,0.153431039585678,0.6984228243538655
4,2.0,1.0,1.0,1,18,0.001332204312362705,108,0.11778655920336045,0.005323519534643217,0.15058496944446342,0.9938079899999065,0.058571796071826915,0.0009377676135875479,-0.006261287148230765,0.15342634070900465,0.7394747936739713
4,2.0,1.0,1.0,1,19,0.001332204312362705,114,0.12276751194241098,0.005754236913161348,0.1423841075662148,0.9415023063157008,0.058571796071826915,0.0008411058142681338,-0.006595342727429482,0.1541772648248,0.7737883051158386
4,2.0,1.0,1.0,1,20,0.001332204312362705,120,0.1278282024649955,0.00616903281153619,0.13504134133598228,0.8944271909999161,0.058571796071826915,0.0007586803103274142,-0.0069277131218636046,0.15556575952459317,0.802591340914187
4,2.0,1.0,1.0,1,21,0.001332204312362705,126,0.13294490643277856,0.00657059568560589,0.12842740569247185,0.8518354199999197,0.058571796071826915,0.0006878219803418406,-0.007258417665947731,0.1574931684535096,0.826881138511091
4,2.0,1.0,1.0,1,22,0.001332204312362705,132,0.13809957566497877,0.006961013489081791,0.1224379424112211,0.8131156281817418,0.058571796071826915,0.0006264601833797789,-0.00758747367246157,0.15987623305301799,0.8474640301773867
4,2.0,1.0,1.0,1,23,0.001332204312362705,138,0.14327830041585043,0.00734192840362996,0.11698774605574043,0.7777627747825355,0.058571796071826915,0.0005729683959276033,-0.007914896799557564,0.1626442660951049,0.8649911649792991
4,2.0,1.0,1.0,1,24,0.001332204312362705,144,0.14847023658911085,0.007714646893839466,0.11200654042244727,0.7453559924999299,0.058571796071826915,0.0005260544527891375,-0.008240701346628604,0.1657370610583357,0.879988797492437
4,2.0,1.0,1.0,1,25,0.001332204312362705,150,0.15366684386289464,0.00808021926709937,0.10743582954742895,0.7155417527999327,0.058571796071826915,0.00048468122480907483,-0.008564900491908445,0.16910327040241707,0.8928831762657691
4,2.0,1.0,1.0,1,26,0.001332204312362705,156,0.15886133582280537,0.008439498040961335,0.10322651647112313,0.6880209161537815,0.058571796071826915,0.00044800844239320514,-0.00888750648335454,0.17269909330770913,0.9040206253309973
4,2.0,1.0,1.0,1,27,0.001332204312362705,162,0.1640482772447759,0.008793181341157613,0.09933707931736066,0.6625386599999377,0.058571796071826915,0.00041534945120660915,-0.009208530792364222,0.1764871797560966,0.9136835786201557
4,2.0,1.0,1.0,1,28,0.001332204312362705,168,0.16922328517239127,0.009141845567894352,0.09573215780533116,0.6388765649999399,0.058571796071826915,0.0003861386701287661,-0.009527984238023118,0.18043569699310624,0.9221033118701275
4,2.0,1.0,1.0,1,29,0.001332204312362705,174,0.1743828042960579,0.00948597026311973,0.09238144603631808,0.6168463386206317,0.058571796071826915,0.0003599068248948123,-0.009845877088014543,0.18451752638326765,0.9294700283748779
4,2.0,1.0,1.0,1,30,0.001332204312362705,180,0.1795239362476868,0.009825957238723454,0.08925881661140246,0.5962847939999439,0.058571796071826915,0.0003362619022144464,-0.0101622191409379,0.18870957033223043,0.9359408469030339
4,2.0,1.0,1.0,1,31,0.001332204312362705,186,0.184644308509746,0.010162145432479508,0.08634162143110463,0.577049800645107,0.058571796071826915,0.0003148743613546612,-0.01047701979383417,0.1929921548218711,0.9416461361042413
4,2.0,1.0,1.0,1,32,0.001332204312362705,192,0.18974197276900262,0.010494822549523941,0.08361012883262549,0.5590169943749475,0.058571796071826915,0.00029546554832607375,-0.010790288097850015,0.19734851597736283,0.9466945491021278
4,2.0,1.0,1.0,1,33,0.001332204312362705,198,0.19481532539164936,0.010824234261048254,0.08104706693931747,0.5420770854544946,0.058571796071826915,0.00027779854331083653,-0.011102032804359091,0.20176436055796443,0.9511770368428673
4,2.0,1.0,1.0,1,34,0.001332204312362705,204,0.1998630446842362,0.011150591529474896,0.0786372504885102,0.5261336417646564,0.058571796071826915,0.0002616708738700235,-0.01141226240334492,0.20622749117814732,0.9551700583417331
4,2.0,1.0,1.0,1,35,0.001332204312362705,210,0.2048840410103181,0.011474076484171258,0.0763672738121792,0.5111012519999518,0.058571796071826915,0.00024690867138663086,-0.01172098515555789,0.21072748781782882,0.9587381581158849
4,2.0,1.0,1.0,1,36,0.001332204312362705,216,0.20987741683878058,0.011794847166749473,0.07422525664521094,0.49690399499995325,0.058571796071826915,0.00023336195277232075,-0.012028209119521793,0.21525543792299592,0.9619360436935168
4,2.0,1.0,1.0,1,37,0.001332204312362705,222,0.21484243452734342,0.012113041387984247,0.07220063242447142,0.48347415729725196,0.058571796071826915,0.00022090078635458865,-0.012333942174338836,0.21980370816551276,0.9648102669151366
4,2.0,1.0,1.0,1,38,0.001332204312362705,228,0.21977849017654894,0.012428779881648117,0.07028397099556236,0.4707511531578504,0.058571796071826915,0.00020941215741401842,-0.012638192039062135,0.22436575170970458,0.9674005901471566
4,2.0,1.0,1.0,1,39,0.001332204312362705,234,0.22468509228210798,0.012742168898076028,0.06846682935873634,0.4586806107691876,0.058571796071826915,0.00019879739109227024,-0.012940966289168299,0.2289359455960188,0.9697411009924148
4,2.0,1.0,1.0,1,40,0.001332204312362705,240,0.22956184420574632,0.013053302348503854,0.06674162540076085,0.44721359549995804,0.058571796071826915,0.00018897002217990733,-0.01324227237068376,0.23350945357366504,0.9718611254785616
4,2.0,1.0,1.0,1,1,0.0017259488411773309,6,0.7731850506122062,0.7099610531740858,1.9378367009008897,17.88854381999832,0.058571796071826915,-0.7122154169354392,0.0022543637613534617,0.8786338156281159,0.9936894076635268
4,2.0,1.0,1.0,1,2,0.0017259488411773309,12,0.9127867331819998,0.45512386908409685,1.9794547822139053,8.94427190999916,0.058571796071826915,0.4586856742957439,-0.003561805211647062,0.9545230208905323,0.9845891849299305
4,2.0,1.0,1.0,1,3,0.0017259488411773309,18,0.5793869093069159,0.045712270423234905,1.367663700412042,5.962847939999439,0.058571796071826915,0.047522766643628284,-0.0018104962203933789,0.7560525350566281,0.9266013997337379
4,2.0,1.0,1.0,1,4,0.0017259488411773309,24,0.2953851425081453,0.020942667297593698,0.8976523830325339,4.47213595499958,0.058571796071826915,0.022827960904140285,-0.001885293606546587,0.5273288181674973,0.8474265212029181
4,2.0,1.0,1.0,1,5,0.0017259488411773309,30,0.18495298194307597,0.011237441012170418,0.6564718918544042,3.5777087639996643,0.058571796071826915,0.013522856275934941,-0.002285415263764523,0.3982478914285938,0.7108582987045563
4,2.0,1.0,1.0,1,6,0.0017259488411773309,36,0.13856550711568638,0.006288122831523357,0.516909481864952,2.9814239699997196,0.058571796071826915,0.009018551022962007,-0.0027304281914386497,0.3220193301098544,0.5352058861263488
4,2.0,1.0,1.0,1,7,0.0017259488411773309,42,0.1178248264779379,0.003294381926927159,0.42689979050349847,2.5555062599997598,0.058571796071826915,0.006478276947628786,-0.003183895020701627,0.27357358407655863,0.3409566645807087
4,2.0,1.0,1.0,1,8,0.0017259488411773309,48,0.10890289287481691,0.0012558535539190507,0.3641575836523822,2.23606797749979,0.058571796071826915,0.0048932365924686805,-0.0036373830385496297,0.24107893280681514,0.1472171551703728
4,2.0,1.0,1.0,1,9,0.0017259488411773309,54,0.10607856799398185,0.0002557880208568508,0.31789891412496085,1.987615979999813,0.058571796071826915,0.003832787392149567,-0.004088575413006418,0.21853026945373072,0.032290910939006524
4,2.0,1.0,1.0,1,10,0.0017259488411773309,60,0.10668122390394341,0.0014505068114500086,0.28234079069317636,1.7888543819998322,0.058571796071826915,0.003086302512160216,-0.004536809323610225,0.20261881440959661,0.19027751956146016
4,2.0,1.0,1.0,1,11,0.0017259488411773309,66,0.10933846915956213,0.002441899854829316,0.25412081137281867,1.6262312563634835,0.058571796071826915,0.002540024974946875,-0.004981924829776191,0.19138701463646468,0.3246365527852946
4,2.0,1.0,1.0,1,12,0.0017259488411773309,72,0.11328920288539046,0.00329613787209046,0.23115485960677426,1.4907119849998598,0.058571796071826915,0.0021277848817456146,-0.005423922753836075,0.18360413819210158,0.4364758318449608
4,2.0,1.0,1.0,1,13,0.0017259488411773309,78,0.11808468389954341,0.004054033946447239,0.21208308634768186,1.376041832307563,0.058571796071826915,0.0018088193246167672,-0.005862853271064006,0.17845399003954765,0.52844199174111
4,2.0,1.0,1.0,1,14,0.0017259488411773309,84,0.12344679102883316,0.004741936639805655,0.19598026939368543,1.2777531299998799,0.058571796071826915,0.0015568412274291343,-0.006298777867234789,0.17536854027920523,0.6036362739413759
4,2.0,1.0,1.0,1,15,0.0017259488411773309,90,0.12919588171742535,0.005377504174398223,0.18219469091585264,1.1925695879998879,0.058571796071826915,0.0013542522822610203,-0.006731756456659244,0.17393474062096492,0.6650381353800378
4,2.0,1.0,1.0,1,16,0.0017259488411773309,96,0.13521183820141225,0.005972946364585313,0.1702537319261622,1.118033988749895,0.058571796071826915,0.0011888971535116977,-0.007161843518097011,0.17384033825168166,0.7152594721199346
4,2.0,1.0,1.0,1,17,0.0017259488411773309,102,0.14141195774642457,0.006536933131628647,0.15980607544525233,1.0522672835293128,0.058571796071826915,0.0010521543521224974,-0.007589087483751145,0.17484147833764618,0.756480753089322
4,2.0,1.0,1.0,1,18,0.0017259488411773309,108,0.14773785744770118,0.007075763622924197,0.15058496944446342,0.9938079899999065,0.058571796071826915,0.0009377676135875479,-0.008013531236511745,0.17674287257736918,0.7904733984885007
4,2.0,1.0,1.0,1,19,0.0017259488411773309,114,0.15414742808772075,0.007594107091842661,0.1423841075662148,0.9415023063157008,0.058571796071826915,0.0008411058142681338,-0.008435212906110795,0.1793853304419351,0.818655257624918
4,2.0,1.0,1.0,1,20,0.0017259488411773309,120,0.1606097297571103,0.008095486356586912,0.13504134133598228,0.8944271909999161,0.058571796071826915,0.0007586803103274142,-0.008854166666914326,0.18263762177906095,0.8421528373178981
4,2.0,1.0,1.0,1,21,0.0017259488411773309,126,0.16710166158713702,0.008582601459370565,0.12842740569247185,0.8518354199999197,0.058571796071826915,0.0006878219803418406,-0.009270423439712405,0.186390889772483,0.8618588011585491
4,2.0,1.0,1.0,1,22,0.0017259488411773309,132,0.1736057344122598,0.009057551293810584,0.1224379424112211,0.8131156281817418,0.058571796071826915,0.0006264601833797789,-0.009684011477190363,0.19055458084344962,0.8784807904035038
4,2.0,1.0,1.0,1,23,0.0017259488411773309,138,0.1801085478360931,0.009521988444797375,0.11698774605574043,0.7777627747825355,0.058571796071826915,0.0005729683959276033,-0.010094956840724978,0.19505330696742337,0.8925811002201228
4,2.0,1.0,1.0,1,24,0.0017259488411773309,144,0.18659972813494696,0.0099772293318523,0.11200654042244727,0.7453559924999299,0.058571796071826915,0.0005260544527891375,-0.010503283784641437,0.1998243185298288,0.9046081566337585
4,2.0,1.0,1.0,1,25,0.0017259488411773309,150,0.19307117424084674,0.01042433383997965,0.10743582954742895,0.7155417527999327,0.058571796071826915,0.00048468122480907483,-0.010909015064788724,0.2048154125146943,0.9149211612299024
4,2.0,1.0,1.0,1,26,0.0017259488411773309,156,0.199516513741268,0.010864163744032096,0.10322651647112313,0.6880209161537815,0.058571796071826915,0.00044800844239320514,-0.011312172186425301,0.20998317804761774,0.9238092582871809
4,2.0,1.0,1.0,1,27,0.0017259488411773309,162,0.20593070460430063,0.011297426152672818,0.09933707931736066,0.6625386599999377,0.058571796071826915,0.00041534945120660915,-0.011712775603879427,0.21529151951096384,0.9315064036163729
4,2.0,1.0,1.0,1,28,0.0017259488411773309,168,0.2123097396637721,0.011724706211839603,0.09573215780533116,0.6388765649999399,0.058571796071826915,0.0003861386701287661,-0.012110844881968369,0.22071041538829267,0.9382029001608204
4,2.0,1.0,1.0,1,29,0.0017259488411773309,174,0.2186504246443749,0.012146492002237053,0.09238144603631808,0.6168463386206317,0.058571796071826915,0.0003599068248948123,-0.012506398827131865,0.22621487940000992,0.9440543642241049
4,2.0,1.0,1.0,1,30,0.0017259488411773309,180,0.22495020953394762,0.012563193692251895,0.08925881661140246,0.5962847939999439,0.058571796071826915,0.0003362619022144464,-0.012899455594466341,0.23178409495102825,0.9491887157158237
4,2.0,1.0,1.0,1,31,0.0017259488411773309,186,0.2312070591411075,0.012975158414208987,0.08634162143110463,0.577049800645107,0.058571796071826915,0.0003148743613546612,-0.013290032775563648,0.23740069702394678,0.9537116485712398
4,2.0,1.0,1.0,1,32,0.0017259488411773309,192,0.23741935277012494,0.01338268192264011,0.08361012883262549,0.5590169943749475,0.058571796071826915,0.00029546554832607375,-0.013678147470966184,0.2430501784426688,0.9577109301770204
4,2.0,1.0,1.0,1,33,0.0017259488411773309,198,0.24358580576476074,0.013786017806945466,0.08104706693931747,0.5420770854544946,0.058571796071826915,0.00027779854331083653,-0.014063816350256303,0.24872040018709346,0.9612597960031067
4,2.0,1.0,1.0,1,34,0.0017259488411773309,204,0.24970540764140325,0.014185384828240277,0.0786372504885102,0.5261336417646564,0.058571796071826915,0.0002616708738700235,-0.0144470557021103,0.2544011881517335,0.9644196426497808
4,2.0,1.0,1.0,1,35,0.0017259488411773309,210,0.25577737292364244,0.014580972804882936,0.0763672738121792,0.5111012519999518,0.058571796071826915,0.00024690867138663086,-0.014827881476269567,0.26008400132176357,0.967242174654747
4,2.0,1.0,1.0,1,36,0.0017259488411773309,216,0.26180110178638305,0.014972947366075157,0.07422525664521094,0.49690399499995325,0.058571796071826915,0.00023336195277232075,-0.015206309318847477,0.2657616587077454,0.9697711241817342
4,2.0,1.0,1.0,1,37,0.0017259488411773309,222,0.2677761483376371,0.015361453815828319,0.07220063242447142,0.48347415729725196,0.058571796071826915,0.00022090078635458865,-0.015582354602182907,0.2714281144856456,0.9720436351974906
4,2.0,1.0,1.0,1,38,0.0017259488411773309,228,0.2737021948924796,0.015746620292818564,0.07028397099556236,0.4707511531578504,0.058571796071826915,0.00020941215741401842,-0.015956032450232582,0.2770782726147636,0.9740913828853229
4,2.0,1.0,1.0,1,39,0.0017259488411773309,234,0.2795790309819427,0.01612856036913797,0.06846682935873634,0.4586806107691876,0.058571796071826915,0.00019879739109227024,-0.01632735776023024,0.28270783375966313,0.9759414831493505
4,2.0,1.0,1.0,1,40,0.0017259488411773309,240,0.2854065361287652,0.016507375199077717,0.06674162540076085,0.44721359549995804,0.058571796071826915,0.00018897002217990733,-0.016696345221257625,0.288313168644465,0.9776172349221196
4,2.0,1.0,1.0,1,1,0.0022360679774997894,6,0.7736398627250989,0.7092955020149236,1.9378367009008897,17.88854381999832,0.058571796071826915,-0.7122154169354392,0.002919914920515576,0.8786945827767709,0.9918339514482171
4,2.0,1.0,1.0,1,2,0.0022360679774997894,12,0.9128883785944952,0.4540746774378833,1.9794547822139053,8.94427190999916,0.058571796071826915,0.4586856742957439,-0.004610996857860594,0.954321604698265,0.9800948414052738
4,2.0,1.0,1.0,1,3,0.0022360679774997894,18,0.582268635004639,0.045182047147507176,1.367663700412042,5.962847939999439,0.058571796071826915,0.047522766643628284,-0.0023407194961211075,0.7564883174286365,0.9061148877733533
4,2.0,1.0,1.0,1,4,0.0022360679774997894,24,0.3022763734151257,0.02039184196815337,0.8976523830325339,4.47213595499958,0.058571796071826915,0.022827960904140285,-0.002436118935986914,0.5292272053724427,0.8071476221257343
4,2.0,1.0,1.0,1,5,0.0022360679774997894,30,0.19503516459452808,0.010572688212086012,0.6564718918544042,3.5777087639996643,0.058571796071826915,0.013522856275934941,-0.002950168063848929,0.4016767534125477,0.6418182838807563
4,2.0,1.0,1.0,1,6,0.0022360679774997894,36,0.15138603486499902,0.005497490789398582,0.516909481864952,2.9814239699997196,0.058571796071826915,0.009018551022962007,-0.003521060233563425,0.32701554619733353,0.43840998551990734
4,2.0,1.0,1.0,1,7,0.0022360679774997894,42,0.13313801100084222,0.002376483920236469,0.42689979050349847,2.5555062599997598,0.058571796071826915,0.006478276947628786,-0.004101793027392317,0.280215229205128,0.2246189227337061
4,2.0,1.0,1.0,1,8,0.0022360679774997894,48,0.12655668619677574,0.00021173087467288298,0.3641575836523822,2.23606797749979,0.058571796071826915,0.0048932365924686805,-0.0046815057177957975,0.24947362519209249,0.02211348021825085
4,2.0,1.0,1.0,1,9,0.0022360679774997894,54,0.12596553371771202,0.001424440402144428,0.31789891412496085,1.987615979999813,0.058571796071826915,0.003832787392149567,-0.005257227794293995,0.22880310547428867,0.15670385284600777
4,2.0,1.0,1.0,1,10,0.0022360679774997894,60,0.12871740655278407,0.002741818555594744,0.28234079069317636,1.7888543819998322,0.058571796071826915,0.003086302512160216,-0.00582812106775496,0.21490049765983854,0.30757104270569485
4,2.0,1.0,1.0,1,11,0.0022360679774997894,66,0.13345340672996953,0.003853969909836441,0.25412081137281867,1.6262312563634835,0.058571796071826915,0.002540024974946875,-0.006393994884783316,0.20580265081846302,0.43138139049903923
4,2.0,1.0,1.0,1,12,0.0022360679774997894,72,0.13942080651666022,0.004827080267306688,0.23115485960677426,1.4907119849998598,0.058571796071826915,0.0021277848817456146,-0.006954865149052303,0.2002630642256441,0.5314616605218494
4,2.0,1.0,1.0,1,13,0.0022360679774997894,78,0.14617642129279318,0.0057019915298621715,0.21208308634768186,1.376041832307563,0.058571796071826915,0.0018088193246167672,-0.007510810854478939,0.19744155800463786,0.6118259437645885
4,2.0,1.0,1.0,1,14,0.0022360679774997894,84,0.15344604217198354,0.00650508394139826,0.19598026939368543,1.2777531299998799,0.058571796071826915,0.0015568412274291343,-0.008061925168827394,0.19674080197549648,0.6762908748807888
4,2.0,1.0,1.0,1,15,0.0022360679774997894,90,0.16105292922699987,0.007254046631570504,0.18219469091585264,1.1925695879998879,0.058571796071826915,0.0013542522822610203,-0.008608298913831525,0.19771654384581414,0.7281314282646442
4,2.0,1.0,1.0,1,16,0.0022360679774997894,96,0.1688792198098611,0.007961118488453517,0.1702537319261622,1.118033988749895,0.058571796071826915,0.0011888971535116977,-0.009150015641965215,0.20002668130995405,0.770015053414162
4,2.0,1.0,1.0,1,17,0.0022360679774997894,102,0.17684403500032697,0.008634996535764272,0.15980607544525233,1.0522672835293128,0.058571796071826915,0.0010521543521224974,-0.00968715088788677,0.20340137435277836,0.8040554153908024
4,2.0,1.0,1.0,1,18,0.0022360679774997894,108,0.18489051862476313,0.009282005222645662,0.15058496944446342,0.9938079899999065,0.058571796071826915,0.0009377676135875479,-0.01021977283623321,0.2076246646882895,0.8319042412967255
4,2.0,1.0,1.0,1,19,0.0022360679774997894,114,0.19297787731149363,0.009906837552493913,0.1423841075662148,0.9415023063157008,0.058571796071826915,0.0008411058142681338,-0.010747943366762047,0.21252241658661084,0.8548447243377104
4,2.0,1.0,1.0,1,20,0.0022360679774997894,120,0.20107633314383122,0.010513038785975926,0.13504134133598228,0.8944271909999161,0.058571796071826915,0.0007586803103274142,-0.01127171909630334,0.21795379475983825,0.8738727976214563
4,2.0,1.0,1.0,1,21,0.0022360679774997894,126,0.20916383213543988,0.011103330313084026,0.12842740569247185,0.8518354199999197,0.058571796071826915,0.0006878219803418406,-0.011791152293425866,0.22380482708506605,0.8897630582045954
4,2.0,1.0,1.0,1,22,0.0022360679774997894,132,0.2172238438373757,0.011679831457345774,0.1224379424112211,0.8131156281817418,0.058571796071826915,0.0006264601833797789,-0.012306291640725553,0.2299833130317351,0.9031203580026764
4,2.0,1.0,1.0,1,23,0.0022360679774997894,138,0.22524385754289178,0.012244214459404212,0.11698774605574043,0.7777627747825355,0.058571796071826915,0.0005729683959276033,-0.012817182855331816,0.23641469792655004,0.9144194288509306
4,2.0,1.0,1.0,1,24,0.0022360679774997894,144,0.23321433404759162,0.012797814736150104,0.11200654042244727,0.7453559924999299,0.058571796071826915,0.0005260544527891375,-0.013323869188939241,0.243038701892497,0.9240350392684924
4,2.0,1.0,1.0,1,25,0.0022360679774997894,150,0.24112796184090768,0.013341710604579754,0.10743582954742895,0.7155417527999327,0.058571796071826915,0.00048468122480907483,-0.013826391829388829,0.24980656694509046,0.9322648660972488
4,2.0,1.0,1.0,1,26,0.0022360679774997894,156,0.24897912074782969,0.013876781781024444,0.10322651647112313,0.6880209161537815,0.058571796071826915,0.00044800844239320514,-0.01432479022341765,0.2566788187191988,0.9393468424598455
4,2.0,1.0,1.0,1,27,0.0022360679774997894,162,0.2567634894599946,0.014403752885542298,0.09933707931736066,0.6625386599999377,0.058571796071826915,0.00041534945120660915,-0.014819102336748907,0.2636234561796304,0.9454723468900945
4,2.0,1.0,1.0,1,28,0.0022360679774997894,168,0.2644777544929604,0.014923226194409611,0.09573215780533116,0.6388765649999399,0.058571796071826915,0.0003861386701287661,-0.015309364864538377,0.2706144943338551,0.9507962685904419
4,2.0,1.0,1.0,1,29,0.0022360679774997894,174,0.27211939170088195,0.01543570657761853,0.09238144603631808,0.6168463386206317,0.058571796071826915,0.0003599068248948123,-0.015795613402513342,0.2776307952362772,0.9554447247963921
4,2.0,1.0,1.0,1,30,0.0022360679774997894,180,0.279686500405004,0.015941620684617686,0.08925881661140246,0.5962847939999439,0.058571796071826915,0.0003362619022144464,-0.016277882586832132,0.28465513232027406,0.9595210090491102
4,2.0,1.0,1.0,1,31,0.0022360679774997894,186,0.28717767615363,0.01644133184768362,0.08634162143110463,0.577049800645107,0.058571796071826915,0.0003148743613546612,-0.016756206209038282,0.2916734422102635,0.9631102014829969
4,2.0,1.0,1.0,1,32,0.0022360679774997894,192,0.29459191217635206,0.016935151762722922,0.08361012883262549,0.5590169943749475,0.058571796071826915,0.00029546554832607375,-0.017230617311048996,0.2986742263802911,0.9662827625891289
4,2.0,1.0,1.0,1,33,0.0022360679774997894,198,0.3019285223808561,0.017423349720789794,0.08104706693931747,0.5420770854544946,0.058571796071826915,0.00027779854331083653,-0.01770114826410063,0.30564807216424716,0.96909735077515
4,2.0,1.0,1.0,1,34,0.0022360679774997894,204,0.3091870806847179,0.017906159960814905,0.0786372504885102,0.5261336417646564,0.058571796071826915,0.0002616708738700235,-0.018167830834684928,0.31258726864668535,0.9716030440748643
4,2.0,1.0,1.0,1,35,0.0022360679774997894,210,0.31636737284872674,0.01838378756859027,0.0763672738121792,0.5111012519999518,0.058571796071826915,0.00024690867138663086,-0.0186306962399769,0.3194854979330264,0.9738411019251704
4,2.0,1.0,1.0,1,36,0.0022360679774997894,216,0.32346935796120235,0.018856413241841924,0.07422525664521094,0.49690399499995325,0.058571796071826915,0.00023336195277232075,-0.019089775194614245,0.32633758633051996,0.9758463699768458
4,2.0,1.0,1.0,1,37,0.0022360679774997894,222,0.3304931374333062,0.019324197164070148,0.07220063242447142,0.48347415729725196,0.058571796071826915,0.00022090078635458865,-0.019545097950424736,0.3331393032041209,0.9776484063065783
4,2.0,1.0,1.0,1,38,0.0022360679774997894,228,0.3374389298844336,0.019787282172915976,0.07028397099556236,0.4707511531578504,0.058571796071826915,0.00020941215741401842,-0.019996694330329995,0.339887197841198,0.9792723890135848
4,2.0,1.0,1.0,1,39,0.0022360679774997894,234,0.34430705067974354,0.020245796366326563,0.06846682935873634,0.4586806107691876,0.058571796071826915,0.00019879739109227024,-0.020444593757418833,0.34657846669023895,0.9807398513488315
4,2.0,1.0,1.0,1,40,0.0022360679774997894,240,0.3510978951668995,0.020699855257824765,0.06674162540076085,0.44721359549995804,0.058571796071826915,0.00018897002217990733,-0.020888825280004672,0.3532108449384696,0.9820692800674156
4,2.0,1.0,1.0,1,1,0.0028969572450301176,6,0.774227517416445,0.7084337473025965,1.9378367009008897,17.88854381999832,0.058571796071826915,-0.7122154169354392,0.0037816696328427657,0.8787735572652202,0.9894366340204874
4,2.0,1.0,1.0,1,2,0.0028969572450301176,12,0.9130195802256936,0.4527177789933615,1.9794547822139053,8.94427190999916,0.058571796071826915,0.4586856742957439,-0.005967895302382398,0.9540632210322926,0.9743124956188587
4,2.0,1.0,1.0,1,3,0.0028969572450301176,18,0.585969072386939,0.04449840433483482,1.367663700412042,5.962847939999439,0.058571796071826915,0.047522766643628284,-0.0030243623087934657,0.7570634612944371,0.880334951896469
4,2.0,1.0,1.0,1,4,0.0028969572450301176,24,0.31109705590843606,0.019682517414519374,0.8976523830325339,4.47213595499958,0.058571796071826915,0.022827960904140285,-0.003145443489620911,0.5317199322065371,0.75779505513136
4,2.0,1.0,1.0,1,5,0.0028969572450301176,30,0.2078991221626052,0.009718652033000902,0.6564718918544042,3.5777087639996643,0.058571796071826915,0.013522856275934941,-0.0038042042429340395,0.40619998110649785,0.5608944472963199
4,2.0,1.0,1.0,1,6,0.0028969572450301176,36,0.1676919470765894,0.004484116809438193,0.516909481864952,2.9814239699997196,0.058571796071826915,0.009018551022962007,-0.004534434213523814,0.33364861602089524,0.3308582375908268
4,2.0,1.0,1.0,1,7,0.0028969572450301176,42,0.15255258982894948,0.0012026898290107002,0.42689979050349847,2.5555062599997598,0.058571796071826915,0.006478276947628786,-0.005275587118618086,0.2890920026534923,0.10232293161058577
4,2.0,1.0,1.0,1,8,0.0028969572450301176,48,0.14886805280711668,0.0011204696231172095,0.3641575836523822,2.23606797749979,0.058571796071826915,0.0048932365924686805,-0.00601370621558589,0.26076194761394794,0.10272994392982092
4,2.0,1.0,1.0,1,9,0.0028969572450301176,54,0.1510199377725947,0.0029122138636486494,0.31789891412496085,1.987615979999813,0.058571796071826915,0.003832787392149567,-0.006745001255798216,0.24268234334348684,0.27531405292481936
4,2.0,1.0,1.0,1,10,0.0028969572450301176,60,0.15639196732416016,0.004382124257003461,0.28234079069317636,1.7888543819998322,0.058571796071826915,0.003086302512160216,-0.007468426769163677,0.23153947242780404,0.415181113622443
4,2.0,1.0,1.0,1,11,0.0028969572450301176,66,0.16364322945396914,0.005643744447012711,0.25412081137281867,1.6262312563634835,0.058571796071826915,0.002540024974946875,-0.008183769421959586,0.22534038424977046,0.5262824181560947
4,2.0,1.0,1.0,1,12,0.0028969572450301176,72,0.17203237261647786,0.006763295587694451,0.23115485960677426,1.4907119849998598,0.058571796071826915,0.0021277848817456146,-0.008891080469440066,0.22279459130350168,0.6137923798993232
4,2.0,1.0,1.0,1,13,0.0028969572450301176,78,0.18112394678218857,0.007781672018239344,0.21208308634768186,1.376041832307563,0.058571796071826915,0.0018088193246167672,-0.009590491342856111,0.2230107584177984,0.6826440865800588
4,2.0,1.0,1.0,1,14,0.0028969572450301176,84,0.1906493460118498,0.008725309667251241,0.19598026939368543,1.2777531299998799,0.058571796071826915,0.0015568412274291343,-0.010282150894680375,0.2253406862922997,0.736997674908203
4,2.0,1.0,1.0,1,15,0.0028969572450301176,90,0.20043611896745506,0.009611951998780538,0.18219469091585264,1.1925695879998879,0.058571796071826915,0.0013542522822610203,-0.010966204281041558,0.229295634088657,0.7801619971950123
4,2.0,1.0,1.0,1,16,0.0028969572450301176,96,0.21036984363880307,0.010453889570376934,0.1702537319261622,1.118033988749895,0.058571796071826915,0.0011888971535116977,-0.011642786723888632,0.23449898643290237,0.814693509461275
4,2.0,1.0,1.0,1,17,0.0028969572450301176,102,0.22037251232241672,0.011259868263041956,0.15980607544525233,1.0522672835293128,0.058571796071826915,0.0010521543521224974,-0.012312022615164453,0.2406573497370089,0.842541092549436
4,2.0,1.0,1.0,1,18,0.0028969572450301176,108,0.23038974363762232,0.012036258809916045,0.15058496944446342,0.9938079899999065,0.058571796071826915,0.0009377676135875479,-0.012974026423503593,0.24754120542611663,0.8651837985687102
4,2.0,1.0,1.0,1,19,0.0028969572450301176,114,0.24038293378037223,0.012787798258967448,0.1423841075662148,0.9415023063157008,0.058571796071826915,0.0008411058142681338,-0.013628904073235582,0.25497085419172383,0.8837449565263239
4,2.0,1.0,1.0,1,20,0.0028969572450301176,120,0.25032428284510577,0.013518074000078234,0.13504134133598228,0.8944271909999161,0.058571796071826915,0.0007586803103274142,-0.014276754310405648,0.26280564572067033,0.899081026991899
4,2.0,1.0,1.0,1,21,0.0028969572450301176,126,0.26019355343563033,0.014229847918656086,0.12842740569247185,0.8518354199999197,0.058571796071826915,0.0006878219803418406,-0.014917669898997926,0.2709355213096355,0.9118487279145038
4,2.0,1.0,1.0,1,22,0.0028969572450301176,132,0.2699759052259285,0.014925278433535333,0.1224379424112211,0.8131156281817418,0.058571796071826915,0.0006264601833797789,-0.015551738616915112,0.2792743338371486,0.9225550147933205
4,2.0,1.0,1.0,1,23,0.0028969572450301176,138,0.27966041607355185,0.015606075670690583,0.11698774605574043,0.7777627747825355,0.058571796071826915,0.0005729683959276033,-0.016179044066618187,0.2877545875708657,0.9315940819398686
4,2.0,1.0,1.0,1,24,0.0028969572450301176,144,0.28923905188922094,0.016273611875844057,0.11200654042244727,0.7453559924999299,0.058571796071826915,0.0005260544527891375,-0.016799666328633195,0.296323319906705,0.939274739628356
4,2.0,1.0,1.0,1,25,0.0028969572450301176,150,0.29870593624044406,0.016929001262086255,0.10743582954742895,0.7155417527999327,0.058571796071826915,0.00048468122480907483,-0.01741368248689533,0.3049388947889056,0.945840722356969
4,2.0,1.0,1.0,1,26,0.0028969572450301176,156,0.30805682409928203,0.01757315860910627,0.10322651647112313,0.6880209161537815,0.058571796071826915,0.00044800844239320514,-0.018021167051499476,0.3135685159138566,0.9514858210599222
4,2.0,1.0,1.0,1,27,0.0028969572450301176,162,0.31728871711286377,0.018206842848796423,0.09933707931736066,0.6625386599999377,0.058571796071826915,0.00041534945120660915,-0.018622192300003032,0.322186302353438,0.9563652222923983
4,2.0,1.0,1.0,1,28,0.0028969572450301176,168,0.32639957857941815,0.018830689884078447,0.09573215780533116,0.6388765649999399,0.058571796071826915,0.0003861386701287661,-0.019216828554207213,0.33077180013647256,0.9606040589968037
4,2.0,1.0,1.0,1,29,0.0028969572450301176,174,0.3353881197127285,0.019445237580956384,0.09238144603631808,0.6168463386206317,0.058571796071826915,0.0003599068248948123,-0.019805144405851197,0.33930882994946665,0.9643039017579031
4,2.0,1.0,1.0,1,30,0.0028969572450301176,180,0.34425363757206096,0.020050944999457976,0.08925881661140246,0.5962847939999439,0.058571796071826915,0.0003362619022144464,-0.020387206901672422,0.3477845932034417,0.9675477203747495
4,2.0,1.0,1.0,1,31,0.0028969572450301176,186,0.3529958909060804,0.02064820733475571,0.08634162143110463,0.577049800645107,0.058571796071826915,0.0003148743613546612,-0.020963081696110372,0.35618897649357695,0.9704037022631041
4,2.0,1.0,1.0,1,32,0.0028969572450301176,192,0.36161500414192926,0.021237367629732523,0.08361012883262549,0.5590169943749475,0.058571796071826915,0.00029546554832607375,-0.021532833178058597,0.3645140084792585,0.9729282110319543
4,2.0,1.0,1.0,1,33,0.0028969572450301176,198,0.37011139249208036,0.021818726033460453,0.08104706693931747,0.5420770854544946,0.058571796071826915,0.00027779854331083653,-0.02209652457677129,0.3727534340674269,0.9751680940853582
4,2.0,1.0,1.0,1,34,0.0028969572450301176,204,0.37848570306417684,0.022392547176986258,0.0786372504885102,0.5261336417646564,0.058571796071826915,0.0002616708738700235,-0.02265421805085628,0.38090237911105285,0.9771624941341307
4,2.0,1.0,1.0,1,35,0.0028969572450301176,210,0.3867387682104021,0.022959066092205424,0.0763672738121792,0.5111012519999518,0.058571796071826915,0.00024690867138663086,-0.023205974763592055,0.38895708518311395,0.9789442801716756
4,2.0,1.0,1.0,1,36,0.0028969572450301176,216,0.3948715683191857,0.023518492994231255,0.07422525664521094,0.49690399499995325,0.058571796071826915,0.00023336195277232075,-0.023751854947003576,0.3969146988075684,0.9805411847016067
4,2.0,1.0,1.0,1,37,0.0028969572450301176,222,0.40288520195020516,0.024071017170390896,0.07220063242447142,0.48347415729725196,0.058571796071826915,0.00022090078635458865,-0.024291917956745485,0.4047731031844003,0.9819767127828358
4,2.0,1.0,1.0,1,38,0.0028969572450301176,228,0.4107808617236064,0.024616810161976865,0.07028397099556236,0.4707511531578504,0.058571796071826915,0.00020941215741401842,-0.024826222319390884,0.41253078321776304,0.98327087275475
4,2.0,1.0,1.0,1,39,0.0028969572450301176,234,0.41855981475031534,0.025156028382338422,0.06846682935873634,0.4586806107691876,0.058571796071826915,0.00019879739109227024,-0.025354825773430692,0.42018671676095054,0.9844407667897155
4,2.0,1.0,1.0,1,40,0.0028969572450301176,240,0.4262233866701124,0.025688815282840158,0.06674162540076085,0.44721359549995804,0.058571796071826915,0.00018897002217990733,-0.025877785305020065,0.427740286593431,0.985501070631317
4,2.0,1.0,1.0,1,1,0.0037531780625543482,6,0.7749862114309567,0.7073181425882542,1.9378367009008897,17.88854381999832,0.058571796071826915,-0.7122154169354392,0.00489727434718501,0.8788762850370397,0.9863416882542526
4,2.0,1.0,1.0,1,2,0.0037531780625543482,12,0.9131887457466521,0.45096384505469533,1.9794547822139053,8.94427190999916,0.058571796071826915,0.4586856742957439,-0.007721829241048583,0.9537327294699274,0.966888057406909
4,2.0,1.0,1.0,1,3,0.0037531780625543482,18,0.5907083431904563,0.043618206289972414,1.367663700412042,5.962847939999439,0.058571796071826915,0.047522766643628284,-0.00390456035365587,0.7578259664935054,0.8481523119464456
4,2.0,1.0,1.0,1,4,0.0037531780625543482,24,0.3223470742244925,0.018770727862180064,0.8976523830325339,4.47213595499958,0.058571796071826915,0.022827960904140285,-0.00405723304196022,0.5350033969096927,0.6981808611762913
4,2.0,1.0,1.0,1,5,0.0037531780625543482,30,0.22423833427588846,0.008624168536771393,0.6564718918544042,3.5777087639996643,0.058571796071826915,0.013522856275934941,-0.004898687739163549,0.4121895135987628,0.4681566610107673
4,2.0,1.0,1.0,1,6,0.0037531780625543482,36,0.188317865565934,0.0031893904368009707,0.516909481864952,2.9814239699997196,0.058571796071826915,0.009018551022962007,-0.005829160586161036,0.34249292267576203,0.214806868611408
4,2.0,1.0,1.0,1,7,0.0037531780625543482,42,0.17701017297469646,0.00029252835105281205,0.42689979050349847,2.5555062599997598,0.058571796071826915,0.006478276947628786,-0.006770805298681598,0.3010055831114483,0.02207914069929452
4,2.0,1.0,1.0,1,8,0.0037531780625543482,48,0.17685996722238817,0.0028125071713453464,0.3641575836523822,2.23606797749979,0.058571796071826915,0.0048932365924686805,-0.007705743763814027,0.275986311557595,0.22323291979281795
4,2.0,1.0,1.0,1,9,0.0037531780625543482,54,0.18232495828937378,0.0047963883085010706,0.31789891412496085,1.987615979999813,0.058571796071826915,0.003832787392149567,-0.008629175700650638,0.2614441261178197,0.38488224309315633
4,2.0,1.0,1.0,1,10,0.0037531780625543482,60,0.19082984085817656,0.00645352428930851,0.28234079069317636,1.7888543819998322,0.058571796071826915,0.003086302512160216,-0.009539826801468726,0.25401336883823383,0.511124520350225
4,2.0,1.0,1.0,1,11,0.0037531780625543482,66,0.20105806026142226,0.00789746415389006,0.25412081137281867,1.6262312563634835,0.058571796071826915,0.002540024974946875,-0.010437489128836935,0.2516240978884067,0.6085498417287347
4,2.0,1.0,1.0,1,12,0.0037531780625543482,72,0.2122840831238234,0.009194507231559707,0.23115485960677426,1.4907119849998598,0.058571796071826915,0.0021277848817456146,-0.011322292113305321,0.25289983390092474,0.6836025723081659
4,2.0,1.0,1.0,1,13,0.0037531780625543482,78,0.2240835569461681,0.010385646746606497,0.21208308634768186,1.376041832307563,0.058571796071826915,0.0018088193246167672,-0.012194466071223264,0.2568697361468131,0.7416578647816298
4,2.0,1.0,1.0,1,14,0.0037531780625543482,84,0.23619619474788833,0.011497420714289386,0.19598026939368543,1.2777531299998799,0.058571796071826915,0.0015568412274291343,-0.01305426194171852,0.26282309788381897,0.7868961420084267
4,2.0,1.0,1.0,1,15,0.0037531780625543482,90,0.24845613683291123,0.01254767212759958,0.18219469091585264,1.1925695879998879,0.058571796071826915,0.0013542522822610203,-0.0139019244098606,0.27022957544758763,0.8224650501117539
4,2.0,1.0,1.0,1,16,0.0037531780625543482,96,0.2607544257201001,0.01354878691334413,0.1702537319261622,1.118033988749895,0.058571796071826915,0.0011888971535116977,-0.014737684066855827,0.27869040468984624,0.8507027795781695
4,2.0,1.0,1.0,1,17,0.0037531780625543482,102,0.2730177498940143,0.014509602028086016,0.15980607544525233,1.0522672835293128,0.058571796071826915,0.0010521543521224974,-0.015561756380208513,0.2879052063346383,0.8733405555050945
4,2.0,1.0,1.0,1,18,0.0037531780625543482,108,0.28519587900695376,0.015436575331513838,0.15058496944446342,0.9938079899999065,0.058571796071826915,0.0009377676135875479,-0.016374342945101386,0.29764773456830257,0.8916633982426962
4,2.0,1.0,1.0,1,19,0.0037531780625543482,114,0.29725395893084716,0.016334527505707908,0.1423841075662148,0.9415023063157008,0.058571796071826915,0.0008411058142681338,-0.01717563331997604,0.30774759497185034,0.9066306274402947
4,2.0,1.0,1.0,1,20,0.0037531780625543482,120,0.309167633665567,0.017207126520114246,0.13504134133598228,0.8944271909999161,0.058571796071826915,0.0007586803103274142,-0.01796580683044166,0.31807637431353286,0.9189638354713033
4,2.0,1.0,1.0,1,21,0.0037531780625543482,126,0.3209198693001809,0.018057212164599823,0.12842740569247185,0.8518354199999197,0.058571796071826915,0.0006878219803418406,-0.018745034144941664,0.32853716156039714,0.9292104077848921
4,2.0,1.0,1.0,1,22,0.0037531780625543482,132,0.3324988344119395,0.01888701840278316,0.1224379424112211,0.8131156281817418,0.058571796071826915,0.0006264601833797789,-0.01951347858616294,0.3390566822189094,0.9377892663380721
4,2.0,1.0,1.0,1,23,0.0037531780625543482,138,0.343896454100465,0.01969832880350675,0.11698774605574043,0.7777627747825355,0.058571796071826915,0.0005729683959276033,-0.02027129719943435,0.3495794250246391,0.9450238826303293
4,2.0,1.0,1.0,1,24,0.0037531780625543482,144,0.355107404027851,0.020492587162924444,0.11200654042244727,0.7453559924999299,0.058571796071826915,0.0005260544527891375,-0.021018641615713582,0.36006326879761663,0.951166221967902
4,2.0,1.0,1.0,1,25,0.0037531780625543482,150,0.36612839814061116,0.02127097752250573,0.10743582954742895,0.7155417527999327,0.058571796071826915,0.00048468122480907483,-0.021755658747314804,0.3704762277648346,0.9564142251947069
4,2.0,1.0,1.0,1,26,0.0037531780625543482,156,0.37695767626958876,0.02203448290751482,0.10322651647112313,0.6880209161537815,0.058571796071826915,0.00044800844239320514,-0.022482491349908026,0.3807940254803521,0.9609246683281085
4,2.0,1.0,1.0,1,27,0.0037531780625543482,162,0.38759463019244245,0.022783929027163835,0.09933707931736066,0.6625386599999377,0.058571796071826915,0.00041534945120660915,-0.023199278478370444,0.390998280700134,0.9648226978256652
4,2.0,1.0,1.0,1,28,0.0037531780625543482,168,0.3980395271709828,0.023520017188480125,0.09573215780533116,0.6388765649999399,0.058571796071826915,0.0003861386701287661,-0.02390615585860889,0.4010751450188102,0.9682089586332023
4,2.0,1.0,1.0,1,29,0.0037531780625543482,174,0.40829330312628587,0.024243349367906564,0.09238144603631808,0.6168463386206317,0.058571796071826915,0.0003599068248948123,-0.024603256192801376,0.4110142745512849,0.9711649661831975
4,2.0,1.0,1.0,1,30,0.0037531780625543482,180,0.41835740624061324,0.024954447509491495,0.08925881661140246,0.5962847939999439,0.058571796071826915,0.0003362619022144464,-0.02529070941170594,0.4208080493917361,0.973757187449475
4,2.0,1.0,1.0,1,31,0.0037531780625543482,186,0.4282336775313418,0.02565376852341375,0.08634162143110463,0.577049800645107,0.058571796071826915,0.0003148743613546612,-0.02596864288476841,0.4304509776377968,0.9760401655222832
4,2.0,1.0,1.0,1,32,0.0037531780625543482,192,0.43792425884468356,0.026341716048046235,0.08361012883262549,0.5590169943749475,0.058571796071826915,0.00029546554832607375,-0.02663718159637231,0.43993923757813236,0.978058929986447
4,2.0,1.0,1.0,1,33,0.0037531780625543482,198,0.447431521401746,0.027018649751546525,0.08104706693931747,0.5420770854544946,0.058571796071826915,0.00027779854331083653,-0.02729644829485736,0.44927032387328325,0.979850869911971
4,2.0,1.0,1.0,1,34,0.0037531780625543482,204,0.45675800990176374,0.027684892745554135,0.0786372504885102,0.5261336417646564,0.058571796071826915,0.0002616708738700235,-0.02794656361942416,0.4584427724622756,0.9814471994741657
4,2.0,1.0,1.0,1,35,0.0037531780625543482,210,0.4659063985093198,0.028340737537728533,0.0763672738121792,0.5111012519999518,0.058571796071826915,0.00024690867138663086,-0.028587646209115164,0.46745594542042124,0.9828741125077264
4,2.0,1.0,1.0,1,36,0.0037531780625543482,216,0.47487945599728343,0.028986450844278006,0.07422525664521094,0.49690399499995325,0.058571796071826915,0.00023336195277232075,-0.029219812797050326,0.47630986174444223,0.9841536978777661
4,2.0,1.0,1.0,1,37,0.0037531780625543482,222,0.48368001799949034,0.029622277506217307,0.07220063242447142,0.48347415729725196,0.058571796071826915,0.00022090078635458865,-0.029843178292571895,0.4850050635315142,0.9853046696840663
4,2.0,1.0,1.0,1,38,0.0037531780625543482,228,0.4923109648253461,0.03024844369596162,0.07028397099556236,0.4707511531578504,0.058571796071826915,0.00020941215741401842,-0.03045785585337564,0.49354250959525264,0.9863429531877218
4,2.0,1.0,1.0,1,39,0.0037531780625543482,234,0.5007752036555599,0.030865159558217323,0.06846682935873634,0.4586806107691876,0.058571796071826915,0.00019879739109227024,-0.031063956949309593,0.5019234904732623,0.9872821576162047
4,2.0,1.0,1.0,1,40,0.0037531780625543482,240,0.5090756542112355,0.031472621397042766,0.06674162540076085,0.44721359549995804,0.058571796071826915,0.00018897002217990733,-0.03166159141922267,0.5101495602067541,0.9881339597402345
4,2.0,1.0,1.0,1,1,0.004862462362330365,6,0.7759647154456074,0.7058742363750289,1.9378367009008897,17.88854381999832,0.058571796071826915,-0.7122154169354392,0.006341180560410331,0.8790100593351577,0.9823502266000781
4,2.0,1.0,1.0,1,2,0.004862462362330365,12,0.9134065474233682,0.4486982355788319,1.9794547822139053,8.94427190999916,0.058571796071826915,0.4586856742957439,-0.00998743871691199,0.9533116177087841,0.9573799373609798
4,2.0,1.0,1.0,1,3,0.004862462362330365,18,0.5967574201037487,0.042487037508009654,1.367663700412042,5.962847939999439,0.058571796071826915,0.047522766643628284,-0.00503572913561863,0.7588422257030898,0.8083762078439458
4,2.0,1.0,1.0,1,4,0.004862462362330365,24,0.3366290752881871,0.017601421988079624,0.8976523830325339,4.47213595499958,0.058571796071826915,0.022827960904140285,-0.005226538916060661,0.5393439169400812,0.627401026604849
4,2.0,1.0,1.0,1,5,0.004862462362330365,30,0.24487038985363985,0.0072260820524120695,0.6564718918544042,3.5777087639996643,0.058571796071826915,0.013522856275934941,-0.006296774223522872,0.4201521085655348,0.3645921679826345
4,2.0,1.0,1.0,1,6,0.004862462362330365,36,0.2142243763825602,0.001542052437014857,0.516909481864952,2.9814239699997196,0.058571796071826915,0.009018551022962007,-0.00747649858594715,0.3543309538667599,0.09348577140271087
4,2.0,1.0,1.0,1,7,0.004862462362330365,42,0.20756651709695806,0.0021876011707435417,0.42689979050349847,2.5555062599997598,0.058571796071826915,0.006478276947628786,-0.008665878118372328,0.31703463088310424,0.14445184701355465
4,2.0,1.0,1.0,1,8,0.004862462362330365,48,0.21164703605876678,0.004948881230563695,0.3641575836523822,2.23606797749979,0.058571796071826915,0.0048932365924686805,-0.009842117823032376,0.2965101065567789,0.33585084491470746
4,2.0,1.0,1.0,1,9,0.004862462362330365,54,0.22102403762783362,0.007166421552795094,0.31789891412496085,1.987615979999813,0.058571796071826915,0.003832787392149567,-0.01099920894494466,0.2866834533268176,0.483173093487905
4,2.0,1.0,1.0,1,10,0.004862462362330365,60,0.2331773467940368,0.009049357187555507,0.28234079069317636,1.7888543819998322,0.058571796071826915,0.003086302512160216,-0.012135659699715723,0.28405918914081757,0.5944934734166755
4,2.0,1.0,1.0,1,11,0.004862462362330365,66,0.24682410053790316,0.010711314311963996,0.25412081137281867,1.6262312563634835,0.058571796071826915,0.002540024974946875,-0.013251339286910871,0.28642609003611913,0.6783020221904427
4,2.0,1.0,1.0,1,12,0.004862462362330365,72,0.2612613949432654,0.01221875903800651,0.23115485960677426,1.4907119849998598,0.058571796071826915,0.0021277848817456146,-0.014346543919752125,0.2922865437901181,0.7416847863869064
4,2.0,1.0,1.0,1,13,0.004862462362330365,78,0.2760813489931575,0.01361287520271054,0.21208308634768186,1.376041832307563,0.058571796071826915,0.0018088193246167672,-0.015421694527327307,0.300585989889342,0.7900446451963842
4,2.0,1.0,1.0,1,14,0.004862462362330365,84,0.29103648364129664,0.014920393296950663,0.19598026939368543,1.2777531299998799,0.058571796071826915,0.0015568412274291343,-0.016477234524379797,0.31056917907933174,0.8273444950708967
4,2.0,1.0,1.0,1,15,0.004862462362330365,90,0.305971434825699,0.016159343536755105,0.18219469091585264,1.1925695879998879,0.058571796071826915,0.0013542522822610203,-0.017513595819016126,0.3216925124898708,0.856448676606703
4,2.0,1.0,1.0,1,16,0.004862462362330365,96,0.3207862011073548,0.017342291930255993,0.1702537319261622,1.118033988749895,0.058571796071826915,0.0011888971535116977,-0.01853118908376769,0.3335645200925934,0.879422722679156
4,2.0,1.0,1.0,1,17,0.004862462362330365,102,0.3354153505541978,0.01847824831253904,0.15980607544525233,1.0522672835293128,0.058571796071826915,0.0010521543521224974,-0.019530402664661536,0.3459033008825626,0.8977625227745495
4,2.0,1.0,1.0,1,18,0.004862462362330365,108,0.34981574524046444,0.01957383674181158,0.15058496944446342,0.9938079899999065,0.058571796071826915,0.0009377676135875479,-0.02051160435539913,0.35850570844891355,0.9125599001272903
4,2.0,1.0,1.0,1,19,0.004862462362330365,114,0.3639590237977959,0.0206340380676074,0.1423841075662148,0.9415023063157008,0.058571796071826915,0.0008411058142681338,-0.021475143881875533,0.3712251265395087,0.924619429723133
4,2.0,1.0,1.0,1,20,0.004862462362330365,120,0.3778268489744977,0.021662675010141033,0.13504134133598228,0.8944271909999161,0.058571796071826915,0.0007586803103274142,-0.022421355320468447,0.38395555193602227,0.9345401946389186
4,2.0,1.0,1.0,1,21,0.004862462362330365,126,0.3914078184276427,0.02266273722596969,0.12842740569247185,0.8518354199999197,0.058571796071826915,0.0006878219803418406,-0.02335055920631153,0.39662025069747975,0.9427730199466399
4,2.0,1.0,1.0,1,22,0.004862462362330365,132,0.40469540686872474,0.023636604107294013,0.1224379424112211,0.8131156281817418,0.058571796071826915,0.0006264601833797789,-0.02426306429067379,0.40916368650221224,0.9496607350588123
4,2.0,1.0,1.0,1,23,0.004862462362330365,138,0.41768656520682257,0.024586200582194753,0.11698774605574043,0.7777627747825355,0.058571796071826915,0.0005729683959276033,-0.025159168978122357,0.42154576848368513,0.955466707829298
4,2.0,1.0,1.0,1,24,0.004862462362330365,144,0.4303807483972497,0.025513108041178886,0.11200654042244727,0.7453559924999299,0.058571796071826915,0.0005260544527891375,-0.026039162493968024,0.4337377357957489,0.9603952451174427
4,2.0,1.0,1.0,1,25,0.004862462362330365,150,0.44277922912809076,0.0264186446076895,0.10743582954742895,0.7155417527999327,0.058571796071826915,0.00048468122480907483,-0.026903325832498576,0.4457191964339897,0.9646063166410823
4,2.0,1.0,1.0,1,26,0.004862462362330365,156,0.45488460582934187,0.027303924087636516,0.10322651647112313,0.6880209161537815,0.058571796071826915,0.00044800844239320514,-0.02775193253002972,0.4574759820251262,0.9682262850953257
4,2.0,1.0,1.0,1,27,0.004862462362330365,162,0.46670044513557807,0.028169899847729843,0.09933707931736066,0.6625386599999377,0.058571796071826915,0.00041534945120660915,-0.028585249298936452,0.46899858206826905,0.9713558016656769
4,2.0,1.0,1.0,1,28,0.004862462362330365,168,0.478231018878702,0.02901739788140599,0.09573215780533116,0.6388765649999399,0.058571796071826915,0.0003861386701287661,-0.029403536551534756,0.48028099214156617,0.9740756710333008
4,2.0,1.0,1.0,1,29,0.004862462362330365,174,0.4894811085187776,0.029847142011715955,0.09238144603631808,0.6168463386206317,0.058571796071826915,0.0003599068248948123,-0.030207048836610767,0.49131985990441585,0.9764512482773637
4,2.0,1.0,1.0,1,30,0.004862462362330365,180,0.5004558583318045,0.03065977330416257,0.08925881661140246,0.5962847939999439,0.058571796071826915,0.0003362619022144464,-0.030996035206377018,0.5021138469343773,0.9785357644829532
4,2.0,1.0,1.0,1,31,0.004862462362330365,186,0.5111606642820608,0.03145586516646645,0.08634162143110463,0.577049800645107,0.058571796071826915,0.0003148743613546612,-0.03177073952782111,0.5126631482150628,0.9803728635243045
4,2.0,1.0,1.0,1,32,0.004862462362330365,192,0.5216010893064684,0.032235935201035085,0.08361012883262549,0.5590169943749475,0.058571796071826915,0.00029546554832607375,-0.03253140074936116,0.5229691276845303,0.9819985529141483
4,2.0,1.0,1.0,1,33,0.004862462362330365,198,0.5317827983508635,0.033000454588055034,0.08104706693931747,0.5420770854544946,0.058571796071826915,0.00027779854331083653,-0.03327825313136587,0.5330340398960377,0.9834427157280557
4,2.0,1.0,1.0,1,34,0.004862462362330365,204,0.541711508318467,0.03374985557340718,0.0786372504885102,0.5261336417646564,0.058571796071826915,0.0002616708738700235,-0.0340115264472772,0.5428608160631018,0.9847302910540787
4,2.0,1.0,1.0,1,35,0.004862462362330365,210,0.5513929493753816,0.034484537489342854,0.0763672738121792,0.5111012519999518,0.058571796071826915,0.00024690867138663086,-0.034731446160729484,0.5524528986044047,0.9858822021463441
4,2.0,1.0,1.0,1,36,0.004862462362330365,216,0.5608328349753424,0.03520487163007978,0.07422525664521094,0.49690399499995325,0.058571796071826915,0.00023336195277232075,-0.0354382335828521,0.5618141124879226,0.9869160911213367
4,2.0,1.0,1.0,1,37,0.004862462362330365,222,0.5700368386279828,0.03591120522683011,0.07220063242447142,0.48347415729725196,0.058571796071826915,0.00022090078635458865,-0.0361321060131847,0.5709485646912745,0.9878469042424635
4,2.0,1.0,1.0,1,38,0.004862462362330365,228,0.5790105759177928,0.036603864709519374,0.07028397099556236,0.4707511531578504,0.058571796071826915,0.00020941215741401842,-0.03681327686693339,0.5798605652875433,0.9886873610246786
4,2.0,1.0,1.0,1,39,0.004862462362330365,234,0.5877595906365237,0.03728315839965657,0.06846682935873634,0.4586806107691876,0.058571796071826915,0.00019879739109227024,-0.03748195579074884,0.5885545652702718,0.989448332408171
4,2.0,1.0,1.0,1,40,0.004862462362330365,240,0.5962893441560492,0.03794937874666694,0.06674162540076085,0.44721359549995804,0.058571796071826915,0.00018897002217990733,-0.03813834876884685,0.5970351074138756,0.9901391473162924
4,2.0,1.0,1.0,1,1,0.00629960524947437,6,0.7772250230086482,0.704005963229168,1.9378367009008897,17.88854381999832,0.058571796071826915,-0.7122154169354392,0.008209453706271241,0.8791845064063224,0.9772094106108281
4,2.0,1.0,1.0,1,2,0.00629960524947437,12,0.9136864444615752,0.44577425060816345,1.9794547822139053,8.94427190999916,0.058571796071826915,0.4586856742957439,-0.01291142368758047,0.9527776986173495,0.9452438374078501
4,2.0,1.0,1.0,1,3,0.00629960524947437,18,0.6044442229171443,0.0410368317552325,1.367663700412042,5.962847939999439,0.058571796071826915,0.047522766643628284,-0.006485934888395786,0.7602048337361986,0.7598188919779899
4,2.0,1.0,1.0,1,4,0.00629960524947437,24,0.35465143405159827,0.01610642932476497,0.8976523830325339,4.47213595499958,0.058571796071826915,0.022827960904140285,-0.006721531579375314,0.5451037938240574,0.5450661913652175
4,2.0,1.0,1.0,1,5,0.00629960524947437,30,0.2707259791438035,0.0054476949567297955,0.6564718918544042,3.5777087639996643,0.058571796071826915,0.013522856275934941,-0.008075161319205146,0.4307760683145079,0.25223124912888384
4,2.0,1.0,1.0,1,6,0.00629960524947437,36,0.24646642019911158,0.000542629537473277,0.516909481864952,2.9814239699997196,0.058571796071826915,0.009018551022962007,-0.009561180560435284,0.3702120187540956,0.029205456227266852
4,2.0,1.0,1.0,1,7,0.00629960524947437,42,0.24533487867329806,0.004573728569805452,0.42689979050349847,2.5555062599997598,0.058571796071826915,0.006478276947628786,-0.011052005517434238,0.33857862310900566,0.26090444229410814
4,2.0,1.0,1.0,1,8,0.00629960524947437,48,0.2543507307080355,0.007625534239638132,0.3641575836523822,2.23606797749979,0.058571796071826915,0.0048932365924686805,-0.012518770832106813,0.3240046547590176,0.4379468750326497
4,2.0,1.0,1.0,1,9,0.00629960524947437,54,0.2682059346676625,0.0101213074815215,0.31789891412496085,1.987615979999813,0.058571796071826915,0.003832787392149567,-0.013954094873671066,0.3202051076781931,0.5690321288610909
4,2.0,1.0,1.0,1,10,0.00629960524947437,60,0.28445584844591376,0.01227005762359483,0.28234079069317636,1.7888543819998322,0.058571796071826915,0.003086302512160216,-0.015356360135755046,0.323454328094357,0.6653083590932475
4,2.0,1.0,1.0,1,11,0.00629960524947437,66,0.30186540955177943,0.014185650407453343,0.25412081137281867,1.6262312563634835,0.058571796071826915,0.002540024974946875,-0.016725675382400218,0.3313573953651937,0.7363163624645267
4,2.0,1.0,1.0,1,12,0.00629960524947437,72,0.319765088897894,0.015934898275851428,0.23115485960677426,1.4907119849998598,0.058571796071826915,0.0021277848817456146,-0.018062683157597043,0.3423081154895372,0.7892287709626676
4,2.0,1.0,1.0,1,13,0.00629960524947437,78,0.3377722433859316,0.01755935567788336,0.21208308634768186,1.376041832307563,0.058571796071826915,0.0018088193246167672,-0.019368175002500126,0.35521249888334167,0.8291712887413305
4,2.0,1.0,1.0,1,14,0.00629960524947437,84,0.3556596970090963,0.019086120786041424,0.19598026939368543,1.2777531299998799,0.058571796071826915,0.0015568412274291343,-0.02064296201347056,0.36932307653160734,0.8597427904621339
4,2.0,1.0,1.0,1,15,0.00629960524947437,90,0.3732891927330184,0.020533579984526304,0.18219469091585264,1.1925695879998879,0.058571796071826915,0.0013542522822610203,-0.021887832266787324,0.3841291618297456,0.8834655059099275
4,2.0,1.0,1.0,1,16,0.00629960524947437,96,0.39057563885043867,0.021914641858816905,0.1702537319261622,1.118033988749895,0.058571796071826915,0.0011888971535116977,-0.023103539012328603,0.3992817244644398,0.9021179147784685
4,2.0,1.0,1.0,1,17,0.00629960524947437,102,0.4074669185446642,0.023238645397775773,0.15980607544525233,1.0522672835293128,0.058571796071826915,0.0010521543521224974,-0.02429079974989827,0.4145419500086183,0.9169667160436832
4,2.0,1.0,1.0,1,18,0.00629960524947437,108,0.42393199458343533,0.02451253125186574,0.15058496944446342,0.9938079899999065,0.058571796071826915,0.0009377676135875479,-0.02545029886545329,0.4297462819135986,0.9289248710713697
4,2.0,1.0,1.0,1,19,0.00629960524947437,114,0.43995364163961015,0.025741585293795513,0.1423841075662148,0.9415023063157008,0.058571796071826915,0.0008411058142681338,-0.026582691108063647,0.4447827879927425,0.9386586899946591
4,2.0,1.0,1.0,1,20,0.00629960524947437,120,0.4555238642319499,0.026929924626597587,0.13504134133598228,0.8944271909999161,0.058571796071826915,0.0007586803103274142,-0.027688604936925,0.4595751921524073,0.946660617789482
4,2.0,1.0,1.0,1,21,0.00629960524947437,126,0.4706409279255369,0.028080823460280666,0.12842740569247185,0.8518354199999197,0.058571796071826915,0.0006878219803418406,-0.028768645440622506,0.47407204654011226,0.9532990856974035
4,2.0,1.0,1.0,1,22,0.00629960524947437,132,0.48530738945921936,0.029196936601883716,0.1224379424112211,0.8131156281817418,0.058571796071826915,0.0006264601833797789,-0.029823396785263495,0.4882393405993224,0.9588529966479057
4,2.0,1.0,1.0,1,23,0.00629960524947437,138,0.49952876223722864,0.030280455840609663,0.11698774605574043,0.7777627747825355,0.058571796071826915,0.0005729683959276033,-0.030853424236537266,0.5020554126632782,0.963535846915137
4,2.0,1.0,1.0,1,24,0.00629960524947437,144,0.513312595717731,0.03133322137134503,0.11200654042244727,0.7453559924999299,0.058571796071826915,0.0005260544527891375,-0.03185927582413417,0.5155074126674806,0.9675127937068478
4,2.0,1.0,1.0,1,25,0.00629960524947437,150,0.5266678302549739,0.03235680249095338,0.10743582954742895,0.7155417527999327,0.058571796071826915,0.00048468122480907483,-0.032841483715762454,0.5285888179888356,0.9709128712725645
4,2.0,1.0,1.0,1,26,0.00629960524947437,156,0.5396043388139039,0.033352556916505724,0.10322651647112313,0.6880209161537815,0.058571796071826915,0.00044800844239320514,-0.03380056535889893,0.5412976709246022,0.9738378336573944
4,2.0,1.0,1.0,1,27,0.00629960524947437,162,0.5521325976749956,0.03432167498663494,0.09933707931736066,0.6625386599999377,0.058571796071826915,0.00041534945120660915,-0.034737024437841546,0.5536353156240845,0.9763686257709034
4,2.0,1.0,1.0,1,28,0.00629960524947437,168,0.56426344757747,0.03526521301380994,0.09573215780533116,0.6388765649999399,0.058571796071826915,0.0003861386701287661,-0.03565135168393871,0.5656054842745009,0.9785701686585296
4,2.0,1.0,1.0,1,29,0.00629960524947437,174,0.5760079191729243,0.036184118743946,0.09238144603631808,0.6168463386206317,0.058571796071826915,0.0003599068248948123,-0.036544025568840816,0.5772136300453131,0.9804949336534171
4,2.0,1.0,1.0,1,30,0.00629960524947437,180,0.587377104797451,0.037079251001846114,0.08925881661140246,0.5962847939999439,0.058571796071826915,0.0003362619022144464,-0.03741551290406056,0.588466436152662,0.9821856374202278
4,2.0,1.0,1.0,1,31,0.00629960524947437,186,0.5983820639903938,0.037951395003785304,0.08634162143110463,0.577049800645107,0.058571796071826915,0.0003148743613546612,-0.038266269365139965,0.5993714518697321,0.9836772925350873
4,2.0,1.0,1.0,1,32,0.00629960524947437,192,0.6090337538565114,0.03880127440633699,0.08361012883262549,0.5590169943749475,0.058571796071826915,0.00029546554832607375,-0.03909673995466306,0.6099368209068888,0.9849987811267052
4,2.0,1.0,1.0,1,33,0.00629960524947437,198,0.6193429778878246,0.03962956087206755,0.08104706693931747,0.5420770854544946,0.058571796071826915,0.00027779854331083653,-0.03990735941537839,0.6201710776100824,0.9861740723479839
4,2.0,1.0,1.0,1,34,0.00629960524947437,204,0.6293203486153051,0.040436881728363655,0.0786372504885102,0.5261336417646564,0.058571796071826915,0.0002616708738700235,-0.04069855260223368,0.6300829933771324,0.9872231715716745
4,2.0,1.0,1.0,1,35,0.00629960524947437,210,0.638976260696914,0.04122382614903543,0.0763672738121792,0.5111012519999518,0.058571796071826915,0.00024690867138663086,-0.04147073482042206,0.6396814605577195,0.9881628658418776
4,2.0,1.0,1.0,1,36,0.00629960524947437,216,0.6483208719303484,0.04199095018216402,0.07422525664521094,0.49690399499995325,0.058571796071826915,0.00023336195277232075,-0.04222431213493634,0.6489754045418268,0.9890073133874341
4,2.0,1.0,1.0,1,37,0.00629960524947437,222,0.6573640903146163,0.042738780869833085,0.07220063242447142,0.48347415729725196,0.058571796071826915,0.00022090078635458865,-0.04295968165618767,0.6579737171937942,0.9897685128889344
4,2.0,1.0,1.0,1,38,0.00629960524947437,228,0.6661155657476455,0.04346781964783617,0.07028397099556236,0.4707511531578504,0.058571796071826915,0.00020941215741401842,-0.04367723180525019,0.6666852065536364,0.9904566793673186
4,2.0,1.0,1.0,1,39,0.00629960524947437,234,0.6745846852877143,0.044178545170594385,0.06846682935873634,0.4586806107691876,0.058571796071826915,0.00019879739109227024,-0.044377342561686656,0.6751185590076779,0.9910805470683256
4,2.0,1.0,1.0,1,40,0.00629960524947437,240,0.6827805711591721,0.044871415674143066,0.06674162540076085,0.44721359549995804,0.058571796071826915,0.00018897002217990733,-0.04506038569632297,0.6832823110671602,0.9916476149028289
4,2.0,1.0,1.0,1,1,0.008161508170561079,6,0.7788454698734852,0.7015895207733358,1.9378367009008897,17.88854381999832,0.058571796071826915,-0.7122154169354392,0.01062589616210341,0.8794123865886785,0.970599643463739
4,2.0,1.0,1.0,1,2,0.008161508170561079,12,0.9140452630667906,0.44200487529077737,1.9794547822139053,8.94427190999916,0.058571796071826915,0.4586856742957439,-0.01668079900496655,0.952105127456564,0.9298192029019493
4,2.0,1.0,1.0,1,3,0.008161508170561079,18,0.6141562455546408,0.03918341458606163,1.367663700412042,5.962847939999439,0.058571796071826915,0.047522766643628284,-0.008339352057566654,0.7620437627775543,0.7014308711714413
4,2.0,1.0,1.0,1,4,0.008161508170561079,24,0.37721690952963205,0.014202608621462331,0.8976523830325339,4.47213595499958,0.058571796071826915,0.022827960904140285,-0.008625352282677953,0.5527755445180943,0.45154570957613777
4,2.0,1.0,1.0,1,5,0.008161508170561079,30,0.3028099641050561,0.0031979654884669306,0.6564718918544042,3.5777087639996643,0.058571796071826915,0.013522856275934941,-0.01032489078746801,0.4449843129390412,0.1340992706759528
4,2.0,1.0,1.0,1,6,0.008161508170561079,36,0.2861193466694042,0.003162238056636152,0.516909481864952,2.9814239699997196,0.058571796071826915,0.009018551022962007,-0.012180789079598159,0.3914943359214379,0.1491668156337687
4,2.0,1.0,1.0,1,7,0.008161508170561079,42,0.2913728592234035,0.00755251234897765,0.42689979050349847,2.5555062599997598,0.058571796071826915,0.006478276947628786,-0.014030789296606436,0.3673308498356063,0.36825237478086276
4,2.0,1.0,1.0,1,8,0.008161508170561079,48,0.3059449314691013,0.010945475961481821,0.3641575836523822,2.23606797749979,0.058571796071826915,0.0048932365924686805,-0.0158387125539505,0.36029472556585285,0.5279520938518374
4,2.0,1.0,1.0,1,9,0.008161508170561079,54,0.324708499167754,0.013762980538151046,0.31789891412496085,1.987615979999813,0.058571796071826915,0.003832787392149567,-0.017595767930300613,0.3637251112390675,0.6422729078582308
4,2.0,1.0,1.0,1,10,0.008161508170561079,60,0.345324615833116,0.016214176550106874,0.28234079069317636,1.7888543819998322,0.058571796071826915,0.003086302512160216,-0.01930047906226709,0.3736118333426117,0.724274567838216
4,2.0,1.0,1.0,1,11,0.008161508170561079,66,0.36662781814900747,0.018413512604393584,0.25412081137281867,1.6262312563634835,0.058571796071826915,0.002540024974946875,-0.02095353757934046,0.38741985415449287,0.7837684285576053
4,2.0,1.0,1.0,1,12,0.008161508170561079,72,0.38799911332576353,0.020428502615486593,0.23115485960677426,1.4907119849998598,0.058571796071826915,0.0021277848817456146,-0.022556287497232208,0.4035225324472955,0.8275985543165283
4,2.0,1.0,1.0,1,13,0.008161508170561079,78,0.40909539190525024,0.022301419051499877,0.21208308634768186,1.376041832307563,0.058571796071826915,0.0018088193246167672,-0.024110238376116644,0.42087441639115253,0.8604255335589932
4,2.0,1.0,1.0,1,14,0.008161508170561079,84,0.4297221274526509,0.02406006166672668,0.19598026939368543,1.2777531299998799,0.058571796071826915,0.0015568412274291343,-0.025616902894155816,0.43880398204454146,0.8854157733683459
4,2.0,1.0,1.0,1,15,0.008161508170561079,90,0.4497690798504237,0.025723492124529165,0.18219469091585264,1.1925695879998879,0.058571796071826915,0.0013542522822610203,-0.027077744406790186,0.45687988249409506,0.9047374479483866
4,2.0,1.0,1.0,1,16,0.008161508170561079,96,0.469175848448079,0.02730526610537369,0.1702537319261622,1.118033988749895,0.058571796071826915,0.0011888971535116977,-0.028494163258885388,0.47482520417036317,0.9198938965865422
4,2.0,1.0,1.0,1,17,0.008161508170561079,102,0.48791248245674235,0.02881534232404534,0.15980607544525233,1.0522672835293128,0.058571796071826915,0.0010521543521224974,-0.029867496676167837,0.4924628779941768,0.931942676121421
4,2.0,1.0,1.0,1,18,0.008161508170561079,108,0.5059681015922044,0.030261255393479722,0.15058496944446342,0.9938079899999065,0.058571796071826915,0.0009377676135875479,-0.03119902300706727,0.5096809492133879,0.9416390003185428
4,2.0,1.0,1.0,1,19,0.008161508170561079,114,0.5233439766946039,0.031648861097787515,0.1423841075662148,0.9415023063157008,0.058571796071826915,0.0008411058142681338,-0.03248996691205565,0.5264103644087901,0.9495302283743268
4,2.0,1.0,1.0,1,20,0.008161508170561079,120,0.5400491933122374,0.03298282399116567,0.13504134133598228,0.8944271909999161,0.058571796071826915,0.0007586803103274142,-0.033741504301493086,0.5426106293633712,0.9560187680811729
4,2.0,1.0,1.0,1,21,0.008161508170561079,126,0.556097863367513,0.034266944685896694,0.12842740569247185,0.8518354199999197,0.058571796071826915,0.0006878219803418406,-0.034954766666238535,0.5582604381590061,0.96140448791966
4,2.0,1.0,1.0,1,22,0.008161508170561079,132,0.5715072929546801,0.035504384577590586,0.1224379424112211,0.8131156281817418,0.058571796071826915,0.0006264601833797789,-0.036130844760970365,0.5733514702412108,0.9659137042648678
4,2.0,1.0,1.0,1,23,0.008161508170561079,138,0.5862967565007545,0.03669782331171498,0.11698774605574043,0.7777627747825355,0.058571796071826915,0.0005729683959276033,-0.03727079170764258,0.5878842298418812,0.9697192670939931
4,2.0,1.0,1.0,1,24,0.008161508170561079,144,0.6004866645705789,0.03784957116026991,0.11200654042244727,0.7453559924999299,0.058571796071826915,0.0005260544527891375,-0.038375625613059045,0.6018652192999726,0.9729546666417135
4,2.0,1.0,1.0,1,25,0.008161508170561079,150,0.6140979925681395,0.03896165056614313,0.10743582954742895,0.7155417527999327,0.058571796071826915,0.00048468122480907483,-0.03944633179095221,0.6153049954462668,0.975724070680713
4,2.0,1.0,1.0,1,26,0.008161508170561079,156,0.6271518855524144,0.04003585622366482,0.10322651647112313,0.6880209161537815,0.058571796071826915,0.00044800844239320514,-0.04048386466605802,0.6282168185623118,0.9781095557876777
4,2.0,1.0,1.0,1,27,0.008161508170561079,162,0.639669383878624,0.04107379997204297,0.09933707931736066,0.6625386599999377,0.058571796071826915,0.00041534945120660915,-0.04148914942324958,0.640615704264579,0.9801763790350542
4,2.0,1.0,1.0,1,28,0.008161508170561079,168,0.6516712329216764,0.04207694478178435,0.09573215780533116,0.6388765649999399,0.058571796071826915,0.0003861386701287661,-0.04246308345191312,0.65251775284318,0.9819768644093946
4,2.0,1.0,1.0,1,29,0.008161508170561079,174,0.6631777520417808,0.04304663080014271,0.09238144603631808,0.6168463386206317,0.058571796071826915,0.0003599068248948123,-0.043406537625037524,0.6639396719480378,0.9835532984496131
4,2.0,1.0,1.0,1,30,0.008161508170561079,180,0.674208745736047,0.043984095541688834,0.08925881661140246,0.5962847939999439,0.058571796071826915,0.0003362619022144464,-0.04432035744390328,0.674898435519222,0.9849401093437817
4,2.0,1.0,1.0,1,31,0.008161508170561079,186,0.6847834450976,0.04489048971125112,0.08634162143110463,0.577049800645107,0.058571796071826915,0.0003148743613546612,-0.04520536407260578,0.6854110397140312,0.9861655223176622
4,2.0,1.0,1.0,1,32,0.008161508170561079,192,0.694920471202604,0.04576688973309508,0.08361012883262549,0.5590169943749475,0.058571796071826915,0.00029546554832607375,-0.046062355281421156,0.6954943285385636,0.9872528284100672
4,2.0,1.0,1.0,1,33,0.008161508170561079,198,0.7046378144444256,0.046614307770713334,0.08104706693931747,0.5420770854544946,0.058571796071826915,0.00027779854331083653,-0.04689210631402417,0.7051648699935444,0.988221365120365
4,2.0,1.0,1.0,1,34,0.008161508170561079,204,0.7139528255009083,0.047433699816541976,0.0786372504885102,0.5261336417646564,0.058571796071826915,0.0002616708738700235,-0.047695370690412,0.7144388690990486,0.9890872803936716
4,2.0,1.0,1.0,1,35,0.008161508170561079,210,0.7228822147931988,0.048225972283717444,0.0763672738121792,0.5111012519999518,0.058571796071826915,0.00024690867138663086,-0.048472880955104075,0.7233321080140948,0.9898641322846609
4,2.0,1.0,1.0,1,36,0.008161508170561079,216,0.7314420581289585,0.04899198742536224,0.07422525664521094,0.49690399499995325,0.058571796071826915,0.00023336195277232075,-0.04922534937813456,0.731859906165657,0.9905633629954086
4,2.0,1.0,1.0,1,37,0.008161508170561079,222,0.7396478068227341,0.04973256782871222,0.07220063242447142,0.48347415729725196,0.058571796071826915,0.00022090078635458865,-0.04995346861506681,0.740037095211822,0.9911946761268781
4,2.0,1.0,1.0,1,38,0.008161508170561079,228,0.7475143010220148,0.05044850017359983,0.07028397099556236,0.4707511531578504,0.058571796071826915,0.00020941215741401842,-0.05065791233101385,0.7478780050289795,0.9917663388228072
4,2.0,1.0,1.0,1,39,0.008161508170561079,234,0.7550557852868498,0.051140538401677614,0.06846682935873634,0.4586806107691876,0.058571796071826915,0.00019879739109227024,-0.051339335792769884,0.7553964578974073,0.9922854252255098
4,2.0,1.0,1.0,1,40,0.008161508170561079,240,0.7622859257069534,0.05180940641030395,0.06674162540076085,0.44721359549995804,0.058571796071826915,0.00018897002217990733,-0.05199837643248386,0.7626057687757701,0.9927580137708641
4,2.0,1.0,1.0,1,1,0.01057371263440564,6,0.7809242629992834,0.6984656168892565,1.9378367009008897,17.88854381999832,0.058571796071826915,-0.7122154169354392,0.013749800046182759,0.8797106977210527,0.9621199481061892
4,2.0,1.0,1.0,1,2,0.01057371263440564,12,0.9145037893964624,0.43715289426291914,1.9794547822139053,8.94427190999916,0.058571796071826915,0.4586856742957439,-0.021532780032824828,0.9512650460814757,0.9103208973385603
4,2.0,1.0,1.0,1,3,0.01057371263440564,18,0.6263359713538269,0.03682430580713132,1.367663700412042,5.962847939999439,0.058571796071826915,0.047522766643628284,-0.010698460836496962,0.7645419916907437,0.6324893411033268
4,2.0,1.0,1.0,1,4,0.01057371263440564,24,0.4051860408650555,0.011790694650365308,0.8976523830325339,4.47213595499958,0.058571796071826915,0.022827960904140285,-0.011037266253774977,0.5630232750066614,0.3481652314152421
4,2.0,1.0,1.0,1,5,0.01057371263440564,30,0.3421173352764362,0.0003723307754335478,0.6564718918544042,3.5777087639996643,0.058571796071826915,0.013522856275934941,-0.013150525500501394,0.4639775779061337,0.013958888998562244
4,2.0,1.0,1.0,1,6,0.01057371263440564,36,0.33414114194225286,0.006423869899261969,0.516909481864952,2.9814239699997196,0.058571796071826915,0.009018551022962007,-0.015442420922223976,0.41981814727409905,0.26261711569176677
4,2.0,1.0,1.0,1,7,0.01057371263440564,42,0.34648935037339945,0.011229713815819373,0.42689979050349847,2.5555062599997598,0.058571796071826915,0.006478276947628786,-0.01770799076344816,0.4050921223646471,0.4643012286958328
4,2.0,1.0,1.0,1,8,0.01057371263440564,48,0.36700916578574083,0.015009354388173288,0.3641575836523822,2.23606797749979,0.058571796071826915,0.0048932365924686805,-0.019902590980641968,0.4069837827163907,0.6053177432339418
4,2.0,1.0,1.0,1,9,0.01057371263440564,54,0.3908221452021937,0.018183516165121066,0.31789891412496085,1.987615979999813,0.058571796071826915,0.003832787392149567,-0.022016303557270633,0.4183694217870794,0.703448960766217
4,2.0,1.0,1.0,1,10,0.01057371263440564,60,0.41574030579569077,0.020962112091331905,0.28234079069317636,1.7888543819998322,0.058571796071826915,0.003086302512160216,-0.02404841460349212,0.4350491441396329,0.7725200156680521
4,2.0,1.0,1.0,1,11,0.01057371263440564,66,0.44070158417205363,0.023460862709212257,0.25412081137281867,1.6262312563634835,0.058571796071826915,0.002540024974946875,-0.026000887684159132,0.4545089869792377,0.8220081463206834
4,2.0,1.0,1.0,1,12,0.01057371263440564,72,0.46516461501377127,0.02574866483788764,0.23115485960677426,1.4907119849998598,0.058571796071826915,0.0021277848817456146,-0.027876449719633253,0.4752447119502746,0.8581676946594845
4,2.0,1.0,1.0,1,13,0.01057371263440564,78,0.4888485023499012,0.027869161190460498,0.21208308634768186,1.376041832307563,0.058571796071826915,0.0018088193246167672,-0.029677980515077265,0.4963581840476732,0.8851061820301936
4,2.0,1.0,1.0,1,14,0.01057371263440564,84,0.5116108611645406,0.02985147077973363,0.19598026939368543,1.2777531299998799,0.058571796071826915,0.0015568412274291343,-0.031408312007162764,0.5173145695412311,0.9055462465865035
4,2.0,1.0,1.0,1,15,0.01057371263440564,90,0.5333864855313303,0.03171591346917868,0.18219469091585264,1.1925695879998879,0.058571796071826915,0.0013542522822610203,-0.0330701657514397,0.5377977576420976,0.9213202511696647
4,2.0,1.0,1.0,1,16,0.01057371263440564,96,0.5541546615809902,0.033477241590625276,0.1702537319261622,1.118033988749895,0.058571796071826915,0.0011888971535116977,-0.03466613874413697,0.5576246024050633,0.9336831145892305
4,2.0,1.0,1.0,1,17,0.01057371263440564,102,0.5739208894670058,0.03514655158454366,0.15980607544525233,1.0522672835293128,0.058571796071826915,0.0010521543521224974,-0.03619870593666616,0.5766937789710102,0.9435097958025328
4,2.0,1.0,1.0,1,18,0.01057371263440564,108,0.5927062478814082,0.036732460298603636,0.15058496944446342,0.9938079899999065,0.058571796071826915,0.0009377676135875479,-0.037670227912191184,0.5949549152433271,0.9514210670190636
4,2.0,1.0,1.0,1,19,0.01057371263440564,114,0.6105409997004376,0.03824185369992626,0.1423841075662148,0.9415023063157008,0.058571796071826915,0.0008411058142681338,-0.039082959514194396,0.6123896693478682,0.9578647210724558
4,2.0,1.0,1.0,1,20,0.01057371263440564,120,0.6274606444095603,0.03968037766133793,0.13504134133598228,0.8944271909999161,0.058571796071826915,0.0007586803103274142,-0.040439057971665346,0.6289999330162699,0.9631688368359276
4,2.0,1.0,1.0,1,21,0.01057371263440564,126,0.643503430239807,0.04105276813092042,0.12842740569247185,0.8518354199999197,0.058571796071826915,0.0006878219803418406,-0.04174059011126226,0.644800354021323,0.9675772933072859
4,2.0,1.0,1.0,1,22,0.01057371263440564,132,0.6587087627614646,0.042363078449422824,0.1224379424112211,0.8131156281817418,0.058571796071826915,0.0006264601833797789,-0.0429895386328026,0.6598135225713864,0.9712738352722373
4,2.0,1.0,1.0,1,23,0.01057371263440564,138,0.6731161779828727,0.04361483915615179,0.11698774605574043,0.7777627747825355,0.058571796071826915,0.0005729683959276033,-0.04418780755207939,0.6740668302896012,0.9743986388174705
4,2.0,1.0,1.0,1,24,0.01057371263440564,144,0.6867646786517846,0.04481117249041546,0.11200654042244727,0.7453559924999299,0.058571796071826915,0.0005260544527891375,-0.0453372269432046,0.6875903976815412,0.9770598859576982
4,2.0,1.0,1.0,1,25,0.01057371263440564,150,0.6996923085489039,0.0459548758798242,0.10743582954742895,0.7155417527999327,0.058571796071826915,0.00048468122480907483,-0.046439557104633274,0.70041569546222,0.9793419673045619
4,2.0,1.0,1.0,1,26,0.01057371263440564,156,0.7119358851128884,0.047048483811935854,0.10322651647112313,0.6880209161537815,0.058571796071826915,0.00044800844239320514,-0.04749649225432906,0.7125746233577812,0.9813113731133785
4,2.0,1.0,1.0,1,27,0.01057371263440564,162,0.7235308386845472,0.04809431438852781,0.09933707931736066,0.6625386599999377,0.058571796071826915,0.00041534945120660915,-0.04850966383973442,0.7240988947142517,0.9830209774809191
4,2.0,1.0,1.0,1,28,0.01057371263440564,168,0.7345111241934427,0.04909450486062897,0.09573215780533116,0.6388765649999399,0.058571796071826915,0.0003861386701287661,-0.049480643530757734,0.7350196280439403,0.9845131908221701
4,2.0,1.0,1.0,1,29,0.01057371263440564,174,0.7449091823371123,0.0500510391247828,0.09238144603631808,0.6168463386206317,0.058571796071826915,0.0003599068248948123,-0.05041094594967761,0.7453670800890094,0.9858223053099843
4,2.0,1.0,1.0,1,30,0.01057371263440564,180,0.7547559346245392,0.050965769278181285,0.08925881661140246,0.5962847939999439,0.058571796071826915,0.0003362619022144464,-0.05130203118039573,0.755170476507933,0.9869762580387195
4,2.0,1.0,1.0,1,31,0.01057371263440564,186,0.764080801510481,0.05184043272929623,0.08634162143110463,0.577049800645107,0.058571796071826915,0.0003148743613546612,-0.052155307090650894,0.7644579103525958,0.9879979694126777
4,2.0,1.0,1.0,1,32,0.01057371263440564,192,0.7729117361161166,0.0526766659455095,0.08361012883262549,0.5590169943749475,0.058571796071826915,0.00029546554832607375,-0.052972131493835575,0.7732562878205811,0.988906368421605
4,2.0,1.0,1.0,1,33,0.01057371263440564,198,0.7812752682632176,0.053476015628452694,0.08104706693931747,0.5420770854544946,0.058571796071826915,0.00027779854331083653,-0.05375381417176353,0.7815913070227898,0.9897171848348946
4,2.0,1.0,1.0,1,34,0.01057371263440564,204,0.7891965550919452,0.054239947901656926,0.0786372504885102,0.5261336417646564,0.058571796071826915,0.0002616708738700235,-0.05450161877552695,0.7894874597595758,0.9904435662815262
4,2.0,1.0,1.0,1,35,0.01057371263440564,210,0.7966994356112997,0.05496985594710982,0.0763672738121792,0.5111012519999518,0.058571796071826915,0.00024690867138663086,-0.05521676461849645,0.7969680492241873,0.9910965626060808
4,2.0,1.0,1.0,1,36,0.01057371263440564,216,0.8038064872935922,0.05566706642006128,0.07422525664521094,0.49690399499995325,0.058571796071826915,0.00023336195277232075,-0.0559004283728336,0.8040552185866767,0.9916855088024986
4,2.0,1.0,1.0,1,37,0.01057371263440564,222,0.8105390833677757,0.05633284489271649,0.07220063242447142,0.48347415729725196,0.058571796071826915,0.00022090078635458865,-0.05655374567907108,0.8107699868406214,0.9922183298318163
4,2.0,1.0,1.0,1,38,0.01057371263440564,228,0.8169174498571501,0.05696840051927262,0.07028397099556236,0.4707511531578504,0.058571796071826915,0.00020941215741401842,-0.05717781267668664,0.8171322893083008,0.9927017848303554
4,2.0,1.0,1.0,1,39,0.01057371263440564,234,0.8229607216896571,0.05757489007126075,0.06846682935873634,0.4586806107691876,0.058571796071826915,0.00019879739109227024,-0.05777368746235302,0.8231610209246768,0.993141663960245
4,2.0,1.0,1.0,1,40,0.01057371263440564,240,0.8286869974148233,0.058153421459448254,0.06674162540076085,0.44721359549995804,0.058571796071826915,0.00018897002217990733,-0.05834239148162816,0.8288740809427513,0.9935429480085608
4,2.0,1.0,1.0,1,1,0.013698865030640954,6,0.7835832190871739,0.6944297274996668,1.9378367009008897,17.88854381999832,0.058571796071826915,-0.7122154169354392,0.01778568943577241,0.8801022032189437,0.9512721575884071
4,2.0,1.0,1.0,1,2,0.013698865030640954,12,0.9150872798978991,0.43091942035387776,1.9794547822139053,8.94427190999916,0.058571796071826915,0.4586856742957439,-0.02776625394186616,0.9502273277898612,0.8858417355134686
4,2.0,1.0,1.0,1,3,0.013698865030640954,18,0.6414632743897672,0.03383743329782109,1.367663700412042,5.962847939999439,0.058571796071826915,0.047522766643628284,-0.013685333345807196,0.7679563803054388,0.552826068831763
4,2.0,1.0,1.0,1,4,0.013698865030640954,24,0.43940003763994007,0.008755749985397104,0.8976523830325339,4.47213595499958,0.058571796071826915,0.022827960904140285,-0.01407221091874318,0.576723574602169,0.23728209254481758
4,2.0,1.0,1.0,1,5,0.013698865030640954,30,0.38948287423778616,0.0031434366048471024,0.6564718918544042,3.5777087639996643,0.058571796071826915,0.013522856275934941,-0.016666292880782044,0.48922558951489004,0.10412471674935225
4,2.0,1.0,1.0,1,6,0.013698865030640954,36,0.39114838218692194,0.010436194949559219,0.516909481864952,2.9814239699997196,0.058571796071826915,0.009018551022962007,-0.019454745972521226,0.4569176229027898,0.3665256942746999
4,2.0,1.0,1.0,1,7,0.013698865030640954,42,0.4109528425864827,0.01570284817496924,0.42689979050349847,2.5555062599997598,0.058571796071826915,0.006478276947628786,-0.022181125122598025,0.4533365178210448,0.5479126234556841
4,2.0,1.0,1.0,1,8,0.013698865030640954,48,0.4373794780474112,0.0198984149368667,0.3641575836523822,2.23606797749979,0.058571796071826915,0.0048932365924686805,-0.02479165152933538,0.46485920452978896,0.6703213721142837
4,2.0,1.0,1.0,1,9,0.013698865030640954,54,0.4658963286729455,0.023443452081204352,0.31789891412496085,1.987615979999813,0.058571796071826915,0.003832787392149567,-0.02727623947335392,0.4840662978097134,0.7535900168963684
4,2.0,1.0,1.0,1,10,0.013698865030640954,60,0.4945339504825127,0.026549929841842845,0.28234079069317636,1.7888543819998322,0.058571796071826915,0.003086302512160216,-0.02963623235400306,0.5068538878571321,0.8113653159950267
4,2.0,1.0,1.0,1,11,0.013698865030640954,66,0.5223848554347711,0.029336157443112257,0.25412081137281867,1.6262312563634835,0.058571796071826915,0.002540024974946875,-0.03187618241805913,0.530961872913019,0.852393673367795
4,2.0,1.0,1.0,1,12,0.013698865030640954,72,0.5490262486831965,0.03187367068968244,0.23115485960677426,1.4907119849998598,0.058571796071826915,0.0021277848817456146,-0.03400145557142806,0.5551532662329377,0.8822125870869945
4,2.0,1.0,1.0,1,13,0.013698865030640954,78,0.574273245515322,0.03420865765271677,0.21208308634768186,1.376041832307563,0.058571796071826915,0.0018088193246167672,-0.03601747697733354,0.5787578126025009,0.9043618063911002
4,2.0,1.0,1.0,1,14,0.013698865030640954,84,0.5980639882238571,0.03637264869266309,0.19598026939368543,1.2777531299998799,0.058571796071826915,0.0015568412274291343,-0.03792948992009222,0.6014215644780412,0.9211453086581907
4,2.0,1.0,1.0,1,15,0.013698865030640954,90,0.6204023605109044,0.03838823432666659,0.18219469091585264,1.1925695879998879,0.058571796071826915,0.0013542522822610203,-0.03974248660892761,0.6229694567572803,0.934094416306527
4,2.0,1.0,1.0,1,16,0.013698865030640954,96,0.6413277996545278,0.04027230119583851,0.1702537319261622,1.118033988749895,0.058571796071826915,0.0011888971535116977,-0.041461198349350206,0.6433289587772381,0.9442487929044886
4,2.0,1.0,1.0,1,17,0.013698865030640954,102,0.660898674663659,0.04203795133557468,0.15980607544525233,1.0522672835293128,0.058571796071826915,0.0010521543521224974,-0.04309010568769718,0.6624868469097742,0.9523289314514765
4,2.0,1.0,1.0,1,18,0.013698865030640954,108,0.6791828193899703,0.04369568668235908,0.15058496944446342,0.9938079899999065,0.058571796071826915,0.0009377676135875479,-0.04463345429594663,0.6804642057100805,0.9588438679371311
4,2.0,1.0,1.0,1,19,0.013698865030640954,114,0.6962520085357209,0.04525416566225913,0.1423841075662148,0.9415023063157008,0.058571796071826915,0.0008411058142681338,-0.04609527147652726,0.697301671031407,0.964159747180442
4,2.0,1.0,1.0,1,20,0.013698865030640954,120,0.7121786881264836,0.04672070126094004,0.13504134133598228,0.8944271909999161,0.058571796071826915,0.0007586803103274142,-0.04747938157126745,0.7130505608676476,0.968544328659403
4,2.0,1.0,1.0,1,21,0.013698865030640954,126,0.7270340353384359,0.04810159785631986,0.12842740569247185,0.8518354199999197,0.058571796071826915,0.0006878219803418406,-0.0487894198366617,0.7277674693248557,0.9721964299107125
4,2.0,1.0,1.0,1,22,0.013698865030640954,132,0.7408868222185163,0.04940238462653515,0.1224379424112211,0.8131156281817418,0.058571796071826915,0.0006264601833797789,-0.05002884480991493,0.7415109423536227,0.9752657620573915
4,2.0,1.0,1.0,1,23,0.013698865030640954,138,0.7538027753340609,0.05062798094023034,0.11698774605574043,0.7777627747825355,0.058571796071826915,0.0005729683959276033,-0.051200949336157944,0.7543394299171244,0.9778665234919041
4,2.0,1.0,1.0,1,24,0.013698865030640954,144,0.7658442458709045,0.05178281600040084,0.11200654042244727,0.7453559924999299,0.058571796071826915,0.0005260544527891375,-0.05230887045318998,0.7663100345520476,0.9800868666426511
4,2.0,1.0,1.0,1,25,0.013698865030640954,150,0.7770700757974308,0.05287091708888808,0.10743582954742895,0.7155417527999327,0.058571796071826915,0.00048468122480907483,-0.053355598313697156,0.777477764127283,0.9819955903288937
4,2.0,1.0,1.0,1,26,0.013698865030640954,156,0.7875355881123403,0.05389597585465792,0.10322651647112313,0.6880209161537815,0.058571796071826915,0.00044800844239320514,-0.054343984297051125,0.7878951074711535,0.9836469374449056
4,2.0,1.0,1.0,1,27,0.013698865030640954,162,0.7972926550961835,0.054861398983610865,0.09933707931736066,0.6625386599999377,0.058571796071826915,0.00041534945120660915,-0.055276748434817474,0.7976118183386454,0.9850840795382987
4,2.0,1.0,1.0,1,28,0.013698865030640954,168,0.8063898146539474,0.05577034757981598,0.09573215780533116,0.6388765649999399,0.058571796071826915,0.0003861386701287661,-0.056156486249944744,0.8066748342315228,0.9863416786654459
4,2.0,1.0,1.0,1,29,0.013698865030640954,174,0.8148724151219504,0.05662576826499199,0.09238144603631808,0.6168463386206317,0.058571796071826915,0.0003599068248948123,-0.0569856750898868,0.815128282261463,0.987447792388622
4,2.0,1.0,1.0,1,30,0.013698865030640954,180,0.8227827755684116,0.05743041811598012,0.08925881661140246,0.5962847939999439,0.058571796071826915,0.0003362619022144464,-0.057766680018194565,0.823013540583316,0.9884253054630154
4,2.0,1.0,1.0,1,31,0.013698865030640954,186,0.8301603529888436,0.05818688495560284,0.08634162143110463,0.577049800645107,0.058571796071826915,0.0003148743613546612,-0.0585017593169575,0.8303693344818084,0.9892930165613757
4,2.0,1.0,1.0,1,32,0.013698865030640954,192,0.8370419107060941,0.058897604094533984,0.08361012883262549,0.5590169943749475,0.058571796071826915,0.00029546554832607375,-0.05919306964286006,0.8372318531126977,0.9900664708795905
4,2.0,1.0,1.0,1,33,0.013698865030640954,198,0.8434616842413263,0.05956487232887985,0.08104706693931747,0.5420770854544946,0.058571796071826915,0.00027779854331083653,-0.05984267087219069,0.8436348774905511,0.9907586036499173
4,2.0,1.0,1.0,1,34,0.013698865030640954,204,0.8494515422497497,0.06019085979040327,0.0786372504885102,0.5261336417646564,0.058571796071826915,0.0002616708738700235,-0.060452530664273293,0.8496099133971935,0.9913802416159379
4,2.0,1.0,1.0,1,35,0.013698865030640954,210,0.8550411410216492,0.06077762009692073,0.0763672738121792,0.5111012519999518,0.058571796071826915,0.00024690867138663086,-0.061024528768307364,0.8551863249741006,0.9919404968545206
4,2.0,1.0,1.0,1,36,0.013698865030640954,216,0.8602580716711612,0.061327099142011614,0.07422525664521094,0.49690399499995325,0.058571796071826915,0.00023336195277232075,-0.061560461094783935,0.8603914661899461,0.9924470783239054
4,2.0,1.0,1.0,1,37,0.013698865030640954,222,0.8651279995621959,0.06184114278353363,0.07220063242447142,0.48347415729725196,0.058571796071826915,0.00022090078635458865,-0.06206204356988822,0.8652508083571606,0.9929065400283232
4,2.0,1.0,1.0,1,38,0.013698865030640954,228,0.8696747958133156,0.06232150363145566,0.07028397099556236,0.4707511531578504,0.058571796071826915,0.00020941215741401842,-0.06253091578886968,0.8697880625507028,0.993324479986993
4,2.0,1.0,1.0,1,39,0.013698865030640954,234,0.8739206609222149,0.06276984709134759,0.06846682935873634,0.4586806107691876,0.058571796071826915,0.00019879739109227024,-0.06296864448243986,0.874025296253047,0.9937057007472209
4,2.0,1.0,1.0,1,40,0.013698865030640954,240,0.8778862406837473,0.06318775678655206,0.06674162540076085,0.44721359549995804,0.058571796071826915,0.00018897002217990733,-0.06337672680873196,0.8779830438756506,0.9940543396328188
4,2.0,1.0,1.0,1,1,0.017747683298777857,6,0.7869712654208989,0.6892199818279957,1.9378367009008897,17.88854381999832,0.058571796071826915,-0.7122154169354392,0.022995435107443507,0.8806175529047042,0.9374453327408114
4,2.0,1.0,1.0,1,2,0.017747683298777857,12,0.9158257081045658,0.4229312276761834,1.9794547822139053,8.94427190999916,0.058571796071826915,0.4586856742957439,-0.03575444661956051,0.948964099804555,0.8553740074597017
4,2.0,1.0,1.0,1,3,0.017747683298777857,18,0.6600165376945066,0.030081887576864266,1.367663700412042,5.962847939999439,0.058571796071826915,0.047522766643628284,-0.017440879066764017,0.7726430896441083,0.46305725683822013
4,2.0,1.0,1.0,1,4,0.017747683298777857,24,0.48054462202939896,0.004970711800837607,0.8976523830325339,4.47213595499958,0.058571796071826915,0.022827960904140285,-0.017857249103302678,0.5949827072527186,0.1221749082757165
4,2.0,1.0,1.0,1,5,0.017747683298777857,30,0.4453442560408378,0.007464231626304885,0.6564718918544042,3.5777087639996643,0.058571796071826915,0.013522856275934941,-0.020987087902239826,0.522323243812141,0.21629219646856201
4,2.0,1.0,1.0,1,6,0.017747683298777857,36,0.4570931395480433,0.015294332003091278,0.516909481864952,2.9814239699997196,0.058571796071826915,0.009018551022962007,-0.024312883026053285,0.5041676313214312,0.4588561050388745
4,2.0,1.0,1.0,1,7,0.017747683298777857,42,0.4841043719694178,0.021039812692066562,0.42689979050349847,2.5555062599997598,0.058571796071826915,0.006478276947628786,-0.027518089639695348,0.5125334232848847,0.6188841574590931
4,2.0,1.0,1.0,1,8,0.017747683298777857,48,0.5157236446258284,0.025647114403032842,0.3641575836523822,2.23606797749979,0.058571796071826915,0.0048932365924686805,-0.030540350995501522,0.5332163268042915,0.7238080067212869
4,2.0,1.0,1.0,1,9,0.017747683298777857,54,0.5479050479338405,0.029538883938516003,0.31789891412496085,1.987615979999813,0.058571796071826915,0.003832787392149567,-0.03337167133066557,0.559002322762628,0.7939608571808539
4,2.0,1.0,1.0,1,10,0.017747683298777857,60,0.5789948954086123,0.032931637092787694,0.28234079069317636,1.7888543819998322,0.058571796071826915,0.003086302512160216,-0.03601793960494791,0.5862751449136272,0.8421499896140446
4,2.0,1.0,1.0,1,11,0.017747683298777857,66,0.6083130731864564,0.03594865080658602,0.25412081137281867,1.6262312563634835,0.058571796071826915,0.002540024974946875,-0.038488675781532894,0.6132488051531564,0.8761830168582307
4,2.0,1.0,1.0,1,12,0.017747683298777857,72,0.6356120194473298,0.03866629156319262,0.23115485960677426,1.4907119849998598,0.058571796071826915,0.0021277848817456146,-0.04079407644493824,0.6390632013544506,0.9008530936927097
4,2.0,1.0,1.0,1,13,0.017747683298777857,78,0.6608477994417398,0.04113528743168652,0.21208308634768186,1.376041832307563,0.058571796071826915,0.0018088193246167672,-0.04294410675630329,0.6633308420677078,0.9191641984997294
4,2.0,1.0,1.0,1,14,0.017747683298777857,84,0.6840749708861829,0.04339138675196968,0.19598026939368543,1.2777531299998799,0.058571796071826915,0.0015568412274291343,-0.04494822797939881,0.6859089512805097,0.9330463859539615
4,2.0,1.0,1.0,1,15,0.017747683298777857,90,0.7053951458781367,0.04546108306533071,0.18219469091585264,1.1925695879998879,0.058571796071826915,0.0013542522822610203,-0.04681533534759173,0.70678266784214,0.9437714811815523
4,2.0,1.0,1.0,1,16,0.017747683298777857,96,0.7249306175783081,0.04736486967990253,0.1702537319261622,1.118033988749895,0.058571796071826915,0.0011888971535116977,-0.048553766833414225,0.7260036402702792,0.9521980908049403
4,2.0,1.0,1.0,1,17,0.017747683298777857,102,0.7428104111339806,0.04911918008091858,0.15980607544525233,1.0522672835293128,0.058571796071826915,0.0010521543521224974,-0.05017133443304108,0.7436569230573714,0.9589190671281553
4,2.0,1.0,1.0,1,18,0.017747683298777857,108,0.759162801691353,0.05073759310892734,0.15058496944446342,0.9938079899999065,0.058571796071826915,0.0009377676135875479,-0.051675360722514885,0.7598427580687335,0.964352333980336
4,2.0,1.0,1.0,1,19,0.017747683298777857,114,0.7741113328507951,0.05223160882858413,0.1423841075662148,0.9415023063157008,0.058571796071826915,0.0008411058142681338,-0.053072714642852264,0.7746664170080948,0.9687981372072456
4,2.0,1.0,1.0,1,20,0.017747683298777857,120,0.7877727874919134,0.05361116430204676,0.13504134133598228,0.8944271909999161,0.058571796071826915,0.0007586803103274142,-0.05436984461237417,0.7882325288084473,0.9724759437553899
4,2.0,1.0,1.0,1,21,0.017747683298777857,126,0.8002562705342267,0.05488498661249024,0.12842740569247185,0.8518354199999197,0.058571796071826915,0.0006878219803418406,-0.05557280859283208,0.8006419610810145,0.975548728361754
4,2.0,1.0,1.0,1,22,0.017747683298777857,132,0.8116629319336595,0.0560608410872448,0.1224379424112211,0.8131156281817418,0.058571796071826915,0.0006264601833797789,-0.05668730127062458,0.8119901832198139,0.9781392751937062
4,2.0,1.0,1.0,1,23,0.017747683298777857,138,0.8220860577865021,0.057145710273018686,0.11698774605574043,0.7777627747825355,0.058571796071826915,0.0005729683959276033,-0.05771867866894629,0.8223664999755468,0.9803413207628209
4,2.0,1.0,1.0,1,24,0.017747683298777857,144,0.8316113690584401,0.05814592606769198,0.11200654042244727,0.7453559924999299,0.058571796071826915,0.0005260544527891375,-0.058671980520481115,0.8318537991016668,0.9822273001789108
4,2.0,1.0,1.0,1,25,0.017747683298777857,150,0.8403174317360718,0.059067269471761503,0.10743582954742895,0.7155417527999327,0.058571796071826915,0.00048468122480907483,-0.05955195069657058,0.8405286011266351,0.9838538169348412
4,2.0,1.0,1.0,1,26,0.017747683298777857,156,0.8482761201374633,0.05991504750200844,0.10322651647112313,0.6880209161537815,0.058571796071826915,0.00044800844239320514,-0.060363055944401646,0.8484612831731271,0.985265561558219
4,2.0,1.0,1.0,1,27,0.017747683298777857,162,0.8555530979893239,0.06069415369023544,0.09933707931736066,0.6625386599999377,0.058571796071826915,0.00041534945120660915,-0.06110950314144205,0.8557163984951133,0.986498156965719
4,2.0,1.0,1.0,1,28,0.017747683298777857,168,0.8622082959100412,0.06140911657021266,0.09573215780533116,0.6388765649999399,0.058571796071826915,0.0003861386701287661,-0.06179525524034143,0.8623530434859202,0.9875802504303864
4,2.0,1.0,1.0,1,29,0.017747683298777857,174,0.8682963726669443,0.06206413922324079,0.09238144603631808,0.6168463386206317,0.058571796071826915,0.0003599068248948123,-0.062424046048135604,0.868425242405961,0.9885350696021749
4,2.0,1.0,1.0,1,30,0.017747683298777857,180,0.873867153061149,0.06266313205776736,0.08925881661140246,0.5962847939999439,0.058571796071826915,0.0003362619022144464,-0.0629993939599818,0.8739823316116364,0.989381592480985
4,2.0,1.0,1.0,1,31,0.017747683298777857,186,0.8789660387589366,0.06320974038765151,0.08634162143110463,0.577049800645107,0.058571796071826915,0.0003148743613546612,-0.06352461474900617,0.8790693323396552,0.9901354360524305
4,2.0,1.0,1.0,1,32,0.017747683298777857,192,0.8836343905785305,0.0637073679505237,0.08361012883262549,0.5590169943749475,0.058571796071826915,0.00029546554832607375,-0.06400283349884978,0.8837273057244217,0.9908095376485997
4,2.0,1.0,1.0,1,33,0.017747683298777857,198,0.8879098821152261,0.06415919721030253,0.08104706693931747,0.5420770854544946,0.058571796071826915,0.00027779854331083653,-0.06443699575361336,0.8879936866779838,0.9914146820266092
4,2.0,1.0,1.0,1,34,0.017747683298777857,204,0.8918268254350298,0.06456820707626477,0.0786372504885102,0.5261336417646564,0.058571796071826915,0.0002616708738700235,-0.0648298779501348,0.8919025951459691,0.9919599125048466
4,2.0,1.0,1.0,1,35,0.017747683298777857,210,0.8954164700715924,0.06493718851844849,0.0763672738121792,0.5111012519999518,0.058571796071826915,0.00024690867138663086,-0.06518409718983512,0.8954851244474403,0.9924528541740495
4,2.0,1.0,1.0,1,36,0.017747683298777857,216,0.8987072768423947,0.06526875844787991,0.07422525664521094,0.49690399499995325,0.058571796071826915,0.00023336195277232075,-0.06550212040065223,0.8987696071518816,0.9928999698665735
4,2.0,1.0,1.0,1,37,0.017747683298777857,222,0.9017251681355076,0.06556537214798881,0.07220063242447142,0.48347415729725196,0.058571796071826915,0.00022090078635458865,-0.0657862729343434,0.9017818593980671,0.9933067642832488
4,2.0,1.0,1.0,1,38,0.017747683298777857,228,0.9044937563592081,0.0658293344823769,0.07028397099556236,0.4707511531578504,0.058571796071826915,0.00020941215741401842,-0.06603874663979092,0.9045454048175918,0.9936779478489339
4,2.0,1.0,1.0,1,39,0.017747683298777857,234,0.9070345522272133,0.06606281005797143,0.06846682935873634,0.4586806107691876,0.058571796071826915,0.00019879739109227024,-0.0662616074490637,0.9070816793572767,0.9940175690602427
4,2.0,1.0,1.0,1,40,0.017747683298777857,240,0.9093671544951516,0.06626783248748727,0.06674162540076085,0.44721359549995804,0.058571796071826915,0.00018897002217990733,-0.06645680250966718,0.9094102183430266,0.9943291220132647
4,2.0,1.0,1.0,1,1,0.02299316489133851,6,0.7912668416085462,0.6825023178166783,1.9378367009008897,17.88854381999832,0.058571796071826915,-0.7122154169354392,0.029713099118760966,0.8812982165156769,0.9199030675440696
4,2.0,1.0,1.0,1,2,0.02299316489133851,12,0.9167534301439046,0.41272792174893635,1.9794547822139053,8.94427190999916,0.058571796071826915,0.4586856742957439,-0.04595775254680756,0.94745590885484,0.8178604927667219
4,2.0,1.0,1.0,1,3,0.02299316489133851,18,0.6824020430757678,0.025402548569786743,1.367663700412042,5.962847939999439,0.058571796071826915,0.047522766643628284,-0.02212021807384154,0.7790825388098426,0.3647538753952134
4,2.0,1.0,1.0,1,4,0.02299316489133851,24,0.5289376431086152,0.000305326123134525,0.8976523830325339,4.47213595499958,0.058571796071826915,0.022827960904140285,-0.02252263478100576,0.6190768455698421,0.00673257139232088
4,2.0,1.0,1.0,1,5,0.02299316489133851,30,0.5094117399487356,0.01268860576366708,0.6564718918544042,3.5777087639996643,0.058571796071826915,0.013522856275934941,-0.02621146203960202,0.5645967317114977,0.3193361885034672
4,2.0,1.0,1.0,1,6,0.02299316489133851,36,0.530859410777355,0.02105451340068948,0.516909481864952,2.9814239699997196,0.058571796071826915,0.009018551022962007,-0.030073064423651485,0.5618507634665562,0.5385940990196002
4,2.0,1.0,1.0,1,7,0.02299316489133851,42,0.563930527368985,0.027245906317616655,0.42689979050349847,2.5555062599997598,0.058571796071826915,0.006478276947628786,-0.03372418326524544,0.5814066870784582,0.6777173877754766
4,2.0,1.0,1.0,1,8,0.02299316489133851,48,0.5991403335950247,0.03220369944181471,0.3641575836523822,2.23606797749979,0.058571796071826915,0.0048932365924686805,-0.03709693603428339,0.6093345213273598,0.7669341997726781
4,2.0,1.0,1.0,1,9,0.02299316489133851,54,0.6331182350790995,0.036357145617127246,0.31789891412496085,1.987615979999813,0.058571796071826915,0.003832787392149567,-0.04018993300927681,0.6393201311033124,0.8258723060637851
4,2.0,1.0,1.0,1,10,0.02299316489133851,60,0.6646548493540141,0.03993172375921316,0.28234079069317636,1.7888543819998322,0.058571796071826915,0.003086302512160216,-0.043018026271373376,0.6685904419750657,0.8661165841215974
4,2.0,1.0,1.0,1,11,0.02299316489133851,66,0.6933891349114053,0.04305967704127798,0.25412081137281867,1.6262312563634835,0.058571796071826915,0.002540024974946875,-0.045599702016224854,0.695987574355541,0.8944728134659888
4,2.0,1.0,1.0,1,12,0.02299316489133851,72,0.7193153824035944,0.04582573972532163,0.23115485960677426,1.4907119849998598,0.058571796071826915,0.0021277848817456146,-0.04795352460706725,0.7210946594860943,0.915026787299924
4,2.0,1.0,1.0,1,13,0.02299316489133851,78,0.7425789313350345,0.048288280613662186,0.21208308634768186,1.376041832307563,0.058571796071826915,0.0018088193246167672,-0.050097099938278954,0.7438384148754442,0.9303039287116612
4,2.0,1.0,1.0,1,14,0.02299316489133851,84,0.7633852041762453,0.05048997042979603,0.19598026939368543,1.2777531299998799,0.058571796071826915,0.0015568412274291343,-0.05204681165722516,0.7643039411842012,0.9419128681107168
4,2.0,1.0,1.0,1,15,0.02299316489133851,90,0.7819572555127602,0.05246355476390736,0.18219469091585264,1.1925695879998879,0.058571796071826915,0.0013542522822610203,-0.05381780704616838,0.7826457826625879,0.9509080393682825
4,2.0,1.0,1.0,1,16,0.02299316489133851,96,0.7985155717372393,0.0542351653601459,0.1702537319261622,1.118033988749895,0.058571796071826915,0.0011888971535116977,-0.0554240625136576,0.7990441549948881,0.9579991167922932
4,2.0,1.0,1.0,1,17,0.02299316489133851,102,0.8132686284368608,0.05582631617659718,0.15980607544525233,1.0522672835293128,0.058571796071826915,0.0010521543521224974,-0.05687847052871968,0.8136831595018048,0.9636753667240193
4,2.0,1.0,1.0,1,18,0.02299316489133851,108,0.826408848284463,0.05725516020635189,0.15058496944446342,0.9938079899999065,0.058571796071826915,0.0009377676135875479,-0.05819292781993944,0.8267400650692682,0.968281529357565
4,2.0,1.0,1.0,1,19,0.02299316489133851,114,0.83811132964607,0.05853731236369487,0.1423841075662148,0.9415023063157008,0.058571796071826915,0.0008411058142681338,-0.059378418177963,0.8383803133907934,0.9720653449742763
4,2.0,1.0,1.0,1,20,0.02299316489133851,120,0.8485340002025701,0.05968640780204225,0.13504134133598228,0.8944271909999161,0.058571796071826915,0.0007586803103274142,-0.06044508811236966,0.8487555360682253,0.9752080523837137
4,2.0,1.0,1.0,1,21,0.02299316489133851,126,0.8578184846310977,0.060714493389787905,0.12842740569247185,0.8518354199999197,0.058571796071826915,0.0006878219803418406,-0.061402315370129745,0.8580031639451364,0.9778444046126235
4,2.0,1.0,1.0,1,22,0.02299316489133851,132,0.8660913023416568,0.061632310711593655,0.1224379424112211,0.8131156281817418,0.058571796071826915,0.0006264601833797789,-0.062258770894973434,0.866246865840115,0.980076079148084
4,2.0,1.0,1.0,1,23,0.02299316489133851,138,0.8734651855538687,0.06244950653975388,0.11698774605574043,0.7777627747825355,0.058571796071826915,0.0005729683959276033,-0.06302247493568149,0.8735973987183919,0.9819808349180005
4,2.0,1.0,1.0,1,24,0.02299316489133851,144,0.8800404035357129,0.06317479352962102,0.11200654042244727,0.7453559924999299,0.058571796071826915,0.0005260544527891375,-0.06370084798241016,0.880153637642899,0.9836188751802286
4,2.0,1.0,1.0,1,25,0.02299316489133851,150,0.8859060323304763,0.06381607590843405,0.10743582954742895,0.7155417527999327,0.058571796071826915,0.00048468122480907483,-0.06430075713324312,0.8860036569523106,0.9850373405785922
4,2.0,1.0,1.0,1,26,0.02299316489133851,156,0.8911411397017834,0.06438054996769682,0.10322651647112313,0.6880209161537815,0.058571796071826915,0.00044800844239320514,-0.06482855841009003,0.8912257923054722,0.9862735292618667
4,2.0,1.0,1.0,1,27,0.02299316489133851,162,0.8958158724162,0.06487478601631735,0.09933707931736066,0.6625386599999377,0.058571796071826915,0.00041534945120660915,-0.06529013546752396,0.8958896465498949,0.9873572365618991
4,2.0,1.0,1.0,1,28,0.02299316489133851,168,0.8999924428902463,0.06530479640390385,0.09573215780533116,0.6388765649999399,0.058571796071826915,0.0003861386701287661,-0.06569093507403262,0.9000570216059501,0.9883124766806767
4,2.0,1.0,1.0,1,29,0.02299316489133851,174,0.9037260177660564,0.0656760928671006,0.09238144603631808,0.6168463386206317,0.058571796071826915,0.0003599068248948123,-0.06603599969199542,0.90378276966447,0.9891587646354898
4,2.0,1.0,1.0,1,30,0.02299316489133851,180,0.907065513937661,0.06599373553662291,0.08925881661140246,0.5962847939999439,0.058571796071826915,0.0003362619022144464,-0.06632999743883736,0.9071155633389117,0.9899120812975513
4,2.0,1.0,1.0,1,31,0.02299316489133851,186,0.9100543089776023,0.06626237531445422,0.08634162143110463,0.577049800645107,0.058571796071826915,0.0003148743613546612,-0.06657724967580889,0.9100985879341685,0.9905856073226281
4,2.0,1.0,1.0,1,32,0.02299316489133851,192,0.9127308734365209,0.06648629089251484,0.08361012883262549,0.5590169943749475,0.058571796071826915,0.00029546554832607375,-0.06678175644084092,0.9127701608314884,0.9911902866706737
4,2.0,1.0,1.0,1,33,0.02299316489133851,198,0.9151293324835537,0.06666942137364609,0.08104706693931747,0.5420770854544946,0.058571796071826915,0.00027779854331083653,-0.06694721991695693,0.9151642838213342,0.9917352631602466
4,2.0,1.0,1.0,1,34,0.02299316489133851,204,0.9172799640521506,0.06681539523261165,0.0786372504885102,0.5261336417646564,0.058571796071826915,0.0002616708738700235,-0.06707706610648168,0.9173111344533973,0.9922282215080341
4,2.0,1.0,1.0,1,35,0.02299316489133851,210,0.9192096401943521,0.06692755619208102,0.0763672738121792,0.5111012519999518,0.058571796071826915,0.00024690867138663086,-0.06717446486346765,0.919237502364921,0.9926756558509153
4,2.0,1.0,1.0,1,36,0.02299316489133851,216,0.9209422178121422,0.06700898646824632,0.07422525664521094,0.49690399499995325,0.058571796071826915,0.00023336195277232075,-0.06724234842101864,0.920967176247681,0.9930830827425282
4,2.0,1.0,1.0,1,37,0.02299316489133851,222,0.9224988843787643,0.06706252775060756,0.07220063242447142,0.48347415729725196,0.058571796071826915,0.00022090078635458865,-0.06728342853696215,0.9225212867147641,0.9934552112858845
4,2.0,1.0,1.0,1,38,0.02299316489133851,228,0.9238984637164951,0.06709080021205238,0.07028397099556236,0.4707511531578504,0.058571796071826915,0.00020941215741401842,-0.0673002123694664,0.9239186098875185,0.9937960799254442
4,2.0,1.0,1.0,1,39,0.02299316489133851,234,0.9251576863776548,0.0670962197927859,0.06846682935873634,0.4586806107691876,0.058571796071826915,0.00019879739109227024,-0.06729501718387818,0.9251758360755111,0.9941091671186713
4,2.0,1.0,1.0,1,40,0.02299316489133851,240,0.9262914286917526,0.06708101396074927,0.06674162540076085,0.44721359549995804,0.058571796071826915,0.00018897002217990733,-0.06726998398292917,0.9263078074881594,0.9943974814028218
4,2.0,1.0,1.0,1,1,0.029788994023613714,6,0.7966776826350701,0.6738526781031483,1.9378367009008897,17.88854381999832,0.058571796071826915,-0.7122154169354392,0.03836273883229091,0.8822004898488015,0.8977781633065206
4,2.0,1.0,1.0,1,2,0.029788994023613714,12,0.9179077456413093,0.39975110604858877,1.9794547822139053,8.94427190999916,0.058571796071826915,0.4586856742957439,-0.058934568247155206,0.945701428164323,0.7722864625323426
4,2.0,1.0,1.0,1,3,0.029788994023613714,18,0.708841097645251,0.01964135461272104,1.367663700412042,5.962847939999439,0.058571796071826915,0.047522766643628284,-0.027881412030907243,0.7878888436831689,0.26048098338817993
4,2.0,1.0,1.0,1,4,0.029788994023613714,24,0.5842362557107448,0.005356283470634424,0.8976523830325339,4.47213595499958,0.058571796071826915,0.022827960904140285,-0.02818424437477471,0.6502208305473688,0.10500003756646746
4,2.0,1.0,1.0,1,5,0.029788994023613714,30,0.5802749586200298,0.018870370533742784,0.6564718918544042,3.5777087639996643,0.058571796071826915,0.013522856275934941,-0.032393226809677725,0.6163943744785357,0.4109751804952113
4,2.0,1.0,1.0,1,6,0.029788994023613714,36,0.6098630179321187,0.027695989974357696,0.516909481864952,2.9814239699997196,0.058571796071826915,0.009018551022962007,-0.0367145409973197,0.6283453870316038,0.6056006438855059
4,2.0,1.0,1.0,1,7,0.029788994023613714,42,0.6467421597092431,0.03421850163655512,0.42689979050349847,2.5555062599997598,0.058571796071826915,0.006478276947628786,-0.040696778584183906,0.656446458866563,0.7253515920819581
4,2.0,1.0,1.0,1,8,0.029788994023613714,48,0.6829882513209188,0.039380713808570944,0.3641575836523822,2.23606797749979,0.058571796071826915,0.0048932365924686805,-0.044273950401039625,0.6883468976826247,0.8009551942390054
4,2.0,1.0,1.0,1,9,0.029788994023613714,54,0.7161360435114148,0.043626480009571526,0.31789891412496085,1.987615979999813,0.058571796071826915,0.003832787392149567,-0.04745926740172109,0.7192596930112662,0.8505504446038461
4,2.0,1.0,1.0,1,10,0.029788994023613714,60,0.7455642174693822,0.04719736660360143,0.28234079069317636,1.7888543819998322,0.058571796071826915,0.003086302512160216,-0.050283669115761646,0.7474813225395636,0.8843431083802361
4,2.0,1.0,1.0,1,11,0.029788994023613714,66,0.771321432701998,0.05024064664357679,0.25412081137281867,1.6262312563634835,0.058571796071826915,0.002540024974946875,-0.052780671618523664,0.772554954129498,0.9081708969208218
4,2.0,1.0,1.0,1,12,0.029788994023613714,72,0.7936989201749911,0.05285449368777404,0.23115485960677426,1.4907119849998598,0.058571796071826915,0.0021277848817456146,-0.054982278569519656,0.7945271772996352,0.9254847656206386
4,2.0,1.0,1.0,1,13,0.029788994023613714,78,0.8130616218036888,0.05510911365889489,0.21208308634768186,1.376041832307563,0.058571796071826915,0.0018088193246167672,-0.05691793298351166,0.8136393232497838,0.938398795999267
4,2.0,1.0,1.0,1,14,0.029788994023613714,84,0.829778651690232,0.05705753762370042,0.19598026939368543,1.2777531299998799,0.058571796071826915,0.0015568412274291343,-0.05861437885112956,0.8301953343872994,0.9482529612862579
4,2.0,1.0,1.0,1,15,0.029788994023613714,90,0.8441949973544449,0.05874154813155883,0.18219469091585264,1.1925695879998879,0.058571796071826915,0.0013542522822610203,-0.06009580041381985,0.8445044479197319,0.9559234785701854
4,2.0,1.0,1.0,1,16,0.029788994023613714,96,0.8566212791742687,0.06019513975549058,0.1702537319261622,1.118033988749895,0.058571796071826915,0.0011888971535116977,-0.06138403690900228,0.8568569461904985,0.9619996354230754
4,2.0,1.0,1.0,1,17,0.029788994023613714,102,0.8673316299425096,0.06144665137001089,0.15980607544525233,1.0522672835293128,0.058571796071826915,0.0010521543521224974,-0.062498805722133385,0.8675149978966809,0.9668878534362625
4,2.0,1.0,1.0,1,18,0.029788994023613714,108,0.8765651946684347,0.06252014459820845,0.15058496944446342,0.9938079899999065,0.058571796071826915,0.0009377676135875479,-0.063457912211796,0.876710487941333,0.9708748283695299
4,2.0,1.0,1.0,1,19,0.029788994023613714,114,0.8845291337146332,0.0634363344716099,0.1423841075662148,0.9415023063157008,0.058571796071826915,0.0008411058142681338,-0.06427744028587803,0.884646040897346,0.9741669350856024
4,2.0,1.0,1.0,1,20,0.029788994023613714,120,0.891402113038335,0.06421324303405043,0.13504134133598228,0.8944271909999161,0.058571796071826915,0.0007586803103274142,-0.06497192334437785,0.8914974098503788,0.9769154619570238
4,2.0,1.0,1.0,1,21,0.029788994023613714,126,0.8973377951487543,0.06486667504815054,0.12842740569247185,0.8518354199999197,0.058571796071826915,0.0006878219803418406,-0.06555449702849238,0.8974163370574866,0.9792331551602198
4,2.0,1.0,1.0,1,22,0.029788994023613714,132,0.9024681072033278,0.06541057549671819,0.1224379424112211,0.8131156281817418,0.058571796071826915,0.0006264601833797789,-0.06603703568009797,0.9025334518565244,0.981205300584214
4,2.0,1.0,1.0,1,23,0.029788994023613714,138,0.9069061953204841,0.06585730599797798,0.11698774605574043,0.7777627747825355,0.058571796071826915,0.0005729683959276033,-0.06643027439390559,0.9069610022499061,0.9828972935616023
4,2.0,1.0,1.0,1,24,0.029788994023613714,144,0.9107490412653669,0.06621786391436991,0.11200654042244727,0.7453559924999299,0.058571796071826915,0.0005260544527891375,-0.06674391836715905,0.910795334504261,0.9843599029184343
4,2.0,1.0,1.0,1,25,0.029788994023613714,150,0.9140797508693365,0.06650205981695861,0.10743582954742895,0.7155417527999327,0.058571796071826915,0.00048468122480907483,-0.06698674104176769,0.9141190953518294,0.9856329922053779
4,2.0,1.0,1.0,1,26,0.029788994023613714,156,0.9169695389662887,0.06671866389291348,0.10322651647112313,0.6880209161537815,0.058571796071826915,0.00044800844239320514,-0.06716667233530668,0.9170031615614249,0.9867481902675502
4,2.0,1.0,1.0,1,27,0.029788994023613714,162,0.9194794416670671,0.06687552863170189,0.09933707931736066,0.6625386599999377,0.058571796071826915,0.00041534945120660915,-0.0672908780829085,0.9195083159347182,0.9877308346267756
4,2.0,1.0,1.0,1,28,0.029788994023613714,168,0.9216617879264278,0.06697969299308229,0.09573215780533116,0.6388765649999399,0.058571796071826915,0.0003861386701287661,-0.06736583166321106,0.921686694629418,0.9886014039671772
4,2.0,1.0,1.0,1,29,0.029788994023613714,174,0.9235614610106494,0.06703747183070832,0.09238144603631808,0.6168463386206317,0.058571796071826915,0.0003599068248948123,-0.06739737865560314,0.9235830321111074,0.9893765866698304
4,2.0,1.0,1.0,1,30,0.029788994023613714,180,0.9252169779714248,0.06705453336715458,0.08925881661140246,0.5962847939999439,0.058571796071826915,0.0003362619022144464,-0.06739079526936903,0.9252357291636257,0.9900700867199193
4,2.0,1.0,1.0,1,31,0.029788994023613714,186,0.9266614122935724,0.06703596683367566,0.08634162143110463,0.577049800645107,0.058571796071826915,0.0003148743613546612,-0.06735084119503032,0.9266777674349767,0.9906932378157657
4,2.0,1.0,1.0,1,32,0.029788994023613714,192,0.9279231818960667,0.06698634190255094,0.08361012883262549,0.5590169943749475,0.058571796071826915,0.00029546554832607375,-0.06728180745087702,0.927937491612617,0.9912554758363937
4,2.0,1.0,1.0,1,33,0.029788994023613714,198,0.9290267218260583,0.06690976118819462,0.08104706693931747,0.5420770854544946,0.058571796071826915,0.00027779854331083653,-0.06718755973150546,0.9290392778593402,0.991764705608492
4,2.0,1.0,1.0,1,34,0.029788994023613714,204,0.9299930583867222,0.0668099068339697,0.0786372504885102,0.5261336417646564,0.058571796071826915,0.0002616708738700235,-0.06707157770783972,0.9300041047809353,0.9922275880228032
4,2.0,1.0,1.0,1,35,0.029788994023613714,210,0.9308402991160549,0.066690082007211,0.0763672738121792,0.5111012519999518,0.058571796071826915,0.00024690867138663086,-0.06693699067859762,0.9308500410265954,0.9926497665727797
4,2.0,1.0,1.0,1,36,0.029788994023613714,216,0.9315840509872625,0.06655324797682508,0.07422525664521094,0.49690399499995325,0.058571796071826915,0.00023336195277232075,-0.0667866099295974,0.9315926616762776,0.9930360474283126
4,2.0,1.0,1.0,1,37,0.029788994023613714,222,0.932237777417412,0.06640205733312539,0.07220063242447142,0.48347415729725196,0.058571796071826915,0.00022090078635458865,-0.06662295811947998,0.9322454038514674,0.9933905435751165
4,2.0,1.0,1.0,1,38,0.029788994023613714,228,0.9328131031271086,0.06623888381951928,0.07028397099556236,0.4707511531578504,0.058571796071826915,0.00020941215741401842,-0.0664482959769333,0.9328198704860333,0.9937167909526097
4,2.0,1.0,1.0,1,39,0.029788994023613714,234,0.9333200745646008,0.0660658491739197,0.06846682935873634,0.4586806107691876,0.058571796071826915,0.00019879739109227024,-0.06626464656501196,0.9333260898946578,0.9940178426136459
4,2.0,1.0,1.0,1,40,0.029788994023613714,240,0.9337673824674082,0.06588484731990445,0.06674162540076085,0.44721359549995804,0.058571796071826915,0.00018897002217990733,-0.06607381734208435,0.9337727376566592,0.9942963455146827
4,2.0,1.0,1.0,1,1,0.038593389345594996,6,0.8034354802135479,0.6627363407247057,1.9378367009008897,17.88854381999832,0.058571796071826915,-0.7122154169354392,0.04947907621073355,0.8834008104380957,0.8700815703514919
4,2.0,1.0,1.0,1,2,0.038593389345594996,12,0.9193255508481568,0.3833395860726726,1.9794547822139053,8.94427190999916,0.058571796071826915,0.4586856742957439,-0.07534608822307137,0.9437311727150614,0.7178216970927201
4,2.0,1.0,1.0,1,3,0.038593389345594996,18,0.739209971923771,0.012659043092526218,1.367663700412042,5.962847939999439,0.058571796071826915,0.047522766643628284,-0.034863723551102066,0.7997693116991567,0.153654355982456
4,2.0,1.0,1.0,1,4,0.038593389345594996,24,0.6450943625113834,0.012085367512932911,0.8976523830325339,4.47213595499958,0.058571796071826915,0.022827960904140285,-0.034913328417073196,0.6890562768856199,0.20930200303810825
4,2.0,1.0,1.0,1,5,0.038593389345594996,30,0.6550495906908838,0.025976019783282164,0.6564718918544042,3.5777087639996643,0.058571796071826915,0.013522856275934941,-0.039498876059217106,0.6762117842718365,0.48991269502638884
4,2.0,1.0,1.0,1,6,0.038593389345594996,36,0.6898398882216348,0.03507035803113556,0.516909481864952,2.9814239699997196,0.058571796071826915,0.009018551022962007,-0.04408890905409757,0.6996442328127275,0.6603659444501402
4,2.0,1.0,1.0,1,7,0.038593389345594996,42,0.7272143624342746,0.0416939735490118,0.42689979050349847,2.5555062599997598,0.058571796071826915,0.006478276947628786,-0.04817225049664058,0.7319936001166437,0.7629198746806205
4,2.0,1.0,1.0,1,8,0.038593389345594996,48,0.7612446924875866,0.04680547540519184,0.3641575836523822,2.23606797749979,0.058571796071826915,0.0048932365924686805,-0.05169871199766052,0.7637390749760901,0.827069513795743
4,2.0,1.0,1.0,1,9,0.038593389345594996,54,0.7905930963719601,0.05087571604504306,0.31789891412496085,1.987615979999813,0.058571796071826915,0.003832787392149567,-0.05470850343719263,0.7919861803599489,0.8690569566249301
4,2.0,1.0,1.0,1,10,0.038593389345594996,60,0.8153353598851418,0.054172355982458155,0.28234079069317636,1.7888543819998322,0.058571796071826915,0.003086302512160216,-0.05725865849461837,0.8161634534979165,0.8977113428969312
4,2.0,1.0,1.0,1,11,0.038593389345594996,66,0.8359727050944019,0.0568654947730839,0.25412081137281867,1.6262312563634835,0.058571796071826915,0.002540024974946875,-0.05940551974803077,0.8364932076840086,0.9179916816841003
4,2.0,1.0,1.0,1,12,0.038593389345594996,72,0.8530959378095404,0.05907267302409284,0.23115485960677426,1.4907119849998598,0.058571796071826915,0.0021277848817456146,-0.06120045790583845,0.8534395184281129,0.9328013919829533
4,2.0,1.0,1.0,1,13,0.038593389345594996,78,0.8672679732974329,0.06088031962712905,0.21208308634768186,1.376041832307563,0.058571796071826915,0.0018088193246167672,-0.06268913895174583,0.8675045350029068,0.9439108035988895
4,2.0,1.0,1.0,1,14,0.038593389345594996,84,0.878986089593964,0.06235495209520142,0.19598026939368543,1.2777531299998799,0.058571796071826915,0.0015568412274291343,-0.06391179332263056,0.879154890403895,0.9524400886583723
4,2.0,1.0,1.0,1,15,0.038593389345594996,90,0.8886746535284159,0.06354949331029017,0.18219469091585264,1.1925695879998879,0.058571796071826915,0.0013542522822610203,-0.06490374559255119,0.8887987587601214,0.9591218471521056
4,2.0,1.0,1.0,1,16,0.038593389345594996,96,0.896689393116075,0.06450707884437444,0.1702537319261622,1.118033988749895,0.058571796071826915,0.0011888971535116977,-0.06569597599788614,0.896782933368262,0.9644494458165284
4,2.0,1.0,1.0,1,17,0.038593389345594996,102,0.9033255605960429,0.06526348963197434,0.15980607544525233,1.0522672835293128,0.058571796071826915,0.0010521543521224974,-0.06631564398409684,0.9033975327445751,0.9687638789419418
4,2.0,1.0,1.0,1,18,0.038593389345594996,108,0.9088268277070909,0.06584878831279159,0.15058496944446342,0.9938079899999065,0.058571796071826915,0.0009377676135875479,-0.06678655592637914,0.908883164398852,0.9723063276362107
4,2.0,1.0,1.0,1,19,0.038593389345594996,114,0.9133936449304311,0.06628847062048134,0.1423841075662148,0.9415023063157008,0.058571796071826915,0.0008411058142681338,-0.06712957643474947,0.9134383832269144,0.9752509232969987
4,2.0,1.0,1.0,1,20,0.038593389345594996,120,0.9171906161005693,0.06660430774306919,0.13504134133598228,0.8944271909999161,0.058571796071826915,0.0007586803103274142,-0.0673629880533966,0.9172265806439704,0.9777257272597444
4,2.0,1.0,1.0,1,21,0.038593389345594996,126,0.920352797271219,0.06681498343491496,0.12842740569247185,0.8518354199999197,0.058571796071826915,0.0006878219803418406,-0.0675028054152568,0.9203820130278674,0.9798264950298364
4,2.0,1.0,1.0,1,22,0.038593389345594996,132,0.9229909793564404,0.06693658955689952,0.1224379424112211,0.8131156281817418,0.058571796071826915,0.0006264601833797789,-0.0675630497402793,0.9230149289151903,0.9816259074429153
4,2.0,1.0,1.0,1,23,0.038593389345594996,138,0.9251960702806585,0.06698302056091554,0.11698774605574043,0.7777627747825355,0.058571796071826915,0.0005729683959276033,-0.06755598895684314,0.9252158590581292,0.9831798865507135
4,2.0,1.0,1.0,1,24,0.038593389345594996,144,0.9270427055517098,0.06696629358569724,0.11200654042244727,0.7453559924999299,0.058571796071826915,0.0005260544527891375,-0.06749234803848637,0.9270591708258697,0.9845319962386175
4,2.0,1.0,1.0,1,25,0.038593389345594996,150,0.9285922104240532,0.06689681227996748,0.10743582954742895,0.7155417527999327,0.058571796071826915,0.00048468122480907483,-0.06738149350477655,0.9286059951343867,0.9857165597813551
4,2.0,1.0,1.0,1,26,0.038593389345594996,156,0.9298950235988501,0.06678358702859974,0.10322651647112313,0.6880209161537815,0.058571796071826915,0.00044800844239320514,-0.06723159547099294,0.9299066274496535,0.9867609023549679
4,2.0,1.0,1.0,1,27,0.038593389345594996,162,0.9309926771301209,0.06663442069743067,0.09933707931736066,0.6625386599999377,0.058571796071826915,0.00041534945120660915,-0.06704977014863728,0.9310024927017293,0.9876869868853662
4,2.0,1.0,1.0,1,28,0.038593389345594996,168,0.9319194123489802,0.06645606661965839,0.09573215780533116,0.6388765649999399,0.058571796071826915,0.0003861386701287661,-0.06684220528978715,0.9319277510738921,0.9885126228794511
4,2.0,1.0,1.0,1,29,0.038593389345594996,174,0.9327034982151949,0.06625436389744904,0.09238144603631808,0.6168463386206317,0.058571796071826915,0.0003599068248948123,-0.06661427072234385,0.9327106093565004,0.989252370448567
4,2.0,1.0,1.0,1,30,0.038593389345594996,180,0.9333683068866603,0.06603435392789361,0.08925881661140246,0.5962847939999439,0.058571796071826915,0.0003362619022144464,-0.06637061583010806,0.9333743915928333,0.989918223917966
4,2.0,1.0,1.0,1,31,0.038593389345594996,186,0.933933191458447,0.0658003812214791,0.08634162143110463,0.577049800645107,0.058571796071826915,0.0003148743613546612,-0.06611525558283377,0.9339384132956228,0.9905201341132644
4,2.0,1.0,1.0,1,32,0.038593389345594996,192,0.9344142026126994,0.06555618096087365,0.08361012883262549,0.5590169943749475,0.058571796071826915,0.00029546554832607375,-0.06585164650919972,0.9344186955398672,0.9910664112419869
4,2.0,1.0,1.0,1,33,0.038593389345594996,198,0.9348246741346593,0.06530495528111496,0.08104706693931747,0.5420770854544946,0.058571796071826915,0.00027779854331083653,-0.0655827538244258,0.9348285485989747,0.9915640384623642
4,2.0,1.0,1.0,1,34,0.038593389345594996,204,0.9351757016773812,0.06504943989471032,0.0786372504885102,0.5261336417646564,0.058571796071826915,0.0002616708738700235,-0.06531111076858034,0.9351790493121535,0.9920189179926256
4,2.0,1.0,1.0,1,35,0.038593389345594996,210,0.9354765346013867,0.06479196240663339,0.0763672738121792,0.5111012519999518,0.058571796071826915,0.00024690867138663086,-0.06503887107802002,0.9354794318754804,0.9924360657915287
4,2.0,1.0,1.0,1,36,0.038593389345594996,216,0.9357348970014654,0.06453449344397122,0.07422525664521094,0.49690399499995325,0.058571796071826915,0.00023336195277232075,-0.06476785539674354,0.9357374080750794,0.9928197666970598
4,2.0,1.0,1.0,1,37,0.038593389345594996,222,0.9359572510115041,0.0642786915484361,0.07220063242447142,0.48347415729725196,0.058571796071826915,0.00022090078635458865,-0.06449959233479069,0.9359594299867418,0.9931736989104486
4,2.0,1.0,1.0,1,38,0.038593389345594996,228,0.9361490130238247,0.0640259426367909,0.07028397099556236,0.4707511531578504,0.058571796071826915,0.00020941215741401842,-0.06423535479420492,0.9361509057305277,0.9935010345348527
4,2.0,1.0,1.0,1,39,0.038593389345594996,234,0.9363147314673412,0.06377739471681612,0.06846682935873634,0.4586806107691876,0.058571796071826915,0.00019879739109227024,-0.06397619210790839,0.9363163768897205,0.9938045212739656
4,2.0,1.0,1.0,1,40,0.038593389345594996,240,0.9364582331726593,0.06353398844925505,0.06674162540076085,0.44721359549995804,0.058571796071826915,0.00018897002217990733,-0.06372295847143496,0.9364596645965364,0.9940865492050115
4,2.0,1.0,1.0,1,1,0.049999999999999996,6,0.8117815708909981,0.6484851639012371,1.9378367009008897,17.88854381999832,0.058571796071826915,-0.7122154169354392,0.0637302530342021,0.8850024060893301,0.8357352698760584
4,2.0,1.0,1.0,1,2,0.049999999999999996,12,0.9210369671086438,0.3627376464017492,1.9794547822139053,8.94427190999916,0.058571796071826915,0.4586856742957439,-0.0959480278939947,0.9416242170584574,0.6540129908615934
4,2.0,1.0,1.0,1,3,0.049999999999999996,18,0.7728448282894166,0.004371943273710613,1.367663700412042,5.962847939999439,0.058571796071826915,0.047522766643628284,-0.04315082336991767,0.8153719936429253,0.048216280761106706
4,2.0,1.0,1.0,1,4,0.049999999999999996,24,0.7088673196631221,0.019861768904290755,0.8976523830325339,4.47213595499958,0.058571796071826915,0.022827960904140285,-0.04268972980843104,0.7348591697171194,0.30315123576966585
4,2.0,1.0,1.0,1,5,0.049999999999999996,30,0.7292693321293341,0.03382838815754052,0.6564718918544042,3.5777087639996643,0.058571796071826915,0.013522856275934941,-0.047351244433475465,0.7401135348584545,0.5557106842370332
4,2.0,1.0,1.0,1,6,0.049999999999999996,36,0.7651076597083555,0.04284548550378382,0.516909481864952,2.9814239699997196,0.058571796071826915,0.009018551022962007,-0.05186403652674583,0.7696308388297364,0.7037395621334663
4,2.0,1.0,1.0,1,7,0.049999999999999996,42,0.79909386289526,0.04920217543257656,0.42689979050349847,2.5555062599997598,0.058571796071826915,0.006478276947628786,-0.055680452380205345,0.8011359069561536,0.7915569697874159
4,2.0,1.0,1.0,1,8,0.049999999999999996,48,0.8276515772526984,0.05389415042032085,0.3641575836523822,2.23606797749979,0.058571796071826915,0.0048932365924686805,-0.05878738701278953,0.8286593985835469,0.8463194511787212
4,2.0,1.0,1.0,1,9,0.049999999999999996,54,0.8506765228046529,0.05743513526176762,0.31789891412496085,1.987615979999813,0.058571796071826915,0.003832787392149567,-0.06126792265391719,0.8512175273914342,0.8822505195584688
4,2.0,1.0,1.0,1,10,0.049999999999999996,60,0.8689287748874277,0.060129887098395535,0.28234079069317636,1.7888543819998322,0.058571796071826915,0.003086302512160216,-0.06321618961055575,0.8692417685509474,0.9069023678190578
4,2.0,1.0,1.0,1,11,0.049999999999999996,66,0.8832924026287061,0.06217847653277242,0.25412081137281867,1.6262312563634835,0.058571796071826915,0.002540024974946875,-0.0647185015077193,0.8834855443321936,0.9244698001047796
4,2.0,1.0,1.0,1,12,0.049999999999999996,72,0.8945640249902552,0.06372200077841136,0.23115485960677426,1.4907119849998598,0.058571796071826915,0.0021277848817456146,-0.06584978566015698,0.894689831780504,0.9373974425745618
4,2.0,1.0,1.0,1,13,0.049999999999999996,78,0.9034049692712414,0.06486507396549895,0.21208308634768186,1.376041832307563,0.058571796071826915,0.0018088193246167672,-0.06667389329011572,0.9034906440294215,0.9471744253241615
4,2.0,1.0,1.0,1,14,0.049999999999999996,84,0.9103453388137265,0.06568800812741514,0.19598026939368543,1.2777531299998799,0.058571796071826915,0.0015568412274291343,-0.06724484935484427,0.9104058348729452,0.9547440996215796
4,2.0,1.0,1.0,1,15,0.049999999999999996,90,0.9158028986514506,0.0662539686166272,0.18219469091585264,1.1925695879998879,0.058571796071826915,0.0013542522822610203,-0.06760822089888822,0.915846890656087,0.9607249502579845
4,2.0,1.0,1.0,1,16,0.049999999999999996,96,0.9201040481413598,0.06661347754112121,0.1702537319261622,1.118033988749895,0.058571796071826915,0.0011888971535116977,-0.0678023746946329,0.9201368155259686,0.9655348532745256
4,2.0,1.0,1.0,1,17,0.049999999999999996,102,0.9235027013062789,0.06680741802344792,0.15980607544525233,1.0522672835293128,0.058571796071826915,0.0010521543521224974,-0.06785957237557041,0.9235275947092341,0.9694637066263011
4,2.0,1.0,1.0,1,18,0.049999999999999996,108,0.9261960112571783,0.06686913789109111,0.15058496944446342,0.9938079899999065,0.058571796071826915,0.0009377676135875479,-0.06780690550467866,0.9262152354436435,0.9727173736945627
4,2.0,1.0,1.0,1,19,0.049999999999999996,114,0.9283369960640719,0.06682598244718783,0.1423841075662148,0.9415023063157008,0.058571796071826915,0.0008411058142681338,-0.06766708826145597,0.9283520473790738,0.9754451033014113
4,2.0,1.0,1.0,1,20,0.049999999999999996,120,0.9300444835791235,0.06670044767545895,0.13504134133598228,0.8944271909999161,0.058571796071826915,0.0007586803103274142,-0.06745912798578636,0.9300564048414861,0.9777571185801162
4,2.0,1.0,1.0,1,21,0.049999999999999996,126,0.931410861102644,0.06651107039541909,0.12842740569247185,0.8518354199999197,0.058571796071826915,0.0006878219803418406,-0.06719889237576093,0.9314203958749785,0.979736182937538
4,2.0,1.0,1.0,1,22,0.049999999999999996,132,0.932508077913241,0.06627312947631861,0.1224379424112211,0.8131156281817418,0.058571796071826915,0.0006264601833797789,-0.06689958965969839,0.9325157670750684,0.9814453774554978
4,2.0,1.0,1.0,1,23,0.049999999999999996,138,0.9333922790302006,0.0659992071525744,0.11698774605574043,0.7777627747825355,0.058571796071826915,0.0005729683959276033,-0.066572175548502,0.9333985230429145,0.9829334375572476
4,2.0,1.0,1.0,1,24,0.049999999999999996,144,0.9341073764463783,0.0656996440791118,0.11200654042244727,0.7453559924999299,0.058571796071826915,0.0005260544527891375,-0.06622569853190094,0.9341124765373546,0.9842384827583542
4,2.0,1.0,1.0,1,25,0.049999999999999996,150,0.934687800004943,0.06538291194917058,0.10743582954742895,0.7155417527999327,0.058571796071826915,0.00048468122480907483,-0.06586759317397965,0.9346919860171454,0.9853906673373076
4,2.0,1.0,1.0,1,26,0.049999999999999996,156,0.9351606168580444,0.06505592102871116,0.10322651647112313,0.6880209161537815,0.058571796071826915,0.00044800844239320514,-0.06550392947110437,0.9351640664492828,0.9864140931542963
4,2.0,1.0,1.0,1,27,0.049999999999999996,162,0.9355471657149855,0.06472427556455826,0.09933707931736066,0.6625386599999377,0.058571796071826915,0.00041534945120660915,-0.06513962501576487,0.9355500178218221,0.9873282095040439
4,2.0,1.0,1.0,1,28,0.049999999999999996,168,0.9358643184612344,0.06439248694837721,0.09573215780533116,0.6388765649999399,0.058571796071826915,0.0003861386701287661,-0.06477862561850598,0.935866682888003,0.9881488508600004
4,2.0,1.0,1.0,1,29,0.049999999999999996,174,0.9361254555822245,0.06406415231174822,0.09238144603631808,0.6168463386206317,0.058571796071826915,0.0003599068248948123,-0.06442405913664304,0.9361274199288439,0.9888890153743138
4,2.0,1.0,1.0,1,30,0.049999999999999996,180,0.9363412216443433,0.06374210460668314,0.08925881661140246,0.5962847939999439,0.058571796071826915,0.0003362619022144464,-0.06407836650889759,0.9363428563796048,0.989559455343953
4,2.0,1.0,1.0,1,31,0.049999999999999996,186,0.9365201115807352,0.06342853901058601,0.08634162143110463,0.577049800645107,0.058571796071826915,0.0003148743613546612,-0.06374341337194067,0.9365214738060017,0.9901691296318867
4,2.0,1.0,1.0,1,32,0.049999999999999996,192,0.9366689266515993,0.0631251195665835,0.08361012883262549,0.5590169943749475,0.058571796071826915,0.00029546554832607375,-0.06342058511490957,0.9366700629281769,0.9907255536006861
4,2.0,1.0,1.0,1,33,0.049999999999999996,198,0.9367931298639848,0.06283306925008367,0.08104706693931747,0.5420770854544946,0.058571796071826915,0.00027779854331083653,-0.0631108677933945,0.9367940783630436,0.9912350721551629
4,2.0,1.0,1.0,1,34,0.049999999999999996,204,0.9368971236932506,0.06255324608587545,0.0786372504885102,0.5261336417646564,0.058571796071826915,0.0002616708738700235,-0.06281491695974548,0.9368979158497701,0.9917030745366169
4,2.0,1.0,1.0,1,35,0.049999999999999996,210,0.9369844676432345,0.06228620748890184,0.0763672738121792,0.5111012519999518,0.058571796071826915,0.00024690867138663086,-0.06253311616028848,0.9369851294427103,0.992134164583444
4,2.0,1.0,1.0,1,36,0.049999999999999996,216,0.9370580491273481,0.062032264638703656,0.07422525664521094,0.49690399499995325,0.058571796071826915,0.00023336195277232075,-0.06226562659147598,0.9370586021173215,0.9925322966592618
4,2.0,1.0,1.0,1,37,0.049999999999999996,222,0.937120218051517,0.06179152840259054,0.07220063242447142,0.48347415729725196,0.058571796071826915,0.00022090078635458865,-0.06201242918894513,0.9371206801445853,0.9929008848974572
4,2.0,1.0,1.0,1,38,0.049999999999999996,228,0.9371728931057378,0.061563948081119,0.07028397099556236,0.4707511531578504,0.058571796071826915,0.00020941215741401842,-0.06177336023853302,0.9371732792227134,0.9932428915545665
4,2.0,1.0,1.0,1,39,0.049999999999999996,234,0.9372176459513767,0.06134934405035035,0.06846682935873634,0.4586806107691876,0.058571796071826915,0.00019879739109227024,-0.06154814144144262,0.9372179685405749,0.9935608988930955
4,2.0,1.0,1.0,1,40,0.049999999999999996,240,0.9372557680948118,0.06114743521023195,0.06674162540076085,0.44721359549995804,0.058571796071826915,0.00018897002217990733,-0.06133640523241186,0.9372560375542542,0.9938571679929477
4,2.0,1.0,1.0,2,1,0.0001,6,0.9508005158618079,0.6549104776139599,1.9986418100798182,31.155302682473486,0.058571796071826915,0.6550531954760196,-0.0001427178620596603,0.9750635590311578,0.9995643505731513
4,2.0,1.0,1.0,2,2,0.0001,12,0.9167225985805418,0.028544400449130453,1.9494636171173487,7.788825670618372,0.058571796071826915,-0.028581110729709543,3.671028057909004e-05,0.9574109308926697,0.9974344461399844
4,2.0,1.0,1.0,2,3,0.0001,18,0.25924784383393207,0.06275253174381104,1.0056900199814502,3.4617002980526084,0.058571796071826915,-0.06274140065510966,-1.1131088701377134e-05,0.5083936960243234,1.0
4,2.0,1.0,1.0,2,4,0.0001,24,0.08453818658321843,0.03637512916970462,0.5312178848986073,1.947206417654593,0.058571796071826915,-0.03631755521266415,-5.757395704046597e-05,0.28823484111589426,1.0
4,2.0,1.0,1.0,2,5,0.0001,30,0.03502613132457255,0.023387587659893905,0.3269310902367711,1.2462121072989396,0.058571796071826915,-0.023291472107575206,-9.61155523186985e-05,0.1815375921256116,1.0
4,2.0,1.0,1.0,2,6,0.0001,36,0.01822094621211723,0.016278484527559256,0.22190344610085305,0.8654250745131521,0.058571796071826915,-0.01614787843315993,-0.00013060609439932702,0.1248314535323692,1.0
4,2.0,1.0,1.0,2,7,0.0001,42,0.011537234073301317,0.01200500484707323,0.16073267590130424,0.6358225037239486,0.058571796071826915,-0.011842148279772702,-0.0001628565673005289,0.09141107739316481,1.0
4,2.0,1.0,1.0,2,8,0.0001,48,0.008627702570132234,0.009246985410968633,0.12191512653514122,0.4868016044136482,0.058571796071826915,-0.009053226894177618,-0.00019375851679101497,0.07013083936236095,1.0
4,2.0,1.0,1.0,2,9,0.0001,54,0.0073393326018776905,0.007368796311669867,0.09570677353266412,0.3846333664502899,0.058571796071826915,-0.007145009269076741,-0.00022378704259312654,0.05578308233181738,1.0
4,2.0,1.0,1.0,2,10,0.0001,60,0.006825764747598662,0.006035608763832884,0.07716254342752717,0.3115530268247349,0.058571796071826915,-0.005782392489118493,-0.0002532162747143907,0.045682703958682146,1.0
4,2.0,1.0,1.0,2,11,0.0001,66,0.006714422025355882,0.005057811106499832,0.06355065487509248,0.25748184035102056,0.058571796071826915,-0.004775595949800121,-0.0002822151566997111,0.03833291264520185,1.0
4,2.0,1.0,1.0,2,12,0.0001,72,0.006826077833049227,0.004321582963637244,0.053259620325829725,0.21635626862828802,0.058571796071826915,-0.0040106894823137285,-0.00031089348132351535,0.032846109374263084,1.0
4,2.0,1.0,1.0,2,13,0.0001,78,0.007068152666707128,0.003755267462242279,0.0452877872909928,0.1843509034465887,0.058571796071826915,-0.0034159417273864623,-0.0003393257348558165,0.02866908045960612,1.0
4,2.0,1.0,1.0,2,14,0.0001,84,0.007389948910731414,0.0033119328679779014,0.03898542526180495,0.15895562593098714,0.058571796071826915,-0.002944368601204811,-0.0003675642667730905,0.02544266993435181,1.0
4,2.0,1.0,1.0,2,15,0.0001,90,0.007762316736663166,0.0029597999843270217,0.03391585631056446,0.1384680119221044,0.058571796071826915,-0.0025641530168093174,-0.00039564696751770434,0.022925632792992163,1.0
4,2.0,1.0,1.0,2,16,0.0001,96,0.008167788353165006,0.0026767292167780843,0.02977665420198047,0.12170040110341206,0.058571796071826915,-0.0022531272638979805,-0.0004236019528801038,0.02095114583570333,1.0
4,2.0,1.0,1.0,2,17,0.0001,102,0.008595518004764657,0.0024469131464218974,0.026352914702016218,0.10780381551028888,0.058571796071826915,-0.0019954626119305374,-0.00045145053449135997,0.01940085683934563,1.0
4,2.0,1.0,1.0,2,18,0.0001,108,0.009038560683536812,0.0022588211260834157,0.023488484155813935,0.09615834161257247,0.058571796071826915,-0.0017796119592276005,-0.00047920916685581516,0.01818879855973022,1.0
4,2.0,1.0,1.0,2,19,0.0001,114,0.009492347330880557,0.002103882175703037,0.021067661700531776,0.08630277751377696,0.058571796071826915,-0.0015969914151541809,-0.000506890760548856,0.01725108413348341,1.0
4,2.0,1.0,1.0,2,20,0.0001,120,0.009953799291332666,0.001975617947582914,0.01900322899135048,0.07788825670618373,0.058571796071826915,-0.0014411123573045415,-0.0005345055902783724,0.01653912360933627,1.0
4,2.0,1.0,1.0,2,21,0.0001,126,0.010420797519921643,0.0018690582025051583,0.01722842221083578,0.07064694485821651,0.058571796071826915,-0.001306996265726862,-0.0005620619367782964,0.016015067919383546,1.0
4,2.0,1.0,1.0,2,22,0.0001,132,0.010891855375853021,0.001780338284279287,0.01569142793538152,0.06437046008775514,0.058571796071826915,-0.0011907717348441094,-0.0005895665494351776,0.01564871540339996,1.0
4,2.0,1.0,1.0,2,23,0.0001,138,0.011365911792244443,0.0017064165930368302,0.014351534292070476,0.05889471206516727,0.058571796071826915,-0.0010893916074744825,-0.0006170249855623477,0.015415410138090911,1.0
4,2.0,1.0,1.0,2,24,0.0001,144,0.011842197550815392,0.001644872845716655,0.013176391484845567,0.054089067157072006,0.058571796071826915,-0.0010004309825799584,-0.0006444418631366966,0.015294625824227498,1.0
4,2.0,1.0,1.0,2,25,0.0001,150,0.012320147038013762,0.0015937617602244936,0.012140030439604804,0.04984848429195759,0.058571796071826915,-0.0009219407084922193,-0.0006718210517322742,0.015269022557183888,1.0
4,2.0,1.0,1.0,2,26,0.0001,156,0.012799338921623216,0.0015515054193042388,0.011221408750562885,0.04608772586164717,0.058571796071826915,-0.0008523396006920037,-0.0006991658186122351,0.015323821082486266,1.0
4,2.0,1.0,1.0,2,27,0.0001,162,0.013279455587492883,0.0015168130536888091,0.010403329319574196,0.04273704071669887,0.058571796071826915,-0.0007903341118489227,-0.0007264789418398865,0.015446379760390682,1.0
4,2.0,1.0,1.0,2,28,0.0001,168,0.013760254968415042,0.0014886205423609855,0.009671626305604098,0.039738906482746784,0.058571796071826915,-0.000734857743600853,-0.0007537627987601325,0.015625892550048842,1.0
4,2.0,1.0,1.0,2,29,0.0001,174,0.01424155069741695,0.0014660442791562533,0.009014545398327014,0.03704554421221579,0.058571796071826915,-0.0006850248432078432,-0.0007810194359484102,0.015853154277229428,1.0
4,2.0,1.0,1.0,2,30,0.0001,180,0.014723197938973587,0.0014483456348808321,0.008422267120936532,0.0346170029805261,0.058571796071826915,-0.0006400950099269553,-0.0008082506249538768,0.016120361710363372,1.0
4,2.0,1.0,1.0,2,31,0.0001,186,0.015205083149742893,0.0014349033222892105,0.007886536620586103,0.03241966980486315,0.058571796071826915,-0.000599445415152472,-0.0008354579071367385,0.0164209348160905,1.0
4,2.0,1.0,1.0,2,32,0.0001,192,0.015687116593377626,0.0014251917171726192,0.007400373588021383,0.030425100275853014,0.058571796071826915,-0.0005625490871730976,-0.0008626426299995216,0.016749352318265805,1.0
4,2.0,1.0,1.0,2,33,0.0001,198,0.016169226811022175,0.0014187637124584984,0.006957843070414635,0.02860909337233562,0.058571796071826915,-0.0005289577356385744,-0.000889805976819924,0.017101000631245127,1.0
4,2.0,1.0,1.0,2,34,0.0001,204,0.016651356495494873,0.0014152370534364356,0.006553872987819937,0.02695095387757222,0.058571796071826915,-0.0004982880623994046,-0.000916948991037031,0.017472037015280915,1.0
4,2.0,1.0,1.0,2,35,0.0001,210,0.017133459384114036,0.0014142833691162815,0.006184107779411282,0.025432900148957945,0.058571796071826915,-0.00047021077274450596,-0.0009440725963717755,0.01785926786263941,1.0
4,2.0,1.0,1.0,2,36,0.0001,216,0.017615497898443855,0.0014156193085592128,0.005844790225930572,0.02403958540314312,0.058571796071826915,-0.0004444416949498098,-0.000971177613609403,0.01826004238850176,1.0
4,2.0,1.0,1.0,2,37,0.0001,222,0.018097441336415998,0.0014189993327245742,0.00553266541249454,0.022757708314443747,0.058571796071826915,-0.00042073455812666194,-0.0009982647745979123,0.01867216125731925,1.0
4,2.0,1.0,1.0,2,38,0.0001,228,0.018579264477149193,0.00142420981771621,0.005244902213094082,0.02157569437844424,0.058571796071826915,-0.0003988750836834143,-0.0010253347340327956,0.019093799089726013,1.0
4,2.0,1.0,1.0,2,39,0.0001,234,0.019060946496093134,0.001431064203635396,0.00497902873480571,0.02048343371628763,0.058571796071826915,-0.00037867612420669494,-0.001052388079428701,0.01952343943808127,1.0
4,2.0,1.0,1.0,2,40,0.0001,240,0.019542470115824884,0.001439398982389789,0.0047328789545901945,0.01947206417654593,0.058571796071826915,-0.0003599736428384903,-0.0010794253395512987,0.01995982066992183,1.0
4,2.0,1.0,1.0,2,1,0.00012955586655595704,6,0.9507964680457426,0.6548682988456652,1.9986418100798182,31.155302682473486,0.058571796071826915,0.6550531954760196,-0.00018489663035436976,0.9750536710928173,0.9994356352825582
4,2.0,1.0,1.0,2,2,0.00012955586655595704,12,0.916737128263042,0.028533558111387435,1.9494636171173487,7.788825670618372,0.058571796071826915,-0.028581110729709543,4.755261832210811e-05,0.9574051176024185,0.9966779714620957
4,2.0,1.0,1.0,2,3,0.00012955586655595704,18,0.2595721837594198,0.06275581963626761,1.0056900199814502,3.4617002980526084,0.058571796071826915,-0.06274140065510966,-1.4418981157948707e-05,0.5084853205290902,1.0
4,2.0,1.0,1.0,2,4,0.00012955586655595704,24,0.0850766923266909,0.036392130762797126,0.5312178848986073,1.947206417654593,0.058571796071826915,-0.03631755521266415,-7.457555013297423e-05,0.2884229702639298,1.0
4,2.0,1.0,1.0,2,5,0.00012955586655595704,30,0.03573656805696268,0.023415963996520017,0.3269310902367711,1.2462121072989396,0.058571796071826915,-0.023291472107575206,-0.000124491888944811,0.1818145653214681,1.0
4,2.0,1.0,1.0,2,6,0.00012955586655595704,36,0.019087653440840402,0.016317034678764636,0.22190344610085305,0.8654250745131521,0.058571796071826915,-0.01614787843315993,-0.00016915624560470688,0.12519224114049532,1.0
4,2.0,1.0,1.0,2,7,0.00012955586655595704,42,0.012554174994256151,0.01205306309316767,0.16073267590130424,0.6358225037239486,0.058571796071826915,-0.011842148279772702,-0.00021091481339496898,0.0918542747917157,1.0
4,2.0,1.0,1.0,2,8,0.00012955586655595704,48,0.00979210857163837,0.009304149507046194,0.12191512653514122,0.4868016044136482,0.058571796071826915,-0.009053226894177618,-0.000250922612868576,0.07065748019142579,1.0
4,2.0,1.0,1.0,2,9,0.00012955586655595704,54,0.008649743283348554,0.007434804418082364,0.09570677353266412,0.3846333664502899,0.058571796071826915,-0.007145009269076741,-0.00028979514900562275,0.056396062488342995,1.0
4,2.0,1.0,1.0,2,10,0.00012955586655595704,60,0.008281306872339522,0.00611028005587172,0.07716254342752717,0.3115530268247349,0.058571796071826915,-0.005782392489118493,-0.0003278875667532266,0.04638654799953151,1.0
4,2.0,1.0,1.0,2,11,0.00012955586655595704,66,0.008314513195617934,0.005141014689764828,0.06355065487509248,0.25748184035102056,0.058571796071826915,-0.004775595949800121,-0.00036541873996470686,0.03913367029127385,1.0
4,2.0,1.0,1.0,2,12,0.00012955586655595704,72,0.008570291207726344,0.004413220393719053,0.053259620325829725,0.21635626862828802,0.058571796071826915,-0.0040106894823137285,-0.0004025309114053244,0.03375129017141208,1.0
4,2.0,1.0,1.0,2,13,0.00012955586655595704,78,0.008956149938479707,0.003855262310794555,0.0452877872909928,0.1843509034465887,0.058571796071826915,-0.0034159417273864623,-0.00043932058340809266,0.029687569284637207,1.0
4,2.0,1.0,1.0,2,14,0.00012955586655595704,84,0.009421444813291768,0.003420224180692849,0.03898542526180495,0.15895562593098714,0.058571796071826915,-0.002944368601204811,-0.00047585557948803814,0.026584581372483526,1.0
4,2.0,1.0,1.0,2,15,0.00012955586655595704,90,0.009937059182945074,0.0030763380078596414,0.03391585631056446,0.1384680119221044,0.058571796071826915,-0.0025641530168093174,-0.000512184991050324,0.024202070941440453,1.0
4,2.0,1.0,1.0,2,16,0.00012955586655595704,96,0.010485546792891043,0.0028014725100144744,0.02977665420198047,0.12170040110341206,0.058571796071826915,-0.0022531272638979805,-0.0005483452461164939,0.022373846604672808,1.0
4,2.0,1.0,1.0,2,17,0.00012955586655595704,102,0.011056076324611919,0.0025798265696143907,0.026352914702016218,0.10780381551028888,0.058571796071826915,-0.0019954626119305374,-0.0005843639576838533,0.020981707643138503,1.0
4,2.0,1.0,1.0,2,18,0.00012955586655595704,108,0.011641712727181508,0.0023998744053879417,0.023488484155813935,0.09615834161257247,0.058571796071826915,-0.0017796119592276005,-0.0006202624461603412,0.019939257135464305,1.0
4,2.0,1.0,1.0,2,19,0.00012955586655595704,114,0.012237893986803527,0.0022530488558023254,0.021067661700531776,0.08630277751377696,0.058571796071826915,-0.0015969914151541809,-0.0006560574406481445,0.01918155050776176,1.0
4,2.0,1.0,1.0,2,20,0.00012955586655595704,120,0.012841546549524407,0.0021328746126867693,0.01900322899135048,0.07788825670618373,0.058571796071826915,-0.0014411123573045415,-0.0006917622553822278,0.018658347292964533,1.0
4,2.0,1.0,1.0,2,21,0.00012955586655595704,126,0.013450555144657317,0.0020343838870396924,0.01722842221083578,0.07064694485821651,0.058571796071826915,-0.001306996265726862,-0.0007273876213128305,0.0183296832996501,1.0
4,2.0,1.0,1.0,2,22,0.00012955586655595704,132,0.014063435980211425,0.0019537140203014502,0.01569142793538152,0.06437046008775514,0.058571796071826915,-0.0011907717348441094,-0.0007629422854573409,0.018162982643380544,1.0
4,2.0,1.0,1.0,2,23,0.00012955586655595704,138,0.014679130180631272,0.0018878250579261457,0.014351534292070476,0.05889471206516727,0.058571796071826915,-0.0010893916074744825,-0.0007984334504516633,0.018131198109808924,1.0
4,2.0,1.0,1.0,2,24,0.00012955586655595704,144,0.01529687024391102,0.0018342980845511003,0.013176391484845567,0.054089067157072006,0.058571796071826915,-0.0010004309825799584,-0.0008338671019711419,0.01821162147597499,1.0
4,2.0,1.0,1.0,2,25,0.00012955586655595704,150,0.015916091924221387,0.001791188964593099,0.012140030439604804,0.04984848429195759,0.058571796071826915,-0.0009219407084922193,-0.0008692482561008796,0.01838510698402534,1.0
4,2.0,1.0,1.0,2,26,0.00012955586655595704,156,0.016536374997741965,0.0017569207492919292,0.011221408750562885,0.04608772586164717,0.058571796071826915,-0.0008523396006920037,-0.0009045811485999256,0.01863553071345548,1.0
4,2.0,1.0,1.0,2,27,0.00012955586655595704,162,0.01715740276325839,0.0017302034932860921,0.010403329319574196,0.04273704071669887,0.058571796071826915,-0.0007903341118489227,-0.0009398693814371695,0.018949374172117374,1.0
4,2.0,1.0,1.0,2,28,0.00012955586655595704,168,0.017778933917439677,0.0017099737810374882,0.009671626305604098,0.039738906482746784,0.058571796071826915,-0.000734857743600853,-0.0009751160374366352,0.01931537089472856,1.0
4,2.0,1.0,1.0,2,29,0.00012955586655595704,174,0.018400782742244104,0.0016953486140956486,0.009014545398327014,0.03704554421221579,0.058571796071826915,-0.0006850248432078432,-0.0010103237708878055,0.019724188784427908,1.0
4,2.0,1.0,1.0,2,30,0.00012955586655595704,180,0.019022804961552398,0.001685589889693112,0.008422267120936532,0.0346170029805261,0.058571796071826915,-0.0006400950099269553,-0.0010454948797661567,0.02016814002432046,1.0
4,2.0,1.0,1.0,2,31,0.00012955586655595704,186,0.019644887521024668,0.0016800767789811877,0.007886536620586103,0.03241966980486315,0.058571796071826915,-0.000599445415152472,-0.0010806313638287157,0.02064091866836345,1.0
4,2.0,1.0,1.0,2,32,0.00012955586655595704,192,0.020266941117474846,0.001678284058840268,0.007400373588021383,0.030425100275853014,0.058571796071826915,-0.0005625490871730976,-0.0011157349716671705,0.021137367941781948,1.0
4,2.0,1.0,1.0,2,33,0.00012955586655595704,198,0.020888894680532122,0.0016797649747585242,0.006957843070414635,0.02860909337233562,0.058571796071826915,-0.0005289577356385744,-0.0011508072391199498,0.02165327832116656,1.0
4,2.0,1.0,1.0,2,34,0.00012955586655595704,204,0.021510691255488434,0.0016841375832471472,0.006553872987819937,0.02695095387757222,0.058571796071826915,-0.0004982880623994046,-0.0011858495208477426,0.022185215744445687,1.0
4,2.0,1.0,1.0,2,35,0.00012955586655595704,210,0.02213228490288721,0.0016910737891587535,0.006184107779411282,0.025432900148957945,0.058571796071826915,-0.00047021077274450596,-0.0012208630164142475,0.02273037783164655,1.0
4,2.0,1.0,1.0,2,36,0.00012955586655595704,216,0.022753638343616878,0.001700290486965489,0.005844790225930572,0.02403958540314312,0.058571796071826915,-0.0004444416949498098,-0.0012558487920156791,0.0232864750920576,1.0
4,2.0,1.0,1.0,2,37,0.00012955586655595704,222,0.023374721155240308,0.001711542356753748,0.00553266541249454,0.022757708314443747,0.058571796071826915,-0.00042073455812666194,-0.001290807798627086,0.023851633724638995,1.0
4,2.0,1.0,1.0,2,38,0.00012955586655595704,228,0.023995508380220798,0.0017246159709504716,0.005244902213094082,0.02157569437844424,0.058571796071826915,-0.0003988750836834143,-0.0013257408872670573,0.02442431664114432,1.0
4,2.0,1.0,1.0,2,39,0.00012955586655595704,234,0.024615979443764258,0.0017393249461175597,0.00497902873480571,0.02048343371628763,0.058571796071826915,-0.00037867612420669494,-0.0013606488219108648,0.025003259599229413,1.0
4,2.0,1.0,1.0,2,40,0.00012955586655595704,240,0.025236117306835948,0.0017555059332677037,0.0047328789545901945,0.01947206417654593,0.058571796071826915,-0.0003599736428384903,-0.0013955322904292133,0.025587419705705883,1.0
4,2.0,1.0,1.0,2,1,0.00016784722559064962,6,0.9507912248665852,0.6548136556308694,1.9986418100798182,31.155302682473486,0.058571796071826915,0.6550531954760196,-0.0002395398451502384,0.9750408637124848,0.9992689073684516
4,2.0,1.0,1.0,2,2,0.00016784722559064962,12,0.9167559431205737,0.028519516451935394,1.9494636171173487,7.788825670618372,0.058571796071826915,-0.028581110729709543,6.159427777414905e-05,0.957397590261255,0.9956991298302269
4,2.0,1.0,1.0,2,3,0.00016784722559064962,18,0.2599921634405016,0.06276007793885391,1.0056900199814502,3.4617002980526084,0.058571796071826915,-0.06274140065510966,-1.8677283744245043e-05,0.5086040885499148,1.0
4,2.0,1.0,1.0,2,4,0.00016784722559064962,24,0.08577386395136144,0.03641414722849487,0.5312178848986073,1.947206417654593,0.058571796071826915,-0.03631755521266415,-9.659201583071819e-05,0.2886670269248809,1.0
4,2.0,1.0,1.0,2,5,0.00016784722559064962,30,0.03665615935415034,0.023452705886181036,0.3269310902367711,1.2462121072989396,0.058571796071826915,-0.023291472107575206,-0.00016123377860582933,0.18217439116921774,1.0
4,2.0,1.0,1.0,2,6,0.00016784722559064962,36,0.020209315482040413,0.01636694367918584,0.22190344610085305,0.8654250745131521,0.058571796071826915,-0.01614787843315993,-0.00021906524602591237,0.12566196784260078,1.0
4,2.0,1.0,1.0,2,7,0.00016784722559064962,42,0.013870022406897053,0.012115274258565983,0.16073267590130424,0.6358225037239486,0.058571796071826915,-0.011842148279772702,-0.0002731259787932816,0.09243302201710896,1.0
4,2.0,1.0,1.0,2,8,0.00016784722559064962,48,0.011298488372845195,0.009378139220226456,0.12191512653514122,0.4868016044136482,0.058571796071826915,-0.009053226894177618,-0.00032491232604883735,0.07134785999114285,1.0
4,2.0,1.0,1.0,2,9,0.00016784722559064962,54,0.010344696587500923,0.007520230956630541,0.09570677353266412,0.3846333664502899,0.058571796071826915,-0.007145009269076741,-0.0003752216875538006,0.05720346414299428,1.0
4,2.0,1.0,1.0,2,10,0.00016784722559064962,60,0.010163635181660413,0.006206906653938665,0.07716254342752717,0.3115530268247349,0.058571796071826915,-0.005782392489118493,-0.00042451416482017224,0.04731884520261236,1.0
4,2.0,1.0,1.0,2,11,0.00016784722559064962,66,0.01038339470172922,0.005248669268923117,0.06355065487509248,0.25748184035102056,0.058571796071826915,-0.004775595949800121,-0.00047307331912299633,0.04020106250306365,1.0
4,2.0,1.0,1.0,2,12,0.00016784722559064962,72,0.01082510563146677,0.004531772917672067,0.053259620325829725,0.21635626862828802,0.058571796071826915,-0.0040106894823137285,-0.0005210834353583382,0.03496614082560044,1.0
4,2.0,1.0,1.0,2,13,0.00016784722559064962,78,0.011396391755622681,0.003984611268430527,0.0452877872909928,0.1843509034465887,0.058571796071826915,-0.0034159417273864623,-0.0005686695410440645,0.031064146241130294,1.0
4,2.0,1.0,1.0,2,14,0.00016784722559064962,84,0.012046677304818676,0.0035602881109843554,0.03898542526180495,0.15895562593098714,0.058571796071826915,-0.002944368601204811,-0.0006159195097795445,0.028138628787125936,1.0
4,2.0,1.0,1.0,2,15,0.00016784722559064962,90,0.012746888723005445,0.0032270499641211814,0.03391585631056446,0.1384680119221044,0.058571796071826915,-0.0025641530168093174,-0.000662896947311864,0.02595016759265324,1.0
4,2.0,1.0,1.0,2,16,0.00016784722559064962,96,0.013479607777855174,0.002962776317550264,0.02977665420198047,0.12170040110341206,0.058571796071826915,-0.0022531272638979805,-0.0007096490536522837,0.024332548045937978,1.0
4,2.0,1.0,1.0,2,17,0.00016784722559064962,102,0.014234021982897804,0.0027516742206333544,0.026352914702016218,0.10780381551028888,0.058571796071826915,-0.0019954626119305374,-0.000756211608702817,0.02316653149483791,1.0
4,2.0,1.0,1.0,2,18,0.00016784722559064962,108,0.015003209320572752,0.0025822241993456174,0.023488484155813935,0.09615834161257247,0.058571796071826915,-0.0017796119592276005,-0.0008026122401180169,0.022363639872448347,1.0
4,2.0,1.0,1.0,2,19,0.00016784722559064962,114,0.015782617041140035,0.0024458640425100153,0.021067661700531776,0.08630277751377696,0.058571796071826915,-0.0015969914151541809,-0.0008488726273558345,0.021855952254504818,1.0
4,2.0,1.0,1.0,2,20,0.00016784722559064962,120,0.01656917833952465,0.002336122383091971,0.01900322899135048,0.07788825670618373,0.058571796071826915,-0.0014411123573045415,-0.0008950100257874294,0.0215896776117225,1.0
4,2.0,1.0,1.0,2,21,0.00016784722559064962,126,0.017360782976127864,0.002248034609761723,0.01722842221083578,0.07064694485821651,0.058571796071826915,-0.001306996265726862,-0.0009410383440348613,0.021521154335483107,1.0
4,2.0,1.0,1.0,2,22,0.00016784722559064962,132,0.018155950992246428,0.002177740655297883,0.01569142793538152,0.06437046008775514,0.058571796071826915,-0.0011907717348441094,-0.0009869689204537735,0.021614388673732284,1.0
4,2.0,1.0,1.0,2,23,0.00016784722559064962,138,0.018953626494617848,0.002122202700056419,0.014351534292070476,0.05889471206516727,0.058571796071826915,-0.0010893916074744825,-0.0010328110925819367,0.021839518755038343,1.0
4,2.0,1.0,1.0,2,24,0.00016784722559064962,144,0.019753044348639226,0.0020790036039066984,0.013176391484845567,0.054089067157072006,0.058571796071826915,-0.0010004309825799584,-0.00107857262132674,0.022171790379774535,1.0
4,2.0,1.0,1.0,2,25,0.00016784722559064962,150,0.02055364222471745,0.0020462007199386345,0.012140030439604804,0.04984848429195759,0.058571796071826915,-0.0009219407084922193,-0.0011242600114464152,0.02259079052982884,1.0
4,2.0,1.0,1.0,2,26,0.00016784722559064962,156,0.021355001479525848,0.0020222183574310215,0.011221408750562885,0.04608772586164717,0.058571796071826915,-0.0008523396006920037,-0.0011698787567390179,0.023079805193499683,1.0
4,2.0,1.0,1.0,2,27,0.00016784722559064962,162,0.022156806739257906,0.0020057676417481185,0.010403329319574196,0.04273704071669887,0.058571796071826915,-0.0007903341118489227,-0.0012154335298991958,0.02362524642509105,1.0
4,2.0,1.0,1.0,2,28,0.00016784722559064962,168,0.02295881783493514,0.0019957860746352696,0.009671626305604098,0.039738906482746784,0.058571796071826915,-0.000734857743600853,-0.0012609283310344166,0.024216134752404327,1.0
4,2.0,1.0,1.0,2,29,0.00016784722559064962,174,0.023760850033968328,0.0019913914482721506,0.009014545398327014,0.03704554421221579,0.058571796071826915,-0.0006850248432078432,-0.0013063666050643075,0.02484363867358806,1.0
4,2.0,1.0,1.0,2,30,0.00016784722559064962,180,0.02456275992965662,0.001991846345202275,0.008422267120936532,0.0346170029805261,0.058571796071826915,-0.0006400950099269553,-0.0013517513352753197,0.0255006749330753,1.0
4,2.0,1.0,1.0,2,31,0.00016784722559064962,186,0.025364435245808004,0.0019965305337442674,0.007886536620586103,0.03241966980486315,0.058571796071826915,-0.000599445415152472,-0.0013970851185917954,0.02618157003479675,1.0
4,2.0,1.0,1.0,2,32,0.00016784722559064962,192,0.02616578738492714,0.0020049193137143817,0.007400373588021383,0.030425100275853014,0.058571796071826915,-0.0005625490871730976,-0.001442370226541284,0.02688177962003117,1.0
4,2.0,1.0,1.0,2,33,0.00016784722559064962,198,0.026966745924331237,0.002016566390644209,0.006957843070414635,0.02860909337233562,0.058571796071826915,-0.0005289577356385744,-0.0014876086550056344,0.027597659678397703,1.0
4,2.0,1.0,1.0,2,34,0.00016784722559064962,204,0.02776725451021511,0.0020310902275393894,0.006553872987819937,0.02695095387757222,0.058571796071826915,-0.0004982880623994046,-0.0015328021651399848,0.028326282333190844,1.0
4,2.0,1.0,1.0,2,35,0.00016784722559064962,210,0.02856726776598506,0.0020481630899050474,0.006184107779411282,0.025432900148957945,0.058571796071826915,-0.00047021077274450596,-0.0015779523171605414,0.029065288822494983,1.0
4,2.0,1.0,1.0,2,36,0.00016784722559064962,216,0.029366748944249843,0.002067502193436571,0.005844790225930572,0.02403958540314312,0.058571796071826915,-0.0004444416949498098,-0.0016230604984867614,0.02981277285100894,1.0
4,2.0,1.0,1.0,2,37,0.00016784722559064962,222,0.03016566812862742,0.0020888625053913645,0.00553266541249454,0.022757708314443747,0.058571796071826915,-0.00042073455812666194,-0.0016681279472647026,0.030567188360012914,1.0
4,2.0,1.0,1.0,2,38,0.00016784722559064962,228,0.030964000846338102,0.002112030855816932,0.005244902213094082,0.02157569437844424,0.058571796071826915,-0.0003988750836834143,-0.0017131557721335178,0.03132727672218094,1.0
4,2.0,1.0,1.0,2,39,0.00016784722559064962,234,0.031761726989569916,0.00213682109316482,0.00497902873480571,0.02048343371628763,0.058571796071826915,-0.00037867612420669494,-0.0017581449689581252,0.03209200928047919,1.0
4,2.0,1.0,1.0,2,40,0.00016784722559064962,240,0.03255882997134951,0.002163070077835283,0.0047328789545901945,0.01947206417654593,0.058571796071826915,-0.0003599736428384903,-0.0018030964349967926,0.03286054195590417,1.0
4,2.0,1.0,1.0,2,1,0.00021745592760409819,6,0.9507844337053539,0.6547428652522648,1.9986418100798182,31.155302682473486,0.058571796071826915,0.6550531954760196,-0.0003103302237548178,0.9750242760741235,0.9990529524101194
4,2.0,1.0,1.0,2,2,0.00021745592760409819,12,0.9167803034397414,0.028501333426715375,1.9494636171173487,7.788825670618372,0.058571796071826915,-0.028581110729709543,7.977730299416758e-05,0.9573878450560587,0.9944330194582152
4,2.0,1.0,1.0,2,3,0.00021745592760409819,18,0.260535899821282,0.06276559254550934,1.0056900199814502,3.4617002980526084,0.058571796071826915,-0.06274140065510966,-2.4191890399677396e-05,0.5087580652441674,1.0
4,2.0,1.0,1.0,2,4,0.00021745592760409819,24,0.08667626191955602,0.036442653913443535,0.5312178848986073,1.947206417654593,0.058571796071826915,-0.03631755521266415,-0.000125098700779383,0.28898375997800174,1.0
4,2.0,1.0,1.0,2,5,0.00021745592760409819,30,0.03784616691309706,0.023500271396394434,0.3269310902367711,1.2462121072989396,0.058571796071826915,-0.023291472107575206,-0.00020879928881922805,0.1826422256300474,1.0
4,2.0,1.0,1.0,2,6,0.00021745592760409819,36,0.02166046931900878,0.016431545042014967,0.22190344610085305,0.8654250745131521,0.058571796071826915,-0.01614787843315993,-0.0002836666088550377,0.12627438263939697,1.0
4,2.0,1.0,1.0,2,7,0.00021745592760409819,42,0.015571999004684534,0.012195786754909677,0.16073267590130424,0.6358225037239486,0.058571796071826915,-0.011842148279772702,-0.00035363847513697477,0.09319043972746938,1.0
4,2.0,1.0,1.0,2,8,0.00021745592760409819,48,0.013246444668504442,0.009473880312889843,0.12191512653514122,0.4868016044136482,0.058571796071826915,-0.009053226894177618,-0.0004206534187122246,0.07225576947665424,1.0
4,2.0,1.0,1.0,2,9,0.00021745592760409819,54,0.012535983107225368,0.0076307537512224355,0.09570677353266412,0.3846333664502899,0.058571796071826915,-0.007145009269076741,-0.00048574448214569466,0.058271525341056785,1.0
4,2.0,1.0,1.0,2,10,0.00021745592760409819,60,0.01259658711949152,0.00633190023001437,0.07716254342752717,0.3115530268247349,0.058571796071826915,-0.005782392489118493,-0.0005495077408958771,0.04856048610270838,1.0
4,2.0,1.0,1.0,2,11,0.00021745592760409819,66,0.013056835164302227,0.00538790651365334,0.06355065487509248,0.25748184035102056,0.058571796071826915,-0.004775595949800121,-0.0006123105638532189,0.041633162192185685,1.0
4,2.0,1.0,1.0,2,12,0.00021745592760409819,72,0.013738118885279427,0.004685081190039547,0.053259620325829725,0.21635626862828802,0.058571796071826915,-0.0040106894823137285,-0.0006743917077258188,0.036608580723953996,1.0
4,2.0,1.0,1.0,2,13,0.00021745592760409819,78,0.014548210902499026,0.004151854888616219,0.0452877872909928,0.1843509034465887,0.058571796071826915,-0.0034159417273864623,-0.0007359131612297565,0.03293907359797481,1.0
4,2.0,1.0,1.0,2,14,0.00021745592760409819,84,0.015436624806884014,0.0037413573811545253,0.03898542526180495,0.15895562593098714,0.058571796071826915,-0.002944368601204811,-0.0007969887799497144,0.03026933836063382,1.0
4,2.0,1.0,1.0,2,15,0.00021745592760409819,90,0.016374343124585744,0.003421853997019414,0.03391585631056446,0.1384680119221044,0.058571796071826915,-0.0025641530168093174,-0.0008577009802100966,0.028359603887319576,1.0
4,2.0,1.0,1.0,2,16,0.00021745592760409819,96,0.017343984200960172,0.0031712381883457763,0.02977665420198047,0.12170040110341206,0.058571796071826915,-0.0022531272638979805,-0.0009181109244477959,0.0270415688246301,1.0
4,2.0,1.0,1.0,2,17,0.00021745592760409819,102,0.01833476023413405,0.0029737275920534434,0.026352914702016218,0.10780381551028888,0.058571796071826915,-0.0019954626119305374,-0.000978264980122906,0.026192216485650722,1.0
4,2.0,1.0,1.0,2,18,0.00021745592760409819,108,0.019339766387328705,0.0028178109124857575,0.023488484155813935,0.09615834161257247,0.058571796071826915,-0.0017796119592276005,-0.001038198953258157,0.025718001999810208,1.0
4,2.0,1.0,1.0,2,19,0.00021745592760409819,114,0.020354462214032587,0.0026949323589785246,0.021067661700531776,0.08630277751377696,0.058571796071826915,-0.0015969914151541809,-0.0010979409438243437,0.025545346204106173,1.0
4,2.0,1.0,1.0,2,20,0.00021745592760409819,120,0.021375789957746916,0.0025986256775494265,0.01900322899135048,0.07788825670618373,0.058571796071826915,-0.0014411123573045415,-0.001157513320244885,0.02561500691949723,1.0
4,2.0,1.0,1.0,2,21,0.00021745592760409819,126,0.022401646204579073,0.002523930380839201,0.01722842221083578,0.07064694485821651,0.058571796071826915,-0.001306996265726862,-0.0012169341151123392,0.025878744570312404,1.0
4,2.0,1.0,1.0,2,22,0.00021745592760409819,132,0.023430556271444747,0.0024669897659762297,0.01569142793538152,0.06437046008775514,0.058571796071826915,-0.0011907717348441094,-0.0012762180311321203,0.02629723638462678,1.0
4,2.0,1.0,1.0,2,23,0.00021745592760409819,138,0.024461468439344713,0.002424768786339959,0.014351534292070476,0.05889471206516727,0.058571796071826915,-0.0010893916074744825,-0.0013353771788654767,0.026838601115363476,1.0
4,2.0,1.0,1.0,2,24,0.00021745592760409819,144,0.025493620952020013,0.0023948526088595212,0.013176391484845567,0.054089067157072006,0.058571796071826915,-0.0010004309825799584,-0.0013944216262795628,0.027477202647634952,1.0
4,2.0,1.0,1.0,2,25,0.00021745592760409819,150,0.026526454274088618,0.0023753005224156076,0.012140030439604804,0.04984848429195759,0.058571796071826915,-0.0009219407084922193,-0.0014533598139233883,0.028192598802504364,1.0
4,2.0,1.0,1.0,2,26,0.00021745592760409819,156,0.02755955212162764,0.002364538473293959,0.011221408750562885,0.04608772586164717,0.058571796071826915,-0.0008523396006920037,-0.0015121988726019553,0.028968602958263208,1.0
4,2.0,1.0,1.0,2,27,0.00021745592760409819,162,0.02859260115234552,0.0023612789811713886,0.010403329319574196,0.04273704071669887,0.058571796071826915,-0.0007903341118489227,-0.001570944869322466,0.029792461979128264,1.0
4,2.0,1.0,1.0,2,28,0.00021745592760409819,168,0.029625362978521252,0.002364460743318697,0.009671626305604098,0.039738906482746784,0.058571796071826915,-0.000734857743600853,-0.001629602999717844,0.030654156758159745,1.0
4,2.0,1.0,1.0,2,29,0.00021745592760409819,174,0.030657654455680694,0.002373202583335926,0.009014545398327014,0.03704554421221579,0.058571796071826915,-0.0006850248432078432,-0.0016881777401280829,0.03154582358128803,1.0
4,2.0,1.0,1.0,2,30,0.00021745592760409819,180,0.03168933361461457,0.0023867679787462626,0.008422267120936532,0.0346170029805261,0.058571796071826915,-0.0006400950099269553,-0.0017466729688193072,0.03246128636802335,1.0
4,2.0,1.0,1.0,2,31,0.00021745592760409819,186,0.032720289497989996,0.0024045374786409723,0.007886536620586103,0.03241966980486315,0.058571796071826915,-0.000599445415152472,-0.0018050920634885004,0.03339568507859632,1.0
4,2.0,1.0,1.0,2,32,0.00021745592760409819,192,0.03375043473289541,0.0024259870674204487,0.007400373588021383,0.030425100275853014,0.058571796071826915,-0.0005625490871730976,-0.001863437980247351,0.03434518413872865,1.0
4,2.0,1.0,1.0,2,33,0.00021745592760409819,198,0.03477970004565756,0.0024506710537275656,0.006957843070414635,0.02860909337233562,0.058571796071826915,-0.0005289577356385744,-0.0019217133180889912,0.035306745509159757,1.0
4,2.0,1.0,1.0,2,34,0.00021745592760409819,204,0.035808030170370486,0.0024782084342868382,0.006553872987819937,0.02695095387757222,0.058571796071826915,-0.0004982880623994046,-0.0019799203718874336,0.03627795292034776,1.0
4,2.0,1.0,1.0,2,35,0.00021745592760409819,210,0.03683538076857418,0.0025082719489212257,0.006184107779411282,0.025432900148957945,0.058571796071826915,-0.00047021077274450596,-0.0020380611761767198,0.03725687604774672,1.0
4,2.0,1.0,1.0,2,36,0.00021745592760409819,216,0.03786171609014499,0.002540579236562285,0.005844790225930572,0.02403958540314312,0.058571796071826915,-0.0004444416949498098,-0.002096137541612475,0.03824196558942376,1.0
4,2.0,1.0,1.0,2,37,0.00021745592760409819,222,0.03888700718219251,0.0025748856435651724,0.00553266541249454,0.022757708314443747,0.058571796071826915,-0.00042073455812666194,-0.0021541510854385104,0.03923197212724468,1.0
4,2.0,1.0,1.0,2,38,0.00021745592760409819,228,0.039911230507303275,0.0026109783407932685,0.005244902213094082,0.02157569437844424,0.058571796071826915,-0.0003988750836834143,-0.0022121032571098542,0.04022588324565083,1.0
4,2.0,1.0,1.0,2,39,0.00021745592760409819,234,0.04093436686944629,0.0026486714841653103,0.00497902873480571,0.02048343371628763,0.058571796071826915,-0.00037867612420669494,-0.0022699953599586153,0.04122287465705492,1.0
4,2.0,1.0,1.0,2,40,0.00021745592760409819,240,0.04195640057354366,0.0026878022123943135,0.0047328789545901945,0.01947206417654593,0.058571796071826915,-0.0003599736428384903,-0.002327828569555823,0.04222227208185843,1.0
4,2.0,1.0,1.0,2,1,0.000281726911384784,6,0.9507756381851614,0.6546511573869609,1.9986418100798182,31.155302682473486,0.058571796071826915,0.6550531954760196,-0.0004020380890586983,0.9750027943296619,0.998773255385049
4,2.0,1.0,1.0,2,2,0.000281726911384784,12,0.9168118377743217,0.02847779096407274,1.9494636171173487,7.788825670618372,0.058571796071826915,-0.028581110729709543,0.00010331976563680151,0.9573752311551968,0.992796108282257
4,2.0,1.0,1.0,2,3,0.000281726911384784,18,0.261239718389902,0.06277273322512045,1.0056900199814502,3.4617002980526084,0.058571796071826915,-0.06274140065510966,-3.13325700107836e-05,0.508957728254535,1.0
4,2.0,1.0,1.0,2,4,0.000281726911384784,24,0.08784398178772679,0.0364795575817809,0.5312178848986073,1.947206417654593,0.058571796071826915,-0.03631755521266415,-0.00016200236911674548,0.28939501596996575,1.0
4,2.0,1.0,1.0,2,5,0.000281726911384784,30,0.039385583429210946,0.02356183532165046,0.3269310902367711,1.2462121072989396,0.058571796071826915,-0.023291472107575206,-0.0002703632140752532,0.18325110810227774,1.0
4,2.0,1.0,1.0,2,6,0.000281726911384784,36,0.0235371305058677,0.0165151415023648,0.22190344610085305,0.8654250745131521,0.058571796071826915,-0.01614787843315993,-0.0003672630692048706,0.12707424573510775,1.0
4,2.0,1.0,1.0,2,7,0.000281726911384784,42,0.017772350558942884,0.012299951697412825,0.16073267590130424,0.6358225037239486,0.058571796071826915,-0.011842148279772702,-0.00045780341764012356,0.09418442212761945,1.0
4,2.0,1.0,1.0,2,8,0.000281726911384784,48,0.01576402790610454,0.009597722511639789,0.12191512653514122,0.4868016044136482,0.058571796071826915,-0.009053226894177618,-0.0005444956174621707,0.07345443766193069,1.0
4,2.0,1.0,1.0,2,9,0.000281726911384784,54,0.015367179391048702,0.00777368725190411,0.09570677353266412,0.3846333664502899,0.058571796071826915,-0.007145009269076741,-0.0006286779828273692,0.059691712328978117,1.0
4,2.0,1.0,1.0,2,10,0.000281726911384784,60,0.015739052895261563,0.006493515238336939,0.07716254342752717,0.3115530268247349,0.058571796071826915,-0.005782392489118493,-0.0007111227492184458,0.05022462734382152,1.0
4,2.0,1.0,1.0,2,11,0.000281726911384784,66,0.016508858969125906,0.005567901818706589,0.06355065487509248,0.25748184035102056,0.058571796071826915,-0.004775595949800121,-0.0007923058689064677,0.04356852735065336,1.0
4,2.0,1.0,1.0,2,12,0.000281726911384784,72,0.017498327873340158,0.00488322616221612,0.053259620325829725,0.21635626862828802,0.058571796071826915,-0.0040106894823137285,-0.0008725366799023915,0.03884604907236647,1.0
4,2.0,1.0,1.0,2,13,0.000281726911384784,78,0.01861542548342643,0.004367966795880918,0.0452877872909928,0.1843509034465887,0.058571796071826915,-0.0034159417273864623,-0.0009520250684944553,0.03551124051560839,1.0
4,2.0,1.0,1.0,2,14,0.000281726911384784,84,0.019809781684822392,0.003975287166148395,0.03898542526180495,0.15895562593098714,0.058571796071826915,-0.002944368601204811,-0.0010309185649435837,0.03320795245517556,1.0
4,2.0,1.0,1.0,2,15,0.000281726911384784,90,0.021052452239716857,0.0036734769868452255,0.03391585631056446,0.1384680119221044,0.058571796071826915,-0.0025641530168093174,-0.001109323970035908,0.031692635834100105,1.0
4,2.0,1.0,1.0,2,16,0.000281726911384784,96,0.02232610349439157,0.003440447813968406,0.02977665420198047,0.12170040110341206,0.058571796071826915,-0.0022531272638979805,-0.0011873205500704254,0.03079050713318465,1.0
4,2.0,1.0,1.0,2,17,0.000281726911384784,102,0.02361998026134393,0.0032604310162435146,0.026352914702016218,0.10780381551028888,0.058571796071826915,-0.0019954626119305374,-0.0012649684043129772,0.030370283812289185,1.0
4,2.0,1.0,1.0,2,18,0.000281726911384784,108,0.024927200610459388,0.0031219259087583717,0.023488484155813935,0.09615834161257247,0.058571796071826915,-0.0017796119592276005,-0.0013423139495307712,0.030329756491182105,1.0
4,2.0,1.0,1.0,2,19,0.000281726911384784,114,0.026243240691785963,0.0030163850342871668,0.021067661700531776,0.08630277751377696,0.058571796071826915,-0.0015969914151541809,-0.001419393619132986,0.03058766020415255,1.0
4,2.0,1.0,1.0,2,20,0.000281726911384784,120,0.027565055134622485,0.0029373487784649654,0.01900322899135048,0.07788825670618373,0.058571796071826915,-0.0014411123573045415,-0.001496236421160424,0.03107897248181607,1.0
4,2.0,1.0,1.0,2,21,0.000281726911384784,126,0.028890550034734175,0.002879862012163781,0.01722842221083578,0.07064694485821651,0.058571796071826915,-0.001306996265726862,-0.001572865746436919,0.031751876696842186,1.0
4,2.0,1.0,1.0,2,22,0.000281726911384784,132,0.030218258212712512,0.002840072406640387,0.01569142793538152,0.06437046008775514,0.058571796071826915,-0.0011907717348441094,-0.0016493006717962777,0.032565453218138335,1.0
4,2.0,1.0,1.0,2,23,0.000281726911384784,138,0.031547134027571366,0.0028149485233071314,0.014351534292070476,0.05889471206516727,0.058571796071826915,-0.0010893916074744825,-0.001725556915832649,0.03348770816228581,1.0
4,2.0,1.0,1.0,2,24,0.000281726911384784,144,0.03287642077041075,0.0028020785334332554,0.013176391484845567,0.054089067157072006,0.058571796071826915,-0.0010004309825799584,-0.001801647550853297,0.03449383627646317,1.0
4,2.0,1.0,1.0,2,25,0.000281726911384784,150,0.03420556319639523,0.0027995242492395156,0.012140030439604804,0.04984848429195759,0.058571796071826915,-0.0009219407084922193,-0.0018775835407472963,0.035564718168273,1.0
4,2.0,1.0,1.0,2,26,0.000281726911384784,156,0.03553414874841432,0.0028057137532374876,0.011221408750562885,0.04608772586164717,0.058571796071826915,-0.0008523396006920037,-0.001953374152545484,0.036685663359669045,1.0
4,2.0,1.0,1.0,2,27,0.000281726911384784,162,0.036861867385500124,0.0028193613868968126,0.010403329319574196,0.04273704071669887,0.058571796071826915,-0.0007903341118489227,-0.00202902727504789,0.037845392534498416,1.0
4,2.0,1.0,1.0,2,28,0.000281726911384784,168,0.03818848369612304,0.002839407411720618,0.009671626305604098,0.039738906482746784,0.058571796071826915,-0.000734857743600853,-0.002104549668119765,0.03903523459493257,1.0
4,2.0,1.0,1.0,2,29,0.000281726911384784,174,0.03951381726069736,0.002864972002912608,0.009014545398327014,0.03704554421221579,0.058571796071826915,-0.0006850248432078432,-0.002179947159704765,0.04024850503796185,1.0
4,2.0,1.0,1.0,2,30,0.000281726911384784,180,0.040837728638564386,0.0028953198128093827,0.008422267120936532,0.0346170029805261,0.058571796071826915,-0.0006400950099269553,-0.0022552248028824273,0.04148003078093253,1.0
4,2.0,1.0,1.0,2,31,0.000281726911384784,186,0.04216010924597424,0.0029298324173365198,0.007886536620586103,0.03241966980486315,0.058571796071826915,-0.000599445415152472,-0.002330387002184048,0.04272578974654827,1.0
4,2.0,1.0,1.0,2,32,0.000281726911384784,192,0.043480873960088484,0.0029679867030925344,0.007400373588021383,0.030425100275853014,0.058571796071826915,-0.0005625490871730976,-0.002405437615919437,0.043982638583562945,1.0
4,2.0,1.0,1.0,2,33,0.000281726911384784,198,0.04479995565796879,0.003009337775335408,0.006957843070414635,0.02860909337233562,0.058571796071826915,-0.0005289577356385744,-0.0024803800396968334,0.04524810721603622,1.0
4,2.0,1.0,1.0,2,34,0.000281726911384784,204,0.04611730114383039,0.003053505337481305,0.006553872987819937,0.02695095387757222,0.058571796071826915,-0.0004982880623994046,-0.0025552172750819002,0.04652024368443531,1.0
4,2.0,1.0,1.0,2,35,0.000281726911384784,210,0.047432868083339574,0.003100162759071934,0.006184107779411282,0.025432900148957945,0.058571796071826915,-0.00047021077274450596,-0.002629951986327428,0.047797496692204386,1.0
4,2.0,1.0,1.0,2,36,0.000281726911384784,216,0.04874662267604979,0.0031490282425436222,0.005844790225930572,0.02403958540314312,0.058571796071826915,-0.0004444416949498098,-0.0027045865475938125,0.049078626392263486,1.0
4,2.0,1.0,1.0,2,37,0.000281726911384784,222,0.05005853787342929,0.0031998576405620205,0.00553266541249454,0.022757708314443747,0.058571796071826915,-0.00042073455812666194,-0.0027791230824353585,0.05036263634304689,1.0
4,2.0,1.0,1.0,2,38,0.000281726911384784,228,0.05136859200441701,0.003252438580674477,0.005244902213094082,0.02157569437844424,0.058571796071826915,-0.0003988750836834143,-0.002853563496991063,0.05164872137066942,1.0
4,2.0,1.0,1.0,2,39,0.000281726911384784,234,0.05267676770721308,0.003306585632251696,0.00497902873480571,0.02048343371628763,0.058571796071826915,-0.00037867612420669494,-0.0029279095080450013,0.05293622742126447,1.0
4,2.0,1.0,1.0,2,40,0.000281726911384784,240,0.05398305109360768,0.003362136309673913,0.0047328789545901945,0.01947206417654593,0.058571796071826915,-0.0003599736428384903,-0.003002162666835423,0.05422462048771495,1.0
4,2.0,1.0,1.0,2,1,0.00036499374136589037,6,0.9507642478175482,0.6545323532342541,1.9986418100798182,31.155302682473486,0.058571796071826915,0.6550531954760196,-0.0005208422417655179,0.9749749777542506,0.998411034568792
4,2.0,1.0,1.0,2,2,0.00036499374136589037,12,0.9168526489352387,0.02844731500922254,1.9494636171173487,7.788825670618372,0.058571796071826915,-0.028581110729709543,0.00013379572048700245,0.9573589085311778,0.9906810965434236
4,2.0,1.0,1.0,2,3,0.00036499374136589037,18,0.26215051060738825,0.06278197798865343,1.0056900199814502,3.4617002980526084,0.058571796071826915,-0.06274140065510966,-4.057733354376203e-05,0.5092167000365799,1.0
4,2.0,1.0,1.0,2,4,0.00036499374136589037,24,0.08935450201846007,0.036527320790119666,0.5312178848986073,1.947206417654593,0.058571796071826915,-0.03631755521266415,-0.0002097655774555146,0.2899293443405734,1.0
4,2.0,1.0,1.0,2,5,0.00036499374136589037,30,0.04137612034050375,0.02364149441330915,0.3269310902367711,1.2462121072989396,0.058571796071826915,-0.023291472107575206,-0.00035002230573394355,0.18404458963028042,1.0
4,2.0,1.0,1.0,2,6,0.00036499374136589037,36,0.025962770589329165,0.01662328066212282,0.22190344610085305,0.8654250745131521,0.058571796071826915,-0.01614787843315993,-0.0004754022289628901,0.12812126588377196,1.0
4,2.0,1.0,1.0,2,7,0.00036499374136589037,42,0.020615234046653885,0.012434662599551782,0.16073267590130424,0.6358225037239486,0.058571796071826915,-0.011842148279772702,-0.0005925143197790805,0.09549331898219257,1.0
4,2.0,1.0,1.0,2,8,0.00036499374136589037,48,0.019015480396184392,0.009757838892797077,0.12191512653514122,0.4868016044136482,0.058571796071826915,-0.009053226894177618,-0.0007046119986194588,0.07504450910060315,1.0
4,2.0,1.0,1.0,2,9,0.00036499374136589037,54,0.019022203123798653,0.00795843832440396,0.09570677353266412,0.3846333664502899,0.058571796071826915,-0.007145009269076741,-0.0008134290553272194,0.061591570714960076,1.0
4,2.0,1.0,1.0,2,10,0.00036499374136589037,60,0.01979430136938376,0.006702358444190537,0.07716254342752717,0.3115530268247349,0.058571796071826915,-0.005782392489118493,-0.000919965955072044,0.05247084919287082,1.0
4,2.0,1.0,1.0,2,11,0.00036499374136589037,66,0.020961804886405977,0.0058004352933210546,0.06355065487509248,0.25748184035102056,0.058571796071826915,-0.004775595949800121,-0.0010248393435209335,0.04620367497174198,1.0
4,2.0,1.0,1.0,2,12,0.00036499374136589037,72,0.02234688342189961,0.0051391395074628365,0.053259620325829725,0.21635626862828802,0.058571796071826915,-0.0040106894823137285,-0.001128450025149108,0.041915560352593605,1.0
4,2.0,1.0,1.0,2,13,0.00036499374136589037,78,0.023857754281925825,0.004647011695815023,0.0452877872909928,0.1843509034465887,0.058571796071826915,-0.0034159417273864623,-0.0012310699684285609,0.039059126208669144,1.0
4,2.0,1.0,1.0,2,14,0.00036499374136589037,84,0.025444199228116582,0.00427725896258771,0.03898542526180495,0.15895562593098714,0.058571796071826915,-0.002944368601204811,-0.001332890361382899,0.03727188527716677,1.0
4,2.0,1.0,1.0,2,15,0.00036499374136589037,90,0.027077370204763085,0.003998202644613397,0.03391585631056446,0.1384680119221044,0.058571796071826915,-0.0025641530168093174,-0.0014340496278040793,0.03629962770835472,1.0
4,2.0,1.0,1.0,2,16,0.00036499374136589037,96,0.0287399971019745,0.003787777784766161,0.02977665420198047,0.12170040110341206,0.058571796071826915,-0.0022531272638979805,-0.0015346505208681804,0.03595449188573693,1.0
4,2.0,1.0,1.0,2,17,0.00036499374136589037,102,0.030421368376190028,0.0036302335748494563,0.026352914702016218,0.10780381551028888,0.058571796071826915,-0.0019954626119305374,-0.0016347709629189189,0.036092294776233894,1.0
4,2.0,1.0,1.0,2,18,0.00036499374136589037,108,0.032114633185751584,0.0035140831097675573,0.023488484155813935,0.09615834161257247,0.058571796071826915,-0.0017796119592276005,-0.0017344711505399568,0.036600348316457934,1.0
4,2.0,1.0,1.0,2,19,0.00036499374136589037,114,0.03381529060725952,0.0034307897618885697,0.021067661700531776,0.08630277751377696,0.058571796071826915,-0.0015969914151541809,-0.0018337983467343888,0.037390469581045596,1.0
4,2.0,1.0,1.0,2,20,0.00036499374136589037,120,0.0355203127491599,0.003373902552077146,0.01900322899135048,0.07788825670618373,0.058571796071826915,-0.0014411123573045415,-0.0019327901947726045,0.03839424121310596,1.0
4,2.0,1.0,1.0,2,21,0.00036499374136589037,126,0.03722761946443298,0.0033384733263671362,0.01722842221083578,0.07064694485821651,0.058571796071826915,-0.001306996265726862,-0.0020314770606402743,0.03955919804610284,1.0
4,2.0,1.0,1.0,2,22,0.00036499374136589037,132,0.038935754733861794,0.003320655456209465,0.01569142793538152,0.06437046008775514,0.058571796071826915,-0.0011907717348441094,-0.0021298837213653554,0.040845529332745545,1.0
4,2.0,1.0,1.0,2,23,0.00036499374136589037,138,0.040643682229758005,0.0033174222106711893,0.014351534292070476,0.05889471206516727,0.058571796071826915,-0.0010893916074744825,-0.0022280306031967068,0.04222325094588645,1.0
4,2.0,1.0,1.0,2,24,0.00036499374136589037,144,0.042350653220164514,0.0033263656865306357,0.013176391484845567,0.054089067157072006,0.058571796071826915,-0.0010004309825799584,-0.0023259347039506773,0.043669869268265146,1.0
4,2.0,1.0,1.0,2,25,0.00036499374136589037,150,0.044056119454744525,0.003345550998313934,0.012140030439604804,0.04984848429195759,0.058571796071826915,-0.0009219407084922193,-0.002423610289821715,0.04516852388882567,1.0
4,2.0,1.0,1.0,2,26,0.00036499374136589037,156,0.0457596746379656,0.0033734090292591723,0.011221408750562885,0.04608772586164717,0.058571796071826915,-0.0008523396006920037,-0.0025210694285671686,0.04670655540871998,1.0
4,2.0,1.0,1.0,2,27,0.00036499374136589037,162,0.04746101443612272,0.0034086565141419334,0.010403329319574196,0.04273704071669887,0.058571796071826915,-0.0007903341118489227,-0.0026183224022930107,0.04827442465502932,1.0
4,2.0,1.0,1.0,2,28,0.00036499374136589037,168,0.04915990872033027,0.0034502357740242295,0.009671626305604098,0.039738906482746784,0.058571796071826915,-0.000734857743600853,-0.0027153780304233766,0.049864908330927056,1.0
4,2.0,1.0,1.0,2,29,0.00036499374136589037,174,0.05085618202440578,0.0034972687681507075,0.009014545398327014,0.03704554421221579,0.058571796071826915,-0.0006850248432078432,-0.0028122439249428643,0.05147250510176544,1.0
4,2.0,1.0,1.0,2,30,0.00036499374136589037,180,0.0525496996028626,0.003549021703790095,0.008422267120936532,0.0346170029805261,0.058571796071826915,-0.0006400950099269553,-0.0029089266938631397,0.053092998565890226,1.0
4,2.0,1.0,1.0,2,31,0.00036499374136589037,186,0.054240357362330904,0.003604877520020394,0.007886536620586103,0.03241966980486315,0.058571796071826915,-0.000599445415152472,-0.0030054321048679222,0.05472313573900271,1.0
4,2.0,1.0,1.0,2,32,0.00036499374136589037,192,0.055928074506221837,0.003664314305055344,0.007400373588021383,0.030425100275853014,0.058571796071826915,-0.0005625490871730976,-0.0031017652178822464,0.05636039003274655,1.0
4,2.0,1.0,1.0,2,33,0.00036499374136589037,198,0.057612788104921875,0.0037268882289212546,0.006957843070414635,0.02860909337233562,0.058571796071826915,-0.0005289577356385744,-0.00319793049328268,0.05800278588649729,1.0
4,2.0,1.0,1.0,2,34,0.00036499374136589037,204,0.059294449047233355,0.0037922199432364467,0.006553872987819937,0.02695095387757222,0.058571796071826915,-0.0004982880623994046,-0.003293931880837042,0.059648768403405585,1.0
4,2.0,1.0,1.0,2,35,0.00036499374136589037,210,0.06097301899359886,0.0038599836659529985,0.006184107779411282,0.025432900148957945,0.058571796071826915,-0.00047021077274450596,-0.0033897728932084925,0.061297105916198226,1.0
4,2.0,1.0,1.0,2,36,0.00036499374136589037,216,0.06264846806339852,0.003929898362077716,0.005844790225930572,0.02403958540314312,0.058571796071826915,-0.0004444416949498098,-0.0034854566671279064,0.06294681673827308,1.0
4,2.0,1.0,1.0,2,37,0.00036499374136589037,222,0.06432077306481832,0.004001720572676892,0.00553266541249454,0.022757708314443747,0.058571796071826915,-0.00042073455812666194,-0.0035809860145502304,0.06459711376053313,1.0
4,2.0,1.0,1.0,2,38,0.00036499374136589037,228,0.06598991612984706,0.004075238549338944,0.005244902213094082,0.02157569437844424,0.058571796071826915,-0.0003988750836834143,-0.00367636346565553,0.06624736228592329,1.0
4,2.0,1.0,1.0,2,39,0.00036499374136589037,234,0.06765588365367248,0.004150267429415738,0.00497902873480571,0.02048343371628763,0.058571796071826915,-0.00037867612420669494,-0.0037715913052090433,0.06789704773871691,1.0
4,2.0,1.0,1.0,2,40,0.00036499374136589037,240,0.06931866546516685,0.004226645246229066,0.0047328789545901945,0.01947206417654593,0.058571796071826915,-0.0003599736428384903,-0.0038666716033905757,0.06954575078341205,1.0
4,2.0,1.0,1.0,2,1,0.00047287080450158787,6,0.9507494988893836,0.6543784501996878,1.9986418100798182,31.155302682473486,0.058571796071826915,0.6550531954760196,-0.0006747452763318229,0.974938963712479,0.9979419962627865
4,2.0,1.0,1.0,2,2,0.00047287080450158787,12,0.9169054493812447,0.028407873037782687,1.9494636171173487,7.788825670618372,0.058571796071826915,-0.028581110729709543,0.00017323769192685579,0.9573377941760923,0.9879505047802438
4,2.0,1.0,1.0,2,3,0.00047287080450158787,18,0.2633287418478737,0.06279394437154157,1.0056900199814502,3.4617002980526084,0.058571796071826915,-0.06274140065510966,-5.254371643190203e-05,0.5095527094710969,1.0
4,2.0,1.0,1.0,2,4,0.00047287080450158787,24,0.09130756656858285,0.0365891209077058,0.5312178848986073,1.947206417654593,0.058571796071826915,-0.03631755521266415,-0.0002715656950416506,0.2906241422445769,1.0
4,2.0,1.0,1.0,2,5,0.00047287080450158787,30,0.04394850045358778,0.02374452881834546,0.3269310902367711,1.2462121072989396,0.058571796071826915,-0.023291472107575206,-0.00045305671077025544,0.18508033276266544,1.0
4,2.0,1.0,1.0,2,6,0.00047287080450158787,36,0.029095813639884782,0.01676310483124363,0.22190344610085305,0.8654250745131521,0.058571796071826915,-0.01614787843315993,-0.0006152263980837014,0.12949563832627642,1.0
4,2.0,1.0,1.0,2,7,0.00047287080450158787,42,0.02428530360300707,0.012608784879774543,0.16073267590130424,0.6358225037239486,0.058571796071826915,-0.011842148279772702,-0.000766636600001841,0.09722410547452562,1.0
4,2.0,1.0,1.0,2,8,0.00047287080450158787,48,0.02321082849212286,0.00996472891808739,0.12191512653514122,0.4868016044136482,0.058571796071826915,-0.009053226894177618,-0.0009115020239097715,0.07716564899648785,1.0
4,2.0,1.0,1.0,2,9,0.00047287080450158787,54,0.02373584112974092,0.008197078071250946,0.09570677353266412,0.3846333664502899,0.058571796071826915,-0.007145009269076741,-0.0010520688021742053,0.06415044438338244,1.0
4,2.0,1.0,1.0,2,10,0.00047287080450158787,60,0.025021379537431665,0.006972025597495213,0.07716254342752717,0.3115530268247349,0.058571796071826915,-0.005782392489118493,-0.0011896331083767198,0.055525126003911116,1.0
4,2.0,1.0,1.0,2,11,0.00047287080450158787,66,0.02669853600829608,0.006100589860083883,0.06355065487509248,0.25748184035102056,0.058571796071826915,-0.004775595949800121,-0.0013249939102837616,0.04981636704529715,1.0
4,2.0,1.0,1.0,2,12,0.00047287080450158787,72,0.02859005171064366,0.005469360052039768,0.053259620325829725,0.21635626862828802,0.058571796071826915,-0.0040106894823137285,-0.0014586705697260394,0.0461479456580359,1.0
4,2.0,1.0,1.0,2,13,0.00047287080450158787,78,0.030604472179549425,0.005006957277208096,0.0452877872909928,0.1843509034465887,0.058571796071826915,-0.0034159417273864623,-0.0015910155498216338,0.0439625452767466,1.0
4,2.0,1.0,1.0,2,14,0.00047287080450158787,84,0.03269177867831807,0.0046666452680866055,0.03898542526180495,0.15895562593098714,0.058571796071826915,-0.002944368601204811,-0.0017222766668817946,0.04288072711890022,1.0
4,2.0,1.0,1.0,2,15,0.00047287080450158787,90,0.034823250644498094,0.004416786400113143,0.03391585631056446,0.1384680119221044,0.058571796071826915,-0.0025641530168093174,-0.0018526333833038255,0.042628003626712624,1.0
4,2.0,1.0,1.0,2,16,0.00047287080450158787,96,0.036981703263895604,0.004235346215120034,0.02977665420198047,0.12170040110341206,0.058571796071826915,-0.0022531272638979805,-0.0019822189512220534,0.042997606557051274,1.0
4,2.0,1.0,1.0,2,17,0.00047287080450158787,102,0.03915648455926113,0.004106597066760587,0.026352914702016218,0.10780381551028888,0.058571796071826915,-0.0019954626119305374,-0.0021111344548300492,0.04383135834475279,1.0
4,2.0,1.0,1.0,2,18,0.00047287080450158787,108,0.04134078701936894,0.004019069973888123,0.023488484155813935,0.09615834161257247,0.058571796071826915,-0.0017796119592276005,-0.0022394580146605225,0.04500868153514857,1.0
4,2.0,1.0,1.0,2,19,0.00047287080450158787,114,0.043530142493811486,0.003964242410818775,0.021067661700531776,0.08630277751377696,0.058571796071826915,-0.0015969914151541809,-0.0023672509956645937,0.04643879317421995,1.0
4,2.0,1.0,1.0,2,20,0.00047287080450158787,120,0.04572154881442303,0.003935674657497251,0.01900322899135048,0.07788825670618373,0.058571796071826915,-0.0014411123573045415,-0.0024945623001927097,0.04805424776450077,1.0
4,2.0,1.0,1.0,2,21,0.00047287080450158787,126,0.04791294673746127,0.00392842766830892,0.01722842221083578,0.07064694485821651,0.058571796071826915,-0.001306996265726862,-0.0026214314025820584,0.04980544461365043,1.0
4,2.0,1.0,1.0,2,22,0.00047287080450158787,132,0.05010289778017385,0.003938662271192245,0.01569142793538152,0.06437046008775514,0.058571796071826915,-0.0011907717348441094,-0.0027478905363481354,0.05165611519372452,1.0
4,2.0,1.0,1.0,2,23,0.00047287080450158787,138,0.0522903807535372,0.003963357905714837,0.014351534292070476,0.05889471206516727,0.058571796071826915,-0.0010893916074744825,-0.0028739662982403547,0.05357978100049547,1.0
4,2.0,1.0,1.0,2,24,0.00047287080450158787,144,0.05447466032587811,0.004000111825705505,0.013176391484845567,0.054089067157072006,0.058571796071826915,-0.0010004309825799584,-0.002999680843125546,0.055557076158281704,1.0
4,2.0,1.0,1.0,2,25,0.00047287080450158787,150,0.05665520036585314,0.004046993495205542,0.012140030439604804,0.04984848429195759,0.058571796071826915,-0.0009219407084922193,-0.0031250527867133227,0.057573776440606614,1.0
4,2.0,1.0,1.0,2,26,0.00047287080450158787,156,0.058831605737853954,0.004102437496989547,0.011221408750562885,0.04608772586164717,0.058571796071826915,-0.0008523396006920037,-0.0032500978962975435,0.05961937203152015,1.0
4,2.0,1.0,1.0,2,27,0.00047287080450158787,162,0.06100358253968097,0.0041651637373704975,0.010403329319574196,0.04273704071669887,0.058571796071826915,-0.0007903341118489227,-0.003374829625521575,0.061686043114887554,1.0
4,2.0,1.0,1.0,2,28,0.00047287080450158787,168,0.06317091051298496,0.004234117276403132,0.009671626305604098,0.039738906482746784,0.058571796071826915,-0.000734857743600853,-0.003499259532802279,0.06376792702380338,1.0
4,2.0,1.0,1.0,2,29,0.00047287080450158787,174,0.06533342362431904,0.0043084224551865336,0.009014545398327014,0.03704554421221579,0.058571796071826915,-0.0006850248432078432,-0.0036233976119786904,0.06586059367443578,1.0
4,2.0,1.0,1.0,2,30,0.00047287080450158787,180,0.06749099621480947,0.00438734756585854,0.008422267120936532,0.0346170029805261,0.058571796071826915,-0.0006400950099269553,-0.003747252555931585,0.06796066888326625,1.0
4,2.0,1.0,1.0,2,31,0.00047287080450158787,186,0.06964353300059622,0.004470277383723575,0.007886536620586103,0.03241966980486315,0.058571796071826915,-0.000599445415152472,-0.0038708319685711035,0.07006556253241884,1.0
4,2.0,1.0,1.0,2,32,0.00047287080450158787,192,0.07179096176998934,0.004556691623772702,0.007400373588021383,0.030425100275853014,0.058571796071826915,-0.0005625490871730976,-0.003994142536599604,0.07217327119956642,1.0
4,2.0,1.0,1.0,2,33,0.00047287080450158787,198,0.0739332279939775,0.004646147905331438,0.006957843070414635,0.02860909337233562,0.058571796071826915,-0.0005289577356385744,-0.004117190169692864,0.07428223387806462,1.0
4,2.0,1.0,1.0,2,34,0.00047287080450158787,204,0.07607029080893468,0.004738268178122035,0.006553872987819937,0.02695095387757222,0.058571796071826915,-0.0004982880623994046,-0.00423998011572263,0.07639122574656577,1.0
4,2.0,1.0,1.0,2,35,0.00047287080450158787,210,0.0782021199942462,0.004832727828740335,0.006184107779411282,0.025432900148957945,0.058571796071826915,-0.00047021077274450596,-0.004362517055995829,0.07849927937599507,1.0
4,2.0,1.0,1.0,2,36,0.00047287080450158787,216,0.08032869367888873,0.004929246879446764,0.005844790225930572,0.02403958540314312,0.058571796071826915,-0.0004444416949498098,-0.004484805184496954,0.08060562585389726,1.0
4,2.0,1.0,1.0,2,37,0.00047287080450158787,222,0.08244999658656804,0.005027582832292515,0.00553266541249454,0.022757708314443747,0.058571796071826915,-0.00042073455812666194,-0.004606848274165853,0.08270965046782319,1.0
4,2.0,1.0,1.0,2,38,0.00047287080450158787,228,0.08456601868294389,0.005127524816293277,0.005244902213094082,0.02157569437844424,0.058571796071826915,-0.0003988750836834143,-0.004728649732609863,0.0848108591068975,1.0
4,2.0,1.0,1.0,2,39,0.00047287080450158787,234,0.08667675412488851,0.005228888773410628,0.00497902873480571,0.02048343371628763,0.058571796071826915,-0.00037867612420669494,-0.004850212649203933,0.08690885260976475,1.0
4,2.0,1.0,1.0,2,40,0.00047287080450158787,240,0.08878220043893592,0.005331513477882521,0.0047328789545901945,0.01947206417654593,0.058571796071826915,-0.0003599736428384903,-0.004971539835044031,0.0890033070456528,1.0
4,2.0,1.0,1.0,2,1,0.0006126318684621583,6,0.9507304041446496,0.6541790844882794,1.9986418100798182,31.155302682473486,0.058571796071826915,0.6550531954760196,-0.000874110987740151,0.9748923456023713,0.9973347321292274
4,2.0,1.0,1.0,2,2,0.0006126318684621583,12,0.9169737334066352,0.02835684312222949,1.9494636171173487,7.788825670618372,0.058571796071826915,-0.028581110729709543,0.0002242676074800526,0.9573104938541919,0.9844287684851889
4,2.0,1.0,1.0,2,3,0.0006126318684621583,18,0.2648522711447747,0.06280942948095464,1.0056900199814502,3.4617002980526084,0.058571796071826915,-0.06274140065510966,-6.80288258449735e-05,0.5099888589407551,1.0
4,2.0,1.0,1.0,2,4,0.0006126318684621583,24,0.09383133979748393,0.036669052600024205,0.5312178848986073,1.947206417654593,0.058571796071826915,-0.03631755521266415,-0.000351497387360053,0.2915285405876441,1.0
4,2.0,1.0,1.0,2,5,0.0006126318684621583,30,0.04727032886465865,0.023877733359906922,0.3269310902367711,1.2462121072989396,0.058571796071826915,-0.023291472107575206,-0.0005862612523317157,0.1864350930096107,1.0
4,2.0,1.0,1.0,2,6,0.0006126318684621583,36,0.03313893753735497,0.01694379213795788,0.22190344610085305,0.8654250745131521,0.058571796071826915,-0.01614787843315993,-0.0007959137047979514,0.13130591718394918,1.0
4,2.0,1.0,1.0,2,7,0.0006126318684621583,42,0.02901827421337999,0.012833694675805057,0.16073267590130424,0.6358225037239486,0.058571796071826915,-0.011842148279772702,-0.0009915463960323556,0.09952420441424184,1.0
4,2.0,1.0,1.0,2,8,0.0006126318684621583,48,0.02861758118586588,0.010231846202554129,0.12191512653514122,0.4868016044136482,0.058571796071826915,-0.009053226894177618,-0.0011786193083765106,0.08001335611386634,1.0
4,2.0,1.0,1.0,2,9,0.0006126318684621583,54,0.02980647219722632,0.008505051616615161,0.09570677353266412,0.3846333664502899,0.058571796071826915,-0.007145009269076741,-0.0013600423475384205,0.06762171973622666,1.0
4,2.0,1.0,1.0,2,10,0.0006126318684621583,60,0.031748757170855346,0.007319887359060057,0.07716254342752717,0.3115530268247349,0.058571796071826915,-0.005782392489118493,-0.0015374948699415636,0.05970648608620724,1.0
4,2.0,1.0,1.0,2,11,0.0006126318684621583,66,0.034076908562451824,0.006487608114205706,0.06355065487509248,0.25748184035102056,0.058571796071826915,-0.004775595949800121,-0.0017120121644055852,0.05479353758005365,1.0
4,2.0,1.0,1.0,2,12,0.0006126318684621583,72,0.03661441280129418,0.005894956804466139,0.053259620325829725,0.21635626862828802,0.058571796071826915,-0.0040106894823137285,-0.0018842673221524109,0.051992194983383117,1.0
4,2.0,1.0,1.0,2,13,0.0006126318684621583,78,0.03927024634432075,0.00547065896102264,0.0452877872909928,0.1843509034465887,0.058571796071826915,-0.0034159417273864623,-0.0020547172336361774,0.05071898380721937,1.0
4,2.0,1.0,1.0,2,14,0.0006126318684621583,84,0.041994655008560366,0.00516805182920238,0.03898542526180495,0.15895562593098714,0.058571796071826915,-0.002944368601204811,-0.0022236832279975693,0.05056338074523073,1.0
4,2.0,1.0,1.0,2,15,0.0006126318684621583,90,0.044759089724644374,0.004955551103154571,0.03391585631056446,0.1384680119221044,0.058571796071826915,-0.0025641530168093174,-0.0023913980863452533,0.051223268453526205,1.0
4,2.0,1.0,1.0,2,16,0.0006126318684621583,96,0.04754648263316086,0.004811161990462831,0.02977665420198047,0.12170040110341206,0.058571796071826915,-0.0022531272638979805,-0.0025580347265648506,0.052473280683162274,1.0
4,2.0,1.0,1.0,2,17,0.0006126318684621583,102,0.050346265450029404,0.0047191870058142515,0.026352914702016218,0.10780381551028888,0.058571796071826915,-0.0019954626119305374,-0.002723724393883714,0.05414661550245155,1.0
4,2.0,1.0,1.0,2,18,0.0006126318684621583,108,0.053151693358851615,0.0046681805435085655,0.023488484155813935,0.09615834161257247,0.058571796071826915,-0.0017796119592276005,-0.002888568584280965,0.056121724460838185,1.0
4,2.0,1.0,1.0,2,19,0.0006126318684621583,114,0.055958347239597916,0.004649638501782266,0.021067661700531776,0.08630277751377696,0.058571796071826915,-0.0015969914151541809,-0.0030526470866280853,0.05831128600810205,1.0
4,2.0,1.0,1.0,2,20,0.0006126318684621583,120,0.05876326481974137,0.004657135901303122,0.01900322899135048,0.07788825670618373,0.058571796071826915,-0.0014411123573045415,-0.0032160235439985807,0.0606531356616628,1.0
4,2.0,1.0,1.0,2,21,0.0006126318684621583,126,0.06156442049497679,0.004685745650550716,0.01722842221083578,0.07064694485821651,0.058571796071826915,-0.001306996265726862,-0.0033787493848238537,0.06310317270968514,1.0
4,2.0,1.0,1.0,2,22,0.0006126318684621583,132,0.06436040504185847,0.004731638391160337,0.01569142793538152,0.06437046008775514,0.058571796071826915,-0.0011907717348441094,-0.003540866656316227,0.06563007417089307,1.0
4,2.0,1.0,1.0,2,23,0.0006126318684621583,138,0.06715022340132226,0.004791801709944615,0.014351534292070476,0.05889471206516727,0.058571796071826915,-0.0010893916074744825,-0.003702410102470133,0.0682114899360055,1.0
4,2.0,1.0,1.0,2,24,0.0006126318684621583,144,0.06993316409333739,0.004863839694587535,0.013176391484845567,0.054089067157072006,0.058571796071826915,-0.0010004309825799584,-0.0038634087120075766,0.07083136223919534,1.0
4,2.0,1.0,1.0,2,25,0.0006126318684621583,150,0.07270871314978933,0.004945827596333108,0.012140030439604804,0.04984848429195759,0.058571796071826915,-0.0009219407084922193,-0.0040238868878408884,0.07347805832049148,1.0
4,2.0,1.0,1.0,2,26,0.0006126318684621583,156,0.0754764963256731,0.005036204942616723,0.011221408750562885,0.04608772586164717,0.058571796071826915,-0.0008523396006920037,-0.00418386534192472,0.07614307472620617,1.0
4,2.0,1.0,1.0,2,27,0.0006126318684621583,162,0.07823623963441106,0.005133695899891572,0.010403329319574196,0.04273704071669887,0.058571796071826915,-0.0007903341118489227,-0.004343361788042649,0.0788201373717711,1.0
4,2.0,1.0,1.0,2,28,0.0006126318684621583,168,0.08098774197439396,0.005237249227476065,0.009671626305604098,0.039738906482746784,0.058571796071826915,-0.000734857743600853,-0.004502391483875212,0.08150457382708237,1.0
4,2.0,1.0,1.0,2,29,0.0006126318684621583,174,0.0837308558689962,0.005345992502570479,0.009014545398327014,0.03704554421221579,0.058571796071826915,-0.0006850248432078432,-0.004660967659362636,0.08419287270189948,1.0
4,2.0,1.0,1.0,2,30,0.0006126318684621583,180,0.08646547373459745,0.00545919686815316,0.008422267120936532,0.0346170029805261,0.058571796071826915,-0.0006400950099269553,-0.004819101858226205,0.08688237200346202,1.0
4,2.0,1.0,1.0,2,31,0.0006126318684621583,186,0.08919151797013791,0.005576249627757213,0.007886536620586103,0.03241966980486315,0.058571796071826915,-0.000599445415152472,-0.004976804212604741,0.08957103687175572,1.0
4,2.0,1.0,1.0,2,32,0.0006126318684621583,192,0.09190893372209552,0.005696632752745567,0.007400373588021383,0.030425100275853014,0.058571796071826915,-0.0005625490871730976,-0.00513408366557247,0.09225729967583318,1.0
4,2.0,1.0,1.0,2,33,0.0006126318684621583,198,0.09461768354710987,0.005819905888399812,0.006957843070414635,0.02860909337233562,0.058571796071826915,-0.0005289577356385744,-0.005290948152761238,0.09493994395785745,1.0
4,2.0,1.0,1.0,2,34,0.0006126318684621583,204,0.09731774343510469,0.005945692814023296,0.006553872987819937,0.02695095387757222,0.058571796071826915,-0.0004982880623994046,-0.005447404751623891,0.0976180194607999,1.0
4,2.0,1.0,1.0,2,35,0.0006126318684621583,210,0.10000909981856432,0.00607367057757105,0.006184107779411282,0.025432900148957945,0.058571796071826915,-0.00047021077274450596,-0.005603459804826544,0.10029077937742689,1.0
4,2.0,1.0,1.0,2,36,0.0006126318684621583,216,0.1026917473040525,0.00620356071786432,0.005844790225930572,0.02403958540314312,0.058571796071826915,-0.0004444416949498098,-0.005759119022914511,0.10295763361981859,1.0
4,2.0,1.0,1.0,2,37,0.0006126318684621583,222,0.10536568693721282,0.006335122128300064,0.00553266541249454,0.022757708314443747,0.058571796071826915,-0.00042073455812666194,-0.005914387570173402,0.10561811373571724,1.0
4,2.0,1.0,1.0,2,38,0.0006126318684621583,228,0.10803092486590249,0.006468145220499044,0.005244902213094082,0.02157569437844424,0.058571796071826915,-0.0003988750836834143,-0.00606927013681563,0.10827184636197776,1.0
4,2.0,1.0,1.0,2,39,0.0006126318684621583,234,0.11068747130228163,0.006602447124203187,0.00497902873480571,0.02048343371628763,0.058571796071826915,-0.00037867612420669494,-0.006223770999996492,0.11091853298560252,1.0
4,2.0,1.0,1.0,2,40,0.0006126318684621583,240,0.11333533971171073,0.006737867718421359,0.0047328789545901945,0.01947206417654593,0.058571796071826915,-0.0003599736428384903,-0.006377894075582868,0.11355793440153292,1.0
4,2.0,1.0,1.0,2,1,0.0007937005259841,6,0.9507056881891749,0.6539208359693,1.9986418100798182,31.155302682473486,0.058571796071826915,0.6550531954760196,-0.001132359506719638,0.9748320165083934,0.9965486606703818
4,2.0,1.0,1.0,2,2,0.0007937005259841,12,0.9170619948462351,0.028290847386409725,1.9494636171173487,7.788825670618372,0.058571796071826915,-0.028581110729709543,0.00029026334329981807,0.9572752160730107,0.979892654740588
4,2.0,1.0,1.0,2,3,0.0007937005259841,18,0.26682117117298,0.06282946107277769,1.0056900199814502,3.4617002980526084,0.058571796071826915,-0.06274140065510966,-8.806041766802608e-05,0.5105553009208572,1.0
4,2.0,1.0,1.0,2,4,0.0007937005259841,24,0.09709009655060385,0.03677238425182322,0.5312178848986073,1.947206417654593,0.058571796071826915,-0.03631755521266415,-0.0004548290391590687,0.2927073185397794,1.0
4,2.0,1.0,1.0,2,5,0.0007937005259841,30,0.05155582325449748,0.024049834344667037,0.3269310902367711,1.2462121072989396,0.058571796071826915,-0.023291472107575206,-0.0007583622370918308,0.18821168404706567,1.0
4,2.0,1.0,1.0,2,6,0.0007937005259841,36,0.03835044461292281,0.017177107821236104,0.22190344610085305,0.8654250745131521,0.058571796071826915,-0.01614787843315993,-0.001029229388076175,0.133700300660541,1.0
4,2.0,1.0,1.0,2,7,0.0007937005259841,42,0.035113683834328446,0.013123947597670077,0.16073267590130424,0.6358225037239486,0.058571796071826915,-0.011842148279772702,-0.0012817993178973752,0.10259858975106684,1.0
4,2.0,1.0,1.0,2,8,0.0007937005259841,48,0.03557468738145664,0.010576372092260394,0.12191512653514122,0.4868016044136482,0.058571796071826915,-0.009053226894177618,-0.001523145198082776,0.08386288093813493,1.0
4,2.0,1.0,1.0,2,9,0.0007937005259841,54,0.03761104567068008,0.008902046244293776,0.09570677353266412,0.3846333664502899,0.058571796071826915,-0.007145009269076741,-0.0017570369752170356,0.07236276350524112,1.0
4,2.0,1.0,1.0,2,10,0.0007937005259841,60,0.04039016453403643,0.007768043133913299,0.07716254342752717,0.3115530268247349,0.058571796071826915,-0.005782392489118493,-0.0019856506447948064,0.06545908216883875,1.0
4,2.0,1.0,1.0,2,11,0.0007937005259841,66,0.04354631378094942,0.006985923877588368,0.06355065487509248,0.25748184035102056,0.058571796071826915,-0.004775595949800121,-0.002210327927788247,0.06165880677354599,1.0
4,2.0,1.0,1.0,2,12,0.0007937005259841,72,0.046903956897170085,0.006442630859285925,0.053259620325829725,0.21635626862828802,0.058571796071826915,-0.0040106894823137285,-0.0024319413769721965,0.06003219376144418,1.0
4,2.0,1.0,1.0,2,13,0.0007937005259841,78,0.05037264133346597,0.006067025214918698,0.0452877872909928,0.1843509034465887,0.058571796071826915,-0.0034159417273864623,-0.0026510834875322353,0.05994836497381308,1.0
4,2.0,1.0,1.0,2,14,0.0007937005259841,84,0.05390296899867475,0.005812539752061391,0.03898542526180495,0.15895562593098714,0.058571796071826915,-0.002944368601204811,-0.00286817115085658,0.060956013805947,1.0
4,2.0,1.0,1.0,2,15,0.0007937005259841,90,0.05746662669409708,0.005647659569252922,0.03391585631056446,0.1384680119221044,0.058571796071826915,-0.0025641530168093174,-0.0030835065524436045,0.06272795181724913,1.0
4,2.0,1.0,1.0,2,16,0.0007937005259841,96,0.06104671195165179,0.005550441592658828,0.02977665420198047,0.12170040110341206,0.058571796071826915,-0.0022531272638979805,-0.0032973143287608475,0.06502968214107169,1.0
4,2.0,1.0,1.0,2,17,0.0007937005259841,102,0.06463277886626262,0.005505227742614693,0.026352914702016218,0.10780381551028888,0.058571796071826915,-0.0019954626119305374,-0.003509765130684156,0.06769619465145973,1.0
4,2.0,1.0,1.0,2,18,0.0007937005259841,108,0.06821817781586681,0.005500603028069095,0.023488484155813935,0.09615834161257247,0.058571796071826915,-0.0017796119592276005,-0.003720991068841495,0.07061306412846502,1.0
4,2.0,1.0,1.0,2,19,0.0007937005259841,114,0.0717985671535819,0.005528087546516985,0.021067661700531776,0.08630277751377696,0.058571796071826915,-0.0015969914151541809,-0.0039310961313628046,0.07370154219079232,1.0
4,2.0,1.0,1.0,2,20,0.0007937005259841,120,0.07537105020278212,0.0055812757453534145,0.01900322899135048,0.07788825670618373,0.058571796071826915,-0.0014411123573045415,-0.004140163388048873,0.07690748179947382,1.0
4,2.0,1.0,1.0,2,21,0.0007937005259841,126,0.07893365879081493,0.005655256348594817,0.01722842221083578,0.07064694485821651,0.058571796071826915,-0.001306996265726862,-0.004348260082867955,0.08019349633213826,1.0
4,2.0,1.0,1.0,2,22,0.0007937005259841,132,0.08248503538129492,0.005746213039308612,0.01569142793538152,0.06437046008775514,0.058571796071826915,-0.0011907717348441094,-0.004555441304464503,0.08353357658557752,1.0
4,2.0,1.0,1.0,2,23,0.0007937005259841,138,0.08602423247057489,0.005851144285568183,0.014351534292070476,0.05889471206516727,0.058571796071826915,-0.0010893916074744825,-0.0047617526780937,0.08690945505488983,1.0
4,2.0,1.0,1.0,2,24,0.0007937005259841,144,0.08955058309986963,0.005967663353500879,0.013176391484845567,0.054089067157072006,0.058571796071826915,-0.0010004309825799584,-0.004967232370920921,0.09030816529095348,1.0
4,2.0,1.0,1.0,2,25,0.0007937005259841,150,0.09306361554881093,0.006093853315502523,0.012140030439604804,0.04984848429195759,0.058571796071826915,-0.0009219407084922193,-0.005171912607010304,0.09372040238676728,1.0
4,2.0,1.0,1.0,2,26,0.0007937005259841,156,0.09656299608290175,0.006228160427277557,0.011221408750562885,0.04608772586164717,0.058571796071826915,-0.0008523396006920037,-0.005375820826585553,0.09713941608217627,1.0
4,2.0,1.0,1.0,2,27,0.0007937005259841,162,0.10004848987278525,0.006369314695382239,0.010403329319574196,0.04273704071669887,0.058571796071826915,-0.0007903341118489227,-0.005578980583533316,0.1005602576930174,1.0
4,2.0,1.0,1.0,2,28,0.0007937005259841,168,0.1035199338996633,0.006516269991242468,0.009671626305604098,0.039738906482746784,0.058571796071826915,-0.000734857743600853,-0.005781412247641615,0.1039792630068396,1.0
4,2.0,1.0,1.0,2,29,0.0007937005259841,174,0.10697721790053316,0.006668158402758362,0.009014545398327014,0.03704554421221579,0.058571796071826915,-0.0006850248432078432,-0.005983133559550519,0.1073936936153979,1.0
4,2.0,1.0,1.0,2,30,0.0007937005259841,180,0.11042027078916994,0.006824255083120678,0.008422267120936532,0.0346170029805261,0.058571796071826915,-0.0006400950099269553,-0.006184160073193723,0.1108014855340207,1.0
4,2.0,1.0,1.0,2,31,0.0007937005259841,186,0.11384905086092967,0.006983950926756133,0.007886536620586103,0.03241966980486315,0.058571796071826915,-0.000599445415152472,-0.006384505511603661,0.1142010711610907,1.0
4,2.0,1.0,1.0,2,32,0.0007937005259841,192,0.11726353864558559,0.007146731142359725,0.007400373588021383,0.030425100275853014,0.058571796071826915,-0.0005625490871730976,-0.006584182055186627,0.1175912518708141,1.0
4,2.0,1.0,1.0,2,33,0.0007937005259841,198,0.12066373163757405,0.007312158312671069,0.006957843070414635,0.02860909337233562,0.058571796071826915,-0.0005289577356385744,-0.006783200577032494,0.12097110591663446,1.0
4,2.0,1.0,1.0,2,34,0.0007937005259841,204,0.12404964037168309,0.007479858898680691,0.006553872987819937,0.02695095387757222,0.058571796071826915,-0.0004982880623994046,-0.006981570836281287,0.12433992120675108,1.0
4,2.0,1.0,1.0,2,35,0.0007937005259841,210,0.12742128547359122,0.007649512410745712,0.006184107779411282,0.025432900148957945,0.058571796071826915,-0.00047021077274450596,-0.0071793016380012065,0.12769714577193916,1.0
4,2.0,1.0,1.0,2,36,0.0007937005259841,216,0.13077869542404297,0.00782084266114283,0.005844790225930572,0.02403958540314312,0.058571796071826915,-0.0004444416949498098,-0.00737640096619302,0.1310423509392823,1.0
4,2.0,1.0,1.0,2,37,0.0007937005259841,222,0.13412190484994546,0.007993610653164979,0.00553266541249454,0.022757708314443747,0.058571796071826915,-0.00042073455812666194,-0.007572876095038317,0.1343752037152729,1.0
4,2.0,1.0,1.0,2,38,0.0007937005259841,228,0.13745095320850909,0.008167608766107143,0.005244902213094082,0.02157569437844424,0.058571796071826915,-0.0003988750836834143,-0.0077687336824237285,0.13769544590383917,1.0
4,2.0,1.0,1.0,2,39,0.0007937005259841,234,0.14076588376640475,0.008342655973199914,0.00497902873480571,0.02048343371628763,0.058571796071826915,-0.00037867612420669494,-0.007963979848993219,0.14100287819175494,1.0
4,2.0,1.0,1.0,2,40,0.0007937005259841,240,0.14406674280264165,0.008518593888071135,0.0047328789545901945,0.01947206417654593,0.058571796071826915,-0.0003599736428384903,-0.008158620245232645,0.14429734792818677,1.0
4,2.0,1.0,1.0,2,1,0.0010282855942978896,6,0.9506737047999123,0.6535863294454992,1.9986418100798182,31.155302682473486,0.058571796071826915,0.6550531954760196,-0.0014668660305203751,0.9747539696273657,0.9955313900776945
4,2.0,1.0,1.0,2,2,0.0010282855942978896,12,0.9171760001660578,0.028205541399538424,1.9494636171173487,7.788825670618372,0.058571796071826915,-0.028581110729709543,0.0003755693301711188,0.9572296646030085,0.9740599178224532
4,2.0,1.0,1.0,2,3,0.0010282855942978896,18,0.2693637586720691,0.06285536237221731,1.0056900199814502,3.4617002980526084,0.058571796071826915,-0.06274140065510966,-0.0001139617171076468,0.5112914674567952,1.0
4,2.0,1.0,1.0,2,4,0.0010282855942978896,24,0.10129371426683309,0.036905880328010926,0.5312178848986073,1.947206417654593,0.058571796071826915,-0.03631755521266415,-0.0005883251153467745,0.29424625927892173,1.0
4,2.0,1.0,1.0,2,5,0.0010282855942978896,30,0.05707764842121288,0.024272008950764312,0.3269310902367711,1.2462121072989396,0.058571796071826915,-0.023291472107575206,-0.000980536843189106,0.1905488096321688,1.0
4,2.0,1.0,1.0,2,6,0.0010282855942978896,36,0.045057873574892326,0.017478084933840482,0.22190344610085305,0.8654250745131521,0.058571796071826915,-0.01614787843315993,-0.001330206500680553,0.13688287081638387,1.0
4,2.0,1.0,1.0,2,7,0.0010282855942978896,42,0.042949911405387065,0.013498096563436451,0.16073267590130424,0.6358225037239486,0.058571796071826915,-0.011842148279772702,-0.0016559482836637496,0.1067342469912709,1.0
4,2.0,1.0,1.0,2,8,0.0010282855942978896,48,0.04450865752531297,0.0110201521763158,0.12191512653514122,0.4868016044136482,0.058571796071826915,-0.009053226894177618,-0.001966925282138182,0.08910185872802137,1.0
4,2.0,1.0,1.0,2,9,0.0010282855942978896,54,0.04762203506087914,0.009413031251588488,0.09570677353266412,0.3846333664502899,0.058571796071826915,-0.007145009269076741,-0.0022680219825117476,0.07887149831351922,1.0
4,2.0,1.0,1.0,2,10,0.0010282855942978896,60,0.051462123497198475,0.008344450799741804,0.07716254342752717,0.3115530268247349,0.058571796071826915,-0.005782392489118493,-0.002562058310623311,0.07338381185885981,1.0
4,2.0,1.0,1.0,2,11,0.0010282855942978896,66,0.0556655436265584,0.007626369544165762,0.06355065487509248,0.25748184035102056,0.058571796071826915,-0.004775595949800121,-0.002850773594365641,0.07109007194840133,1.0
4,2.0,1.0,1.0,2,12,0.0010282855942978896,72,0.06005805083448634,0.007145988940618325,0.053259620325829725,0.21635626862828802,0.058571796071826915,-0.0040106894823137285,-0.0031352994583045968,0.07098852136586284,1.0
4,2.0,1.0,1.0,2,13,0.0010282855942978896,78,0.06454996025699822,0.00683234649317227,0.0452877872909928,0.1843509034465887,0.058571796071826915,-0.0034159417273864623,-0.0034164047657858077,0.072386799048167,1.0
4,2.0,1.0,1.0,2,14,0.0010282855942978896,84,0.0690923640225708,0.006638999513742777,0.03898542526180495,0.15895562593098714,0.058571796071826915,-0.002944368601204811,-0.003694630912537966,0.07479853899542814,1.0
4,2.0,1.0,1.0,2,15,0.0010282855942978896,90,0.0736572838611308,0.006534523722615343,0.03391585631056446,0.1384680119221044,0.058571796071826915,-0.0025641530168093174,-0.003970370705806026,0.07788694386876222,1.0
4,2.0,1.0,1.0,2,16,0.0010282855942978896,96,0.07822806110861058,0.006497043757114518,0.02977665420198047,0.12170040110341206,0.058571796071826915,-0.0022531272638979805,-0.004243916493216537,0.08142363868646516,1.0
4,2.0,1.0,1.0,2,17,0.0010282855942978896,102,0.08279443796125596,0.00651095329665613,0.026352914702016218,0.10780381551028888,0.058571796071826915,-0.0019954626119305374,-0.004515490684725593,0.0852560651142365,1.0
4,2.0,1.0,1.0,2,18,0.0010282855942978896,108,0.08734991760178845,0.006564877718656242,0.023488484155813935,0.09615834161257247,0.058571796071826915,-0.0017796119592276005,-0.004785265759428642,0.08928290398525641,1.0
4,2.0,1.0,1.0,2,19,0.0010282855942978896,114,0.09189028808969923,0.0066503691753159455,0.021067661700531776,0.08630277751377696,0.058571796071826915,-0.0015969914151541809,-0.005053377760161765,0.09343673478924032,1.0
4,2.0,1.0,1.0,2,20,0.0010282855942978896,120,0.09641276688748401,0.006761047982854901,0.01900322899135048,0.07788825670618373,0.058571796071826915,-0.0014411123573045415,-0.005319935625550359,0.09767236494092298,1.0
4,2.0,1.0,1.0,2,21,0.0010282855942978896,126,0.1009154891787245,0.006892024052463558,0.01722842221083578,0.07064694485821651,0.058571796071826915,-0.001306996265726862,-0.005585027786736696,0.10195918079390265,1.0
4,2.0,1.0,1.0,2,22,0.0010282855942978896,132,0.10539719311799411,0.007039498657000126,0.01569142793538152,0.06437046008775514,0.058571796071826915,-0.0011907717348441094,-0.005848726922156017,0.10627619053402253,1.0
4,2.0,1.0,1.0,2,23,0.0010282855942978896,138,0.10985702130568642,0.007200485052189898,0.014351534292070476,0.05889471206516727,0.058571796071826915,-0.0010893916074744825,-0.006111093444715415,0.11060881524625135,1.0
4,2.0,1.0,1.0,2,24,0.0010282855942978896,144,0.1142943927145007,0.007372609082097081,0.013176391484845567,0.054089067157072006,0.058571796071826915,-0.0010004309825799584,-0.006372178099517123,0.11494680089739004,1.0
4,2.0,1.0,1.0,2,25,0.0010282855942978896,150,0.118708918363717,0.007553964634937099,0.012140030439604804,0.04984848429195759,0.058571796071826915,-0.0009219407084922193,-0.00663202392644488,0.11928284754200605,1.0
4,2.0,1.0,1.0,2,26,0.0010282855942978896,156,0.123100344758439,0.007743007362645632,0.011221408750562885,0.04608772586164717,0.058571796071826915,-0.0008523396006920037,-0.006890667761953628,0.12361169944298045,1.0
4,2.0,1.0,1.0,2,27,0.0010282855942978896,162,0.12746851530462977,0.007938475513601828,0.010403329319574196,0.04273704071669887,0.058571796071826915,-0.0007903341118489227,-0.0071481414017529055,0.12792953381228556,1.0
4,2.0,1.0,1.0,2,28,0.0010282855942978896,168,0.13181334357507568,0.008139330254169852,0.009671626305604098,0.039738906482746784,0.058571796071826915,-0.000734857743600853,-0.007404472510568999,0.13223354502328183,1.0
4,2.0,1.0,1.0,2,29,0.0010282855942978896,174,0.1361347945204554,0.008344710184285037,0.009014545398327014,0.03704554421221579,0.058571796071826915,-0.0006850248432078432,-0.007659685341077194,0.13652165824362902,1.0
4,2.0,1.0,1.0,2,30,0.0010282855942978896,180,0.14043287108886282,0.008553896317044257,0.008422267120936532,0.0346170029805261,0.058571796071826915,-0.0006400950099269553,-0.007913801307117302,0.14079232978178116,1.0
4,2.0,1.0,1.0,2,31,0.0010282855942978896,186,0.14470760458071208,0.008766284859792861,0.007886536620586103,0.03241966980486315,0.058571796071826915,-0.000599445415152472,-0.00816683944464039,0.1450444062333765,1.0
4,2.0,1.0,1.0,2,32,0.0010282855942978896,192,0.14895904761641976,0.008981365872383795,0.007400373588021383,0.030425100275853014,0.058571796071826915,-0.0005625490871730976,-0.008418816785210698,0.14927702397305637,1.0
4,2.0,1.0,1.0,2,33,0.0010282855942978896,198,0.1531872689554885,0.00919870639649531,0.006957843070414635,0.02860909337233562,0.058571796071826915,-0.0005289577356385744,-0.008669748660856735,0.1534895366503763,1.0
4,2.0,1.0,1.0,2,34,0.0010282855942978896,204,0.15739234964167692,0.009417937017019873,0.006553872987819937,0.02695095387757222,0.058571796071826915,-0.0004982880623994046,-0.008919648954620468,0.1576814623407742,1.0
4,2.0,1.0,1.0,2,35,0.0010282855942978896,210,0.1615743801084838,0.009638741080437219,0.006184107779411282,0.025432900148957945,0.058571796071826915,-0.00047021077274450596,-0.009168530307692713,0.16185244464013127,1.0
4,2.0,1.0,1.0,2,36,0.0010282855942978896,216,0.16573345798721206,0.00986084598670714,0.005844790225930572,0.02403958540314312,0.058571796071826915,-0.0004444416949498098,-0.00941640429175733,0.1660022237530931,1.0
4,2.0,1.0,1.0,2,37,0.0010282855942978896,222,0.16986968643349587,0.010084016111257477,0.00553266541249454,0.022757708314443747,0.058571796071826915,-0.00042073455812666194,-0.009663281553130815,0.1701306148145122,1.0
4,2.0,1.0,1.0,2,38,0.0010282855942978896,228,0.17398317284034182,0.010308047017644567,0.005244902213094082,0.02157569437844424,0.058571796071826915,-0.0003988750836834143,-0.009909171933961153,0.17423749149536838,1.0
4,2.0,1.0,1.0,2,39,0.0010282855942978896,234,0.17807402784112525,0.010532760698865273,0.00497902873480571,0.02048343371628763,0.058571796071826915,-0.00037867612420669494,-0.010154084574658578,0.1783227735038646,1.0
4,2.0,1.0,1.0,2,40,0.0010282855942978896,240,0.18214236453230437,0.010758001643669857,0.0047328789545901945,0.01947206417654593,0.058571796071826915,-0.0003599736428384903,-0.010398028000831366,0.18238641698239555,1.0
4,2.0,1.0,1.0,2,1,0.001332204312362705,6,0.9506323314612926,0.6531530734127542,1.9986418100798182,31.155302682473486,0.058571796071826915,0.6550531954760196,-0.001900122063265397,0.9746530446901776,0.9942153513422154
4,2.0,1.0,1.0,2,2,0.001332204312362705,12,0.917323127364546,0.028095349952860157,1.9494636171173487,7.788825670618372,0.058571796071826915,-0.028581110729709543,0.0004857607768493852,0.9571709058248612,0.9665763288808172
4,2.0,1.0,1.0,2,3,0.001332204312362705,18,0.2726440519056482,0.06288883378514552,1.0056900199814502,3.4617002980526084,0.058571796071826915,-0.06274140065510966,-0.00014743313003585945,0.5122490517449674,1.0
4,2.0,1.0,1.0,2,4,0.001332204312362705,24,0.1067091927056576,0.037078202615265565,0.5312178848986073,1.947206417654593,0.058571796071826915,-0.03631755521266415,-0.0007606474026014137,0.2962595426973884,1.0
4,2.0,1.0,1.0,2,5,0.001332204312362705,30,0.06418097950478585,0.02455852391858107,0.3269310902367711,1.2462121072989396,0.058571796071826915,-0.023291472107575206,-0.0012670518110058648,0.19363504006219798,1.0
4,2.0,1.0,1.0,2,6,0.001332204312362705,36,0.053673801742581295,0.017865850738480904,0.22190344610085305,0.8654250745131521,0.058571796071826915,-0.01614787843315993,-0.001717972305320975,0.14113686302811462,1.0
4,2.0,1.0,1.0,2,7,0.001332204312362705,42,0.05300116259348764,0.013979671176390318,0.16073267590130424,0.6358225037239486,0.058571796071826915,-0.011842148279772702,-0.0021375228966176163,0.11233409840250497,1.0
4,2.0,1.0,1.0,2,8,0.001332204312362705,48,0.05595126895712643,0.01159080143492433,0.12191512653514122,0.4868016044136482,0.058571796071826915,-0.009053226894177618,-0.002537574540746712,0.0962712835478887,1.0
4,2.0,1.0,1.0,2,9,0.001332204312362705,54,0.0604254429337201,0.010069465812992007,0.09570677353266412,0.3846333664502899,0.058571796071826915,-0.007145009269076741,-0.002924456543915266,0.087823408606896,1.0
4,2.0,1.0,1.0,2,10,0.001332204312362705,60,0.06560185862015566,0.009084216767292236,0.07716254342752717,0.3115530268247349,0.058571796071826915,-0.005782392489118493,-0.003301824278173743,0.0842579049605884,1.0
4,2.0,1.0,1.0,2,11,0.001332204312362705,66,0.07112023443821491,0.008447529505220763,0.06355065487509248,0.25748184035102056,0.058571796071826915,-0.004775595949800121,-0.0036719335554206423,0.0839178440342789,1.0
4,2.0,1.0,1.0,2,12,0.001332204312362705,72,0.07680805710500138,0.008046942567926624,0.053259620325829725,0.21635626862828802,0.058571796071826915,-0.0040106894823137285,-0.004036253085612895,0.08570619876827598,1.0
4,2.0,1.0,1.0,2,13,0.001332204312362705,78,0.0825766967390984,0.007811723437522483,0.0452877872909928,0.1843509034465887,0.058571796071826915,-0.0034159417273864623,-0.004395781710136021,0.08887859018380914,1.0
4,2.0,1.0,1.0,2,14,0.001332204312362705,84,0.08837794225945461,0.007695592229572612,0.03898542526180495,0.15895562593098714,0.058571796071826915,-0.002944368601204811,-0.004751223628367801,0.09293788881087581,1.0
4,2.0,1.0,1.0,2,15,0.001332204312362705,90,0.09418431146273842,0.007667243577460736,0.03391585631056446,0.1384680119221044,0.058571796071826915,-0.0025641530168093174,-0.005103090560651419,0.09755994501789564,1.0
4,2.0,1.0,1.0,2,16,0.001332204312362705,96,0.09997952369990637,0.007704891349228915,0.02977665420198047,0.12170040110341206,0.058571796071826915,-0.0022531272638979805,-0.005451764085330935,0.10253665345397446,1.0
4,2.0,1.0,1.0,2,17,0.001332204312362705,102,0.10575362675285427,0.007792997783880096,0.026352914702016218,0.10780381551028888,0.058571796071826915,-0.0019954626119305374,-0.005797535171949558,0.10773495403431477,1.0
4,2.0,1.0,1.0,2,18,0.001332204312362705,108,0.11150038323570766,0.007920242054592463,0.023488484155813935,0.09615834161257247,0.058571796071826915,-0.0017796119592276005,-0.006140630095364863,0.11306935130502971,1.0
4,2.0,1.0,1.0,2,19,0.001332204312362705,114,0.11721581018832572,0.008078219330331204,0.021067661700531776,0.08630277751377696,0.058571796071826915,-0.0015969914151541809,-0.006481227915177024,0.11848432789945043,1.0
4,2.0,1.0,1.0,2,20,0.001332204312362705,120,0.12289733329683639,0.008260584920977199,0.01900322899135048,0.07788825670618373,0.058571796071826915,-0.0014411123573045415,-0.006819472563672657,0.12394334093534015,1.0
4,2.0,1.0,1.0,2,21,0.001332204312362705,126,0.1285432813706342,0.008462477656558498,0.01722842221083578,0.07064694485821651,0.058571796071826915,-0.001306996265726862,-0.007155481390831636,0.12942198047144124,1.0
4,2.0,1.0,1.0,2,22,0.001332204312362705,132,0.13415257560666916,0.008680123058333905,0.01569142793538152,0.06437046008775514,0.058571796071826915,-0.0011907717348441094,-0.007489351323489796,0.13490369980295397,1.0
4,2.0,1.0,1.0,2,23,0.001332204312362705,138,0.1397245337419203,0.008910554990068625,0.014351534292070476,0.05889471206516727,0.058571796071826915,-0.0010893916074744825,-0.007821163382594143,0.14037712520108528,1.0
4,2.0,1.0,1.0,2,24,0.001332204312362705,144,0.14525874380376624,0.009151417030903525,0.013176391484845567,0.054089067157072006,0.058571796071826915,-0.0010004309825799584,-0.008150986048323566,0.1458343391234131,1.0
4,2.0,1.0,1.0,2,25,0.001332204312362705,150,0.1507549810507005,0.009400818511001247,0.012140030439604804,0.04984848429195759,0.058571796071826915,-0.0009219407084922193,-0.008478877802509027,0.1512697689074809,1.0
4,2.0,1.0,1.0,2,26,0.001332204312362705,156,0.15621315230674448,0.009657228674841117,0.011221408750562885,0.04608772586164717,0.058571796071826915,-0.0008523396006920037,-0.008804889074149114,0.15667945665915178,1.0
4,2.0,1.0,1.0,2,27,0.001332204312362705,162,0.16163325801979522,0.009919397857512252,0.010403329319574196,0.04273704071669887,0.058571796071826915,-0.0007903341118489227,-0.00912906374566333,0.16206057242112265,1.0
4,2.0,1.0,1.0,2,28,0.001332204312362705,168,0.16701536599721445,0.01018629807513044,0.009671626305604098,0.039738906482746784,0.058571796071826915,-0.000734857743600853,-0.009451440331529587,0.1674110848252864,1.0
4,2.0,1.0,1.0,2,29,0.001332204312362705,174,0.17235959296487924,0.010457077752900557,0.009014545398327014,0.03704554421221579,0.058571796071826915,-0.0006850248432078432,-0.009772052909692713,0.17272953515408399,1.0
4,2.0,1.0,1.0,2,30,0.001332204312362705,180,0.17766609144827927,0.010731026874174737,0.008422267120936532,0.0346170029805261,0.058571796071826915,-0.0006400950099269553,-0.010090931864247782,0.17801488026008455,1.0
4,2.0,1.0,1.0,2,31,0.001332204312362705,186,0.1829350403268224,0.01100754989780639,0.007886536620586103,0.03241966980486315,0.058571796071826915,-0.000599445415152472,-0.010408104482653918,0.18326638196293785,1.0
4,2.0,1.0,1.0,2,32,0.001332204312362705,192,0.18816663795558852,0.011286144526864827,0.007400373588021383,0.030425100275853014,0.058571796071826915,-0.0005625490871730976,-0.01072359543969173,0.18848352822759595,1.0
4,2.0,1.0,1.0,2,33,0.001332204312362705,198,0.19336109710512273,0.011566384928127865,0.006957843070414635,0.02860909337233562,0.058571796071826915,-0.0005289577356385744,-0.01103742719248929,0.19366597634700497,1.0
4,2.0,1.0,1.0,2,34,0.001332204312362705,204,0.19851864120243723,0.01184790836757435,0.006553872987819937,0.02695095387757222,0.058571796071826915,-0.0004982880623994046,-0.011349620305174946,0.19881351154123833,1.0
4,2.0,1.0,1.0,2,35,0.001332204312362705,210,0.2036395015136162,0.012130404490071495,0.006184107779411282,0.025432900148957945,0.058571796071826915,-0.00047021077274450596,-0.011660193717326989,0.20392601647991768,1.0
4,2.0,1.0,1.0,2,36,0.001332204312362705,216,0.20872391501479381,0.012413606662275006,0.005844790225930572,0.02403958540314312,0.058571796071826915,-0.0004444416949498098,-0.011969164967325197,0.20900344862762354,1.0
4,2.0,1.0,1.0,2,37,0.001332204312362705,222,0.21377212277072344,0.012697284937295411,0.00553266541249454,0.022757708314443747,0.058571796071826915,-0.00042073455812666194,-0.01227655037916875,0.21404582324903365,1.0
4,2.0,1.0,1.0,2,38,0.001332204312362705,228,0.21878436869140128,0.012981240303271802,0.005244902213094082,0.02157569437844424,0.058571796071826915,-0.0003988750836834143,-0.012582365219588387,0.21905320054864463,1.0
4,2.0,1.0,1.0,2,39,0.001332204312362705,234,0.22376089857211356,0.013265299955029008,0.00497902873480571,0.02048343371628763,0.058571796071826915,-0.00037867612420669494,-0.012886623830822314,0.22402567585857602,1.0
4,2.0,1.0,1.0,2,40,0.001332204312362705,240,0.22870195934804027,0.01354931338617843,0.0047328789545901945,0.01947206417654593,0.058571796071826915,-0.0003599736428384903,-0.01318933974333994,0.22896337209332074,1.0
4,2.0,1.0,1.0,2,1,0.0017259488411773309,6,0.9505788355178588,0.652591960838686,1.9986418100798182,31.155302682473486,0.058571796071826915,0.6550531954760196,-0.002461234637333609,0.974522607744591,0.9925135190206873
4,2.0,1.0,1.0,2,2,0.0017259488411773309,12,0.9175127803123715,0.02795313914488061,1.9494636171173487,7.788825670618372,0.058571796071826915,-0.028581110729709543,0.0006279715848289333,0.957095207770922,0.9570016217513024
4,2.0,1.0,1.0,2,3,0.0017259488411773309,18,0.2768708447749344,0.0629320549600487,1.0056900199814502,3.4617002980526084,0.058571796071826915,-0.06274140065510966,-0.0001906543049390308,0.5134960205145549,1.0
4,2.0,1.0,1.0,2,4,0.0017259488411773309,24,0.11367429959043795,0.03730040283122321,0.5312178848986073,1.947206417654593,0.058571796071826915,-0.03631755521266415,-0.0009828476185590601,0.2989000329634347,1.0
4,2.0,1.0,1.0,2,5,0.0017259488411773309,30,0.07329964741837225,0.02492750643258071,0.3269310902367711,1.2462121072989396,0.058571796071826915,-0.023291472107575206,-0.0016360343250055032,0.19772872195203794,1.0
4,2.0,1.0,1.0,2,6,0.0017259488411773309,36,0.06471333988647421,0.01836460589105776,0.22190344610085305,0.8654250745131521,0.058571796071826915,-0.01614787843315993,-0.0022167274578978324,0.1468574043560948,1.0
4,2.0,1.0,1.0,2,7,0.0017259488411773309,42,0.0658554853064881,0.014598314895334197,0.16073267590130424,0.6358225037239486,0.058571796071826915,-0.011842148279772702,-0.002756166615561495,0.11996113249601772,1.0
4,2.0,1.0,1.0,2,8,0.0017259488411773309,48,0.07055739828689178,0.012322959036272757,0.12191512653514122,0.4868016044136482,0.058571796071826915,-0.009053226894177618,-0.0032697321420951386,0.1061091633688039,1.0
4,2.0,1.0,1.0,2,9,0.0017259488411773309,54,0.07673781172646277,0.010910636667111423,0.09570677353266412,0.3846333664502899,0.058571796071826915,-0.007145009269076741,-0.003765627398034682,0.10009535884697626,1.0
4,2.0,1.0,1.0,2,10,0.0017259488411773309,60,0.08358289205302727,0.01003098535713659,0.07716254342752717,0.3115530268247349,0.058571796071826915,-0.005782392489118493,-0.004248592868018097,0.09902987341932697,1.0
4,2.0,1.0,1.0,2,11,0.0017259488411773309,66,0.09073648673997081,0.009497152454344099,0.06355065487509248,0.25748184035102056,0.058571796071826915,-0.004775595949800121,-0.004721556504543978,0.10110446413618779,1.0
4,2.0,1.0,1.0,2,12,0.0017259488411773309,72,0.09802845027926643,0.009197116343315076,0.053259620325829725,0.21635626862828802,0.058571796071826915,-0.0040106894823137285,-0.0051864268610013475,0.1051389101261885,1.0
4,2.0,1.0,1.0,2,13,0.0017259488411773309,78,0.10537164814353306,0.009060445640344555,0.0452877872909928,0.1843509034465887,0.058571796071826915,-0.0034159417273864623,-0.005644503912958093,0.11037419283682257,1.0
4,2.0,1.0,1.0,2,14,0.0017259488411773309,84,0.1127189018467547,0.00904107458501463,0.03898542526180495,0.15895562593098714,0.058571796071826915,-0.002944368601204811,-0.006096705983809819,0.11633539056527334,1.0
4,2.0,1.0,1.0,2,15,0.0017259488411773309,90,0.12004350168152511,0.00910785507038911,0.03391585631056446,0.1384680119221044,0.058571796071826915,-0.0025641530168093174,-0.006543702053579792,0.122730309164434,1.0
4,2.0,1.0,1.0,2,16,0.0017259488411773309,96,0.12732978574899811,0.009239119756291464,0.02977665420198047,0.12170040110341206,0.058571796071826915,-0.0022531272638979805,-0.0069859924923934835,0.129379648504219,1.0
4,2.0,1.0,1.0,2,17,0.0017259488411773309,102,0.1345683255073895,0.009419422873818195,0.026352914702016218,0.10780381551028888,0.058571796071826915,-0.0019954626119305374,-0.007423960261887658,0.13617251439787265,1.0
4,2.0,1.0,1.0,2,18,0.0017259488411773309,108,0.14175334595769096,0.009637516438031818,0.023488484155813935,0.09615834161257247,0.058571796071826915,-0.0017796119592276005,-0.007857904478804217,0.14303936205923173,1.0
4,2.0,1.0,1.0,2,19,0.0017259488411773309,114,0.148881285428633,0.00988505446990287,0.021067661700531776,0.08630277751377696,0.058571796071826915,-0.0015969914151541809,-0.00828806305474869,0.14993585159579542,1.0
4,2.0,1.0,1.0,2,20,0.0017259488411773309,120,0.1559499622661058,0.010155740710518973,0.01900322899135048,0.07788825670618373,0.058571796071826915,-0.0014411123573045415,-0.008714628353214432,0.15683322920312393,1.0
4,2.0,1.0,1.0,2,21,0.0017259488411773309,126,0.16295807723740308,0.010444754523629196,0.01722842221083578,0.07064694485821651,0.058571796071826915,-0.001306996265726862,-0.009137758257902334,0.16371254680842845,1.0
4,2.0,1.0,1.0,2,22,0.0017259488411773309,132,0.16990490796897473,0.010748355885755928,0.01569142793538152,0.06437046008775514,0.058571796071826915,-0.0011907717348441094,-0.009557584150911819,0.17056113938842044,1.0
4,2.0,1.0,1.0,2,23,0.0017259488411773309,138,0.176790116556516,0.01106360837176601,0.014351534292070476,0.05889471206516727,0.058571796071826915,-0.0010893916074744825,-0.009974216764291527,0.1773704421931876,1.0
4,2.0,1.0,1.0,2,24,0.0017259488411773309,144,0.18361362567746475,0.01138818152188123,0.013176391484845567,0.054089067157072006,0.058571796071826915,-0.0010004309825799584,-0.010387750539301271,0.18413461419955834,1.0
4,2.0,1.0,1.0,2,25,0.0017259488411773309,150,0.19037553717877498,0.011720207628532348,0.012140030439604804,0.04984848429195759,0.058571796071826915,-0.0009219407084922193,-0.010798266920040128,0.1908496545207511,1.0
4,2.0,1.0,1.0,2,26,0.0017259488411773309,156,0.1970760775822198,0.012058176474620957,0.011221408750562885,0.04608772586164717,0.058571796071826915,-0.0008523396006920037,-0.011205836873928954,0.19751282536850934,1.0
4,2.0,1.0,1.0,2,27,0.0017259488411773309,162,0.20371556099069676,0.012400856955048334,0.010403329319574196,0.04273704071669887,0.058571796071826915,-0.0007903341118489227,-0.011610522843199411,0.20412226891750226,1.0
4,2.0,1.0,1.0,2,28,0.0017259488411773309,168,0.21029436344904906,0.012747238015615364,0.009671626305604098,0.039738906482746784,0.058571796071826915,-0.000734857743600853,-0.012012380272014511,0.21067674887424215,1.0
4,2.0,1.0,1.0,2,29,0.0017259488411773309,174,0.21681290497235306,0.013096483656553026,0.009014545398327014,0.03704554421221579,0.058571796071826915,-0.0006850248432078432,-0.012411458813345183,0.21717547354305003,1.0
4,2.0,1.0,1.0,2,30,0.0017259488411773309,180,0.2232716367854134,0.013447898301299138,0.008422267120936532,0.0346170029805261,0.058571796071826915,-0.0006400950099269553,-0.012807803291372183,0.223617972973198,1.0
4,2.0,1.0,1.0,2,31,0.0017259488411773309,186,0.22967103215561346,0.013800899890603319,0.007886536620586103,0.03241966980486315,0.058571796071826915,-0.000599445415152472,-0.013201454475450847,0.23000401252007568,1.0
4,2.0,1.0,1.0,2,32,0.0017259488411773309,192,0.23601157973504827,0.014154998794540768,0.007400373588021383,0.030425100275853014,0.058571796071826915,-0.0005625490871730976,-0.013592449707367671,0.23633353126425416,1.0
4,2.0,1.0,1.0,2,33,0.0017259488411773309,198,0.2422937786777094,0.014509781149029788,0.006957843070414635,0.02860909337233562,0.058571796071826915,-0.0005289577356385744,-0.013980823413391213,0.2426065976226306,1.0
4,2.0,1.0,1.0,2,34,0.0017259488411773309,204,0.2485181350258494,0.014864895587542282,0.006553872987819937,0.02695095387757222,0.058571796071826915,-0.0004982880623994046,-0.014366607525142877,0.24882337699686974,1.0
4,2.0,1.0,1.0,2,35,0.0017259488411773309,210,0.2546851590137845,0.015220042600436606,0.006184107779411282,0.025432900148957945,0.058571796071826915,-0.00047021077274450596,-0.0147498318276921,0.2549841079487378,1.0
4,2.0,1.0,1.0,2,36,0.0017259488411773309,216,0.2607953630416472,0.015574965944135738,0.005844790225930572,0.02403958540314312,0.058571796071826915,-0.0004444416949498098,-0.015130524249185928,0.26108908448254486,1.0
4,2.0,1.0,1.0,2,37,0.0017259488411773309,222,0.2668492601425434,0.015929445661321567,0.00553266541249454,0.022757708314443747,0.058571796071826915,-0.00042073455812666194,-0.015508711103194905,0.2671386427473226,1.0
4,2.0,1.0,1.0,2,38,0.0017259488411773309,228,0.27284736281679467,0.016283292376212927,0.005244902213094082,0.02157569437844424,0.058571796071826915,-0.0003988750836834143,-0.015884417292529512,0.27313315096945706,1.0
4,2.0,1.0,1.0,2,39,0.0017259488411773309,234,0.278790182140926,0.016636342605769183,0.00497902873480571,0.02048343371628763,0.058571796071826915,-0.00037867612420669494,-0.01625766648156249,0.27907300176853045,1.0
4,2.0,1.0,1.0,2,40,0.0017259488411773309,240,0.2846782270843986,0.016988454885389054,0.0047328789545901945,0.01947206417654593,0.058571796071826915,-0.0003599736428384903,-0.016628481242550563,0.2849586062471916,1.0
4,2.0,1.0,1.0,2,1,0.0022360679774997894,6,0.9505097054209372,0.6518653356178901,1.9986418100798182,31.155302682473486,0.058571796071826915,0.6550531954760196,-0.003187859858129527,0.9743541501252633,0.9903140047789598
4,2.0,1.0,1.0,2,2,0.0022360679774997894,12,0.91775688467461,0.027769815544982847,1.9494636171173487,7.788825670618372,0.058571796071826915,-0.028581110729709543,0.0008112951847266958,0.9569978495294688,0.9447955919574298
4,2.0,1.0,1.0,2,3,0.0022360679774997894,18,0.28230849600349495,0.06298781065103759,1.0056900199814502,3.4617002980526084,0.058571796071826915,-0.06274140065510966,-0.00024640999592792645,0.5151220484474246,1.0
4,2.0,1.0,1.0,2,4,0.0022360679774997894,24,0.12261316021282109,0.03758651577695987,0.5312178848986073,1.947206417654593,0.058571796071826915,-0.03631755521266415,-0.0012689605642957208,0.3023736795622374,1.0
4,2.0,1.0,1.0,2,5,0.0022360679774997894,30,0.08497369375444352,0.025401849675291716,0.3269310902367711,1.2462121072989396,0.058571796071826915,-0.023291472107575206,-0.0021103775677165093,0.2031861489030141,1.0
4,2.0,1.0,1.0,2,6,0.0022360679774997894,36,0.07881200873322558,0.019004743131361357,0.22190344610085305,0.8654250745131521,0.058571796071826915,-0.01614787843315993,-0.002856864698201428,0.1545956518356874,1.0
4,2.0,1.0,1.0,2,7,0.0022360679774997894,42,0.08223174395911781,0.015391043520679937,0.16073267590130424,0.6358225037239486,0.058571796071826915,-0.011842148279772702,-0.003548895240907235,0.13038887870038365,1.0
4,2.0,1.0,1.0,2,8,0.0022360679774997894,48,0.08912004616873315,0.013259626657832091,0.12191512653514122,0.4868016044136482,0.058571796071826915,-0.009053226894177618,-0.0042063997636544725,0.11958209397806577,1.0
4,2.0,1.0,1.0,2,9,0.0022360679774997894,54,0.09741835472850657,0.011985024115401921,0.09570677353266412,0.3846333664502899,0.058571796071826915,-0.007145009269076741,-0.00484001484632518,0.1167588381434297,1.0
4,2.0,1.0,1.0,2,10,0.0022360679774997894,60,0.10632341278904611,0.01123828542599034,0.07716254342752717,0.3115530268247349,0.058571796071826915,-0.005782392489118493,-0.005455892936871848,0.1187872537925013,1.0
4,2.0,1.0,1.0,2,11,0.0022360679774997894,66,0.11548466964019344,0.010833435275334674,0.06355065487509248,0.25748184035102056,0.058571796071826915,-0.004775595949800121,-0.006057839325534553,0.1237156289471632,1.0
4,2.0,1.0,1.0,2,12,0.0022360679774997894,72,0.12473531219755563,0.010659028604593418,0.053259620325829725,0.21635626862828802,0.058571796071826915,-0.0040106894823137285,-0.0066483391222796895,0.13033689580957716,1.0
4,2.0,1.0,1.0,2,13,0.0022360679774997894,78,0.1339904122003316,0.010645030938069233,0.0452877872909928,0.1843509034465887,0.058571796071826915,-0.0034159417273864623,-0.007229089210682771,0.13792765460269746,1.0
4,2.0,1.0,1.0,2,14,0.0022360679774997894,84,0.14320439783914296,0.010745660693606135,0.03898542526180495,0.15895562593098714,0.058571796071826915,-0.002944368601204811,-0.007801292092401324,0.14606280825672024,1.0
4,2.0,1.0,1.0,2,15,0.0022360679774997894,90,0.15235182684880033,0.010929980235952291,0.03391585631056446,0.1384680119221044,0.058571796071826915,-0.0025641530168093174,-0.008365827219142974,0.1544930236871656,1.0
4,2.0,1.0,1.0,2,16,0.0022360679774997894,96,0.16141810211933794,0.011176482805670435,0.02977665420198047,0.12170040110341206,0.058571796071826915,-0.0022531272638979805,-0.008923355541772454,0.16307049069136398,1.0
4,2.0,1.0,1.0,2,17,0.0022360679774997894,102,0.17039473258263937,0.011469848430270768,0.026352914702016218,0.10780381551028888,0.058571796071826915,-0.0019954626119305374,-0.00947438581834023,0.17170607087163886,1.0
4,2.0,1.0,1.0,2,18,0.0022360679774997894,108,0.1792767967896205,0.011798930041437589,0.023488484155813935,0.09615834161257247,0.058571796071826915,-0.0017796119592276005,-0.010019318082209988,0.18034496523487786,1.0
4,2.0,1.0,1.0,2,19,0.0022360679774997894,114,0.18806152864818626,0.012155464379166842,0.021067661700531776,0.08630277751377696,0.058571796071826915,-0.0015969914151541809,-0.01055847296401266,0.18895285412496157,1.0
4,2.0,1.0,1.0,2,20,0.0022360679774997894,120,0.196747500163736,0.012533224328145992,0.01900322899135048,0.07788825670618373,0.058571796071826915,-0.0014411123573045415,-0.01109211197084145,0.19750789444549183,1.0
4,2.0,1.0,1.0,2,21,0.0022360679774997894,126,0.20533413407409928,0.012927448088518007,0.01722842221083578,0.07064694485821651,0.058571796071826915,-0.001306996265726862,-0.011620451822791145,0.20599601189937583,1.0
4,2.0,1.0,1.0,2,22,0.0022360679774997894,132,0.21382140499040703,0.013334446522355409,0.01569142793538152,0.06437046008775514,0.058571796071826915,-0.0011907717348441094,-0.0121436747875113,0.2144080736316401,1.0
4,2.0,1.0,1.0,2,23,0.0022360679774997894,138,0.222209651513117,0.0137513278679475,0.014351534292070476,0.05889471206516727,0.058571796071826915,-0.0010893916074744825,-0.012661936260473017,0.222738153930726,1.0
4,2.0,1.0,1.0,2,24,0.0022360679774997894,144,0.23049945544794104,0.014175801395080595,0.013176391484845567,0.054089067157072006,0.058571796071826915,-0.0010004309825799584,-0.013175370412500637,0.2309824481656866,1.0
4,2.0,1.0,1.0,2,25,0.0022360679774997894,150,0.23869156258164503,0.01460603516557507,0.012140030439604804,0.04984848429195759,0.058571796071826915,-0.0009219407084922193,-0.013684094457082852,0.2391385790438555,1.0
4,2.0,1.0,1.0,2,26,0.0022360679774997894,156,0.24678682976576882,0.015040551517005007,0.011221408750562885,0.04608772586164717,0.058571796071826915,-0.0008523396006920037,-0.014188211916313004,0.2472051450722318,1.0
4,2.0,1.0,1.0,2,27,0.0022360679774997894,162,0.2547861889876436,0.015478149261668656,0.010403329319574196,0.04273704071669887,0.058571796071826915,-0.0007903341118489227,-0.014687815149819733,0.25518142142837197,1.0
4,2.0,1.0,1.0,2,28,0.0022360679774997894,168,0.2626906226104546,0.01591784507763519,0.009671626305604098,0.039738906482746784,0.058571796071826915,-0.000734857743600853,-0.015182987334034337,0.26306715849234724,1.0
4,2.0,1.0,1.0,2,29,0.0022360679774997894,174,0.2705011460804736,0.016358828869837805,0.009014545398327014,0.03704554421221579,0.058571796071826915,-0.0006850248432078432,-0.01567380402662996,0.2708624440399444,1.0
4,2.0,1.0,1.0,2,30,0.0022360679774997894,180,0.27821879570295704,0.01680042942422752,0.008422267120936532,0.0346170029805261,0.058571796071826915,-0.0006400950099269553,-0.016160334414300564,0.2785676076090755,1.0
4,2.0,1.0,1.0,2,31,0.0022360679774997894,186,0.2858446199083984,0.017242087731579078,0.007886536620586103,0.03241966980486315,0.058571796071826915,-0.000599445415152472,-0.016642642316426606,0.28618315323190974,1.0
4,2.0,1.0,1.0,2,32,0.0022360679774997894,192,0.29337967295274026,0.01768333608587694,0.007400373588021383,0.030425100275853014,0.058571796071826915,-0.0005625490871730976,-0.01712078699870384,0.29370971151967507,1.0
4,2.0,1.0,1.0,2,33,0.0022360679774997894,198,0.30082501033672004,0.01812378157316831,0.006957843070414635,0.02860909337233562,0.058571796071826915,-0.0005289577356385744,-0.017594823837529736,0.3011480051295955,1.0
4,2.0,1.0,1.0,2,34,0.0022360679774997894,204,0.30818168545241986,0.01856309292866512,0.006553872987819937,0.02695095387757222,0.058571796071826915,-0.0004982880623994046,-0.018064804866265716,0.3084988236028018,1.0
4,2.0,1.0,1.0,2,35,0.0022360679774997894,210,0.31545074711534427,0.01900098999995782,0.006184107779411282,0.025432900148957945,0.058571796071826915,-0.00047021077274450596,-0.018530779227213315,0.3157630048429303,1.0
4,2.0,1.0,1.0,2,36,0.0022360679774997894,216,0.3226332377418414,0.019437235242812073,0.005844790225930572,0.02403958540314312,0.058571796071826915,-0.0004444416949498098,-0.018992793547862263,0.3229414213537116,1.0
4,2.0,1.0,1.0,2,37,0.0022360679774997894,222,0.32973019200079823,0.01987162681397049,0.00553266541249454,0.022757708314443747,0.058571796071826915,-0.00042073455812666194,-0.01945089225584383,0.3300349699232519,1.0
4,2.0,1.0,1.0,2,38,0.0022360679774997894,228,0.33674263581725294,0.020303992927690848,0.005244902213094082,0.02157569437844424,0.058571796071826915,-0.0003988750836834143,-0.019905117844007433,0.3370445638297682,1.0
4,2.0,1.0,1.0,2,39,0.0022360679774997894,234,0.3436715856387056,0.02073418721885313,0.00497902873480571,0.02048343371628763,0.058571796071826915,-0.00037867612420669494,-0.020355511094646436,0.34397112690932713,1.0
4,2.0,1.0,1.0,2,40,0.0022360679774997894,240,0.35051804789936636,0.02116208491289799,0.0047328789545901945,0.01947206417654593,0.058571796071826915,-0.0003599736428384903,-0.0208021112700595,0.350815589011047,1.0
4,2.0,1.0,1.0,2,1,0.0028969572450301176,6,0.9504204398578251,0.6509245022957685,1.9986418100798182,31.155302682473486,0.058571796071826915,0.6550531954760196,-0.004128693180251108,0.9741367918607043,0.9874732808916599
4,2.0,1.0,1.0,2,2,0.0028969572450301176,12,0.9180704631356712,0.02753384678009594,1.9494636171173487,7.788825670618372,0.058571796071826915,-0.028581110729709543,0.0010472639496136027,0.956872903644767,0.9293066892161006
4,2.0,1.0,1.0,2,3,0.0028969572450301176,18,0.2892893254497537,0.06305964312946893,1.0056900199814502,3.4617002980526084,0.058571796071826915,-0.06274140065510966,-0.00031824247435927044,0.5172459224455218,1.0
4,2.0,1.0,1.0,2,4,0.0028969572450301176,24,0.13405307055016213,0.03795425356372445,0.5312178848986073,1.947206417654593,0.058571796071826915,-0.03631755521266415,-0.0016366983510602978,0.30695970487681035,1.0
4,2.0,1.0,1.0,2,5,0.0028969572450301176,30,0.09986672338643743,0.02601023350402973,0.3269310902367711,1.2462121072989396,0.058571796071826915,-0.023291472107575206,-0.002718761396454522,0.21050054233936485,1.0
4,2.0,1.0,1.0,2,6,0.0028969572450301176,36,0.09674130214634558,0.019824052747567183,0.22190344610085305,0.8654250745131521,0.058571796071826915,-0.01614787843315993,-0.0036761743144072545,0.16511328113775448,1.0
4,2.0,1.0,1.0,2,7,0.0028969572450301176,42,0.1029916225025882,0.016403528386618293,0.16073267590130424,0.6358225037239486,0.058571796071826915,-0.011842148279772702,-0.004561380106845592,0.14464461506499302,1.0
4,2.0,1.0,1.0,2,8,0.0028969572450301176,48,0.1125772706080288,0.01445344073089902,0.12191512653514122,0.4868016044136482,0.058571796071826915,-0.009053226894177618,-0.005400213836721401,0.13788172726416587,1.0
4,2.0,1.0,1.0,2,9,0.0028969572450301176,54,0.12346948067108365,0.013351485836671728,0.09570677353266412,0.3846333664502899,0.058571796071826915,-0.007145009269076741,-0.006206476567594987,0.13903409976926218,1.0
4,2.0,1.0,1.0,2,10,0.0028969572450301176,60,0.13487919039146212,0.012770555971947317,0.07716254342752717,0.3115530268247349,0.058571796071826915,-0.005782392489118493,-0.006988163482828824,0.14470874409529214,1.0
4,2.0,1.0,1.0,2,11,0.0028969572450301176,66,0.14646364242706134,0.012525826499200948,0.06355065487509248,0.25748184035102056,0.058571796071826915,-0.004775595949800121,-0.007750230549400827,0.15289167766111506,1.0
4,2.0,1.0,1.0,2,12,0.0028969572450301176,72,0.15806089154900504,0.012506613553286111,0.053259620325829725,0.21635626862828802,0.058571796071826915,-0.0040106894823137285,-0.008495924070972383,0.16242830852869253,1.0
4,2.0,1.0,1.0,2,13,0.0028969572450301176,78,0.16958941924404014,0.012643411111379316,0.0452877872909928,0.1843509034465887,0.058571796071826915,-0.0034159417273864623,-0.009227469383992853,0.17267295389373438,1.0
4,2.0,1.0,1.0,2,14,0.0028969572450301176,84,0.18100628075737135,0.012890819901516831,0.03898542526180495,0.15895562593098714,0.058571796071826915,-0.002944368601204811,-0.00994645130031202,0.1832654492624719,1.0
4,2.0,1.0,1.0,2,15,0.0028969572450301176,90,0.19228821199668866,0.013218188960172794,0.03391585631056446,0.1384680119221044,0.058571796071826915,-0.0025641530168093174,-0.010654035943363477,0.19400226794284564,1.0
4,2.0,1.0,1.0,2,16,0.0028969572450301176,96,0.20342252025665186,0.013604233387264991,0.02977665420198047,0.12170040110341206,0.058571796071826915,-0.0022531272638979805,-0.01135110612336701,0.2047660640816638,1.0
4,2.0,1.0,1.0,2,17,0.0028969572450301176,102,0.2144024417573429,0.014033809813406989,0.026352914702016218,0.10780381551028888,0.058571796071826915,-0.0019954626119305374,-0.012038347201476451,0.2154877240627296,1.0
4,2.0,1.0,1.0,2,18,0.0028969572450301176,108,0.22522466097490024,0.014495915340903553,0.023488484155813935,0.09615834161257247,0.058571796071826915,-0.0017796119592276005,-0.012716303381675953,0.22612577181525262,1.0
4,2.0,1.0,1.0,2,19,0.0028969572450301176,114,0.23588792982295215,0.0149824071011532,0.021067661700531776,0.08630277751377696,0.058571796071826915,-0.0015969914151541809,-0.01338541568599902,0.2366549803595578,1.0
4,2.0,1.0,1.0,2,20,0.0028969572450301176,120,0.2463922711759574,0.015487160577872555,0.01900322899135048,0.07788825670618373,0.058571796071826915,-0.0014411123573045415,-0.014046048220568014,0.24705992370866312,1.0
4,2.0,1.0,1.0,2,21,0.0028969572450301176,126,0.256738504848244,0.016005503012115424,0.01722842221083578,0.07064694485821651,0.058571796071826915,-0.001306996265726862,-0.014698506746388562,0.2573312330698594,1.0
4,2.0,1.0,1.0,2,22,0.0028969572450301176,132,0.2669279575717063,0.016533823802532183,0.01569142793538152,0.06437046008775514,0.058571796071826915,-0.0011907717348441094,-0.015343052067688073,0.2674633682595965,1.0
4,2.0,1.0,1.0,2,23,0.0028969572450301176,138,0.27696228114115873,0.017069301460916092,0.014351534292070476,0.05889471206516727,0.058571796071826915,-0.0010893916074744825,-0.01597990985344161,0.27745325892267114,1.0
4,2.0,1.0,1.0,2,24,0.0028969572450301176,144,0.2868433358667497,0.017609708938440785,0.013176391484845567,0.054089067157072006,0.058571796071826915,-0.0010004309825799584,-0.016609277955860827,0.28729945713973837,1.0
4,2.0,1.0,1.0,2,25,0.0028969572450301176,150,0.29657311441499556,0.018153272649854252,0.012140030439604804,0.04984848429195759,0.058571796071826915,-0.0009219407084922193,-0.017231331941362033,0.29700159767734213,1.0
4,2.0,1.0,1.0,2,26,0.0028969572450301176,156,0.3061536911763758,0.018698568925294062,0.011221408750562885,0.04608772586164717,0.058571796071826915,-0.0008523396006920037,-0.01784622932460206,0.30656004737419335,1.0
4,2.0,1.0,1.0,2,27,0.0028969572450301176,162,0.3155871880886737,0.01924444695978711,0.010403329319574196,0.04273704071669887,0.058571796071826915,-0.0007903341118489227,-0.018454112847938187,0.3159756732042888,1.0
4,2.0,1.0,1.0,2,28,0.0028969572450301176,168,0.3248757512610543,0.01978997079253625,0.009671626305604098,0.039738906482746784,0.058571796071826915,-0.000734857743600853,-0.019055113048935396,0.32524968624175243,1.0
4,2.0,1.0,1.0,2,29,0.0028969572450301176,174,0.3340215348056046,0.020334375133745433,0.009014545398327014,0.03704554421221579,0.058571796071826915,-0.0006850248432078432,-0.01964935029053759,0.33438353504428214,1.0
4,2.0,1.0,1.0,2,30,0.0028969572450301176,180,0.34302668955126103,0.020877031390982903,0.008422267120936532,0.0346170029805261,0.058571796071826915,-0.0006400950099269553,-0.020236936381055948,0.34337883175331535,1.0
4,2.0,1.0,1.0,2,31,0.0028969572450301176,186,0.3518933551122495,0.021417421293074362,0.007886536620586103,0.03241966980486315,0.058571796071826915,-0.000599445415152472,-0.02081797587792189,0.35223730019415733,1.0
4,2.0,1.0,1.0,2,32,0.0028969572450301176,192,0.3606236542898069,0.02195511623241715,0.007400373588021383,0.030425100275853014,0.058571796071826915,-0.0005625490871730976,-0.021392567145244054,0.3609607389866744,1.0
4,2.0,1.0,1.0,2,33,0.0028969572450301176,198,0.36921968911713865,0.02248976095365736,0.006957843070414635,0.02860909337233562,0.058571796071826915,-0.0005289577356385744,-0.021960803218018785,0.369550995038706,1.0
4,2.0,1.0,1.0,2,34,0.0028969572450301176,204,0.3776835380734638,0.023021060575679847,0.006553872987819937,0.02695095387757222,0.058571796071826915,-0.0004982880623994046,-0.022522772513280442,0.37800994431340873,1.0
4,2.0,1.0,1.0,2,35,0.0028969572450301176,210,0.3860172541382647,0.023548770191826746,0.006184107779411282,0.025432900148957945,0.058571796071826915,-0.00047021077274450596,-0.02307855941908224,0.3863394777541303,1.0
4,2.0,1.0,1.0,2,36,0.0028969572450301176,216,0.39422286345498136,0.0240726864802909,0.005844790225930572,0.02403958540314312,0.058571796071826915,-0.0004444416949498098,-0.02362824478534109,0.39454149090761303,1.0
4,2.0,1.0,1.0,2,37,0.0028969572450301176,222,0.40230236444003853,0.024592640893371834,0.00553266541249454,0.022757708314443747,0.058571796071826915,-0.00042073455812666194,-0.024171906335245172,0.4026178762272937,1.0
4,2.0,1.0,1.0,2,38,0.0028969572450301176,228,0.41025772722002296,0.02510849409568708,0.005244902213094082,0.02157569437844424,0.058571796071826915,-0.0003988750836834143,-0.024709619012003664,0.4105705173382335,1.0
4,2.0,1.0,1.0,2,39,0.0028969572450301176,234,0.4180908933117403,0.025620131396851112,0.00497902873480571,0.02048343371628763,0.058571796071826915,-0.00037867612420669494,-0.025241455272644417,0.4184012847511529,1.0
4,2.0,1.0,1.0,2,40,0.0028969572450301176,240,0.42580377548338455,0.026127458981006227,0.0047328789545901945,0.01947206417654593,0.058571796071826915,-0.0003599736428384903,-0.025767485338167737,0.42611203265641384,1.0
4,2.0,1.0,1.0,2,1,0.0037531780625543482,6,0.950305287466451,0.6497065245179213,1.9986418100798182,31.155302682473486,0.058571796071826915,0.6550531954760196,-0.005346670958098265,0.9738566763172865,0.983807776985274
4,2.0,1.0,1.0,2,2,0.0037531780625543482,12,0.9184722706100854,0.02723070655651779,1.9494636171173487,7.788825670618372,0.058571796071826915,-0.028581110729709543,0.001350404173191752,0.956713001768311,0.9097670680837571
4,2.0,1.0,1.0,2,3,0.0037531780625543482,18,0.298227107301821,0.06315203183438683,1.0056900199814502,3.4617002980526084,0.058571796071826915,-0.06274140065510966,-0.0004106311792771711,0.520025672828201,1.0
4,2.0,1.0,1.0,2,4,0.0037531780625543482,24,0.14864085918604686,0.038425783384195944,0.5312178848986073,1.947206417654593,0.058571796071826915,-0.03631755521266415,-0.0021082281715317924,0.313038708844939,1.0
4,2.0,1.0,1.0,2,5,0.0037531780625543482,30,0.1187798702809909,0.026788199043222605,0.3269310902367711,1.2462121072989396,0.058571796071826915,-0.023291472107575206,-0.0034967269356473984,0.22035334131627254,1.0
4,2.0,1.0,1.0,2,6,0.0037531780625543482,36,0.11941702207695593,0.020868891468442174,0.22190344610085305,0.8654250745131521,0.058571796071826915,-0.01614787843315993,-0.0047210130352822455,0.17943813547947435,1.0
4,2.0,1.0,1.0,2,7,0.0037531780625543482,42,0.12913985657141558,0.017691204059113674,0.16073267590130424,0.6358225037239486,0.058571796071826915,-0.011842148279772702,-0.0058490557793409725,0.16401839024885523,1.0
4,2.0,1.0,1.0,2,8,0.0037531780625543482,48,0.142002249674276,0.015967589477690225,0.12191512653514122,0.4868016044136482,0.058571796071826915,-0.009053226894177618,-0.006914362583512607,0.1623670917053471,1.0
4,2.0,1.0,1.0,2,9,0.0037531780625543482,54,0.15601491371843035,0.015079870523356326,0.09570677353266412,0.3846333664502899,0.058571796071826915,-0.007145009269076741,-0.007934861254279585,0.1682148118508523,1.0
4,2.0,1.0,1.0,2,10,0.0037531780625543482,60,0.17040822732530347,0.014703355796537615,0.07716254342752717,0.3115530268247349,0.058571796071826915,-0.005782392489118493,-0.008920963307419122,0.1780100655506249,1.0
4,2.0,1.0,1.0,2,11,0.0037531780625543482,66,0.1848506380020013,0.014654741102407748,0.06355065487509248,0.25748184035102056,0.058571796071826915,-0.004775595949800121,-0.009879145152607627,0.18980541886902855,1.0
4,2.0,1.0,1.0,2,12,0.0037531780625543482,72,0.19918762367149367,0.014824358498908452,0.053259620325829725,0.21635626862828802,0.058571796071826915,-0.0040106894823137285,-0.010813669016594724,0.20256793356303568,1.0
4,2.0,1.0,1.0,2,13,0.0037531780625543482,78,0.21334318613268333,0.015143416120804082,0.0452877872909928,0.1843509034465887,0.058571796071826915,-0.0034159417273864623,-0.01172747439341762,0.21575291430265725,1.0
4,2.0,1.0,1.0,2,14,0.0037531780625543482,84,0.22727886245783302,0.01556703912183316,0.03898542526180495,0.15895562593098714,0.058571796071826915,-0.002944368601204811,-0.012622670520628348,0.2290690005120409,1.0
4,2.0,1.0,1.0,2,15,0.0037531780625543482,90,0.24097525915021756,0.01606497658160333,0.03391585631056446,0.1384680119221044,0.058571796071826915,-0.0025641530168093174,-0.013500823564794012,0.242356804284164,1.0
4,2.0,1.0,1.0,2,16,0.0037531780625543482,96,0.2544231672664611,0.016616259155939145,0.02977665420198047,0.12170040110341206,0.058571796071826915,-0.0022531272638979805,-0.014363131892041164,0.255527182189909,1.0
4,2.0,1.0,1.0,2,17,0.0037531780625543482,102,0.2676190441523567,0.01720599986015464,0.026352914702016218,0.10780381551028888,0.058571796071826915,-0.0019954626119305374,-0.015210537248224104,0.26852947031029556,1.0
4,2.0,1.0,1.0,2,18,0.0037531780625543482,108,0.280562604782707,0.0178234096159412,0.023488484155813935,0.09615834161257247,0.058571796071826915,-0.0017796119592276005,-0.0160437976567136,0.28133473627148525,1.0
4,2.0,1.0,1.0,2,19,0.0037531780625543482,114,0.2932554845006965,0.018460528018388683,0.021067661700531776,0.08630277751377696,0.058571796071826915,-0.0015969914151541809,-0.016863536603234502,0.2939266882638124,1.0
4,2.0,1.0,1.0,2,20,0.0037531780625543482,120,0.30570046995830946,0.019111389418376368,0.01900322899135048,0.07788825670618373,0.058571796071826915,-0.0014411123573045415,-0.017670277061071826,0.3062965898715708,1.0
4,2.0,1.0,1.0,2,21,0.0037531780625543482,126,0.3179010430278095,0.019771461818543334,0.01722842221083578,0.07064694485821651,0.058571796071826915,-0.001306996265726862,-0.018464465552816473,0.3184403313944725,1.0
4,2.0,1.0,1.0,2,22,0.0037531780625543482,132,0.3298611029605235,0.020437261236608717,0.01569142793538152,0.06437046008775514,0.058571796071826915,-0.0011907717348441094,-0.019246489501764608,0.33035669607747653,1.0
4,2.0,1.0,1.0,2,23,0.0037531780625543482,138,0.34158479312501777,0.021106081572119698,0.014351534292070476,0.05889471206516727,0.058571796071826915,-0.0010893916074744825,-0.020016689964645215,0.34204630713372913,1.0
4,2.0,1.0,1.0,2,24,0.0037531780625543482,144,0.3530763907543184,0.02177580210558243,0.013176391484845567,0.054089067157072006,0.058571796071826915,-0.0010004309825799584,-0.02077537112300247,0.3535109729863295,1.0
4,2.0,1.0,1.0,2,25,0.0037531780625543482,150,0.36434023557365314,0.022444748168124765,0.012140030439604804,0.04984848429195759,0.058571796071826915,-0.0009219407084922193,-0.021522807459632545,0.3647532712413504,1.0
4,2.0,1.0,1.0,2,26,0.0037531780625543482,156,0.3753806829419304,0.02311158885601558,0.011221408750562885,0.04608772586164717,0.058571796071826915,-0.0008523396006920037,-0.022259249255323577,0.37577627909045747,1.0
4,2.0,1.0,1.0,2,27,0.0037531780625543482,162,0.3862020727533728,0.02377526096104149,0.010403329319574196,0.04273704071669887,0.058571796071826915,-0.0007903341118489227,-0.022984926849192566,0.3865833954548382,1.0
4,2.0,1.0,1.0,2,28,0.0037531780625543482,168,0.39680870865164786,0.024434911720410485,0.009671626305604098,0.039738906482746784,0.058571796071826915,-0.000734857743600853,-0.023700053976809632,0.3971782217492381,1.0
4,2.0,1.0,1.0,2,29,0.0037531780625543482,174,0.40720484410114755,0.025089855255427035,0.009014545398327014,0.03704554421221579,0.058571796071826915,-0.0006850248432078432,-0.02440483041221919,0.40756448079266594,1.0
4,2.0,1.0,1.0,2,30,0.0037531780625543482,180,0.4173946730838185,0.025739539088460328,0.008422267120936532,0.0346170029805261,0.058571796071826915,-0.0006400950099269553,-0.025099444078533373,0.41774596096674216,1.0
4,2.0,1.0,1.0,2,31,0.0037531780625543482,186,0.4273823239578354,0.026383518163910963,0.007886536620586103,0.03241966980486315,0.058571796071826915,-0.000599445415152472,-0.02578407274875849,0.4277264773494136,1.0
4,2.0,1.0,1.0,2,32,0.0037531780625543482,192,0.4371718555018871,0.027021434514739318,0.007400373588021383,0.030425100275853014,0.058571796071826915,-0.0005625490871730976,-0.02645888542756622,0.4375098444298222,1.0
4,2.0,1.0,1.0,2,33,0.0037531780625543482,198,0.4467672544867445,0.027653001218096745,0.006957843070414635,0.02860909337233562,0.058571796071826915,-0.0005289577356385744,-0.02712404348245817,0.44709985683224795,1.0
4,2.0,1.0,1.0,2,34,0.0037531780625543482,204,0.45617243432288335,0.028277989638896106,0.006553872987819937,0.02695095387757222,0.058571796071826915,-0.0004982880623994046,-0.0277797015764967,0.4565002756487365,1.0
4,2.0,1.0,1.0,2,35,0.0037531780625543482,210,0.4653912344719402,0.028896219215366073,0.006184107779411282,0.025432900148957945,0.058571796071826915,-0.00047021077274450596,-0.028426008442621567,0.465714818745425,1.0
4,2.0,1.0,1.0,2,36,0.0037531780625543482,216,0.4744274204035208,0.029507549225617616,0.005844790225930572,0.02403958540314312,0.058571796071826915,-0.0004444416949498098,-0.029063107530667806,0.47474715391451944,1.0
4,2.0,1.0,1.0,2,37,0.0037531780625543482,222,0.48328468394252266,0.030111872109461174,0.00553266541249454,0.022757708314443747,0.058571796071826915,-0.00042073455812666194,-0.029691137551334512,0.4836008940842177,1.0
4,2.0,1.0,1.0,2,38,0.0037531780625543482,228,0.4919666438967073,0.030709108019889977,0.005244902213094082,0.02157569437844424,0.058571796071826915,-0.0003988750836834143,-0.030310232936206563,0.49227959403026644,1.0
4,2.0,1.0,1.0,2,39,0.0037531780625543482,234,0.5004768468847398,0.031299200353252205,0.00497902873480571,0.02048343371628763,0.058571796071826915,-0.00037867612420669494,-0.03092052422904551,0.500786748192042,1.0
4,2.0,1.0,1.0,2,40,0.0037531780625543482,240,0.5088187683070428,0.031882112063202,0.0047328789545901945,0.01947206417654593,0.058571796071826915,-0.0003599736428384903,-0.03152213842036351,0.5091257893068285,1.0
4,2.0,1.0,1.0,2,1,0.004862462362330365,6,0.9501569310449052,0.6481301187727735,1.9986418100798182,31.155302682473486,0.058571796071826915,0.6550531954760196,-0.0069230767032461005,0.9734962485692097,0.979083610714762
4,2.0,1.0,1.0,2,2,0.004862462362330365,12,0.9189854386960886,0.026842264854680144,1.9494636171173487,7.788825670618372,0.058571796071826915,-0.028581110729709543,0.001738845875029399,0.9565091073407812,0.8853002398586797
4,2.0,1.0,1.0,2,3,0.004862462362330365,18,0.30963042954287934,0.06327059639076009,1.0056900199814502,3.4617002980526084,0.058571796071826915,-0.06274140065510966,-0.0005291957356504257,0.5236724448333773,1.0
4,2.0,1.0,1.0,2,4,0.004862462362330365,24,0.16715553392299332,0.039028537332826546,0.5312178848986073,1.947206417654593,0.058571796071826915,-0.03631755521266415,-0.0027109821201623946,0.3211309526886068,1.0
4,2.0,1.0,1.0,2,5,0.004862462362330365,30,0.1426567093587957,0.02777914257344677,0.3269310902367711,1.2462121072989396,0.058571796071826915,-0.023291472107575206,-0.004487670465871563,0.23367484604797828,1.0
4,2.0,1.0,1.0,2,6,0.004862462362330365,36,0.14789213079308638,0.02219507223884848,0.22190344610085305,0.8654250745131521,0.058571796071826915,-0.01614787843315993,-0.00604719380568855,0.19889641514883333,1.0
4,2.0,1.0,1.0,2,7,0.004862462362330365,42,0.16180178118262378,0.01931983135925694,0.16073267590130424,0.6358225037239486,0.058571796071826915,-0.011842148279772702,-0.0074776830794842375,0.19000477426720758,1.0
4,2.0,1.0,1.0,2,8,0.004862462362330365,48,0.17856293459070172,0.01787586478630465,0.12191512653514122,0.4868016044136482,0.058571796071826915,-0.009053226894177618,-0.008822637892127033,0.19445467026040109,1.0
4,2.0,1.0,1.0,2,9,0.004862462362330365,54,0.1962393741089502,0.01725040032142569,0.09570677353266412,0.3846333664502899,0.058571796071826915,-0.007145009269076741,-0.01010539105234895,0.20557666713341802,1.0
4,2.0,1.0,1.0,2,10,0.004862462362330365,60,0.21408883516722865,0.01712193825373562,0.07716254342752717,0.3115530268247349,0.058571796071826915,-0.005782392489118493,-0.011339545764617126,0.21986946693152273,1.0
4,2.0,1.0,1.0,2,11,0.004862462362330365,66,0.23179650470136914,0.017309205908813158,0.06355065487509248,0.25748184035102056,0.058571796071826915,-0.004775595949800121,-0.012533609959013037,0.23557492168333685,1.0
4,2.0,1.0,1.0,2,12,0.004862462362330365,72,0.24921967487745667,0.01770391270301641,0.053259620325829725,0.21635626862828802,0.058571796071826915,-0.0040106894823137285,-0.013693223220702683,0.25182221461172827,1.0
4,2.0,1.0,1.0,2,13,0.004862462362330365,78,0.26629163580606785,0.018238252144012784,0.0452877872909928,0.1843509034465887,0.058571796071826915,-0.0034159417273864623,-0.014822310416626322,0.26817416387679754,1.0
4,2.0,1.0,1.0,2,14,0.004862462362330365,84,0.28298179103143095,0.01886808767406381,0.03898542526180495,0.15895562593098714,0.058571796071826915,-0.002944368601204811,-0.015923719072859,0.284406037374245,1.0
4,2.0,1.0,1.0,2,15,0.004862462362330365,90,0.29927773850718964,0.01956374412441536,0.03391585631056446,0.1384680119221044,0.058571796071826915,-0.0025641530168093174,-0.016999591107606044,0.3003998915701476,1.0
4,2.0,1.0,1.0,2,16,0.004862462362330365,96,0.315176674212005,0.020304717002343,0.02977665420198047,0.12170040110341206,0.058571796071826915,-0.0022531272638979805,-0.01805158973844502,0.3160933365995785,1.0
4,2.0,1.0,1.0,2,17,0.004862462362330365,102,0.33068103489564515,0.021076506058190503,0.026352914702016218,0.10780381551028888,0.058571796071826915,-0.0019954626119305374,-0.019081043446259965,0.3314539307829605,1.0
4,2.0,1.0,1.0,2,18,0.004862462362330365,108,0.3457961840652979,0.021868652351000453,0.023488484155813935,0.09615834161257247,0.058571796071826915,-0.0017796119592276005,-0.020089040391772853,0.34646592475631,1.0
4,2.0,1.0,1.0,2,19,0.004862462362330365,114,0.36052913318838153,0.0226734835540377,0.021067661700531776,0.08630277751377696,0.058571796071826915,-0.0015969914151541809,-0.021076492138883518,0.3611231503038118,1.0
4,2.0,1.0,1.0,2,20,0.004862462362330365,120,0.37488781054801257,0.023485290111609505,0.01900322899135048,0.07788825670618373,0.058571796071826915,-0.0014411123573045415,-0.022044177754304964,0.37542507399564007,1.0
4,2.0,1.0,1.0,2,21,0.004862462362330365,126,0.38888063096600944,0.024299771274397836,0.01722842221083578,0.07064694485821651,0.058571796071826915,-0.001306996265726862,-0.022992775008670974,0.3893745372647226,1.0
4,2.0,1.0,1.0,2,22,0.004862462362330365,132,0.40251623640192924,0.025113654624577764,0.01569142793538152,0.06437046008775514,0.058571796071826915,-0.0011907717348441094,-0.023922882889733654,0.4029764246122959,1.0
4,2.0,1.0,1.0,2,23,0.004862462362330365,138,0.4158033365002174,0.02592442974264067,0.014351534292070476,0.05889471206516727,0.058571796071826915,-0.0010893916074744825,-0.024835038135166188,0.41623685819513195,1.0
4,2.0,1.0,1.0,2,24,0.004862462362330365,144,0.42875060914880747,0.026730158550464386,0.013176391484845567,0.054089067157072006,0.058571796071826915,-0.0010004309825799584,-0.025729727567884428,0.42916269935210927,1.0
4,2.0,1.0,1.0,2,25,0.004862462362330365,150,0.4413666379209573,0.027529338141673382,0.012140030439604804,0.04984848429195759,0.058571796071826915,-0.0009219407084922193,-0.026607397433181162,0.44176123374324766,1.0
4,2.0,1.0,1.0,2,26,0.004862462362330365,156,0.453659872661041,0.02832080016078868,0.011221408750562885,0.04608772586164717,0.058571796071826915,-0.0008523396006920037,-0.027468460560096677,0.45403996893584386,1.0
4,2.0,1.0,1.0,2,27,0.004862462362330365,162,0.46563860486332487,0.029103636032795907,0.010403329319574196,0.04273704071669887,0.058571796071826915,-0.0007903341118489227,-0.028313301920946984,0.46600650235565994,1.0
4,2.0,1.0,1.0,2,28,0.004862462362330365,168,0.47731095265986456,0.02987714073944084,0.009671626305604098,0.039738906482746784,0.058571796071826915,-0.000734857743600853,-0.029142282995839985,0.4776684341494195,1.0
4,2.0,1.0,1.0,2,29,0.004862462362330365,174,0.4886848521384295,0.030640770078124602,0.009014545398327014,0.03704554421221579,0.058571796071826915,-0.0006850248432078432,-0.02995574523491676,0.48903330923682176,1.0
4,2.0,1.0,1.0,2,30,0.004862462362330365,180,0.4997680528790098,0.03139410784154227,0.008422267120936532,0.0346170029805261,0.058571796071826915,-0.0006400950099269553,-0.030754012831615316,0.50010857865078,1.0
4,2.0,1.0,1.0,2,31,0.004862462362330365,186,0.5105681163284304,0.03213684037961452,0.007886536620586103,0.03241966980486315,0.058571796071826915,-0.000599445415152472,-0.03153739496446205,0.510901573816794,1.0
4,2.0,1.0,1.0,2,32,0.004862462362330365,192,0.521092416095885,0.03286873671207169,0.007400373588021383,0.030425100275853014,0.058571796071826915,-0.0005625490871730976,-0.03230618762489859,0.5214194896312462,1.0
4,2.0,1.0,1.0,2,33,0.004862462362330365,198,0.5313481395533697,0.03358963285542575,0.006957843070414635,0.02860909337233562,0.058571796071826915,-0.0005289577356385744,-0.03306067511978718,0.53166937359638,1.0
4,2.0,1.0,1.0,2,34,0.004862462362330365,204,0.5413422903209513,0.03429941937856534,0.006553872987819937,0.02695095387757222,0.058571796071826915,-0.0004982880623994046,-0.03380113131616594,0.5416581191689724,1.0
4,2.0,1.0,1.0,2,35,0.004862462362330365,210,0.5510816913479302,0.034998031452864106,0.006184107779411282,0.025432900148957945,0.058571796071826915,-0.00047021077274450596,-0.0345278206801196,0.5513924620672288,1.0
4,2.0,1.0,1.0,2,36,0.004862462362330365,216,0.5605729883891445,0.03568544084499971,0.005844790225930572,0.02403958540314312,0.058571796071826915,-0.0004444416949498098,-0.0352409991500499,0.5608789786696725,1.0
4,2.0,1.0,1.0,2,37,0.004862462362330365,222,0.5698226537353782,0.036361649433904034,0.00553266541249454,0.022757708314443747,0.058571796071826915,-0.00042073455812666194,-0.03594091487577737,0.5701240859014337,1.0
4,2.0,1.0,1.0,2,38,0.004862462362330365,228,0.5788369900985879,0.03702668393193037,0.005244902213094082,0.02157569437844424,0.058571796071826915,-0.0003988750836834143,-0.03662780884824696,0.5791340421811619,1.0
4,2.0,1.0,1.0,2,39,0.004862462362330365,234,0.5876221345810371,0.037680591563710425,0.00497902873480571,0.02048343371628763,0.058571796071826915,-0.00037867612420669494,-0.03730191543950373,0.5879149491243914,1.0
4,2.0,1.0,1.0,2,40,0.004862462362330365,240,0.5961840626780334,0.038323436511421394,0.0047328789545901945,0.01947206417654593,0.058571796071826915,-0.0003599736428384903,-0.0379634628685829,0.5964727537844283,1.0
4,2.0,1.0,1.0,2,1,0.00629960524947437,6,0.949966113857389,0.6460904042167552,1.9986418100798182,31.155302682473486,0.058571796071826915,0.6550531954760196,-0.008962791259264358,0.9730334231578414,0.9730042907450737
4,2.0,1.0,1.0,2,2,0.00629960524947437,12,0.9196380241568245,0.026346177306793832,1.9494636171173487,7.788825670618372,0.058571796071826915,-0.028581110729709543,0.002234933422915711,0.9562503416416712,0.8549500116337733
4,2.0,1.0,1.0,2,3,0.00629960524947437,18,0.3241134778869159,0.06342231010210583,1.0056900199814502,3.4617002980526084,0.058571796071826915,-0.06274140065510966,-0.0006809094469961696,0.5284693750142503,1.0
4,2.0,1.0,1.0,2,4,0.00629960524947437,24,0.19051145348178822,0.039795943025636576,0.5312178848986073,1.947206417654593,0.058571796071826915,-0.03631755521266415,-0.003478387812972425,0.3319459863811977,1.0
4,2.0,1.0,1.0,2,5,0.00629960524947437,30,0.17256978333521733,0.029034971668397025,0.3269310902367711,1.2462121072989396,0.058571796071826915,-0.023291472107575206,-0.005743499560821819,0.25169979013371285,1.0
4,2.0,1.0,1.0,2,6,0.00629960524947437,36,0.18332124460374088,0.02386804158447703,0.22190344610085305,0.8654250745131521,0.058571796071826915,-0.01614787843315993,-0.0077201631513171,0.22507846749337618,1.0
4,2.0,1.0,1.0,2,7,0.00629960524947437,42,0.20216198794288553,0.021364885978648468,0.16073267590130424,0.6358225037239486,0.058571796071826915,-0.011842148279772702,-0.009522737698875766,0.2241603687508123,1.0
4,2.0,1.0,1.0,2,8,0.00629960524947437,48,0.22343214630120278,0.020261010589542966,0.12191512653514122,0.4868016044136482,0.058571796071826915,-0.009053226894177618,-0.011207783695365348,0.23547443353806644,1.0
4,2.0,1.0,1.0,2,9,0.00629960524947437,54,0.2452682735677305,0.019950769834916476,0.09570677353266412,0.3846333664502899,0.058571796071826915,-0.007145009269076741,-0.012805760565839736,0.2522598141237716,1.0
4,2.0,1.0,1.0,2,10,0.00629960524947437,60,0.2669678592632978,0.02011692566941914,0.07716254342752717,0.3115530268247349,0.058571796071826915,-0.005782392489118493,-0.014334533180300646,0.27129681101531744,1.0
4,2.0,1.0,1.0,2,11,0.00629960524947437,66,0.28824207364079435,0.02058096309437607,0.06355065487509248,0.25748184035102056,0.058571796071826915,-0.004775595949800121,-0.01580536714457595,0.29109607741170657,1.0
4,2.0,1.0,1.0,2,12,0.00629960524947437,72,0.3089676723171241,0.021236499120113952,0.053259620325829725,0.21635626862828802,0.058571796071826915,-0.0040106894823137285,-0.017225809637800224,0.31096266767499914,1.0
4,2.0,1.0,1.0,2,13,0.00629960524947437,78,0.3290939462277298,0.02201712366506413,0.0452877872909928,0.1843509034465887,0.058571796071826915,-0.0034159417273864623,-0.018601181937677666,0.33056480515479786,1.0
4,2.0,1.0,1.0,2,14,0.00629960524947437,84,0.3486042479250342,0.022879772788200636,0.03898542526180495,0.15895562593098714,0.058571796071826915,-0.002944368601204811,-0.019935404186995825,0.3497415667387478,1.0
4,2.0,1.0,1.0,2,15,0.00629960524947437,90,0.3674987760004833,0.02379562955231307,0.03391585631056446,0.1384680119221044,0.058571796071826915,-0.0025641530168093174,-0.02123147653550375,0.36841570554070663,1.0
4,2.0,1.0,1.0,2,16,0.00629960524947437,96,0.3857863545748591,0.024744900189978117,0.02977665420198047,0.12170040110341206,0.058571796071826915,-0.0022531272638979805,-0.022491772926080136,0.3865526673342615,1.0
4,2.0,1.0,1.0,2,17,0.00629960524947437,102,0.40348029029914223,0.02571369018100496,0.026352914702016218,0.10780381551028888,0.058571796071826915,-0.0019954626119305374,-0.02371822756907442,0.4041404919280779,1.0
4,2.0,1.0,1.0,2,18,0.00629960524947437,108,0.42059618837676505,0.02669206926412318,0.023488484155813935,0.09615834161257247,0.058571796071826915,-0.0017796119592276005,-0.02491245730489558,0.4211795345475779,1.0
4,2.0,1.0,1.0,2,19,0.00629960524947437,114,0.4371507577513978,0.02767283566131326,0.021067661700531776,0.08630277751377696,0.058571796071826915,-0.0015969914151541809,-0.02607584424615908,0.43767699938373933,1.0
4,2.0,1.0,1.0,2,20,0.00629960524947437,120,0.45316113764594257,0.028650705378245614,0.01900322899135048,0.07788825670618373,0.058571796071826915,-0.0014411123573045415,-0.027209593020941072,0.4536439274604047,1.0
4,2.0,1.0,1.0,2,21,0.00629960524947437,126,0.4686445093263387,0.029621767584570163,0.01722842221083578,0.07064694485821651,0.058571796071826915,-0.001306996265726862,-0.0283147713188433,0.4690934838484627,1.0
4,2.0,1.0,1.0,2,22,0.00629960524947437,132,0.48361786907002924,0.03058311092329484,0.01569142793538152,0.06437046008775514,0.058571796071826915,-0.0011907717348441094,-0.02939233918845073,0.48403995675371425,1.0
4,2.0,1.0,1.0,2,23,0.00629960524947437,138,0.49809789487030054,0.03153256219749581,0.014351534292070476,0.05889471206516727,0.058571796071826915,-0.0010893916074744825,-0.03044317059002133,0.4984981589967028,1.0
4,2.0,1.0,1.0,2,24,0.00629960524947437,144,0.5121008690058627,0.032468500493498406,0.013176391484845567,0.054089067157072006,0.058571796071826915,-0.0010004309825799584,-0.03146806951091845,0.512483063492492,1.0
4,2.0,1.0,1.0,2,25,0.00629960524947437,150,0.525642634616586,0.03338972290456446,0.012140030439604804,0.04984848429195759,0.058571796071826915,-0.0009219407084922193,-0.03246778219607224,0.5260095783460865,1.0
4,2.0,1.0,1.0,2,26,0.00629960524947437,156,0.538738573346836,0.0342953461587769,0.011221408750562885,0.04608772586164717,0.058571796071826915,-0.0008523396006920037,-0.033443006558084895,0.5390924072002177,1.0
4,2.0,1.0,1.0,2,27,0.00629960524947437,162,0.5514035962235017,0.03518473362179084,0.010403329319574196,0.04273704071669887,0.058571796071826915,-0.0007903341118489227,-0.034394399509941914,0.551745962730825,1.0
4,2.0,1.0,1.0,2,28,0.00629960524947437,168,0.5636521429286907,0.036057440490680256,0.009671626305604098,0.039738906482746784,0.058571796071826915,-0.000734857743600853,-0.035322582747079403,0.563984313890121,1.0
4,2.0,1.0,1.0,2,29,0.00629960524947437,174,0.5754981864217912,0.03691317220106913,0.009014545398327014,0.03704554421221579,0.058571796071826915,-0.0006850248432078432,-0.036228147357861284,0.575821154923907,1.0
4,2.0,1.0,1.0,2,30,0.00629960524947437,180,0.586955240962607,0.03775175254860401,0.008422267120936532,0.0346170029805261,0.058571796071826915,-0.0006400950099269553,-0.037111657538677054,0.5872697886284844,1.0
4,2.0,1.0,1.0,2,31,0.00629960524947437,186,0.5980363722718011,0.03857309903283242,0.007886536620586103,0.03241966980486315,0.058571796071826915,-0.000599445415152472,-0.037973653617679945,0.5983431190201228,1.0
4,2.0,1.0,1.0,2,32,0.00629960524947437,192,0.6087542089973451,0.039377203626553045,0.007400373588021383,0.030425100275853014,0.058571796071826915,-0.0005625490871730976,-0.03881465453937995,0.6090536502736286,1.0
4,2.0,1.0,1.0,2,33,0.00629960524947437,198,0.6191209549357017,0.04016411766059487,0.006957843070414635,0.02860909337233562,0.058571796071826915,-0.0005289577356385744,-0.039635159924956295,0.6194134898517889,1.0
4,2.0,1.0,1.0,2,34,0.00629960524947437,204,0.6291484016379812,0.04093393985823124,0.006553872987819937,0.02695095387757222,0.058571796071826915,-0.0004982880623994046,-0.040435651795831834,0.6294343544329808,1.0
4,2.0,1.0,1.0,2,35,0.00629960524947437,210,0.638847941152205,0.041686806800535214,0.006184107779411282,0.025432900148957945,0.058571796071826915,-0.00047021077274450596,-0.04121659602779071,0.6391275776919962,1.0
4,2.0,1.0,1.0,2,36,0.00629960524947437,216,0.6482305787336722,0.04242288528277731,0.005844790225930572,0.02403958540314312,0.058571796071826915,-0.0004444416949498098,-0.0419784435878275,0.6485041192858618,1.0
4,2.0,1.0,1.0,2,37,0.00629960524947437,222,0.6573069454098748,0.04314236615266774,0.00553266541249454,0.022757708314443747,0.058571796071826915,-0.00042073455812666194,-0.04272163159454108,0.6575745745959037,1.0
4,2.0,1.0,1.0,2,38,0.00629960524947437,228,0.6660873103241558,0.043845459317886956,0.005244902213094082,0.02157569437844424,0.058571796071826915,-0.0003988750836834143,-0.04344658423420354,0.6663491849127327,1.0
4,2.0,1.0,1.0,2,39,0.00629960524947437,234,0.6745815928077703,0.04453238968225044,0.00497902873480571,0.02048343371628763,0.058571796071826915,-0.00037867612420669494,-0.04415371355804375,0.6748378478442855,1.0
4,2.0,1.0,1.0,2,40,0.00629960524947437,240,0.682799374148271,0.04520339382390525,0.0047328789545901945,0.01947206417654593,0.058571796071826915,-0.0003599736428384903,-0.04484342018106676,0.6830501277918382,1.0
4,2.0,1.0,1.0,2,1,0.008161508170561079,6,0.9497212138196035,0.6434522177921085,1.9986418100798182,31.155302682473486,0.058571796071826915,0.6550531954760196,-0.011600977683911107,0.9724406729300188,0.9651964147200259
4,2.0,1.0,1.0,2,2,0.008161508170561079,12,0.9204632665749268,0.025715386898811893,1.9494636171173487,7.788825670618372,0.058571796071826915,-0.028581110729709543,0.00286572383089765,0.9559239449845671,0.8177416664704635
4,2.0,1.0,1.0,2,3,0.008161508170561079,18,0.342399880930927,0.06361569427480741,1.0056900199814502,3.4617002980526084,0.058571796071826915,-0.06274140065510966,-0.0008742936196977497,0.5347968068911447,1.0
4,2.0,1.0,1.0,2,4,0.008161508170561079,24,0.21974260597356743,0.04076786403294752,0.5312178848986073,1.947206417654593,0.058571796071826915,-0.03631755521266415,-0.004450308820283369,0.34644037316182574,1.0
4,2.0,1.0,1.0,2,5,0.008161508170561079,30,0.20967448313954284,0.030615972844195094,0.3269310902367711,1.2462121072989396,0.058571796071826915,-0.023291472107575206,-0.007324500736619888,0.27598181272849054,1.0
4,2.0,1.0,1.0,2,6,0.008161508170561079,36,0.22687829158864914,0.025961623495801972,0.22190344610085305,0.8654250745131521,0.058571796071826915,-0.01614787843315993,-0.009813745062642043,0.2596918747437635,1.0
4,2.0,1.0,1.0,2,7,0.008161508170561079,42,0.25134231487736125,0.02390876819687049,0.16073267590130424,0.6358225037239486,0.058571796071826915,-0.011842148279772702,-0.012066619917097787,0.267891897968518,1.0
4,2.0,1.0,1.0,2,8,0.008161508170561079,48,0.2776242110972269,0.023210080691842272,0.12191512653514122,0.4868016044136482,0.058571796071826915,-0.009053226894177618,-0.014156853797664654,0.2864942678879307,1.0
4,2.0,1.0,1.0,2,9,0.008161508170561079,54,0.3039627653099042,0.02326940470931907,0.09570677353266412,0.3846333664502899,0.058571796071826915,-0.007145009269076741,-0.01612439544024233,0.3090878097699604,1.0
4,2.0,1.0,1.0,2,10,0.008161508170561079,60,0.32971514974915195,0.023775279249350884,0.07716254342752717,0.3115530268247349,0.058571796071826915,-0.005782392489118493,-0.01799288676023239,0.3329083553262879,1.0
4,2.0,1.0,1.0,2,11,0.008161508170561079,66,0.3546341090824583,0.02455301180880834,0.06355065487509248,0.25748184035102056,0.058571796071826915,-0.004775595949800121,-0.01977741585900822,0.3567690533727725,1.0
4,2.0,1.0,1.0,2,12,0.008161508170561079,72,0.37862907671027335,0.025498932018328896,0.053259620325829725,0.21635626862828802,0.058571796071826915,-0.0040106894823137285,-0.021488242536015167,0.3801505857484156,1.0
4,2.0,1.0,1.0,2,13,0.008161508170561079,78,0.40167702209034106,0.026548670566574548,0.0452877872909928,0.1843509034465887,0.058571796071826915,-0.0034159417273864623,-0.023132728839188085,0.4028243172018534,1.0
4,2.0,1.0,1.0,2,14,0.008161508170561079,84,0.4237857921059287,0.027660774868128776,0.03898542526180495,0.15895562593098714,0.058571796071826915,-0.002944368601204811,-0.024716406266923965,0.42469413476074014,1.0
4,2.0,1.0,1.0,2,15,0.008161508170561079,90,0.4449778168948728,0.02880775167477556,0.03391585631056446,0.1384680119221044,0.058571796071826915,-0.0025641530168093174,-0.026243598657966244,0.4457271887047197,1.0
4,2.0,1.0,1.0,2,16,0.008161508170561079,96,0.46528239675877503,0.02997093005851187,0.02977665420198047,0.12170040110341206,0.058571796071826915,-0.0022531272638979805,-0.02771780279461389,0.46592200184608473,1.0
4,2.0,1.0,1.0,2,17,0.008161508170561079,102,0.48473186178271843,0.03113739281958358,0.026352914702016218,0.10780381551028888,0.058571796071826915,-0.0019954626119305374,-0.029141930207653044,0.4852930453244692,1.0
4,2.0,1.0,1.0,2,18,0.008161508170561079,108,0.503359583086315,0.0322980780008397,0.023488484155813935,0.09615834161257247,0.058571796071826915,-0.0017796119592276005,-0.030518466041612097,0.5038629369526579,1.0
4,2.0,1.0,1.0,2,19,0.008161508170561079,114,0.5211989138331998,0.03344656793746313,0.021067661700531776,0.08630277751377696,0.058571796071826915,-0.0015969914151541809,-0.03184957652230895,0.5216583376466112,1.0
4,2.0,1.0,1.0,2,20,0.008161508170561079,120,0.538282617007062,0.03457829590635132,0.01900322899135048,0.07788825670618373,0.058571796071826915,-0.0014411123573045415,-0.03313718354904678,0.5387077209756959,1.0
4,2.0,1.0,1.0,2,21,0.008161508170561079,126,0.5546425572389599,0.03569001393263138,0.01722842221083578,0.07064694485821651,0.058571796071826915,-0.001306996265726862,-0.03438301766690452,0.5550401291190363,1.0
4,2.0,1.0,1.0,2,22,0.008161508170561079,132,0.5703095402020725,0.03677942820252615,0.01569142793538152,0.06437046008775514,0.058571796071826915,-0.0011907717348441094,-0.03558865646768204,0.5706844666788384,1.0
4,2.0,1.0,1.0,2,23,0.008161508170561079,138,0.5853132364968611,0.03784494456034637,0.014351534292070476,0.05889471206516727,0.058571796071826915,-0.0010893916074744825,-0.03675555295287189,0.5856690969692047,1.0
4,2.0,1.0,1.0,2,24,0.008161508170561079,144,0.5996821548053947,0.038885487827183846,0.013176391484845567,0.054089067157072006,0.058571796071826915,-0.0010004309825799584,-0.03788505684460389,0.6000216130760689,1.0
4,2.0,1.0,1.0,2,25,0.008161508170561079,150,0.6134436441086218,0.03990037156208506,0.012140030439604804,0.04984848429195759,0.058571796071826915,-0.0009219407084922193,-0.038978430853592844,0.613768712276185,1.0
4,2.0,1.0,1.0,2,26,0.008161508170561079,156,0.6266239130945819,0.04088920288289605,0.011221408750562885,0.04608772586164717,0.058571796071826915,-0.0008523396006920037,-0.040036863282204044,0.6269361327714584,1.0
4,2.0,1.0,1.0,2,27,0.008161508170561079,162,0.6392480596367446,0.04185181203642803,0.010403329319574196,0.04273704071669887,0.058571796071826915,-0.0007903341118489227,-0.04106147792457911,0.6395486285553269,1.0
4,2.0,1.0,1.0,2,28,0.008161508170561079,168,0.6513401059949356,0.042788199689613296,0.009671626305604098,0.039738906482746784,0.058571796071826915,-0.000734857743600853,-0.04205334194601244,0.6516299678389276,1.0
4,2.0,1.0,1.0,2,29,0.008161508170561079,174,0.6629230370464995,0.043698497075821914,0.009014545398327014,0.03704554421221579,0.058571796071826915,-0.0006850248432078432,-0.04301347223261407,0.6632029460772961,1.0
4,2.0,1.0,1.0,2,30,0.008161508170561079,180,0.6740188398617883,0.044582935579153306,0.008422267120936532,0.0346170029805261,0.058571796071826915,-0.0006400950099269553,-0.04394284056922635,0.6742894079873359,1.0
4,2.0,1.0,1.0,2,31,0.008161508170561079,186,0.6846485435620813,0.045441823325229724,0.007886536620586103,0.03241966980486315,0.058571796071826915,-0.000599445415152472,-0.04484237791007725,0.6849102749917185,1.0
4,2.0,1.0,1.0,2,32,0.008161508170561079,192,0.694832258789593,0.04627552702680679,0.007400373588021383,0.030425100275853014,0.058571796071826915,-0.0005625490871730976,-0.04571297793963369,0.6950855757917784,1.0
4,2.0,1.0,1.0,2,33,0.008161508170561079,198,0.7045892163702803,0.04708445780837636,0.006957843070414635,0.02860909337233562,0.058571796071826915,-0.0005289577356385744,-0.04655550007273779,0.7048344785738387,1.0
4,2.0,1.0,1.0,2,34,0.008161508170561079,204,0.7139378049112417,0.04786906007013054,0.006553872987819937,0.02695095387757222,0.058571796071826915,-0.0004982880623994046,-0.047370772007731134,0.7141753238683999,1.0
4,2.0,1.0,1.0,2,35,0.008161508170561079,210,0.7228956071801904,0.04862980269278268,0.006184107779411282,0.025432900148957945,0.058571796071826915,-0.00047021077274450596,-0.04815959192003817,0.7231256574168692,1.0
4,2.0,1.0,1.0,2,36,0.008161508170561079,216,0.7314794351838511,0.04936717205908997,0.005844790225930572,0.02403958540314312,0.058571796071826915,-0.0004444416949498098,-0.04892273036414016,0.7317022626217864,1.0
4,2.0,1.0,1.0,2,37,0.008161508170561079,222,0.7397053639077946,0.05008166649522622,0.00553266541249454,0.022757708314443747,0.058571796071826915,-0.00042073455812666194,-0.049660931937099556,0.7399211923044966,1.0
4,2.0,1.0,1.0,2,38,0.008161508170561079,228,0.7475887637107912,0.050773791829279005,0.005244902213094082,0.02157569437844424,0.058571796071826915,-0.0003988750836834143,-0.05037491674559559,0.7477977995936693,1.0
4,2.0,1.0,1.0,2,39,0.008161508170561079,234,0.7551443313865374,0.05144405783402435,0.00497902873480571,0.02048343371628763,0.058571796071826915,-0.00037867612420669494,-0.051065381709817656,0.7553467678362389,1.0
4,2.0,1.0,1.0,2,40,0.008161508170561079,240,0.7623861199189604,0.05209297537371846,0.0047328789545901945,0.01947206417654593,0.058571796071826915,-0.0003599736428384903,-0.05173300173087997,0.7625821394685028,1.0
4,2.0,1.0,1.0,2,1,0.01057371263440564,6,0.9494077872746339,0.6400416499968825,1.9986418100798182,31.155302682473486,0.058571796071826915,0.6550531954760196,-0.015011545479137078,0.9716841177625495,0.9551937460319474
4,2.0,1.0,1.0,2,2,0.01057371263440564,12,0.9214992204011667,0.02491795193210622,1.9494636171173487,7.788825670618372,0.058571796071826915,-0.028581110729709543,0.0036631587976033234,0.9555155066748788,0.7727869881189026
4,2.0,1.0,1.0,2,3,0.01057371263440564,18,0.3653123983340967,0.06386093393760157,1.0056900199814502,3.4617002980526084,0.058571796071826915,-0.06274140065510966,-0.0011195332824919108,0.5431645930461583,1.0
4,2.0,1.0,1.0,2,4,0.01057371263440564,24,0.2559537010587898,0.04199038084042596,0.5312178848986073,1.947206417654593,0.058571796071826915,-0.03631755521266415,-0.005672825627761807,0.36586859750384315,1.0
4,2.0,1.0,1.0,2,5,0.01057371263440564,30,0.25511034295449075,0.03258915158902971,0.3269310902367711,1.2462121072989396,0.058571796071826915,-0.023291472107575206,-0.009297679481454504,0.3083043425317186,1.0
4,2.0,1.0,1.0,2,6,0.01057371263440564,36,0.2796037305189968,0.028554206957793732,0.22190344610085305,0.8654250745131521,0.058571796071826915,-0.01614787843315993,-0.012406328524633803,0.30428680418928167,1.0
4,2.0,1.0,1.0,2,7,0.01057371263440564,42,0.3101942508991282,0.027034342638447673,0.16073267590130424,0.6358225037239486,0.058571796071826915,-0.011842148279772702,-0.01519219435867497,0.32219905699510815,1.0
4,2.0,1.0,1.0,2,8,0.01057371263440564,48,0.34173452255034664,0.026804985438681928,0.12191512653514122,0.4868016044136482,0.058571796071826915,-0.009053226894177618,-0.01775175854450431,0.34808280520476875,1.0
4,2.0,1.0,1.0,2,9,0.01057371263440564,54,0.3726106075998692,0.027282787024999325,0.09570677353266412,0.3846333664502899,0.058571796071826915,-0.007145009269076741,-0.020137777755922584,0.37628492406285324,1.0
4,2.0,1.0,1.0,2,10,0.01057371263440564,60,0.40227160163730113,0.028164272045947847,0.07716254342752717,0.3115530268247349,0.058571796071826915,-0.005782392489118493,-0.022381879556829354,0.40458840935078366,1.0
4,2.0,1.0,1.0,2,11,0.01057371263440564,66,0.43053774096138686,0.02928018030410863,0.06355065487509248,0.25748184035102056,0.058571796071826915,-0.004775595949800121,-0.02450458435430851,0.43211606355471,1.0
4,2.0,1.0,1.0,2,12,0.01057371263440564,72,0.4573732201591123,0.030530811368379387,0.053259620325829725,0.21635626862828802,0.058571796071826915,-0.0040106894823137285,-0.02652012188606566,0.45852379285986966,1.0
4,2.0,1.0,1.0,2,13,0.01057371263440564,78,0.48280204604186294,0.031854870018043976,0.0452877872909928,0.1843509034465887,0.058571796071826915,-0.0034159417273864623,-0.028438928290657514,0.48369053309433785,1.0
4,2.0,1.0,1.0,2,14,0.01057371263440564,84,0.5068737657872344,0.03321339614725852,0.03898542526180495,0.15895562593098714,0.058571796071826915,-0.002944368601204811,-0.030269027546053706,0.5075933442332622,1.0
4,2.0,1.0,1.0,2,15,0.01057371263440564,90,0.5296484338409306,0.034580991688011986,0.03391585631056446,0.1384680119221044,0.058571796071826915,-0.0025641530168093174,-0.03201683867120267,0.530254033896896,1.0
4,2.0,1.0,1.0,2,16,0.01057371263440564,96,0.5511896356691286,0.03594079697854899,0.02977665420198047,0.12170040110341206,0.058571796071826915,-0.0022531272638979805,-0.03368766971465101,0.5517150038346624,1.0
4,2.0,1.0,1.0,2,17,0.01057371263440564,102,0.5715611218398173,0.03728149486650209,0.026352914702016218,0.10780381551028888,0.058571796071826915,-0.0019954626119305374,-0.03528603225457155,0.5720277566302037,1.0
4,2.0,1.0,1.0,2,18,0.01057371263440564,108,0.5908251532173168,0.038595460558314434,0.023488484155813935,0.09615834161257247,0.058571796071826915,-0.0017796119592276005,-0.036815848599086834,0.5912471977222475,1.0
4,2.0,1.0,1.0,2,19,0.01057371263440564,114,0.6090416955071511,0.0398775838722016,0.021067661700531776,0.08630277751377696,0.058571796071826915,-0.0015969914151541809,-0.038280592457047416,0.6094287251405979,1.0
4,2.0,1.0,1.0,2,20,0.01057371263440564,120,0.6262680513916793,0.04112449938251439,0.01900322899135048,0.07788825670618373,0.058571796071826915,-0.0014411123573045415,-0.03968338702520985,0.626626720070319,1.0
4,2.0,1.0,1.0,2,21,0.01057371263440564,126,0.642558724566773,0.04233407131183281,0.01722842221083578,0.07064694485821651,0.058571796071826915,-0.001306996265726862,-0.04102707504610595,0.6428937683844927,1.0
4,2.0,1.0,1.0,2,22,0.01057371263440564,132,0.6579654089119551,0.04350504168807377,0.01569142793538152,0.06437046008775514,0.058571796071826915,-0.0011907717348441094,-0.04231426995322966,0.658280275868383,1.0
4,2.0,1.0,1.0,2,23,0.01057371263440564,138,0.6725370455183519,0.044636785576140335,0.014351534292070476,0.05889471206516727,0.058571796071826915,-0.0010893916074744825,-0.04354739396866585,0.6728343008836444,1.0
4,2.0,1.0,1.0,2,24,0.01057371263440564,144,0.6863199159795424,0.04572913800011286,0.013176391484845567,0.054089067157072006,0.058571796071826915,-0.0010004309825799584,-0.0447287070175329,0.686601509271035,1.0
4,2.0,1.0,1.0,2,25,0.01057371263440564,150,0.6993577541145531,0.046782269768894186,0.012140030439604804,0.04984848429195759,0.058571796071826915,-0.0009219407084922193,-0.045860329060401966,0.6996251985432211,1.0
4,2.0,1.0,1.0,2,26,0.01057371263440564,156,0.7116918658832501,0.047796597229490916,0.011221408750562885,0.04608772586164717,0.058571796071826915,-0.0008523396006920037,-0.04694425762879891,0.711946361159133,1.0
4,2.0,1.0,1.0,2,27,0.01057371263440564,162,0.7233612515493494,0.048772715922442214,0.010403329319574196,0.04273704071669887,0.058571796071826915,-0.0007903341118489227,-0.04798238181059329,0.723603769267047,1.0
4,2.0,1.0,1.0,2,28,0.01057371263440564,168,0.7344027266303486,0.04971135131375806,0.009671626305604098,0.039738906482746784,0.058571796071826915,-0.000734857743600853,-0.04897649357015721,0.734634070465446,1.0
4,2.0,1.0,1.0,2,29,0.01057371263440564,174,0.7448510396392171,0.050613321883949736,0.009014545398327014,0.03704554421221579,0.058571796071826915,-0.0006850248432078432,-0.04992829704074189,0.745071888299649,1.0
4,2.0,1.0,1.0,2,30,0.01057371263440564,180,0.7547389855005242,0.05147951126430904,0.008422267120936532,0.0346170029805261,0.058571796071826915,-0.0006400950099269553,-0.05083941625438208,0.7549499236914061,1.0
4,2.0,1.0,1.0,2,31,0.01057371263440564,186,0.7640975140571213,0.05231084706865543,0.007886536620586103,0.03241966980486315,0.058571796071826915,-0.000599445415152472,-0.05171140165350296,0.7642990550003979,1.0
4,2.0,1.0,1.0,2,32,0.01057371263440564,192,0.7729558334092855,0.05310828472885655,0.007400373588021383,0.030425100275853014,0.058571796071826915,-0.0005625490871730976,-0.05254573564168345,0.7731484353421535,1.0
4,2.0,1.0,1.0,2,33,0.01057371263440564,198,0.78134150802927,0.05387279510393616,0.006957843070414635,0.02860909337233562,0.058571796071826915,-0.0005289577356385744,-0.053343837368297585,0.7815255863641067,1.0
4,2.0,1.0,1.0,2,34,0.01057371263440564,204,0.7892805517164817,0.05460535495831411,0.006553872987819937,0.02695095387757222,0.058571796071826915,-0.0004982880623994046,-0.054107066895914706,0.7894564880465575,1.0
4,2.0,1.0,1.0,2,35,0.01057371263440564,210,0.7967975155327176,0.055306939638080685,0.006184107779411282,0.025432900148957945,0.058571796071826915,-0.00047021077274450596,-0.05483672886533618,0.7969656643270725,1.0
4,2.0,1.0,1.0,2,36,0.01057371263440564,216,0.8039155709001845,0.05597851744268257,0.005844790225930572,0.02403958540314312,0.058571796071826915,-0.0004444416949498098,-0.05553407574773276,0.804076264494707,1.0
4,2.0,1.0,1.0,2,37,0.01057371263440564,222,0.8106565880685621,0.056621045312364185,0.00553266541249454,0.022757708314443747,0.058571796071826915,-0.00042073455812666194,-0.05620031075423752,0.8108101403946897,1.0
4,2.0,1.0,1.0,2,38,0.01057371263440564,228,0.8170412101686646,0.057235465542392366,0.005244902213094082,0.02157569437844424,0.058571796071826915,-0.0003988750836834143,-0.05683659045870895,0.8171879195431193,1.0
4,2.0,1.0,1.0,2,39,0.01057371263440564,234,0.8230889230731547,0.05782270330245062,0.00497902873480571,0.02048343371628763,0.058571796071826915,-0.00037867612420669494,-0.05744402717824393,0.8232290742877922,1.0
4,2.0,1.0,1.0,2,40,0.01057371263440564,240,0.8288181212829132,0.058383664790077575,0.0047328789545901945,0.01947206417654593,0.058571796071826915,-0.0003599736428384903,-0.058023691147239084,0.8289519871722546,1.0
4,2.0,1.0,1.0,2,1,0.013698865030640954,6,0.9490081328528066,0.6356354086757653,1.9986418100798182,31.155302682473486,0.058571796071826915,0.6550531954760196,-0.0194177868002543,0.9707227721449936,0.9424206902579525
4,2.0,1.0,1.0,2,2,0.013698865030640954,12,0.9227872217955211,0.023917579631084318,1.9494636171173487,7.788825670618372,0.058571796071826915,-0.028581110729709543,0.004663531098625225,0.9550096655455329,0.719441639786268
4,2.0,1.0,1.0,2,3,0.013698865030640954,18,0.3937373527416025,0.06416980430881566,1.0056900199814502,3.4617002980526084,0.058571796071826915,-0.06274140065510966,-0.0014284036537060008,0.5542498582806786,1.0
4,2.0,1.0,1.0,2,4,0.013698865030640954,24,0.3002182779091237,0.04351430588246111,0.5312178848986073,1.947206417654593,0.058571796071826915,-0.03631755521266415,-0.007196750669796956,0.3917882925604751,1.0
4,2.0,1.0,1.0,2,5,0.013698865030640954,30,0.3098253235353623,0.03502391027258191,0.3269310902367711,1.2462121072989396,0.058571796071826915,-0.023291472107575206,-0.0117324381650067,0.35041904434691107,1.0
4,2.0,1.0,1.0,2,6,0.013698865030640954,36,0.3421568650110933,0.031720757685967105,0.22190344610085305,0.8654250745131521,0.058571796071826915,-0.01614787843315993,-0.015572879252807176,0.35988784968001314,1.0
4,2.0,1.0,1.0,2,7,0.013698865030640954,42,0.3789860579418797,0.03081279370941825,0.16073267590130424,0.6358225037239486,0.058571796071826915,-0.011842148279772702,-0.01897064542964555,0.38736880828652936,1.0
4,2.0,1.0,1.0,2,8,0.013698865030640954,48,0.41557190545658973,0.031105942533893177,0.12191512653514122,0.4868016044136482,0.058571796071826915,-0.009053226894177618,-0.02205271563971556,0.41997643198453677,1.0
4,2.0,1.0,1.0,2,9,0.013698865030640954,54,0.4505168417151638,0.03203444245109363,0.09570677353266412,0.3846333664502899,0.058571796071826915,-0.007145009269076741,-0.02488943318201689,0.45308578538725175,1.0
4,2.0,1.0,1.0,2,10,0.013698865030640954,60,0.4834129819928761,0.03330610725869379,0.07716254342752717,0.3115530268247349,0.058571796071826915,-0.005782392489118493,-0.027523714769575297,0.4850603232458295,1.0
4,2.0,1.0,1.0,2,11,0.013698865030640954,66,0.5141892882604915,0.03475959696012705,0.06355065487509248,0.25748184035102056,0.058571796071826915,-0.004775595949800121,-0.02998400101032693,0.5153364502990434,1.0
4,2.0,1.0,1.0,2,12,0.013698865030640954,72,0.5428993545596357,0.036301172758246444,0.053259620325829725,0.21635626862828802,0.058571796071826915,-0.0040106894823137285,-0.032290483275932716,0.5437553956795316,1.0
4,2.0,1.0,1.0,2,13,0.013698865030640954,78,0.5696438450760783,0.037874277170746415,0.0452877872909928,0.1843509034465887,0.058571796071826915,-0.0034159417273864623,-0.03445833544335995,0.5703194360981888,1.0
4,2.0,1.0,1.0,2,14,0.013698865030640954,84,0.5945395187951626,0.039443873421691644,0.03898542526180495,0.15895562593098714,0.058571796071826915,-0.002944368601204811,-0.03649950482048683,0.5950966762226118,1.0
4,2.0,1.0,1.0,2,15,0.013698865030640954,90,0.6177060678949098,0.04098791422161087,0.03391585631056446,0.1384680119221044,0.058571796071826915,-0.0025641530168093174,-0.03842376120480155,0.6181813205986579,1.0
4,2.0,1.0,1.0,2,16,0.013698865030640954,96,0.6392603364758144,0.04249246834659566,0.02977665420198047,0.12170040110341206,0.058571796071826915,-0.0022531272638979805,-0.04023934108269768,0.6396761697768802,1.0
4,2.0,1.0,1.0,2,17,0.013698865030640954,102,0.6593137991998697,0.04394882226190276,0.026352914702016218,0.10780381551028888,0.058571796071826915,-0.0019954626119305374,-0.041953359649972224,0.6596846107873011,1.0
4,2.0,1.0,1.0,2,18,0.013698865030640954,108,0.6779715531070902,0.04535169585405147,0.023488484155813935,0.09615834161257247,0.058571796071826915,-0.0017796119592276005,-0.04357208389482387,0.6783068992961883,1.0
4,2.0,1.0,1.0,2,19,0.013698865030640954,114,0.6953320368985855,0.04669811083452081,0.021067661700531776,0.08630277751377696,0.058571796071826915,-0.0015969914151541809,-0.04510111941936663,0.6956384758918919,1.0
4,2.0,1.0,1.0,2,20,0.013698865030640954,120,0.7114871062589018,0.047986654307273766,0.01900322899135048,0.07788825670618373,0.058571796071826915,-0.0014411123573045415,-0.046545541949969224,0.7117692833664883,1.0
4,2.0,1.0,1.0,2,21,0.013698865030640954,126,0.7265222822587528,0.04921698862232633,0.01722842221083578,0.07064694485821651,0.058571796071826915,-0.001306996265726862,-0.04790999235659947,0.7267835896050152,1.0
4,2.0,1.0,1.0,2,22,0.013698865030640954,132,0.7405170796984408,0.05038951871151624,0.01569142793538152,0.06437046008775514,0.058571796071826915,-0.0011907717348441094,-0.049198746976672134,0.7407600687439083,1.0
4,2.0,1.0,1.0,2,23,0.013698865030640954,138,0.7535453668172807,0.05150516244490922,0.014351534292070476,0.05889471206516727,0.058571796071826915,-0.0010893916074744825,-0.05041577083743474,0.7537720128012837,1.0
4,2.0,1.0,1.0,2,24,0.013698865030640954,144,0.7656757306877267,0.05256518976753436,0.013176391484845567,0.054089067157072006,0.058571796071826915,-0.0010004309825799584,-0.0515647587849544,0.7658876058826589,1.0
4,2.0,1.0,1.0,2,25,0.013698865030640954,150,0.7769718347281054,0.05357110860308693,0.012140030439604804,0.04984848429195759,0.058571796071826915,-0.0009219407084922193,-0.05264916789459471,0.777170224138245,1.0
4,2.0,1.0,1.0,2,26,0.013698865030640954,156,0.7874927613379867,0.054524583083145485,0.011221408750562885,0.04608772586164717,0.058571796071826915,-0.0008523396006920037,-0.05367224348245348,0.787678741265939,1.0
4,2.0,1.0,1.0,2,27,0.013698865030640954,162,0.7972933362922615,0.05542737445260566,0.010403329319574196,0.04273704071669887,0.058571796071826915,-0.0007903341118489227,-0.05463704034075674,0.7974678284796404,1.0
4,2.0,1.0,1.0,2,28,0.013698865030640954,168,0.8064244335626455,0.05628129809529061,0.009671626305604098,0.039738906482746784,0.058571796071826915,-0.000734857743600853,-0.055546440351689756,0.8065882429871425,1.0
4,2.0,1.0,1.0,2,29,0.013698865030640954,174,0.8149332603780625,0.057088192156868806,0.009014545398327014,0.03704554421221579,0.058571796071826915,-0.0006850248432078432,-0.05640316731366096,0.8150871019506968,1.0
4,2.0,1.0,1.0,2,30,0.013698865030640954,180,0.8228636229720028,0.05784989460082531,0.008422267120936532,0.0346170029805261,0.058571796071826915,-0.0006400950099269553,-0.05720979959089836,0.8230081405984676,1.0
4,2.0,1.0,1.0,2,31,0.013698865030640954,186,0.8302561738102182,0.058568226455223645,0.007886536620586103,0.03241966980486315,0.058571796071826915,-0.000599445415152472,-0.05796878104007117,0.830391954140854,1.0
4,2.0,1.0,1.0,2,32,0.013698865030640954,192,0.8371486412662359,0.0592449796422228,0.007400373588021383,0.030425100275853014,0.058571796071826915,-0.0005625490871730976,-0.0586824305550497,0.8372762237174367,1.0
4,2.0,1.0,1.0,2,33,0.013698865030640954,198,0.8435760427867536,0.05988190822492888,0.006957843070414635,0.02860909337233562,0.058571796071826915,-0.0005289577356385744,-0.059352950489290304,0.8436959269243197,1.0
4,2.0,1.0,1.0,2,34,0.013698865030640954,204,0.8495708826038767,0.06048072221805008,0.006553872987819937,0.02695095387757222,0.058571796071826915,-0.0004982880623994046,-0.059982434155650674,0.8496835336481818,1.0
4,2.0,1.0,1.0,2,35,0.013698865030640954,210,0.8551633350320259,0.06104308333176774,0.006184107779411282,0.025432900148957945,0.058571796071826915,-0.00047021077274450596,-0.06057287255902324,0.8552691880192423,1.0
4,2.0,1.0,1.0,2,36,0.013698865030640954,216,0.8603814143486368,0.061570602178913164,0.005844790225930572,0.02403958540314312,0.058571796071826915,-0.0004444416949498098,-0.061126160483963354,0.8604808773262866,1.0
4,2.0,1.0,1.0,2,37,0.013698865030640954,222,0.8652511322084172,0.06206483659250187,0.00553266541249454,0.022757708314443747,0.058571796071826915,-0.00042073455812666194,-0.06164410203437521,0.8653445887350041,1.0
4,2.0,1.0,1.0,2,38,0.013698865030640954,228,0.8697966434868386,0.06252729078676433,0.005244902213094082,0.02157569437844424,0.058571796071826915,-0.0003988750836834143,-0.06212841570308091,0.8698844546285007,1.0
4,2.0,1.0,1.0,2,39,0.013698865030640954,234,0.8740403813926266,0.06295941515854364,0.00497902873480571,0.02048343371628763,0.058571796071826915,-0.00037867612420669494,-0.06258073903433695,0.8741228873555307,1.0
4,2.0,1.0,1.0,2,40,0.013698865030640954,240,0.8780031826337856,0.06336260657359394,0.0047328789545901945,0.01947206417654593,0.058571796071826915,-0.0003599736428384903,-0.06300263293075545,0.8780807041319371,1.0
4,2.0,1.0,1.0,2,1,0.017747683298777857,6,0.9485009751915698,0.6299475925749968,1.9986418100798182,31.155302682473486,0.058571796071826915,0.6550531954760196,-0.025105602901022817,0.9695082397270187,0.9261772310791879
4,2.0,1.0,1.0,2,2,0.017747683298777857,12,0.9243683775266757,0.02267550567233874,1.9494636171173487,7.788825670618372,0.058571796071826915,-0.028581110729709543,0.005905605057370804,0.95439155595961,0.6575142095970065
4,2.0,1.0,1.0,2,3,0.017747683298777857,18,0.4285481555282131,0.06455521223867466,1.0056900199814502,3.4617002980526084,0.058571796071826915,-0.06274140065510966,-0.0018138115835650004,0.5689320708510219,1.0
4,2.0,1.0,1.0,2,4,0.017747683298777857,24,0.35339995830920323,0.045391497489301075,0.5312178848986073,1.947206417654593,0.058571796071826915,-0.03631755521266415,-0.009073942276636923,0.4259451548870876,1.0
4,2.0,1.0,1.0,2,5,0.017747683298777857,30,0.37430002526082906,0.037983456307570204,0.3269310902367711,1.2462121072989396,0.058571796071826915,-0.023291472107575206,-0.014691984199994998,0.40359096689347473,1.0
4,2.0,1.0,1.0,2,6,0.017747683298777857,36,0.41445980683678096,0.035518557423631664,0.22190344610085305,0.8654250745131521,0.058571796071826915,-0.01614787843315993,-0.019370678990471735,0.426582616072703,1.0
4,2.0,1.0,1.0,2,7,0.017747683298777857,42,0.4569888886812359,0.03528346035813375,0.16073267590130424,0.6358225037239486,0.058571796071826915,-0.011842148279772702,-0.023441312078361046,0.4626022249464181,1.0
4,2.0,1.0,1.0,2,8,0.017747683298777857,48,0.4977127916401005,0.036125546263486616,0.12191512653514122,0.4868016044136482,0.058571796071826915,-0.009053226894177618,-0.027072319369308998,0.5006616703710514,1.0
4,2.0,1.0,1.0,2,9,0.017747683298777857,54,0.5355535671585308,0.03750366648449069,0.09570677353266412,0.3846333664502899,0.058571796071826915,-0.007145009269076741,-0.030358657215413948,0.5372956476260357,1.0
4,2.0,1.0,1.0,2,10,0.017747683298777857,60,0.5703229381836128,0.039141941474785544,0.07716254342752717,0.3115530268247349,0.058571796071826915,-0.005782392489118493,-0.03335954898566705,0.5714626669138851,1.0
4,2.0,1.0,1.0,2,11,0.017747683298777857,66,0.6021190074475504,0.04089081558834361,0.06355065487509248,0.25748184035102056,0.058571796071826915,-0.004775595949800121,-0.036115219638543486,0.6029304749961018,1.0
4,2.0,1.0,1.0,2,12,0.017747683298777857,72,0.6311336070789827,0.042665641741243196,0.053259620325829725,0.21635626862828802,0.058571796071826915,-0.0040106894823137285,-0.03865495225892947,0.6317514723923326,1.0
4,2.0,1.0,1.0,2,13,0.017747683298777857,78,0.657583831221239,0.04441722122088794,0.0452877872909928,0.1843509034465887,0.058571796071826915,-0.0034159417273864623,-0.04100127949350148,0.6580790642178742,1.0
4,2.0,1.0,1.0,2,14,0.017747683298777857,84,0.6816859984250329,0.04611668353692706,0.03898542526180495,0.15895562593098714,0.058571796071826915,-0.002944368601204811,-0.043172314935722246,0.6820983841019257,1.0
4,2.0,1.0,1.0,2,15,0.017747683298777857,90,0.7036455745204677,0.047747279014801025,0.03391585631056446,0.1384680119221044,0.058571796071826915,-0.0025641530168093174,-0.04518312599799171,0.7039986767826132,1.0
4,2.0,1.0,1.0,2,16,0.017747683298777857,96,0.7236535510395629,0.04929971029550568,0.02977665420198047,0.12170040110341206,0.058571796071826915,-0.0022531272638979805,-0.0470465830316077,0.723962040671146,1.0
4,2.0,1.0,1.0,2,17,0.017747683298777857,102,0.7418855675957412,0.05076937015330725,0.026352914702016218,0.10780381551028888,0.058571796071826915,-0.0019954626119305374,-0.04877390754137671,0.7421590104846472,1.0
4,2.0,1.0,1.0,2,18,0.017747683298777857,108,0.7585022270346403,0.052154651845123474,0.023488484155813935,0.09615834161257247,0.058571796071826915,-0.0017796119592276005,-0.050375039885895874,0.7587471375407728,1.0
4,2.0,1.0,1.0,2,19,0.017747683298777857,114,0.7736499190982986,0.05345588593992642,0.021067661700531776,0.08630277751377696,0.058571796071826915,-0.0015969914151541809,-0.05185889452477224,0.7738709201829739,1.0
4,2.0,1.0,1.0,2,20,0.017747683298777857,120,0.7874618383228402,0.05467465519691714,0.01900322899135048,0.07788825670618373,0.058571796071826915,-0.0014411123573045415,-0.053233542839612596,0.787662341233583,1.0
4,2.0,1.0,1.0,2,21,0.017747683298777857,126,0.8000590481738103,0.055813344163359646,0.01722842221083578,0.07064694485821651,0.058571796071826915,-0.001306996265726862,-0.054506347897632784,0.8002416635224553,1.0
4,2.0,1.0,1.0,2,22,0.017747683298777857,132,0.8115515214419787,0.05687483819012926,0.01569142793538152,0.06437046008775514,0.058571796071826915,-0.0011907717348441094,-0.05568406645528515,0.8117183148888993,1.0
4,2.0,1.0,1.0,2,23,0.017747683298777857,138,0.8220391248118475,0.057862319678275265,0.014351534292070476,0.05889471206516727,0.058571796071826915,-0.0010893916074744825,-0.05677292807080078,0.8221917801036448,1.0
4,2.0,1.0,1.0,2,24,0.017747683298777857,144,0.8316125343852945,0.058779128833869654,0.013176391484845567,0.054089067157072006,0.058571796071826915,-0.0010004309825799584,-0.057778697851289695,0.8317524596768143,1.0
4,2.0,1.0,1.0,2,25,0.017747683298777857,150,0.8403540784722823,0.05962866795536927,0.012140030439604804,0.04984848429195759,0.058571796071826915,-0.0009219407084922193,-0.058706727246877054,0.8404824771163125,1.0
4,2.0,1.0,1.0,2,26,0.017747683298777857,156,0.8483385087617185,0.060414335538148504,0.011221408750562885,0.04608772586164717,0.058571796071826915,-0.0008523396006920037,-0.0595619959374565,0.8484564273836381,1.0
4,2.0,1.0,1.0,2,27,0.017747683298777857,162,0.8556337033354219,0.06113948106623182,0.010403329319574196,0.04273704071669887,0.058571796071826915,-0.0007903341118489227,-0.0603491469543829,0.8557420651277527,1.0
4,2.0,1.0,1.0,2,28,0.017747683298777857,168,0.862301306044042,0.061807374314592205,0.009671626305604098,0.039738906482746784,0.058571796071826915,-0.000734857743600853,-0.06107251657099135,0.8624009342935806,1.0
4,2.0,1.0,1.0,2,29,0.017747683298777857,174,0.8683973071311898,0.06242118492182889,0.009014545398327014,0.03704554421221579,0.058571796071826915,-0.0006850248432078432,-0.061736160078621045,0.868488942201147,1.0
4,2.0,1.0,1.0,2,30,0.017747683298777857,180,0.8739725699935486,0.06298396928379105,0.008422267120936532,0.0346170029805261,0.058571796071826915,-0.0006400950099269553,-0.06234387427386409,0.8740568818642066,1.0
4,2.0,1.0,1.0,2,31,0.017747683298777857,186,0.8790733087768412,0.06349866269210437,0.007886536620586103,0.03241966980486315,0.058571796071826915,-0.000599445415152472,-0.0628992172769519,0.8791509065352875,1.0
4,2.0,1.0,1.0,2,32,0.017747683298777857,192,0.8837415212264462,0.06396807524050227,0.007400373588021383,0.030425100275853014,0.058571796071826915,-0.0005625490871730976,-0.06340552615332917,0.8838129604354943,1.0
4,2.0,1.0,1.0,2,33,0.017747683298777857,198,0.8880153808920712,0.06439489043841293,0.006957843070414635,0.02860909337233562,0.058571796071826915,-0.0005289577356385744,-0.06386593270277435,0.8880811694655878,1.0
4,2.0,1.0,1.0,2,34,0.017747683298777857,204,0.8919295924570203,0.06478166576358771,0.006553872987819937,0.02695095387757222,0.058571796071826915,-0.0004982880623994046,-0.0642833777011883,0.8919901954684102,1.0
4,2.0,1.0,1.0,2,35,0.017747683298777857,210,0.8955157136413471,0.06513083459364133,0.006184107779411282,0.025432900148957945,0.058571796071826915,-0.00047021077274450596,-0.06466062382089682,0.8955715573573222,1.0
4,2.0,1.0,1.0,2,36,0.017747683298777857,216,0.8988024468227549,0.06544470910554591,0.005844790225930572,0.02403958540314312,0.058571796071826915,-0.0004444416949498098,-0.0650002674105961,0.8988539221634144,1.0
4,2.0,1.0,1.0,2,37,0.017747683298777857,222,0.9018159032335892,0.06572548384011395,0.00553266541249454,0.022757708314443747,0.058571796071826915,-0.00042073455812666194,-0.06530474928198729,0.9018633687981621,1.0
4,2.0,1.0,1.0,2,38,0.017747683298777857,228,0.9045798423284608,0.0659752397074137,0.005244902213094082,0.02157569437844424,0.058571796071826915,-0.0003988750836834143,-0.06557636462373029,0.9046236270835284,1.0
4,2.0,1.0,1.0,2,39,0.017747683298777857,234,0.907115888674678,0.06619594826707614,0.00497902873480571,0.02048343371628763,0.058571796071826915,-0.00037867612420669494,-0.06581727214286945,0.9071562943729514,1.0
4,2.0,1.0,1.0,2,40,0.017747683298777857,240,0.9094437284964023,0.06638947616042837,0.0047328789545901945,0.01947206417654593,0.058571796071826915,-0.0003599736428384903,-0.06602950251758988,0.9094810318740653,1.0
4,2.0,1.0,1.0,2,1,0.02299316489133851,6,0.9478614487602944,0.6226134845530081,1.9986418100798182,31.155302682473486,0.058571796071826915,0.6550531954760196,-0.032439710923011456,0.9679853391693722,0.9056289581432191
4,2.0,1.0,1.0,2,2,0.02299316489133851,12,0.9262769550399965,0.021154751271209804,1.9494636171173487,7.788825670618372,0.058571796071826915,-0.028581110729709543,0.007426359458499739,0.9536493121080067,0.5875100683451228
4,2.0,1.0,1.0,2,3,0.02299316489133851,18,0.47046849869145246,0.06503002090548532,1.0056900199814502,3.4617002980526084,0.058571796071826915,-0.06274140065510966,-0.002288620250375656,0.5883024575924745,1.0
4,2.0,1.0,1.0,2,4,0.02299316489133851,24,0.4158752008319263,0.04766763607533374,0.5312178848986073,1.947206417654593,0.058571796071826915,-0.03631755521266415,-0.011350080862669587,0.46993800574473876,1.0
4,2.0,1.0,1.0,2,5,0.02299316489133851,30,0.44816488957072553,0.0415099151313022,0.3269310902367711,1.2462121072989396,0.058571796071826915,-0.023291472107575206,-0.018218443023726993,0.4680223028487616,1.0
4,2.0,1.0,1.0,2,6,0.02299316489133851,36,0.4952547395158271,0.03996443061929958,0.22190344610085305,0.8654250745131521,0.058571796071826915,-0.01614787843315993,-0.02381655218613965,0.5030994831537832,1.0
4,2.0,1.0,1.0,2,7,0.02299316489133851,42,0.5420225614979658,0.04042373555258749,0.16073267590130424,0.6358225037239486,0.058571796071826915,-0.011842148279772702,-0.02858158727281479,0.5456035149939871,1.0
4,2.0,1.0,1.0,2,8,0.02299316489133851,48,0.5850833969935155,0.04179242424181458,0.12191512653514122,0.4868016044136482,0.058571796071826915,-0.009053226894177618,-0.03273919734763696,0.5869743024040703,1.0
4,2.0,1.0,1.0,2,9,0.02299316489133851,54,0.6238229800275819,0.04356438306684324,0.09570677353266412,0.3846333664502899,0.058571796071826915,-0.007145009269076741,-0.0364193737977665,0.6249582253756452,1.0
4,2.0,1.0,1.0,2,10,0.02299316489133851,60,0.6583758438991001,0.045487626523354065,0.07716254342752717,0.3115530268247349,0.058571796071826915,-0.005782392489118493,-0.03970523403423557,0.659133472807292,1.0
4,2.0,1.0,1.0,2,11,0.02299316489133851,66,0.6890858689535786,0.04743026180867872,0.06355065487509248,0.25748184035102056,0.058571796071826915,-0.004775595949800121,-0.0426546658588786,0.6896349488401925,1.0
4,2.0,1.0,1.0,2,12,0.02299316489133851,72,0.7163403236221741,0.049321468674591036,0.053259620325829725,0.21635626862828802,0.058571796071826915,-0.0040106894823137285,-0.04531077919227731,0.7167634486309502,1.0
4,2.0,1.0,1.0,2,13,0.02299316489133851,78,0.7405149056839586,0.05112331354911606,0.0452877872909928,0.1843509034465887,0.058571796071826915,-0.0034159417273864623,-0.0477073718217296,0.7408557014941648,1.0
4,2.0,1.0,1.0,2,14,0.02299316489133851,84,0.7619557850885448,0.0528163615233308,0.03898542526180495,0.15895562593098714,0.058571796071826915,-0.002944368601204811,-0.04987199292212599,0.7622389678717882,1.0
4,2.0,1.0,1.0,2,15,0.02299316489133851,90,0.7809750256151021,0.05439191914009644,0.03391585631056446,0.1384680119221044,0.058571796071826915,-0.0025641530168093174,-0.05182776612328712,0.7812155254643585,1.0
4,2.0,1.0,1.0,2,16,0.02299316489133851,96,0.7978510500156485,0.055847659919259586,0.02977665420198047,0.12170040110341206,0.058571796071826915,-0.0022531272638979805,-0.053594532655361606,0.7980584369956611,1.0
4,2.0,1.0,1.0,2,17,0.02299316489133851,102,0.8128309725257226,0.057185064750752995,0.026352914702016218,0.10780381551028888,0.058571796071826915,-0.0019954626119305374,-0.05518960213882246,0.8130117275310745,1.0
4,2.0,1.0,1.0,2,18,0.02299316489133851,108,0.8261335207123951,0.058407878536864126,0.023488484155813935,0.09615834161257247,0.058571796071826915,-0.0017796119592276005,-0.056628266577636525,0.8262922588358764,1.0
4,2.0,1.0,1.0,2,19,0.02299316489133851,114,0.837952017551522,0.059521157075264786,0.021067661700531776,0.08630277751377696,0.058571796071826915,-0.0015969914151541809,-0.057924165660110605,0.8380921760247031,1.0
4,2.0,1.0,1.0,2,20,0.02299316489133851,120,0.8484572069659548,0.06053066766938988,0.01900322899135048,0.07788825670618373,0.058571796071826915,-0.0014411123573045415,-0.05908955531208534,0.8485814470933105,1.0
4,2.0,1.0,1.0,2,21,0.02299316489133851,126,0.8577998417314167,0.06144250749962745,0.01722842221083578,0.07064694485821651,0.058571796071826915,-0.001306996265726862,-0.06013551123390059,0.8579102920579628,1.0
4,2.0,1.0,1.0,2,22,0.02299316489133851,132,0.8661130129774041,0.06226285916377911,0.01569142793538152,0.06437046008775514,0.058571796071826915,-0.0011907717348441094,-0.061072087428935,0.8662114213030527,1.0
4,2.0,1.0,1.0,2,23,0.02299316489133851,138,0.8735142272789256,0.06299783431322503,0.014351534292070476,0.05889471206516727,0.058571796071826915,-0.0010893916074744825,-0.061908442705750556,0.8736020587600357,1.0
4,2.0,1.0,1.0,2,24,0.02299316489133851,144,0.8801072486636873,0.06365337478313543,0.013176391484845567,0.054089067157072006,0.058571796071826915,-0.0010004309825799584,-0.06265294380055547,0.8801857511684256,1.0
4,2.0,1.0,1.0,2,25,0.02299316489133851,150,0.8859837269331337,0.0642351917282579,0.012140030439604804,0.04984848429195759,0.058571796071826915,-0.0009219407084922193,-0.06331325101976568,0.8860539760155337,1.0
4,2.0,1.0,1.0,2,26,0.02299316489133851,156,0.891224634343748,0.06474873012055021,0.011221408750562885,0.04608772586164717,0.058571796071826915,-0.0008523396006920037,-0.06389639051985821,0.8912875652348465,1.0
4,2.0,1.0,1.0,2,27,0.02299316489133851,162,0.895901531760702,0.06519915027087725,0.010403329319574196,0.04273704071669887,0.058571796071826915,-0.0007903341118489227,-0.06440881615902833,0.8959579628969947,1.0
4,2.0,1.0,1.0,2,28,0.02299316489133851,168,0.9000776837835557,0.06559132079799443,0.009671626305604098,0.039738906482746784,0.058571796071826915,-0.000734857743600853,-0.06485646305439358,0.9001283346866932,1.0
4,2.0,1.0,1.0,2,29,0.02299316489133851,174,0.9038090405017186,0.06592981926918062,0.009014545398327014,0.03704554421221579,0.058571796071826915,-0.0006850248432078432,-0.06524479442597278,0.9038545457907953,1.0
4,2.0,1.0,1.0,2,30,0.02299316489133851,180,0.9071451016857724,0.06621893793028916,0.008422267120936532,0.0346170029805261,0.058571796071826915,-0.0006400950099269553,-0.0655788429203622,0.9071860223684138,1.0
4,2.0,1.0,1.0,2,31,0.02299316489133851,186,0.9101296774646359,0.06646269274494337,0.007886536620586103,0.03241966980486315,0.058571796071826915,-0.000599445415152472,-0.0658632473297909,0.9101665102558292,1.0
4,2.0,1.0,1.0,2,32,0.02299316489133851,192,0.9128015579225888,0.06666483450808494,0.007400373588021383,0.030425100275853014,0.058571796071826915,-0.0005625490871730976,-0.06610228542091184,0.9128347430896521,1.0
4,2.0,1.0,1.0,2,33,0.02299316489133851,198,0.9151951025896585,0.06682886117473592,0.006957843070414635,0.02860909337233562,0.058571796071826915,-0.0005289577356385744,-0.06629990343909735,0.9152250306606777,1.0
4,2.0,1.0,1.0,2,34,0.02299316489133851,204,0.9173407594921664,0.06695803080554225,0.006553872987819937,0.02695095387757222,0.058571796071826915,-0.0004982880623994046,-0.06645974274314284,0.9173677770616473,1.0
4,2.0,1.0,1.0,2,35,0.02299316489133851,210,0.9192655222693316,0.06705537471358605,0.006184107779411282,0.025432900148957945,0.058571796071826915,-0.00047021077274450596,-0.06658516394084155,0.9192899370670586,1.0
4,2.0,1.0,1.0,2,36,0.02299316489133851,216,0.9209933328347328,0.06712371052605805,0.005844790225930572,0.02403958540314312,0.058571796071826915,-0.0004444416949498098,-0.06667926883110824,0.9210154181789479,1.0
4,2.0,1.0,1.0,2,37,0.02299316489133851,222,0.92254543615518,0.0671656549659226,0.00553266541249454,0.022757708314443747,0.058571796071826915,-0.00042073455812666194,-0.06674492040779594,0.9225654348815635,1.0
4,2.0,1.0,1.0,2,38,0.02299316489133851,228,0.9239406929216348,0.06718363622409337,0.005244902213094082,0.02157569437844424,0.058571796071826915,-0.0003988750836834143,-0.06678476114040996,0.92395882085905,1.0
4,2.0,1.0,1.0,2,39,0.02299316489133851,234,0.9251958551848984,0.06717990583931102,0.00497902873480571,0.02048343371628763,0.058571796071826915,-0.00037867612420669494,-0.06680122971510433,0.9252123042351502,1.0
4,2.0,1.0,1.0,2,40,0.02299316489133851,240,0.9263258094120878,0.06715655003630944,0.0047328789545901945,0.01947206417654593,0.058571796071826915,-0.0003599736428384903,-0.06679657639347095,0.9263407502808059,1.0
4,2.0,1.0,1.0,2,1,0.029788994023613714,6,0.9470616869513139,0.6131701137765836,1.9986418100798182,31.155302682473486,0.058571796071826915,0.6550531954760196,-0.041883081699436,0.9660944225326649,0.8798080023350777
4,2.0,1.0,1.0,2,2,0.029788994023613714,12,0.928529331665393,0.019328335847435388,1.9494636171173487,7.788825670618372,0.058571796071826915,-0.028581110729709543,0.009252774882274155,0.9527778449445463,0.5108736661537411
4,2.0,1.0,1.0,2,3,0.029788994023613714,18,0.519856371202127,0.06560462108506153,1.0056900199814502,3.4617002980526084,0.058571796071826915,-0.06274140065510966,-0.0028632204299518654,0.6135971480636997,1.0
4,2.0,1.0,1.0,2,4,0.029788994023613714,24,0.4871535855669997,0.05036975216517238,0.5312178848986073,1.947206417654593,0.058571796071826915,-0.03631755521266415,-0.014052196952508228,0.5246068823386545,1.0
4,2.0,1.0,1.0,2,5,0.029788994023613714,30,0.5297475990882963,0.04560110674994497,0.3269310902367711,1.2462121072989396,0.058571796071826915,-0.023291472107575206,-0.022309634642369763,0.5422933136295098,1.0
4,2.0,1.0,1.0,2,6,0.029788994023613714,36,0.5816687884164846,0.045002076020486496,0.22190344610085305,0.8654250745131521,0.058571796071826915,-0.01614787843315993,-0.028854197587326567,0.5864310702756048,1.0
4,2.0,1.0,1.0,2,7,0.029788994023613714,42,0.6301186483604235,0.046109284785194854,0.16073267590130424,0.6358225037239486,0.058571796071826915,-0.011842148279772702,-0.03426713650542215,0.6322734283240821,1.0
4,2.0,1.0,1.0,2,8,0.029788994023613714,48,0.6727881758079947,0.04790725478569222,0.12191512653514122,0.4868016044136482,0.058571796071826915,-0.009053226894177618,-0.038854027891514605,0.6739360595736319,1.0
4,2.0,1.0,1.0,2,9,0.029788994023613714,54,0.7097021181098909,0.049940159252703044,0.09570677353266412,0.3846333664502899,0.058571796071826915,-0.007145009269076741,-0.0427951499836263,0.7104023344986921,1.0
4,2.0,1.0,1.0,2,10,0.029788994023613714,60,0.7414315974817733,0.05199099315566274,0.07716254342752717,0.3115530268247349,0.058571796071826915,-0.005782392489118493,-0.046208600666544246,0.7419056915429907,1.0
4,2.0,1.0,1.0,2,11,0.029788994023613714,66,0.7686394748767168,0.05395397364469011,0.06355065487509248,0.25748184035102056,0.058571796071826915,-0.004775595949800121,-0.04917837769488999,0.7689857053116618,1.0
4,2.0,1.0,1.0,2,12,0.029788994023613714,72,0.79195291585317,0.0557787159203325,0.053259620325829725,0.21635626862828802,0.058571796071826915,-0.0040106894823137285,-0.05176802643801877,0.7922194637836613,1.0
4,2.0,1.0,1.0,2,13,0.029788994023613714,78,0.8119298220044567,0.05744379215759431,0.0452877872909928,0.1843509034465887,0.058571796071826915,-0.0034159417273864623,-0.05402785043020785,0.8121425473435976,1.0
4,2.0,1.0,1.0,2,14,0.029788994023613714,84,0.8290546625027073,0.05894337960126744,0.03898542526180495,0.15895562593098714,0.058571796071826915,-0.002944368601204811,-0.05599901100006263,0.8292286323126989,1.0
4,2.0,1.0,1.0,2,15,0.029788994023613714,90,0.8437436844213164,0.060280165485805025,0.03391585631056446,0.1384680119221044,0.058571796071826915,-0.0025641530168093174,-0.05771601246899571,0.8438883535571461,1.0
4,2.0,1.0,1.0,2,16,0.029788994023613714,96,0.856352733447594,0.061461423265366626,0.02977665420198047,0.12170040110341206,0.058571796071826915,-0.0022531272638979805,-0.059208296001468645,0.8564744375242974,1.0
4,2.0,1.0,1.0,2,17,0.029788994023613714,102,0.867185292939275,0.06249677657011845,0.026352914702016218,0.10780381551028888,0.058571796071826915,-0.0019954626119305374,-0.06050131395818791,0.8672885225285545,1.0
4,2.0,1.0,1.0,2,18,0.029788994023613714,108,0.876499910694193,0.06339689857511002,0.023488484155813935,0.09615834161257247,0.058571796071826915,-0.0017796119592276005,-0.06161728661588242,0.8765879989758132,1.0
4,2.0,1.0,1.0,2,19,0.029788994023613714,114,0.8845167698428086,0.06417274756505018,0.021067661700531776,0.08630277751377696,0.058571796071826915,-0.0015969914151541809,-0.062575756149896,0.8845922829316082,1.0
4,2.0,1.0,1.0,2,20,0.029788994023613714,120,0.8914233855764679,0.06483511843043166,0.01900322899135048,0.07788825670618373,0.058571796071826915,-0.0014411123573045415,-0.06339400607312712,0.891488355050097,1.0
4,2.0,1.0,1.0,2,21,0.029788994023613714,126,0.8973794930881377,0.0653943844197359,0.01722842221083578,0.07064694485821651,0.058571796071826915,-0.001306996265726862,-0.06408738815400904,0.8974355612114969,1.0
4,2.0,1.0,1.0,2,22,0.029788994023613714,132,0.9025212183650606,0.06586035534150847,0.01569142793538152,0.06437046008775514,0.058571796071826915,-0.0011907717348441094,-0.06466958360666436,0.9025697330995345,1.0
4,2.0,1.0,1.0,2,23,0.029788994023613714,138,0.9069646262722878,0.06624220778650951,0.014351534292070476,0.05889471206516727,0.058571796071826915,-0.0010893916074744825,-0.06515281617903503,0.9070067062906522,1.0
4,2.0,1.0,1.0,2,24,0.029788994023613714,144,0.9108087339178076,0.06654846005782614,0.013176391484845567,0.054089067157072006,0.058571796071826915,-0.0010004309825799584,-0.06554802907524618,0.9108453150105589,1.0
4,2.0,1.0,1.0,2,25,0.029788994023613714,150,0.9141380676947677,0.06678697472526865,0.012140030439604804,0.04984848429195759,0.058571796071826915,-0.0009219407084922193,-0.06586503401677643,0.9141699371740366,1.0
4,2.0,1.0,1.0,2,26,0.029788994023613714,156,0.9170248322794919,0.06696497796904283,0.011221408750562885,0.04608772586164717,0.058571796071826915,-0.0008523396006920037,-0.06611263836835082,0.9170526553278525,1.0
4,2.0,1.0,1.0,2,27,0.029788994023613714,162,0.9195307503190788,0.06708908877015399,0.010403329319574196,0.04273704071669887,0.058571796071826915,-0.0007903341118489227,-0.06629875465830506,0.9195550907132611,1.0
4,2.0,1.0,1.0,2,28,0.029788994023613714,168,0.9217086229733766,0.06716535347116255,0.009671626305604098,0.039738906482746784,0.058571796071826915,-0.000734857743600853,-0.0664304957275617,0.9217299597273986,1.0
4,2.0,1.0,1.0,2,29,0.029788994023613714,174,0.9236036539780531,0.06719928281634555,0.009014545398327014,0.03704554421221579,0.058571796071826915,-0.0006850248432078432,-0.0665142579731377,0.9236223949212046,1.0
4,2.0,1.0,1.0,2,30,0.029788994023613714,180,0.9252545734270599,0.06719588961204664,0.008422267120936532,0.0346170029805261,0.058571796071826915,-0.0006400950099269553,-0.06655579460211969,0.9252710664093358,1.0
4,2.0,1.0,1.0,2,31,0.029788994023613714,186,0.9266945919392955,0.0671597258260961,0.007886536620586103,0.03241966980486315,0.058571796071826915,-0.000599445415152472,-0.06656028041094363,0.9267091341540974,1.0
4,2.0,1.0,1.0,2,32,0.029788994023613714,192,0.9279522111639213,0.06709491839389456,0.007400373588021383,0.030425100275853014,0.058571796071826915,-0.0005625490871730976,-0.06653236930672146,0.9279650569480686,1.0
4,2.0,1.0,1.0,2,33,0.029788994023613714,198,0.9290519125820066,0.06700520329739254,0.006957843070414635,0.02860909337233562,0.058571796071826915,-0.0005289577356385744,-0.06647624556175397,0.9290632799660159,1.0
4,2.0,1.0,1.0,2,34,0.029788994023613714,204,0.9300147431768725,0.06689395768166759,0.006553872987819937,0.02695095387757222,0.058571796071826915,-0.0004982880623994046,-0.06639566961926818,0.9300248193990794,1.0
4,2.0,1.0,1.0,2,35,0.029788994023613714,210,0.930858813681813,0.06676422990577104,0.006184107779411282,0.025432900148957945,0.058571796071826915,-0.00047021077274450596,-0.06629401913302653,0.93086775983736,1.0
4,2.0,1.0,1.0,2,36,0.029788994023613714,216,0.9315997226929912,0.06661876751129145,0.005844790225930572,0.02403958540314312,0.058571796071826915,-0.0004444416949498098,-0.06617432581634164,0.9316076776569726,1.0
4,2.0,1.0,1.0,2,37,0.029788994023613714,222,0.9322509178894832,0.0664600431482314,0.00553266541249454,0.022757708314443747,0.058571796071826915,-0.00042073455812666194,-0.06603930859010473,0.9322580016296215,1.0
4,2.0,1.0,1.0,2,38,0.029788994023613714,228,0.9328240038740421,0.0662902785332362,0.005244902213094082,0.02157569437844424,0.058571796071826915,-0.0003988750836834143,-0.06589140344955279,0.9328303202488768,1.0
4,2.0,1.0,1.0,2,39,0.029788994023613714,234,0.9333290046877195,0.06611146653636754,0.00497902873480571,0.02048343371628763,0.058571796071826915,-0.00037867612420669494,-0.06573279041216085,0.9333346438111417,1.0
4,2.0,1.0,1.0,2,40,0.029788994023613714,240,0.9337745878176257,0.06592539150417169,0.0047328789545901945,0.01947206417654593,0.058571796071826915,-0.0003599736428384903,-0.0655654178613332,0.9337796280576891,1.0
4,2.0,1.0,1.0,2,1,0.038593389345594996,6,0.9460725034895094,0.6010336897153299,1.9986418100798182,31.155302682473486,0.058571796071826915,0.6550531954760196,-0.0540195057606897,0.9637764965472969,0.8476333790132575
4,2.0,1.0,1.0,2,2,0.038593389345594996,12,0.9311073282748555,0.01719369790095876,1.9494636171173487,7.788825670618372,0.058571796071826915,-0.028581110729709543,0.011387412828750783,0.9517836562544257,0.43018096167125713
4,2.0,1.0,1.0,2,3,0.038593389345594996,18,0.5764020640222847,0.0662824324570721,1.0056900199814502,3.4617002980526084,0.058571796071826915,-0.06274140065510966,-0.003541031801962441,0.6459664232308497,1.0
4,2.0,1.0,1.0,2,4,0.038593389345594996,24,0.5654381754673026,0.05348672537440906,0.5312178848986073,1.947206417654593,0.058571796071826915,-0.03631755521266415,-0.017169170161744907,0.5892420415624064,1.0
4,2.0,1.0,1.0,2,5,0.038593389345594996,30,0.6156724783473102,0.05017804545073975,0.3269310902367711,1.2462121072989396,0.058571796071826915,-0.023291472107575206,-0.026886573343164542,0.6229745263024666,1.0
4,2.0,1.0,1.0,2,6,0.038593389345594996,36,0.6689921246348329,0.05046113866232209,0.22190344610085305,0.8654250745131521,0.058571796071826915,-0.01614787843315993,-0.03431326022916216,0.6716696411511358,1.0
4,2.0,1.0,1.0,2,7,0.038593389345594996,42,0.715575642311138,0.052070223953647334,0.16073267590130424,0.6358225037239486,0.058571796071826915,-0.011842148279772702,-0.04022807567387463,0.7167813187484666,1.0
4,2.0,1.0,1.0,2,8,0.038593389345594996,48,0.7544997567617393,0.054101804204733164,0.12191512653514122,0.4868016044136482,0.058571796071826915,-0.009053226894177618,-0.045048577310555546,0.7551478921169057,1.0
4,2.0,1.0,1.0,2,9,0.038593389345594996,54,0.7865877757140227,0.05617161052430748,0.09570677353266412,0.3846333664502899,0.058571796071826915,-0.007145009269076741,-0.04902660125523074,0.7869870931590849,1.0
4,2.0,1.0,1.0,2,10,0.038593389345594996,60,0.812923671509767,0.058112587333209634,0.07716254342752717,0.3115530268247349,0.058571796071826915,-0.005782392489118493,-0.05233019484409114,0.8131947376276153,1.0
4,2.0,1.0,1.0,2,11,0.038593389345594996,66,0.8345140531948677,0.059855901172198786,0.06355065487509248,0.25748184035102056,0.058571796071826915,-0.004775595949800121,-0.055080305222398665,0.8347105204892663,1.0
4,2.0,1.0,1.0,2,12,0.038593389345594996,72,0.8522182661086322,0.06137952261597828,0.053259620325829725,0.21635626862828802,0.058571796071826915,-0.0040106894823137285,-0.05736883313366455,0.852366970962035,1.0
4,2.0,1.0,1.0,2,13,0.038593389345594996,78,0.8667487471215576,0.062684284749324,0.0452877872909928,0.1843509034465887,0.058571796071826915,-0.0034159417273864623,-0.059268343021937536,0.8668645809155068,1.0
4,2.0,1.0,1.0,2,14,0.038593389345594996,84,0.8786892055008206,0.06378208007870492,0.03898542526180495,0.15895562593098714,0.058571796071826915,-0.002944368601204811,-0.06083771147750011,0.8787812062139939,1.0
4,2.0,1.0,1.0,2,15,0.038593389345594996,90,0.8885154923006227,0.0646897977780074,0.03391585631056446,0.1384680119221044,0.058571796071826915,-0.0025641530168093174,-0.062125644761198084,0.8885895674814112,1.0
4,2.0,1.0,1.0,2,16,0.038593389345594996,96,0.8966147474415933,0.06542612942554814,0.02977665420198047,0.12170040110341206,0.058571796071826915,-0.0022531272638979805,-0.06317300216165016,0.8966749910347899,1.0
4,2.0,1.0,1.0,2,17,0.038593389345594996,102,0.9033017557269496,0.0660098725704379,0.026352914702016218,0.10780381551028888,0.058571796071826915,-0.0019954626119305374,-0.06401440995850737,0.9033511330868372,1.0
4,2.0,1.0,1.0,2,18,0.038593389345594996,108,0.9088325146191365,0.06645904345834888,0.023488484155813935,0.09615834161257247,0.058571796071826915,-0.0017796119592276005,-0.06467943149912128,0.9088732443099867,1.0
4,2.0,1.0,1.0,2,19,0.038593389345594996,114,0.9134153378651607,0.06679043772673991,0.021067661700531776,0.08630277751377696,0.058571796071826915,-0.0015969914151541809,-0.06519344631158573,0.9134491188200655,1.0
4,2.0,1.0,1.0,2,20,0.038593389345594996,120,0.9172198827696129,0.06701944276350344,0.01900322899135048,0.07788825670618373,0.058571796071826915,-0.0014411123573045415,-0.0655783304061989,0.9172480378572552,1.0
4,2.0,1.0,1.0,2,21,0.038593389345594996,126,0.9203844655987163,0.06715999188923402,0.01722842221083578,0.07064694485821651,0.058571796071826915,-0.001306996265726862,-0.06585299562350716,0.9204080373580437,1.0
4,2.0,1.0,1.0,2,22,0.038593389345594996,132,0.9230219808007603,0.06722459747982183,0.01569142793538152,0.06437046008775514,0.058571796071826915,-0.0011907717348441094,-0.06603382574497772,0.9230417982365934,1.0
4,2.0,1.0,1.0,2,23,0.038593389345594996,138,0.9252246878619298,0.06722442642115406,0.014351534292070476,0.05889471206516727,0.058571796071826915,-0.0010893916074744825,-0.06613503481367958,0.9252414147727407,1.0
4,2.0,1.0,1.0,2,24,0.038593389345594996,144,0.9270680824281461,0.06716939636788115,0.013176391484845567,0.054089067157072006,0.058571796071826915,-0.0010004309825799584,-0.06616896538530119,0.9270822533587533,1.0
4,2.0,1.0,1.0,2,25,0.038593389345594996,150,0.9286140279428072,0.06706828011807492,0.012140030439604804,0.04984848429195759,0.058571796071826915,-0.0009219407084922193,-0.0661463394095827,0.9286260754859549,1.0
4,2.0,1.0,1.0,2,26,0.038593389345594996,156,0.9299132904823496,0.06692881068586165,0.011221408750562885,0.04608772586164717,0.058571796071826915,-0.0008523396006920037,-0.06607647108516965,0.9299235663193198,1.0
4,2.0,1.0,1.0,2,27,0.038593389345594996,162,0.9310075919841158,0.0667577828363011,0.010403329319574196,0.04273704071669887,0.058571796071826915,-0.0007903341118489227,-0.06596744872445218,0.9310163832703096,1.0
4,2.0,1.0,1.0,2,28,0.038593389345594996,168,0.9319312747371775,0.06656114878352297,0.009671626305604098,0.039738906482746784,0.058571796071826915,-0.000734857743600853,-0.06582629103992212,0.931938816956991,1.0
4,2.0,1.0,1.0,2,29,0.038593389345594996,174,0.9327126519605939,0.06634410693482652,0.009014545398327014,0.03704554421221579,0.058571796071826915,-0.0006850248432078432,-0.06565908209161868,0.9327191390656624,1.0
4,2.0,1.0,1.0,2,30,0.038593389345594996,180,0.9333751047432627,0.06611118328119778,0.008422267120936532,0.0346170029805261,0.058571796071826915,-0.0006400950099269553,-0.06547108827127082,0.9333806971798678,1.0
4,2.0,1.0,1.0,2,31,0.038593389345594996,186,0.9339379739049269,0.0658663054644873,0.007886536620586103,0.03241966980486315,0.058571796071826915,-0.000599445415152472,-0.06526686004933482,0.9339428049898346,1.0
4,2.0,1.0,1.0,2,32,0.038593389345594996,192,0.9344172859127708,0.06561286980106634,0.007400373588021383,0.030425100275853014,0.058571796071826915,-0.0005625490871730976,-0.06505032071389324,0.9344214669114429,1.0
4,2.0,1.0,1.0,2,33,0.038593389345594996,198,0.9348263444073494,0.0653538016788589,0.006957843070414635,0.02860909337233562,0.058571796071826915,-0.0005289577356385744,-0.06482484394322033,0.9348299685891277,1.0
4,2.0,1.0,1.0,2,34,0.038593389345594996,204,0.9351762127938035,0.06509160981065878,0.006553872987819937,0.02695095387757222,0.058571796071826915,-0.0004982880623994046,-0.06459332174825938,0.9351793586789635,1.0
4,2.0,1.0,1.0,2,35,0.038593389345594996,210,0.9354761084484838,0.06482843484923076,0.006184107779411282,0.025432900148957945,0.058571796071826915,-0.00047021077274450596,-0.06435822407648625,0.9354788424158433,1.0
4,2.0,1.0,1.0,2,36,0.038593389345594996,216,0.9357337251426797,0.06456609286540224,0.005844790225930572,0.02403958540314312,0.058571796071826915,-0.0004444416949498098,-0.06412165117045243,0.9357361035303372,1.0
4,2.0,1.0,1.0,2,37,0.038593389345594996,222,0.9359554971057302,0.06430611417032066,0.00553266541249454,0.022757708314443747,0.058571796071826915,-0.00042073455812666194,-0.063885379612194,0.935957567909558,1.0
4,2.0,1.0,1.0,2,38,0.038593389345594996,228,0.9361468155883303,0.06404977793439229,0.005244902213094082,0.02157569437844424,0.058571796071826915,-0.0003988750836834143,-0.06365090285070887,0.9361486198404789,1.0
4,2.0,1.0,1.0,2,39,0.038593389345594996,234,0.9363122067217654,0.06379814302244614,0.00497902873480571,0.02048343371628763,0.058571796071826915,-0.00037867612420669494,-0.06341946689823945,0.9363137796142957,1.0
4,2.0,1.0,1.0,2,40,0.038593389345594996,240,0.9364554778030143,0.06355207543030672,0.0047328789545901945,0.01947206417654593,0.058571796071826915,-0.0003599736428384903,-0.06319210178746823,0.9364568496078922,1.0
4,2.0,1.0,1.0,2,1,0.049999999999999996,6,0.9448668936947785,0.5854747588001044,1.9986418100798182,31.155302682473486,0.058571796071826915,0.6550531954760196,-0.06957843667591523,0.9609826105736144,0.8079619117115037
4,2.0,1.0,1.0,2,2,0.049999999999999996,12,0.9339359124752709,0.014796205630132779,1.9494636171173487,7.788825670618372,0.058571796071826915,-0.028581110729709543,0.013784905099576764,0.9506892751490289,0.34924704012182856
4,2.0,1.0,1.0,2,3,0.049999999999999996,18,0.6387677390703764,0.06705221078435328,1.0056900199814502,3.4617002980526084,0.058571796071826915,-0.06274140065510966,-0.004310810129243607,0.6859800654665176,1.0
4,2.0,1.0,1.0,2,4,0.049999999999999996,24,0.6472556297674676,0.05694179977053049,0.5312178848986073,1.947206417654593,0.058571796071826915,-0.03631755521266415,-0.020624244557866336,0.6609151026015925,1.0
4,2.0,1.0,1.0,2,5,0.049999999999999996,30,0.7007523896884423,0.055045649425195776,0.3269310902367711,1.2462121072989396,0.058571796071826915,-0.023291472107575206,-0.03175417731762057,0.7046044783505566,1.0
4,2.0,1.0,1.0,2,6,0.049999999999999996,36,0.750983366109196,0.05601638146928408,0.22190344610085305,0.8654250745131521,0.058571796071826915,-0.01614787843315993,-0.03986850303612415,0.7523532486288089,1.0
4,2.0,1.0,1.0,2,7,0.049999999999999996,42,0.7917321159955594,0.05785886305153879,0.16073267590130424,0.6358225037239486,0.058571796071826915,-0.011842148279772702,-0.04601671477176609,0.7923468623679932,1.0
4,2.0,1.0,1.0,2,8,0.049999999999999996,48,0.8236780713383534,0.05982414206599479,0.12191512653514122,0.4868016044136482,0.058571796071826915,-0.009053226894177618,-0.05077091517181717,0.8240097495909103,1.0
4,2.0,1.0,1.0,2,9,0.049999999999999996,54,0.8484855650241241,0.06162624362319582,0.09570677353266412,0.3846333664502899,0.058571796071826915,-0.007145009269076741,-0.05448123435411908,0.8486893355461933,1.0
4,2.0,1.0,1.0,2,10,0.049999999999999996,60,0.8677085508961613,0.06316533200859051,0.07716254342752717,0.3115530268247349,0.058571796071826915,-0.005782392489118493,-0.05738293951947202,0.8678449245347232,1.0
4,2.0,1.0,1.0,2,11,0.049999999999999996,66,0.8826131923882006,0.06442059586485491,0.06355065487509248,0.25748184035102056,0.058571796071826915,-0.004775595949800121,-0.059644999915054786,0.882709633910115,1.0
4,2.0,1.0,1.0,2,12,0.049999999999999996,72,0.8941904581660984,0.06540515896796421,0.053259620325829725,0.21635626862828802,0.058571796071826915,-0.0040106894823137285,-0.061394469485650485,0.8942611651623074,1.0
4,2.0,1.0,1.0,2,13,0.049999999999999996,78,0.9032049000796042,0.06614588373199282,0.0452877872909928,0.1843509034465887,0.058571796071826915,-0.0034159417273864623,-0.06272994200460635,0.9032580319243645,1.0
4,2.0,1.0,1.0,2,14,0.049999999999999996,84,0.9102433170278313,0.06667397655737127,0.03898542526180495,0.15895562593098714,0.058571796071826915,-0.002944368601204811,-0.06372960795616646,0.9102839605476736,1.0
4,2.0,1.0,1.0,2,15,0.049999999999999996,90,0.9157554229422509,0.06702057508643625,0.03391585631056446,0.1384680119221044,0.058571796071826915,-0.0025641530168093174,-0.06445642206962693,0.9157869441088426,1.0
4,2.0,1.0,1.0,2,16,0.049999999999999996,96,0.9200859672142441,0.06721473837783742,0.02977665420198047,0.12170040110341206,0.058571796071826915,-0.0022531272638979805,-0.06496161111393944,0.9201106897019435,1.0
4,2.0,1.0,1.0,2,17,0.049999999999999996,102,0.9234995439797093,0.06728262996779857,0.026352914702016218,0.10780381551028888,0.058571796071826915,-0.0019954626119305374,-0.06528716735586804,0.9235191207681943,1.0
4,2.0,1.0,1.0,2,18,0.049999999999999996,108,0.9261995712740231,0.06724729970497595,0.023488484155813935,0.09615834161257247,0.058571796071826915,-0.0017796119592276005,-0.06546768774574835,0.926215204004894,1.0
4,2.0,1.0,1.0,2,19,0.049999999999999996,114,0.9283427506539369,0.06712876237569987,0.021067661700531776,0.08630277751377696,0.058571796071826915,-0.0015969914151541809,-0.06553177096054569,0.9283553272833756,1.0
4,2.0,1.0,1.0,2,20,0.049999999999999996,120,0.9300500672880873,0.06694421589717689,0.01900322899135048,0.07788825670618373,0.058571796071826915,-0.0014411123573045415,-0.06550310353987235,0.9300602526429351,1.0
4,2.0,1.0,1.0,2,21,0.049999999999999996,126,0.9314151573061968,0.0667083162051422,0.01722842221083578,0.07064694485821651,0.058571796071826915,-0.001306996265726862,-0.06540131993941534,0.9314234547713914,1.0
4,2.0,1.0,1.0,2,22,0.049999999999999996,132,0.932510676701268,0.06643346524559213,0.01569142793538152,0.06437046008775514,0.058571796071826915,-0.0011907717348441094,-0.06524269351074802,0.9325174713104212,1.0
4,2.0,1.0,1.0,2,23,0.049999999999999996,138,0.9333931545311966,0.06613008967543083,0.014351534292070476,0.05889471206516727,0.058571796071826915,-0.0010893916074744825,-0.06504069806795634,0.9333987436136163,1.0
4,2.0,1.0,1.0,2,24,0.049999999999999996,144,0.9341066964195579,0.06580689946236645,0.013176391484845567,0.054089067157072006,0.058571796071826915,-0.0010004309825799584,-0.0648064684797865,0.9341113116870944,1.0
4,2.0,1.0,1.0,2,25,0.049999999999999996,150,0.934685815378207,0.0654711219303229,0.012140030439604804,0.04984848429195759,0.058571796071826915,-0.0009219407084922193,-0.06454918122183068,0.9346896390060145,1.0
4,2.0,1.0,1.0,2,26,0.049999999999999996,156,0.935157599528679,0.06512871025246536,0.011221408750562885,0.04608772586164717,0.058571796071826915,-0.0008523396006920037,-0.06427637065177336,0.9351607759630964,1.0
4,2.0,1.0,1.0,2,27,0.049999999999999996,162,0.9355433753116009,0.06478452722048673,0.010403329319574196,0.04273704071669887,0.058571796071826915,-0.0007903341118489227,-0.06399419310863781,0.9355460200074248,1.0
4,2.0,1.0,1.0,2,28,0.049999999999999996,168,0.9358599862714996,0.0644425060237466,0.009671626305604098,0.039738906482746784,0.058571796071826915,-0.000734857743600853,-0.06370764828014575,0.935862192205975,1.0
4,2.0,1.0,1.0,2,29,0.049999999999999996,174,0.9361207784386313,0.06410579015621543,0.009014545398327014,0.03704554421221579,0.058571796071826915,-0.0006850248432078432,-0.06342076531300758,0.9361226210053385,1.0
4,2.0,1.0,1.0,2,30,0.049999999999999996,180,0.9363363613805677,0.06377685466304894,0.008422267120936532,0.0346170029805261,0.058571796071826915,-0.0006400950099269553,-0.06313675965312199,0.9363379020960954,1.0
4,2.0,1.0,1.0,2,31,0.049999999999999996,186,0.936515197411115,0.06345761087528141,0.007886536620586103,0.03241966980486315,0.058571796071826915,-0.000599445415152472,-0.06285816546012894,0.9365164867463454,1.0
4,2.0,1.0,1.0,2,32,0.049999999999999996,192,0.9366640589004226,0.06314949663755516,0.007400373588021383,0.030425100275853014,0.058571796071826915,-0.0005625490871730976,-0.06258694755038206,0.9366651384627266,1.0
4,2.0,1.0,1.0,2,33,0.049999999999999996,198,0.9367883841331529,0.06285355385520051,0.006957843070414635,0.02860909337233562,0.058571796071826915,-0.0005289577356385744,-0.06232459611956194,0.9367892883636489,1.0
4,2.0,1.0,1.0,2,34,0.049999999999999996,204,0.9368925549621423,0.06257049499808362,0.006553872987819937,0.02695095387757222,0.058571796071826915,-0.0004982880623994046,-0.06207220693568421,0.9368933124680745,1.0
4,2.0,1.0,1.0,2,35,0.049999999999999996,210,0.9369801140401555,0.062300760014199125,0.006184107779411282,0.025432900148957945,0.058571796071826915,-0.00047021077274450596,-0.06183054924145462,0.9369807486504502,1.0
4,2.0,1.0,1.0,2,36,0.049999999999999996,216,0.9370539352580697,0.06204456493292649,0.005844790225930572,0.02403958540314312,0.058571796071826915,-0.0004444416949498098,-0.06160012323797668,0.9370544668668576,1.0
4,2.0,1.0,1.0,2,37,0.049999999999999996,222,0.9371163578548614,0.06180194327969626,0.00553266541249454,0.022757708314443747,0.058571796071826915,-0.00042073455812666194,-0.061381208721569595,0.9371168031012364,1.0
4,2.0,1.0,1.0,2,38,0.049999999999999996,228,0.9371692922527491,0.0615727812816896,0.005244902213094082,0.02157569437844424,0.058571796071826915,-0.0003988750836834143,-0.06117390619800619,0.9371696650726108,1.0
4,2.0,1.0,1.0,2,39,0.049999999999999996,234,0.9372143038281039,0.06135684771779258,0.00497902873480571,0.02048343371628763,0.058571796071826915,-0.00037867612420669494,-0.060978171593585886,0.9372146159053031,1.0
4,2.0,1.0,1.0,2,40,0.049999999999999996,240,0.9372526794185327,0.0611538191545457,0.0047328789545901945,0.01947206417654593,0.058571796071826915,-0.0003599736428384903,-0.06079384551170721,0.937252940555887,1.0
