n_qubits,t,J,g,order,n_steps,p,cnots,infidelity,local_err,trotter_err,bound,z_exact,z_trotter_part,z_noise_part,trace_dist,cancel_ratio
3,2.0,1.0,1.0,1,1,0.0001,4,0.6637670947216534,0.7004316448610483,1.6777864892456666,11.313708498984761,0.04691874618517311,-0.7005623670487847,0.00013072218773646505,0.8146729441810463,0.9996268774739054
3,2.0,1.0,1.0,1,2,0.0001,8,0.9088661118257492,0.47013185222763054,1.7033501434403746,5.656854249492381,0.04691874618517311,0.4703387241823983,-0.0002068719547677622,0.9532804545207201,0.999120714521755
3,2.0,1.0,1.0,1,3,0.0001,12,0.19903223569060668,0.05907021831579318,0.6526387921935846,3.7712361663282534,0.04691874618517311,0.05917581653028209,-0.00010559821448891116,0.4454365752942808,0.9964373922267695
3,2.0,1.0,1.0,1,4,0.0001,16,0.05479102118572321,0.03437086254397481,0.35035434275303906,2.8284271247461903,0.04691874618517311,0.034481010790794187,-0.00011014824681937485,0.2318141600275603,0.9936314220232053
3,2.0,1.0,1.0,1,5,0.0001,20,0.024031154831654633,0.02505170505669141,0.2295037483563492,2.2627416997969525,0.04691874618517311,0.025175906162588912,-0.00012420110589750344,0.15035317315191904,0.9901817723870122
3,2.0,1.0,1.0,1,6,0.0001,24,0.013871389816172974,0.018783465162167057,0.16756468167965607,1.8856180831641267,0.04691874618517311,0.01892124952554297,-0.0001377843633759146,0.1099854192795549,0.9855413066392601
3,2.0,1.0,1.0,1,7,0.0001,28,0.009594796321062526,0.014428776432117318,0.13088327137806227,1.6162440712835373,0.04691874618517311,0.014580206944190988,-0.0001514305120736692,0.08649185352952325,0.9794414555037433
3,2.0,1.0,1.0,1,8,0.0001,32,0.007535419983350722,0.011344054209857402,0.10699200938316435,1.4142135623730951,0.04691874618517311,0.011509487884907299,-0.00016543367504989748,0.0713268409396134,0.9716599937395204
3,2.0,1.0,1.0,1,9,0.0001,36,0.006476679291909648,0.009104313703394318,0.09034190662160209,1.2570787221094177,0.04691874618517311,0.009284154848591797,-0.00017984114519747907,0.06081173146553445,0.9619946700494169
3,2.0,1.0,1.0,1,10,0.0001,40,0.0059301524938484285,0.0074365975550015895,0.07813656676637712,1.1313708498984762,0.04691874618517311,0.007631214464143887,-0.0001946169091422978,0.0531313345848468,0.950262943357908
3,2.0,1.0,1.0,1,11,0.0001,44,0.0056713367428050665,0.006165295541611215,0.06883291447570457,1.02851895445316,0.04691874618517311,0.006375001463715113,-0.0002097059221038977,0.04729689992733467,0.9363051659499629
3,2.0,1.0,1.0,1,12,0.0001,48,0.005586047536175531,0.005175439698714979,0.061517955127291066,0.9428090415820634,0.04691874618517311,0.00540049479335486,-0.00022505509463988105,0.042727912481085026,0.9199882325743259
3,2.0,1.0,1.0,1,13,0.0001,52,0.005611460560493331,0.00439003696788004,0.05562063017868301,0.870285269152674,0.04691874618517311,0.004630655902613301,-0.00024061893473326101,0.03906285306154641,0.9012090498821747
3,2.0,1.0,1.0,1,14,0.0001,56,0.005710769958496731,0.0037563029775899426,0.050767160041576075,0.8081220356417687,0.04691874618517311,0.004012663054043686,-0.00025636007645374326,0.03606561366332629,0.8798975462923425
3,2.0,1.0,1.0,1,15,0.0001,60,0.005861278359656996,0.0032372291537607345,0.04670345718102508,0.7542472332656507,0.04691874618517311,0.003509477440630071,-0.00027224828686933655,0.03357582470731814,0.8560190206869627
3,2.0,1.0,1.0,1,16,0.0001,64,0.006048379259477876,0.0028063222686860456,0.0432511808278811,0.7071067811865476,0.04691874618517311,0.0030945814522390647,-0.00028825918355301905,0.03148092039796401,0.8295756646038256
3,2.0,1.0,1.0,1,17,0.0001,68,0.006262328764669367,0.0024442522963672997,0.04028167833853512,0.6655122646461624,0.04691874618517311,0.002748625352918088,-0.0003043730565507885,0.029699652463711104,0.8006071306118109
3,2.0,1.0,1.0,1,18,0.0001,72,0.0064964241072476,0.002136669340246311,0.03769991540925974,0.6285393610547089,0.04691874618517311,0.002457243232827089,-0.00032057389258077773,0.028171953859002657,0.7691900667984342
3,2.0,1.0,1.0,1,19,0.0001,76,0.006745930665002731,0.0018727517050503573,0.0354342243689991,0.5954583420518295,0.04691874618517311,0.002209600304487469,-0.00033684859943711176,0.02685248331226238,0.7354365925678213
3,2.0,1.0,1.0,1,20,0.0001,80,0.007007425949232093,0.0016442209042825673,0.0334295672935753,0.5656854249492381,0.04691874618517311,0.00199740730414133,-0.00035318639985876255,0.025706386227528445,0.6994917503116492
3,2.0,1.0,1.0,1,21,0.0001,84,0.007278385299619772,0.0014446609805661148,0.03164299159172412,0.538748023761179,0.04691874618517311,0.0018142393410374713,-0.0003695783604713565,0.0247064351224696,0.6615300258661608
3,2.0,1.0,1.0,1,22,0.0001,88,0.007556912657434189,0.0012690400041172611,0.03004049250095191,0.51425947722658,0.04691874618517311,0.0016550570297274025,-0.0003860170256101414,0.02383105417901281,0.6217510828667081
3,2.0,1.0,1.0,1,23,0.0001,92,0.007841561136238684,0.0011133683367898772,0.028594801475390355,0.4919003695210766,0.04691874618517311,0.0015158644684948874,-0.0004024961317050102,0.023062925278402133,0.5803748975421313
3,2.0,1.0,1.0,1,24,0.0001,96,0.008131210713177905,0.000974450980683883,0.027283797855765585,0.4714045207910317,0.04691874618517311,0.0013934613640715354,-0.0004190103833876524,0.022387985448166503,0.5376365077413849
3,2.0,1.0,1.0,1,25,0.0001,100,0.008424983153800691,0.0008497056695506155,0.026089348765814292,0.4525483399593905,0.04691874618517311,0.001285260946456812,-0.00043555527690619655,0.021794693333425257,0.49378060133000556
3,2.0,1.0,1.0,1,26,0.0001,104,0.008722181746933622,0.0007370275709234764,0.024996448714440078,0.435142634576337,0.04691874618517311,0.001189154530911174,-0.0004521269599876976,0.02127348410232312,0.4490561643510843
3,2.0,1.0,1.0,1,27,0.0001,108,0.009022247903326175,0.0006346874838123462,0.023992572515947327,0.41902624070313926,0.04691874618517311,0.0011034096037061958,-0.0004687221198938496,0.020816358632205254,0.40371139026376673
3,2.0,1.0,1.0,1,28,0.0001,112,0.009324729425710943,0.0005412544113848616,0.02306718239474735,0.4040610178208843,0.04691874618517311,0.001026592304793572,-0.0004853378934087105,0.020416569911320577,0.3579890209405333
3,2.0,1.0,1.0,1,29,0.0001,116,0.009629256990881796,0.00045553608031617676,0.022211348116427068,0.3901278792753366,0.04691874618517311,0.0009575078743206955,-0.0005019717940045187,0.02006838085668513,0.31212225165076446
3,2.0,1.0,1.0,1,30,0.0001,120,0.0099355264975578,0.00037653281882038536,0.02141745105615878,0.37712361663282534,0.04691874618517311,0.0008951544713484139,-0.0005186216525280285,0.01976687531089171,0.26633128998385364
3,2.0,1.0,1.0,1,31,0.0001,124,0.010243285662616897,0.00030340148027918623,0.020678951352946714,0.3649583386769278,0.04691874618517311,0.0008386870489365816,-0.0005352855686573954,0.019507809140999303,0.2208206163602341
3,2.0,1.0,1.0,1,32,0.0001,128,0.010552323733780122,0.0002354269935153086,0.01999020300657252,0.3535533905932738,0.04691874618517311,0.0007873888643889493,-0.0005519618708736407,0.01928749193725996,0.17577695469674814
3,2.0,1.0,1.0,1,33,0.0001,132,0.010862463515617038,0.00017199975531517753,0.019346305785641855,0.3428396514843868,0.04691874618517311,0.0007406488386430543,-0.0005686490833278768,0.019102692319947982,0.1313679281307194
3,2.0,1.0,1.0,1,34,0.0001,136,0.011173555131775648,0.00011259753606923661,0.018742985671403953,0.3327561323230812,0.04691874618517311,0.0006979434343237223,-0.0005853458982544857,0.018950561648090117,0.08774134812063089
3,2.0,1.0,1.0,1,35,0.0001,140,0.01148547110320175,5.677089947703218e-05,0.018176497620486877,0.32324881425670743,0.04691874618517311,0.0006588220523658928,-0.0006020511528888606,0.018828572208484374,0.045025066152914156
3,2.0,1.0,1.0,1,36,0.0001,144,0.011798102433939528,4.131378864569157e-06,0.017643545930123666,0.31426968052735443,0.04691874618517311,0.0006228951889019618,-0.0006187638100373927,0.01873446689787288,0.003327305538878427
3,2.0,1.0,1.0,1,37,0.0001,148,0.012111355474767604,4.565816879648077e-05,0.017141218594845534,0.30577590537796656,0.04691874618517311,0.0005898247729066441,-0.0006354829417031249,0.01866621809763056,0.037262614322984
3,2.0,1.0,1.0,1,38,0.0001,152,0.01242514939249828,9.289147707586265e-05,0.01666693286599713,0.29772917102591473,0.04691874618517311,0.0005593162380934102,-0.0006522077151692729,0.018621993949878447,0.07667324845348879
3,2.0,1.0,1.0,1,39,0.0001,156,0.012739414114628755,0.00013782539834139573,0.01621838984313495,0.29009508971755793,0.04691874618517311,0.0005311119828060318,-0.0006689373811474275,0.018600130625934862,0.1148497740854108
3,2.0,1.0,1.0,1,40,0.0001,160,0.013054088649611661,0.0001806853163022759,0.015793536394327654,0.28284271247461906,0.04691874618517311,0.0005049859473509888,-0.0006856712636532647,0.018599109467273976,0.15175259061327806
3,2.0,1.0,1.0,1,1,0.00012955586655595704,4,0.6637922095450391,0.7003930112885721,1.6777864892456666,11.313708498984761,0.04691874618517311,-0.7005623670487847,0.00016935576021259724,0.8146747416879427,0.9995166316731496
3,2.0,1.0,1.0,1,2,0.00012955586655595704,8,0.9088554470094073,0.47007072131081407,1.7033501434403746,5.656854249492381,0.04691874618517311,0.4703387241823983,-0.00026800287158423863,0.9532558855623613,0.9988610325514812
3,2.0,1.0,1.0,1,3,0.00012955586655595704,12,0.19925795150289938,0.059039024383410244,0.6526387921935846,3.7712361663282534,0.04691874618517311,0.05917581653028209,-0.0001367921468718447,0.4454850119476427,0.9953874176191972
3,2.0,1.0,1.0,1,4,0.00012955586655595704,16,0.055154253728583624,0.034338328936837914,0.35035434275303906,2.8284271247461903,0.04691874618517311,0.034481010790794187,-0.00014268185395627242,0.23192736785461485,0.9917581376764038
3,2.0,1.0,1.0,1,5,0.00012955586655595704,20,0.024500981517246334,0.025015026714161614,0.2295037483563492,2.2627416997969525,0.04691874618517311,0.025175906162588912,-0.00016087944842729796,0.15051795836249968,0.9873007214966252
3,2.0,1.0,1.0,1,6,0.00012955586655595704,24,0.014441202853158863,0.018742782111090317,0.16756468167965607,1.8856180831641267,0.04691874618517311,0.01892124952554297,-0.00017846741445265435,0.11019769900855364,0.9813120356690799
3,2.0,1.0,1.0,1,7,0.00012955586655595704,28,0.010262381809685084,0.01438407135701869,0.13088327137806227,1.6162440712835373,0.04691874618517311,0.014580206944190988,-0.00019613558717229695,0.08675033504660426,0.9734527557471014
3,2.0,1.0,1.0,1,8,0.00012955586655595704,32,0.008299815850822512,0.011295222998185861,0.10699200938316435,1.4142135623730951,0.04691874618517311,0.011509487884907299,-0.00021426488672143806,0.07163146331931342,0.963447730279684
3,2.0,1.0,1.0,1,9,0.00012955586655595704,36,0.007337376808804752,0.009051238352591418,0.09034190662160209,1.2570787221094177,0.04691874618517311,0.009284154848591797,-0.00023291649600037934,0.06116309690207591,0.9510529053388408
3,2.0,1.0,1.0,1,10,0.00012955586655595704,40,0.006886837891970865,0.007379170759394094,0.07813656676637712,1.1313708498984762,0.04691874618517311,0.007631214464143887,-0.00025204370474979365,0.05353047147924313,0.9360559557102098
3,2.0,1.0,1.0,1,11,0.00012955586655595704,44,0.006723791063902862,0.006103426296600267,0.06883291447570457,1.02851895445316,0.04691874618517311,0.006375001463715113,-0.00027157516711484586,0.04774514923041048,0.9182811897917036
3,2.0,1.0,1.0,1,12,0.00012955586655595704,48,0.006734102382036422,0.005109052710809747,0.061517955127291066,0.9428090415820634,0.04691874618517311,0.00540049479335486,-0.0002914420825451125,0.04322686648895124,0.897594759429221
3,2.0,1.0,1.0,1,13,0.00012955586655595704,52,0.006854976506255661,0.004319070402043268,0.05562063017868301,0.870285269152674,0.04691874618517311,0.004630655902613301,-0.000311585500570033,0.039614318781241914,0.8739092346361963
3,2.0,1.0,1.0,1,14,0.00012955586655595704,56,0.007049625171492657,0.003680706051086613,0.050767160041576075,0.8081220356417687,0.04691874618517311,0.004012663054043686,-0.00033195700295707287,0.03667158835960842,0.8471870964080416
3,2.0,1.0,1.0,1,15,0.00012955586655595704,60,0.007295362211037104,0.0031569600251355467,0.04670345718102508,0.7542472332656507,0.04691874618517311,0.003509477440630071,-0.0003525174154945243,0.034238477561650396,0.8174428353080379
3,2.0,1.0,1.0,1,16,0.00012955586655595704,64,0.0075775885481706995,0.002721346306759298,0.0432511808278811,0.7071067811865476,0.04691874618517311,0.0030945814522390647,-0.00037323514547976666,0.0322025770573244,0.7847434343988751
3,2.0,1.0,1.0,1,17,0.00012955586655595704,68,0.007886565386383992,0.002354540698012053,0.04028167833853512,0.6655122646461624,0.04691874618517311,0.002748625352918088,-0.00039408465490603506,0.030482780650392782,0.7492071149263421
3,2.0,1.0,1.0,1,18,0.00012955586655595704,72,0.008215593561243129,0.002042198036950049,0.03769991540925974,0.6285393610547089,0.04691874618517311,0.002457243232827089,-0.0004150451958770396,0.029019148949001723,0.7110003356701243
3,2.0,1.0,1.0,1,19,0.00012955586655595704,76,0.008559941066425103,0.001773500498968461,0.0354342243689991,0.5954583420518295,0.04691874618517311,0.002209600304487469,-0.00043609980551900795,0.027766453211205754,0.6703331538827049
3,2.0,1.0,1.0,1,20,0.00012955586655595704,80,0.008916187357381311,0.0015401727836031331,0.0334295672935753,0.5656854249492381,0.04691874618517311,0.00199740730414133,-0.0004572345205381967,0.026689935137164666,0.6274531657196932
3,2.0,1.0,1.0,1,21,0.00012955586655595704,84,0.009281809249689243,0.0013358015742203078,0.03164299159172412,0.538748023761179,0.04691874618517311,0.0018142393410374713,-0.00047843776681716355,0.025762445974477726,0.5826383356138098
3,2.0,1.0,1.0,1,22,0.00012955586655595704,88,0.00965491182691669,0.0011553571447925348,0.03004049250095191,0.51425947722658,0.04691874618517311,0.0016550570297274025,-0.0004996998849348677,0.024962469654899892,0.5361890879341357
3,2.0,1.0,1.0,1,23,0.00012955586655595704,92,0.010034049102580544,0.0009948517084185649,0.028594801475390355,0.4919003695210766,0.04691874618517311,0.0015158644684948874,-0.0005210127600763226,0.024272727454186835,0.48842006502100993
3,2.0,1.0,1.0,1,24,0.00012955586655595704,96,0.01041810177460456,0.0008510918321515959,0.027283797855765585,0.4714045207910317,0.04691874618517311,0.0013934613640715354,-0.0005423695319199395,0.023679174209299554,0.4396519519933026
3,2.0,1.0,1.0,1,25,0.00012955586655595704,100,0.010806192194758868,0.000721496580621539,0.026089348765814292,0.4525483399593905,0.04691874618517311,0.001285260946456812,-0.0005637643658352731,0.023170263802159252,0.39020373373210276
3,2.0,1.0,1.0,1,26,0.00012955586655595704,104,0.011197624135548812,0.0006039622596062943,0.024996448714440078,0.435142634576337,0.04691874618517311,0.001189154530911174,-0.0005851922713048796,0.022736403405999465,0.34038568945596287
3,2.0,1.0,1.0,1,27,0.00012955586655595704,108,0.01159183941224684,0.0004967606468314623,0.023992572515947327,0.41902624070313926,0.04691874618517311,0.0011034096037061958,-0.0006066489568747335,0.022369542414044968,0.29049335401865195
3,2.0,1.0,1.0,1,28,0.00012955586655595704,112,0.011988386170260767,0.00039846159127249203,0.02306718239474735,0.4040610178208843,0.04691874618517311,0.001026592304793572,-0.0006281307135210801,0.022062859041782203,0.2408025916496455
3,2.0,1.0,1.0,1,29,0.00012955586655595704,116,0.012386895380202767,0.00030787355403766314,0.022211348116427068,0.3901278792753366,0.04691874618517311,0.0009575078743206955,-0.0006496343202830324,0.021810518839478422,0.19156584592913095
3,2.0,1.0,1.0,1,30,0.00012955586655595704,120,0.012787063195625725,0.0002239975039313724,0.02141745105615878,0.37712361663282534,0.04691874618517311,0.0008951544713484139,-0.0006711569674170415,0.021607486890280633,0.14300955632931092
3,2.0,1.0,1.0,1,31,0.00012955586655595704,124,0.013188637556835081,0.00014599085544975132,0.020678951352946714,0.3649583386769278,0.04691874618517311,0.0008386870489365816,-0.0006926961934868303,0.02144938060411472,0.09533267140805393
3,2.0,1.0,1.0,1,32,0.00012955586655595704,128,0.01359140790946023,7.313903088107532e-05,0.01999020300657252,0.3535533905932738,0.04691874618517311,0.0007873888643889493,-0.000714249833507874,0.021332353566669758,0.04870614415006282
3,2.0,1.0,1.0,1,33,0.00012955586655595704,132,0.01399519723507936,4.83286262425997e-06,0.019346305785641855,0.3428396514843868,0.04691874618517311,0.0007406488386430543,-0.0007358159760187943,0.02125300338931152,0.0032732663699587246
3,2.0,1.0,1.0,1,34,0.00012955586655595704,136,0.014399855817088802,5.944949300956681e-05,0.018742985671403953,0.3327561323230812,0.04691874618517311,0.0006979434343237223,-0.0007573929273332891,0.021208298271010756,0.04084931468480526
3,2.0,1.0,1.0,1,35,0.00012955586655595704,140,0.01480525632186036,0.00012015712926666255,0.018176497620486877,0.32324881425670743,0.04691874618517311,0.0006588220523658928,-0.0007789791816325553,0.02119551825279394,0.08357005573886735
3,2.0,1.0,1.0,1,36,0.00012955586655595704,144,0.015211289886856272,0.00017767820689651437,0.017643545930123666,0.31426968052735443,0.04691874618517311,0.0006228951889019618,-0.0008005733957984762,0.02121220807098893,0.12482060286135915
3,2.0,1.0,1.0,1,37,0.00012955586655595704,148,0.015617862986182729,0.00023234959528650734,0.017141218594845534,0.30577590537796656,0.04691874618517311,0.0005898247729066441,-0.0008221743681931515,0.021256139200065034,0.16455363783403718
3,2.0,1.0,1.0,1,38,0.00012955586655595704,152,0.016024894901429554,0.00028446478252797114,0.01666693286599713,0.29772917102591473,0.04691874618517311,0.0005593162380934102,-0.0008437810206213814,0.02132527919026437,0.202740601737427
3,2.0,1.0,1.0,1,39,0.00012955586655595704,156,0.016432315667590847,0.00033428040017952076,0.01621838984313495,0.29009508971755793,0.04691874618517311,0.0005311119828060318,-0.0008653923829855525,0.021417766797997024,0.23936939143762698
3,2.0,1.0,1.0,1,40,0.00012955586655595704,160,0.01684006439439778,0.00038202163281236823,0.015793536394327654,0.28284271247461906,0.04691874618517311,0.0005049859473509888,-0.000887007580163357,0.021531891711710223,0.2744421042636142
3,2.0,1.0,1.0,1,1,0.00016784722559064962,4,0.6638247439480827,0.7003429609271108,1.6777864892456666,11.313708498984761,0.04691874618517311,-0.7005623670487847,0.00021940612167392626,0.8146770713603768,0.9993738246910124
3,2.0,1.0,1.0,1,2,0.00016784722559064962,8,0.9088416340169536,0.46999153068255595,1.7033501434403746,5.656854249492381,0.04691874618517311,0.4703387241823983,-0.0003471934998423576,0.9532240651232651,0.9985247338541505
3,2.0,1.0,1.0,1,3,0.00016784722559064962,12,0.19955027661010571,0.05899862202830419,0.6526387921935846,3.7712361663282534,0.04691874618517311,0.05917581653028209,-0.00017719450197789532,0.4455478225490094,0.9940291318369143
3,2.0,1.0,1.0,1,4,0.00016784722559064962,16,0.055624617277236554,0.03429619443055226,0.35035434275303906,2.8284271247461903,0.04691874618517311,0.034481010790794187,-0.00018481636024192394,0.23207427681685883,0.9893372594609271
3,2.0,1.0,1.0,1,5,0.00016784722559064962,20,0.02510930032616754,0.02496752836405064,0.2295037483563492,2.2627416997969525,0.04691874618517311,0.025175906162588912,-0.00020837779853827287,0.1507320867122929,0.9835821409138523
3,2.0,1.0,1.0,1,6,0.00016784722559064962,24,0.01517888700662473,0.01869010216431327,0.16756468167965607,1.8856180831641267,0.04691874618517311,0.01892124952554297,-0.00023114736122969992,0.11047404424810248,0.97586230458817
3,2.0,1.0,1.0,1,7,0.00016784722559064962,28,0.011126532397664257,0.014326188241856053,0.13088327137806227,1.6162440712835373,0.04691874618517311,0.014580206944190988,-0.00025401870233493495,0.08708757931991315,0.9657523475255448
3,2.0,1.0,1.0,1,8,0.00016784722559064962,32,0.00928915528304286,0.011232002782502859,0.10699200938316435,1.4142135623730951,0.04691874618517311,0.011509487884907299,-0.00027748510240444,0.07202995150062608,0.9529166474372779
3,2.0,1.0,1.0,1,9,0.00016784722559064962,36,0.00845121465710219,0.008982529168169051,0.09034190662160209,1.2570787221094177,0.04691874618517311,0.009284154848591797,-0.00030162568042274573,0.06162409679996468,0.9370681021728433
3,2.0,1.0,1.0,1,10,0.00016784722559064962,40,0.008124736257420162,0.0073048346319468105,0.07813656676637712,1.1313708498984762,0.04691874618517311,0.007631214464143887,-0.0003263798321970768,0.0540558636729634,0.9179702256630118
3,2.0,1.0,1.0,1,11,0.00016784722559064962,44,0.008085434873859154,0.006023346392272644,0.06883291447570457,1.02851895445316,0.04691874618517311,0.006375001463715113,-0.0003516550714424693,0.04833727606050864,0.8954443207841796
3,2.0,1.0,1.0,1,12,0.00016784722559064962,48,0.00821924208493563,0.00502313256367426,0.061517955127291066,0.9428090415820634,0.04691874618517311,0.00540049479335486,-0.00037736222968060007,0.04388844813875266,0.8693764043741087
3,2.0,1.0,1.0,1,13,0.00016784722559064962,52,0.00846340011678548,0.004227230990785313,0.05562063017868301,0.870285269152674,0.04691874618517311,0.004630655902613301,-0.00040342491182798756,0.04034840002894058,0.8397225127293623
3,2.0,1.0,1.0,1,14,0.00016784722559064962,56,0.00878114353228443,0.0035828826786987733,0.050767160041576075,0.8081220356417687,0.04691874618517311,0.004012663054043686,-0.00042978037534491254,0.03748149969749297,0.8065117171772013
3,2.0,1.0,1.0,1,15,0.00016784722559064962,60,0.009149800720044121,0.003053099582067176,0.04670345718102508,0.7542472332656507,0.04691874618517311,0.003509477440630071,-0.00045637785856289526,0.03512780261784115,0.769846439603701
3,2.0,1.0,1.0,1,16,0.00016784722559064962,64,0.009554782268969997,0.002611405027050262,0.0432511808278811,0.7071067811865476,0.04691874618517311,0.0030945814522390647,-0.00048317642518880266,0.03317512200538349,0.7298998748701411
3,2.0,1.0,1.0,1,17,0.00016784722559064962,68,0.009986356029742072,0.002238482367704242,0.04028167833853512,0.6655122646461624,0.04691874618517311,0.002748625352918088,-0.0005101429852138462,0.03154254317538657,0.6869105549820814
3,2.0,1.0,1.0,1,18,0.00016784722559064962,72,0.010437827551530665,0.0019199925768992876,0.03769991540925974,0.6285393610547089,0.04691874618517311,0.002457243232827089,-0.0005372506559278012,0.030170285388799484,0.6411743180072477
3,2.0,1.0,1.0,1,19,0.00016784722559064962,76,0.010904468262704525,0.0016451228451399014,0.0354342243689991,0.5954583420518295,0.04691874618517311,0.002209600304487469,-0.0005644774593475677,0.029013243151842737,0.5930341487131181
3,2.0,1.0,1.0,1,20,0.00016784722559064962,80,0.011382860183560828,0.0014056019997983338,0.0334295672935753,0.5656854249492381,0.04691874618517311,0.00199740730414133,-0.000591805304342996,0.028036743211949905,0.5428685134594434
3,2.0,1.0,1.0,1,21,0.00016784722559064962,84,0.011870482088181644,0.0011950201454037357,0.03164299159172412,0.538748023761179,0.04691874618517311,0.0018142393410374713,-0.0006192191956337356,0.0272136809909211,0.4910789016518176
3,2.0,1.0,1.0,1,22,0.00016784722559064962,88,0.012365440586642573,0.0010083504107955554,0.03004049250095191,0.51425947722658,0.04691874618517311,0.0016550570297274025,-0.0006467066189318471,0.026522541491589453,0.4380773027599544
3,2.0,1.0,1.0,1,23,0.00016784722559064962,92,0.012866290905131583,0.0008416074071195268,0.028594801475390355,0.4919003695210766,0.04691874618517311,0.0015158644684948874,-0.0006742570613753607,0.025946002443900815,0.3842742951206854
3,2.0,1.0,1.0,1,24,0.00016784722559064962,96,0.013371914722222322,0.0006915997284741016,0.027283797855765585,0.4714045207910317,0.04691874618517311,0.0013934613640715354,-0.0007018616355974339,0.025469929952589752,0.33006831337381604
3,2.0,1.0,1.0,1,25,0.00016784722559064962,100,0.013881435196043235,0.000555748163206693,0.026089348765814292,0.4525483399593905,0.04691874618517311,0.001285260946456812,-0.0007295127832501191,0.025082644527499046,0.27583651454872404
3,2.0,1.0,1.0,1,26,0.00016784722559064962,104,0.014394156772652877,0.00043195049119004736,0.024996448714440078,0.435142634576337,0.04691874618517311,0.001189154530911174,-0.0007572040397211266,0.02477437709638664,0.2219274997462171
3,2.0,1.0,1.0,1,27,0.00016784722559064962,108,0.014909521838338824,0.00031847975752663515,0.023992572515947327,0.41902624070313926,0.04691874618517311,0.0011034096037061958,-0.0007849298461795606,0.02453686094553817,0.1686559890203549
3,2.0,1.0,1.0,1,28,0.00016784722559064962,112,0.015427079029399549,0.00021390690633638076,0.02306718239474735,0.4040610178208843,0.04691874618517311,0.001026592304793572,-0.0008126853984571913,0.024363022521587,0.11629940707611412
3,2.0,1.0,1.0,1,29,0.00016784722559064962,116,0.01594645974403297,0.00011704134955276002,0.022211348116427068,0.3901278792753366,0.04691874618517311,0.0009575078743206955,-0.0008404665247679355,0.02424674519189551,0.06509622696078804
3,2.0,1.0,1.0,1,30,0.00016784722559064962,120,0.016467360512852136,2.6884885208355858e-05,0.02141745105615878,0.37712361663282534,0.04691874618517311,0.0008951544713484139,-0.000868269586140058,0.024182687527676057,0.015245842367970311
3,2.0,1.0,1.0,1,31,0.00016784722559064962,124,0.016989529612505883,5.740434595857824e-05,0.020678951352946714,0.3649583386769278,0.04691874618517311,0.0008386870489365816,-0.0008960913948951599,0.02416614275414205,0.03309030393056116
3,2.0,1.0,1.0,1,32,0.00016784722559064962,128,0.01751275679188835,0.00013654028307785726,0.01999020300657252,0.3535533905932738,0.04691874618517311,0.0007873888643889493,-0.0009239291474668065,0.0241929295285439,0.07978662185048399
3,2.0,1.0,1.0,1,33,0.00016784722559064962,132,0.018036865308723282,0.00021113153012841668,0.019346305785641855,0.3428396514843868,0.04691874618517311,0.0007406488386430543,-0.000951780368771471,0.024259306686069654,0.12475058289200537
3,2.0,1.0,1.0,1,34,0.00016784722559064962,136,0.0185617057001759,0.0002816994315706922,0.018742985671403953,0.3327561323230812,0.04691874618517311,0.0006979434343237223,-0.0009796428658944145,0.024361906375902388,0.16791948738140194
3,2.0,1.0,1.0,1,35,0.00016784722559064962,140,0.01908715086776336,0.00034869263696890584,0.018176497620486877,0.32324881425670743,0.04691874618517311,0.0006588220523658928,-0.0010075146893347986,0.02449768131742756,0.20925700564762453
3,2.0,1.0,1.0,1,36,0.00016784722559064962,144,0.019613092168528246,0.00041249891149630624,0.017643545930123666,0.31426968052735443,0.04691874618517311,0.0006228951889019618,-0.001035394100398268,0.024663862886250845,0.24874966880499713
3,2.0,1.0,1.0,1,37,0.00016784722559064962,148,0.020139436283024392,0.00047345477079246967,0.017141218594845534,0.30577590537796656,0.04691874618517311,0.0005898247729066441,-0.0010632795436991138,0.02485792748697208,0.28640344474122015
3,2.0,1.0,1.0,1,38,0.00016784722559064962,152,0.020666102688175814,0.0005318533857031627,0.01666693286599713,0.29772917102591473,0.04691874618517311,0.0005593162380934102,-0.001091169623796573,0.02507756924882705,0.3222404977732639
3,2.0,1.0,1.0,1,39,0.00016784722559064962,156,0.021193021604845486,0.0005879511024980966,0.01621838984313495,0.29009508971755793,0.04691874618517311,0.0005311119828060318,-0.0011190630853041283,0.02532067753374514,0.35629619781581073
3,2.0,1.0,1.0,1,40,0.00016784722559064962,160,0.02172013232052017,0.0006419728485422826,0.015793536394327654,0.28284271247461906,0.04691874618517311,0.0005049859473509888,-0.0011469587958932714,0.025585318103089075,0.38861641781159695
3,2.0,1.0,1.0,1,1,0.00021745592760409819,4,0.6638668885970236,0.7002781205978886,1.6777864892456666,11.313708498984761,0.04691874618517311,-0.7005623670487847,0.00028424645089608624,0.8146800910925558,0.9991888483288042
3,2.0,1.0,1.0,1,2,0.00021745592760409819,8,0.9088237450238594,0.4698889481065819,1.7033501434403746,5.656854249492381,0.04691874618517311,0.4703387241823983,-0.00044977607581642154,0.9531828568038586,0.9980892648160703
3,2.0,1.0,1.0,1,3,0.00021745592760409819,12,0.19992882816872504,0.05894629722498351,0.6526387921935846,3.7712361663282534,0.04691874618517311,0.05917581653028209,-0.00022951930529857556,0.4456292947757118,0.9922727713909798
3,2.0,1.0,1.0,1,4,0.00021745592760409819,16,0.056233622516364434,0.03424163135554048,0.35035434275303906,2.8284271247461903,0.04691874618517311,0.034481010790794187,-0.00023937943525370597,0.23226501107998332,0.9862110170021005
3,2.0,1.0,1.0,1,5,0.00021745592760409819,20,0.025896793710729282,0.02490602601891717,0.2295037483563492,2.2627416997969525,0.04691874618517311,0.025175906162588912,-0.0002698801436717413,0.15101057443329127,0.9787878322624017
3,2.0,1.0,1.0,1,6,0.00021745592760409819,24,0.01613369100759421,0.018621898059036024,0.16756468167965607,1.8856180831641267,0.04691874618517311,0.01892124952554297,-0.00029935146650694744,0.11083428488725575,0.9688509774870446
3,2.0,1.0,1.0,1,7,0.00021745592760409819,28,0.012244839959524079,0.01425125587276116,0.13088327137806227,1.6162440712835373,0.04691874618517311,0.014580206944190988,-0.00032895107142982827,0.08752846198700864,0.9558726158666807
3,2.0,1.0,1.0,1,8,0.00021745592760409819,32,0.010569259057371161,0.011150170227579304,0.10699200938316435,1.4142135623730951,0.04691874618517311,0.011509487884907299,-0.0003593176573279955,0.0725526294459055,0.9394517576264336
3,2.0,1.0,1.0,1,9,0.00021745592760409819,36,0.009892167735487178,0.008893601367180037,0.09034190662160209,1.2570787221094177,0.04691874618517311,0.009284154848591797,-0.0003905534814117595,0.062231022338324005,0.9192629962392642
3,2.0,1.0,1.0,1,10,0.00021745592760409819,40,0.0097259188300991,0.0072086345842165556,0.07813656676637712,1.1313708498984762,0.04691874618517311,0.007631214464143887,-0.0004225798799273317,0.05475037862360939,0.8950606728024008
3,2.0,1.0,1.0,1,11,0.00021745592760409819,44,0.009846386273937746,0.005919724521361414,0.06883291447570457,1.02851895445316,0.04691874618517311,0.006375001463715113,-0.00045527694235369953,0.049123406537391515,0.8666886134687632
3,2.0,1.0,1.0,1,12,0.00021745592760409819,48,0.010139586584933413,0.004911965702838139,0.061517955127291066,0.9428090415820634,0.04691874618517311,0.00540049479335486,-0.0004885290905167206,0.04477078369381743,0.8340882631314613
3,2.0,1.0,1.0,1,13,0.00021745592760409819,52,0.010542810731571595,0.004108418587481344,0.05562063017868301,0.870285269152674,0.04691874618517311,0.004630655902613301,-0.000522237315131957,0.041332009347478084,0.7973032651507297
3,2.0,1.0,1.0,1,14,0.00021745592760409819,56,0.011019322935827525,0.003456342747030605,0.050767160041576075,0.8081220356417687,0.04691874618517311,0.004012663054043686,-0.0005563203070130807,0.03857186126247274,0.7564796091161914
3,2.0,1.0,1.0,1,15,0.00021745592760409819,60,0.011546470534241626,0.0029187651538306048,0.04670345718102508,0.7542472332656507,0.04691874618517311,0.003509477440630071,-0.0005907122867994663,0.0363307396375462,0.7118609986032077
3,2.0,1.0,1.0,1,16,0.00021745592760409819,64,0.01210967673267882,0.0024692212425952986,0.0432511808278811,0.7071067811865476,0.04691874618517311,0.0030945814522390647,-0.000625360209643766,0.03449673601671317,0.6637795608185731
3,2.0,1.0,1.0,1,17,0.00021745592760409819,68,0.012699218090717057,0.002088404153413881,0.04028167833853512,0.6655122646461624,0.04691874618517311,0.002748625352918088,-0.0006602211995042073,0.032989143492437964,0.6126424646277726
3,2.0,1.0,1.0,1,18,0.00021745592760409819,72,0.01330840636293229,0.00176198280817208,0.03769991540925974,0.6285393610547089,0.04691874618517311,0.002457243232827089,-0.0006952604246550087,0.03174831329157523,0.5589153890401429
3,2.0,1.0,1.0,1,19,0.00021745592760409819,76,0.013932517527239119,0.0014791508950643961,0.0354342243689991,0.5954583420518295,0.04691874618517311,0.002209600304487469,-0.0007304494094230729,0.030729190952883064,0.5031040421071611
3,2.0,1.0,1.0,1,20,0.00021745592760409819,80,0.014568137027229033,0.001231642589150539,0.0334295672935753,0.5656854249492381,0.04691874618517311,0.00199740730414133,-0.0007657647149907909,0.02989706932226697,0.445735039520769
3,2.0,1.0,1.0,1,21,0.00021745592760409819,84,0.015212746275173439,0.0010130524267502605,0.03164299159172412,0.538748023761179,0.04691874618517311,0.0018142393410374713,-0.0008011869142872108,0.029224722903218668,0.3873374080755716
3,2.0,1.0,1.0,1,22,0.00021745592760409819,88,0.015864453959952618,0.0008183572345545898,0.03004049250095191,0.51425947722658,0.04691874618517311,0.0016550570297274025,-0.0008366997951728128,0.02869042920867812,0.32842580238035934
3,2.0,1.0,1.0,1,23,0.00021745592760409819,92,0.0165218169801451,0.0006435747295281402,0.028594801475390355,0.4919003695210766,0.04691874618517311,0.0015158644684948874,-0.0008722897389667472,0.028276575272952024,0.2694862532399844
3,2.0,1.0,1.0,1,24,0.00021745592760409819,96,0.01718371838620736,0.0004855161307786293,0.027283797855765585,0.4714045207910317,0.04691874618517311,0.0013934613640715354,-0.0009079452332929061,0.02796865972671632,0.2109649513191801
3,2.0,1.0,1.0,1,25,0.00021745592760409819,100,0.017849282482393702,0.00034160445856301624,0.026089348765814292,0.4525483399593905,0.04691874618517311,0.001285260946456812,-0.0009436564878937959,0.0277545681849968,0.1532602568845455
3,2.0,1.0,1.0,1,26,0.00021745592760409819,104,0.0185178146888334,0.00020973940117891,0.024996448714440078,0.435142634576337,0.04691874618517311,0.001189154530911174,-0.000979415129732264,0.027624041151247433,0.09671785277890407
3,2.0,1.0,1.0,1,27,0.00021745592760409819,108,0.019188758233009917,8.819564424950022e-05,0.023992572515947327,0.41902624070313926,0.04691874618517311,0.0011034096037061958,-0.0010152139594566956,0.02756827975862762,0.04162874697656672
3,2.0,1.0,1.0,1,28,0.00021745592760409819,112,0.01986166248855814,2.4454450765265534e-05,0.02306718239474735,0.4040610178208843,0.04691874618517311,0.001026592304793572,-0.0010510467555588376,0.02757965149697928,0.0117703075726337
3,2.0,1.0,1.0,1,29,0.00021745592760409819,116,0.020536159508930174,0.00012940024161745,0.022211348116427068,0.3901278792753366,0.04691874618517311,0.0009575078743206955,-0.0010869081159381455,0.027651469163490955,0.06329447736371246
3,2.0,1.0,1.0,1,30,0.00021745592760409819,120,0.02121194641444557,0.0002276388575327415,0.02141745105615878,0.37712361663282534,0.04691874618517311,0.0008951544713484139,-0.0011227933288811554,0.02777782375954872,0.11280710903762944
3,2.0,1.0,1.0,1,31,0.00021745592760409819,124,0.02188877201863093,0.0003200112184890691,0.020678951352946714,0.3649583386769278,0.04691874618517311,0.0008386870489365816,-0.0011586982674256507,0.027953457237630944,0.16021506509915387
3,2.0,1.0,1.0,1,32,0.00021745592760409819,128,0.022566426564282205,0.0004072304379244551,0.01999020300657252,0.3535533905932738,0.04691874618517311,0.0007873888643889493,-0.0011946193023134044,0.028173664683160453,0.20546355194994037
3,2.0,1.0,1.0,1,33,0.00021745592760409819,132,0.023244733767802783,0.0004899043912670598,0.019346305785641855,0.3428396514843868,0.04691874618517311,0.0007406488386430543,-0.001230553229910114,0.028434218195657245,0.2485307818424937
3,2.0,1.0,1.0,1,34,0.00021745592760409819,136,0.02392354459591184,0.0005685537778575278,0.018742985671403953,0.3327561323230812,0.04691874618517311,0.0006979434343237223,-0.0012664972121812501,0.028731306723457972,0.2894227315389082
3,2.0,1.0,1.0,1,35,0.00021745592760409819,140,0.02460273235546806,0.0006436266741270957,0.018176497620486877,0.32324881425670743,0.04691874618517311,0.0006588220523658928,-0.0013024487264929885,0.029061487603968206,0.32816818619077914
3,2.0,1.0,1.0,1,36,0.00021745592760409819,144,0.02528218878853694,0.0007155103344511082,0.017643545930123666,0.31426968052735443,0.04691874618517311,0.0006228951889019618,-0.00133840552335307,0.029421646695848437,0.36481419191881115
3,2.0,1.0,1.0,1,37,0.00021745592760409819,148,0.025961820943586122,0.0007845408178748792,0.017141218594845534,0.30577590537796656,0.04691874618517311,0.0005898247729066441,-0.0013743655907815233,0.029808964846996987,0.3994219869818239
3,2.0,1.0,1.0,1,38,0.00021745592760409819,152,0.026641548650925162,0.0008510108859393073,0.01666693286599713,0.29772917102591473,0.04691874618517311,0.0005593162380934102,-0.0014103271240327175,0.030220889085403324,0.4320634396577689
3,2.0,1.0,1.0,1,39,0.00021745592760409819,156,0.027321302472406273,0.0009151765170322124,0.01621838984313495,0.29009508971755793,0.04691874618517311,0.0005311119828060318,-0.0014462884998382441,0.030655107395930914,0.4628179901161923
3,2.0,1.0,1.0,1,40,0.00021745592760409819,160,0.02800102202586996,0.0009772623070122277,0.015793536394327654,0.28284271247461906,0.04691874618517311,0.0005049859473509888,-0.0014822482543632165,0.031109526291893286,0.49177007227896585
3,2.0,1.0,1.0,1,1,0.000281726911384784,4,0.6639214800991717,0.7001941209316088,1.6777864892456666,11.313708498984761,0.04691874618517311,-0.7005623670487847,0.0003682461171758966,0.8146840058577959,0.9989492651333558
3,2.0,1.0,1.0,1,2,0.000281726911384784,8,0.908800579772369,0.46975606906658285,1.7033501434403746,5.656854249492381,0.04691874618517311,0.4703387241823983,-0.0005826551158154558,0.9531294974059059,0.9975254675560334
3,2.0,1.0,1.0,1,3,0.000281726911384784,12,0.20041897407512532,0.05887853894725037,0.6526387921935846,3.7712361663282534,0.04691874618517311,0.05917581653028209,-0.0002972775830317187,0.4457350101687594,0.9900029555393464
3,2.0,1.0,1.0,1,4,0.000281726911384784,16,0.05702198993817231,0.03417098304816252,0.35035434275303906,2.8284271247461903,0.04691874618517311,0.034481010790794187,-0.0003100277426316689,0.2325127975481573,0.9821777241668824
3,2.0,1.0,1.0,1,5,0.000281726911384784,20,0.026915998977735,0.024826404091961463,0.2295037483563492,2.2627416997969525,0.04691874618517311,0.025175906162588912,-0.00034950207062744987,0.15137316762843434,0.9726153589839445
3,2.0,1.0,1.0,1,6,0.000281726911384784,24,0.01736917132694682,0.018533612562858737,0.16756468167965607,1.8856180831641267,0.04691874618517311,0.01892124952554297,-0.00038763696268423464,0.11130471402805181,0.959848853747151
3,2.0,1.0,1.0,1,7,0.000281726911384784,28,0.013691577177911807,0.01415427488872717,0.13088327137806227,1.6162440712835373,0.04691874618517311,0.014580206944190988,-0.00042593205546381796,0.08810628258733808,0.943232292400648
3,2.0,1.0,1.0,1,8,0.000281726911384784,32,0.012224954011243905,0.011044273691998396,0.10699200938316435,1.4142135623730951,0.04691874618517311,0.011509487884907299,-0.00046521419290890265,0.073240509124391,0.9223004981859653
3,2.0,1.0,1.0,1,9,0.000281726911384784,36,0.01175550606599618,0.008778539404765029,0.09034190662160209,1.2570787221094177,0.04691874618517311,0.009284154848591797,-0.0005056154438267679,0.06303347518407622,0.8967053508460093
3,2.0,1.0,1.0,1,10,0.000281726911384784,40,0.011796009891201775,0.007084180815298657,0.07813656676637712,1.1313708498984762,0.04691874618517311,0.007631214464143887,-0.0005470336488452299,0.055673215362241,0.8662222908164396
3,2.0,1.0,1.0,1,11,0.000281726911384784,44,0.012122545673278529,0.0057856881547794226,0.06883291447570457,1.02851895445316,0.04691874618517311,0.006375001463715113,-0.0005893133089356906,0.05017344388225243,0.8307620122944609
3,2.0,1.0,1.0,1,12,0.000281726911384784,48,0.012621240113839027,0.004768190198529698,0.061517955127291066,0.9428090415820634,0.04691874618517311,0.00540049479335486,-0.0006323045948251615,0.04595565593604399,0.7903777155050019
3,2.0,1.0,1.0,1,13,0.000281726911384784,52,0.013229447503120384,0.0039547767254847765,0.05562063017868301,0.870285269152674,0.04691874618517311,0.004630655902613301,-0.0006758791771285244,0.04266001920961136,0.7452653503757078
3,2.0,1.0,1.0,1,14,0.000281726911384784,56,0.013910470679854736,0.0032927313752090237,0.050767160041576075,0.8081220356417687,0.04691874618517311,0.004012663054043686,-0.0007199316788346621,0.040051841642498434,0.6957560410431332
3,2.0,1.0,1.0,1,15,0.000281726911384784,60,0.014641681731082823,0.002745100584645277,0.04670345718102508,0.7542472332656507,0.04691874618517311,0.003509477440630071,-0.0007643768559847941,0.03797191279306135,0.6423009288874336
3,2.0,1.0,1.0,1,16,0.000281726911384784,64,0.015408520417509397,0.002285435480629816,0.0432511808278811,0.7071067811865476,0.04691874618517311,0.0030945814522390647,-0.0008091459716092486,0.036308564370085214,0.5854495543586962
3,2.0,1.0,1.0,1,17,0.000281726911384784,68,0.016201274794414355,0.0018944418840616817,0.04028167833853512,0.6655122646461624,0.04691874618517311,0.002748625352918088,-0.0008541834688564065,0.0349811709072498,0.5258235942501691
3,2.0,1.0,1.0,1,18,0.000281726911384784,72,0.017013264871174494,0.0015577990160435262,0.03769991540925974,0.6285393610547089,0.04691874618517311,0.002457243232827089,-0.0008994442167835626,0.03392999897253798,0.46408819391993683
3,2.0,1.0,1.0,1,19,0.000281726911384784,76,0.01783977273683557,0.0012647089825712499,0.0354342243689991,0.5954583420518295,0.04691874618517311,0.002209600304487469,-0.0009448913219162192,0.03310974059636384,0.40092323339374175
3,2.0,1.0,1.0,1,20,0.000281726911384784,80,0.01867738848799072,0.0010069128857785326,0.0334295672935753,0.5656854249492381,0.04691874618517311,0.00199740730414133,-0.0009904944183627973,0.03248526989411236,0.33699665494173286
3,2.0,1.0,1.0,1,21,0.000281726911384784,84,0.01952359717335761,0.0007780110018631992,0.03164299159172412,0.538748023761179,0.04691874618517311,0.0018142393410374713,-0.0010362283391742722,0.0320287883779276,0.27294152719718107
3,2.0,1.0,1.0,1,22,0.000281726911384784,88,0.020376510393880665,0.0005729849460928138,0.03004049250095191,0.51425947722658,0.04691874618517311,0.0016550570297274025,-0.0010820720836345887,0.031717864682735644,0.2093379312271541
3,2.0,1.0,1.0,1,23,0.000281726911384784,92,0.0212346874338043,0.00038785645664962676,0.028594801475390355,0.4919003695210766,0.04691874618517311,0.0015158644684948874,-0.0011280080118452607,0.03153406605025267,0.14670013759503522
3,2.0,1.0,1.0,1,24,0.000281726911384784,96,0.022097013339943405,0.0002194401506925847,0.027283797855765585,0.4714045207910317,0.04691874618517311,0.0013934613640715354,-0.0011740212133789507,0.031461990368843736,0.08546899309848058
3,2.0,1.0,1.0,1,25,0.000281726911384784,100,0.02296261412035272,6.516193704969586e-05,0.026089348765814292,0.4525483399593905,0.04691874618517311,0.001285260946456812,-0.0012200990094071162,0.03148857434894506,0.02600901195741589
3,2.0,1.0,1.0,1,26,0.000281726911384784,104,0.02383079667588861,7.707602667361702e-05,0.024996448714440078,0.435142634576337,0.04691874618517311,0.001189154530911174,-0.001266230557584791,0.03160259461378362,0.03139060631863232
3,2.0,1.0,1.0,1,27,0.000281726911384784,108,0.024701005542422827,0.00020899693272824482,0.023992572515947327,0.41902624070313926,0.04691874618517311,0.0011034096037061958,-0.0013124065364344406,0.03179430468688052,0.08651193658971006
3,2.0,1.0,1.0,1,28,0.000281726911384784,112,0.025572791267180817,0.00033202658679204466,0.02306718239474735,0.4040610178208843,0.04691874618517311,0.001026592304793572,-0.0013586188915856168,0.03205516806469852,0.13920217517680172
3,2.0,1.0,1.0,1,29,0.000281726911384784,116,0.02644578697058897,0.00044735275612362013,0.022211348116427068,0.3901278792753366,0.04691874618517311,0.0009575078743206955,-0.0014048606304443156,0.032377659234105835,0.18936620396914708
3,2.0,1.0,1.0,1,30,0.000281726911384784,120,0.0273196907547385,0.0005559711836652381,0.02141745105615878,0.37712361663282534,0.04691874618517311,0.0008951544713484139,-0.001451125655013652,0.03275511264511073,0.23695857004392643
3,2.0,1.0,1.0,1,31,0.000281726911384784,124,0.028194252346167237,0.0006587215760649467,0.020678951352946714,0.3649583386769278,0.04691874618517311,0.0008386870489365816,-0.0014974086250015284,0.03318160546857514,0.281975427382431
3,2.0,1.0,1.0,1,32,0.000281726911384784,128,0.029069262844693577,0.0007563159806378561,0.01999020300657252,0.3535533905932738,0.04691874618517311,0.0007873888643889493,-0.0015437048450268054,0.03365186417429207,0.3244468369430814
3,2.0,1.0,1.0,1,33,0.000281726911384784,132,0.029944546777769143,0.0008493613325685767,0.019346305785641855,0.3428396514843868,0.04691874618517311,0.0007406488386430543,-0.001590010171211631,0.0341611880092587,0.36442968661534647
3,2.0,1.0,1.0,1,34,0.000281726911384784,136,0.030819955885105887,0.0009383774990888716,0.018742985671403953,0.3327561323230812,0.04691874618517311,0.0006979434343237223,-0.0016363209334125939,0.03470538464237363,0.4020013808456818
3,2.0,1.0,1.0,1,35,0.000281726911384784,140,0.031695364214819444,0.0010238118177915978,0.018176497620486877,0.32324881425670743,0.04691874618517311,0.0006588220523658928,-0.0016826338701574906,0.03528071478722096,0.43725436295560816
3,2.0,1.0,1.0,1,36,0.000281726911384784,144,0.032570664223582235,0.001106050884999099,0.017643545930123666,0.31426968052735443,0.04691874618517311,0.0006228951889019618,-0.001728946073901061,0.03588384368396347,0.4702914701313053
3,2.0,1.0,1.0,1,37,0.000281726911384784,148,0.03344576365193297,0.0011854301719396165,0.017141218594845534,0.30577590537796656,0.04691874618517311,0.0005898247729066441,-0.0017752549448462607,0.0365117980416626,0.5012220784954811
3,2.0,1.0,1.0,1,38,0.000281726911384784,152,0.034320583003076055,0.001262241913629003,0.01666693286599713,0.29772917102591473,0.04691874618517311,0.0005593162380934102,-0.0018215581517224133,0.0371619275136738,0.5301589697584365
3,2.0,1.0,1.0,1,39,0.000281726911384784,156,0.0351950534953428,0.001336741615589443,0.01621838984313495,0.29009508971755793,0.04691874618517311,0.0005311119828060318,-0.0018678535983954747,0.0378318700771757,0.5572158375527607
3,2.0,1.0,1.0,1,40,0.000281726911384784,160,0.03606911538891622,0.0014091534479629964,0.015793536394327654,0.28284271247461906,0.04691874618517311,0.0005049859473509888,-0.0019141393953139851,0.03851952087023265,0.5825053473296405
3,2.0,1.0,1.0,1,1,0.00036499374136589037,4,0.6639921908793888,0.7000853024660721,1.6777864892456666,11.313708498984761,0.04691874618517311,-0.7005623670487847,0.0004770645827125719,0.8146890819022414,0.9986389793178899
3,2.0,1.0,1.0,1,2,0.00036499374136589037,8,0.9087705862658647,0.46958395457994573,1.7033501434403746,5.656854249492381,0.04691874618517311,0.4703387241823983,-0.0007547696024525763,0.9530604148117865,0.9967956695967561
3,2.0,1.0,1.0,1,3,0.00036499374136589037,12,0.2010535006560702,0.0587908070971051,0.6526387921935846,3.7712361663282534,0.04691874618517311,0.05917581653028209,-0.000385009433176986,0.44587224449802587,0.987071722832951
3,2.0,1.0,1.0,1,4,0.00036499374136589037,16,0.05804230196437277,0.03407952340226844,0.35035434275303906,2.8284271247461903,0.04691874618517311,0.034481010790794187,-0.0004014873885257453,0.232834957272335,0.976980582843475
3,2.0,1.0,1.0,1,5,0.00036499374136589037,20,0.02823469786729449,0.024723346452074413,0.2295037483563492,2.2627416997969525,0.04691874618517311,0.025175906162588912,-0.0004525597105144996,0.15184593602914848,0.9646830432414254
3,2.0,1.0,1.0,1,6,0.00036499374136589037,24,0.018967253610757462,0.01841936253921228,0.16756468167965607,1.8856180831641267,0.04691874618517311,0.01892124952554297,-0.0005018869863306907,0.11192040076018037,0.9483207064910573
3,2.0,1.0,1.0,1,7,0.00036499374136589037,28,0.015562398022403556,0.014028795177536912,0.13088327137806227,1.6162440712835373,0.04691874618517311,0.014580206944190988,-0.0005514117666540752,0.08886596572497954,0.9271179406260257
3,2.0,1.0,1.0,1,8,0.00036499374136589037,32,0.014365389117099392,0.010907283659309763,0.10699200938316435,1.4142135623730951,0.04691874618517311,0.011509487884907299,-0.0006022042255975357,0.07414958348001696,0.9005582010997083
3,2.0,1.0,1.0,1,9,0.00036499374136589037,36,0.014163706462680947,0.00862972006954088,0.09034190662160209,1.2570787221094177,0.04691874618517311,0.009284154848591797,-0.0006544347790509164,0.06409997549743152,0.8683042959675681
3,2.0,1.0,1.0,1,10,0.00036499374136589037,40,0.014470675558112989,0.006923243799674794,0.07813656676637712,1.1313708498984762,0.04691874618517311,0.007631214464143887,-0.0007079706644690931,0.05690705494032326,0.8302062723035274
3,2.0,1.0,1.0,1,11,0.00036499374136589037,44,0.015062644038813189,0.005612391284654239,0.06883291447570457,1.02851895445316,0.04691874618517311,0.006375001463715113,-0.0007626101790608741,0.051585973671748726,0.786312223968443
3,2.0,1.0,1.0,1,12,0.00036499374136589037,48,0.015825881699554234,0.0045823357322308245,0.061517955127291066,0.9428090415820634,0.04691874618517311,0.00540049479335486,-0.0008181590611240352,0.047559338301106174,0.7368693996258473
3,2.0,1.0,1.0,1,13,0.00036499374136589037,52,0.016697825267085298,0.003756204942374386,0.05562063017868301,0.870285269152674,0.04691874618517311,0.004630655902613301,-0.000874450960238915,0.04446813430695634,0.6823128117132103
3,2.0,1.0,1.0,1,14,0.00036499374136589037,56,0.01764182804041381,0.0030813137569056237,0.050767160041576075,0.8081220356417687,0.04691874618517311,0.004012663054043686,-0.0009313492971380621,0.042078191661752196,0.6232415168156101
3,2.0,1.0,1.0,1,15,0.00036499374136589037,60,0.018635294619847587,0.0025207338422846837,0.04670345718102508,0.7542472332656507,0.04691874618517311,0.003509477440630071,-0.0009887435983453874,0.040230511685404285,0.5603846099254431
3,2.0,1.0,1.0,1,16,0.00036499374136589037,64,0.01966368667179197,0.0020480366615276413,0.0432511808278811,0.7071067811865476,0.04691874618517311,0.0030945814522390647,-0.0010465447907114234,0.03881331368600979,0.4945603059105117
3,2.0,1.0,1.0,1,17,0.00036499374136589037,68,0.020717307609083635,0.0016439444664202996,0.04028167833853512,0.6655122646461624,0.04691874618517311,0.002748625352918088,-0.0011046808864977886,0.03774553103326399,0.42663218656337715
3,2.0,1.0,1.0,1,18,0.00036499374136589037,72,0.021789488603680573,0.0012941498207378888,0.03769991540925974,0.6285393610547089,0.04691874618517311,0.002457243232827089,-0.0011630934120892,0.03696667078219566,0.3574667075657581
3,2.0,1.0,1.0,1,19,0.00036499374136589037,76,0.022875520132182636,0.0009878657337371588,0.0354342243689991,0.5954583420518295,0.04691874618517311,0.002209600304487469,-0.0012217345707503102,0.03643037541956768,0.28789546041282355
3,2.0,1.0,1.0,1,20,0.00036499374136589037,80,0.02397199879088785,0.0007168422781154149,0.0334295672935753,0.5656854249492381,0.04691874618517311,0.00199740730414133,-0.001280565026025915,0.03610022560255673,0.2186846641499384
3,2.0,1.0,1.0,1,21,0.00036499374136589037,84,0.02507641481177858,0.0004746871615526893,0.03164299159172412,0.538748023761179,0.04691874618517311,0.0018142393410374713,-0.001339552179484782,0.035946946379580715,0.1505131707228648
3,2.0,1.0,1.0,1,22,0.00036499374136589037,88,0.02618688404070313,0.00025638819757084486,0.03004049250095191,0.51425947722658,0.04691874618517311,0.0016550570297274025,-0.0013986688321565577,0.03594651728385684,0.0839591401346908
3,2.0,1.0,1.0,1,23,0.00036499374136589037,92,0.027301969324657116,5.797232789589435e-05,0.028594801475390355,0.4919003695210766,0.04691874618517311,0.0015158644684948874,-0.001457892140598993,0.036078876991511695,0.01949464449061244
3,2.0,1.0,1.0,1,24,0.00036499374136589037,96,0.02842055876840588,0.00012374143455401443,0.027283797855765585,0.4714045207910317,0.04691874618517311,0.0013934613640715354,-0.0015172027986255499,0.03632702460362283,0.04251312677700092
3,2.0,1.0,1.0,1,25,0.00036499374136589037,100,0.029541781058375016,0.00029132344558069345,0.026089348765814292,0.4525483399593905,0.04691874618517311,0.001285260946456812,-0.0015765843920375056,0.036676387448726325,0.10179566367970304
3,2.0,1.0,1.0,1,26,0.00036499374136589037,104,0.03066494548411236,0.0004468683556410058,0.024996448714440078,0.435142634576337,0.04691874618517311,0.001189154530911174,-0.0016360228865521798,0.03711436834531549,0.15817355500534766
3,2.0,1.0,1.0,1,27,0.00036499374136589037,108,0.03178949874612824,0.0005920966150586571,0.023992572515947327,0.41902624070313926,0.04691874618517311,0.0011034096037061958,-0.0016955062187648529,0.037630013610600706,0.21154498835049607
3,2.0,1.0,1.0,1,28,0.00036499374136589037,112,0.03291499338083037,0.0007284316624877052,0.02306718239474735,0.4040610178208843,0.04691874618517311,0.001026592304793572,-0.0017550239672812773,0.03821376229565803,0.26187352648191015
3,2.0,1.0,1.0,1,29,0.00036499374136589037,116,0.034041064358827255,0.0008570592123051668,0.022211348116427068,0.3901278792753366,0.04691874618517311,0.0009575078743206955,-0.0018145670866258623,0.038857250308236446,0.30917605922623165
3,2.0,1.0,1.0,1,30,0.00036499374136589037,120,0.03516741152109748,0.0009789732192393985,0.02141745105615878,0.37712361663282534,0.04691874618517311,0.0008951544713484139,-0.0018741276905878124,0.03955315213314814,0.35351154631166953
3,2.0,1.0,1.0,1,31,0.00036499374136589037,124,0.036293786243043025,0.001095011825877068,0.020678951352946714,0.3649583386769278,0.04691874618517311,0.0008386870489365816,-0.0019336988748136497,0.04029504899213746,0.394970922517106
3,2.0,1.0,1.0,1,32,0.00036499374136589037,128,0.03741998119986223,0.0012058857062577366,0.01999020300657252,0.3535533905932738,0.04691874618517311,0.0007873888643889493,-0.001993274570646686,0.041077316348183956,0.43366834369952534
3,2.0,1.0,1.0,1,33,0.00036499374136589037,132,0.03854582243384019,0.0013122005854311336,0.019346305785641855,0.3428396514843868,0.04691874618517311,0.0007406488386430543,-0.002052849424074188,0.04189502627378502,0.4697338111657721
3,2.0,1.0,1.0,1,34,0.00036499374136589037,136,0.03967116314924679,0.0014144752606315425,0.018742985671403953,0.3327561323230812,0.04691874618517311,0.0006979434343237223,-0.002112418694955265,0.042743861829521494,0.5033071168641293
3,2.0,1.0,1.0,1,35,0.00036499374136589037,140,0.040795878816635156,0.0015131561203311494,0.018176497620486877,0.32324881425670743,0.04691874618517311,0.0006588220523658928,-0.002171978172697042,0.04362004157491514,0.5345329942163293
3,2.0,1.0,1.0,1,36,0.00036499374136589037,144,0.041919863279594405,0.0016086289164271017,0.017643545930123666,0.31426968052735443,0.04691874618517311,0.0006228951889019618,-0.0022315241053290635,0.044520252898396805,0.5635573300945134
3,2.0,1.0,1.0,1,37,0.00036499374136589037,148,0.04304302563537177,0.0017012283667451333,0.017141218594845534,0.30577590537796656,0.04691874618517311,0.0005898247729066441,-0.0022910531396517775,0.04544159316966344,0.5905242840486508
3,2.0,1.0,1.0,1,38,0.00036499374136589037,152,0.044165287718029855,0.0017912460323153967,0.01666693286599713,0.29772917102591473,0.04691874618517311,0.0005593162380934102,-0.002350562270408807,0.046381517893197985,0.6155741647225654
3,2.0,1.0,1.0,1,39,0.00036499374136589037,156,0.045286582054473445,0.0018789368142257956,0.01621838984313495,0.29009508971755793,0.04691874618517311,0.0005311119828060318,-0.0024100487970318274,0.04733779514212918,0.6388419249658899
3,2.0,1.0,1.0,1,40,0.00036499374136589037,160,0.046406850194126825,0.0019645243392766853,0.015793536394327654,0.28284271247461906,0.04691874618517311,0.0005049859473509888,-0.002469510286627674,0.04830846561568609,0.6604561528218689
3,2.0,1.0,1.0,1,1,0.00047287080450158787,4,0.664083774473347,0.6999443352382316,1.6777864892456666,11.313708498984761,0.04691874618517311,-0.7005623670487847,0.000618031810553088,0.8146956653223827,0.9982371674634417
3,2.0,1.0,1.0,1,2,0.00047287080450158787,8,0.9087317588448942,0.46936103411278185,1.7033501434403746,5.656854249492381,0.04691874618517311,0.4703387241823983,-0.0009776900696164548,0.9529709941539661,0.995851236918332
3,2.0,1.0,1.0,1,3,0.00047287080450158787,12,0.2018747516583701,0.05867723420246401,0.6526387921935846,3.7712361663282534,0.04691874618517311,0.05917581653028209,-0.0004985823278180757,0.4460504985245023,0.983289908659033
3,2.0,1.0,1.0,1,4,0.00047287080450158787,16,0.05936239180627845,0.03396114844098702,0.35035434275303906,2.8284271247461903,0.04691874618517311,0.034481010790794187,-0.0005198623498071653,0.23325423964269895,0.970294321074858
3,2.0,1.0,1.0,1,5,0.00047287080450158787,20,0.029940231118051663,0.024589992308997166,0.2295037483563492,2.2627416997969525,0.04691874618517311,0.025175906162588912,-0.0005859138535917463,0.15246346799821237,0.9545130077592545
3,2.0,1.0,1.0,1,6,0.00047287080450158787,24,0.021033382166375958,0.018271561268002834,0.16756468167965607,1.8856180831641267,0.04691874618517311,0.01892124952554297,-0.0006496882575401375,0.11272845139858234,0.9336068343028794
3,2.0,1.0,1.0,1,7,0.00047287080450158787,28,0.017980273605025743,0.013866505221554304,0.13088327137806227,1.6162440712835373,0.04691874618517311,0.014580206944190988,-0.0007137017226366837,0.08986866882319045,0.9066684994419124
3,2.0,1.0,1.0,1,8,0.00047287080450158787,32,0.017130721264330018,0.010730148919213867,0.10699200938316435,1.4142135623730951,0.04691874618517311,0.011509487884907299,-0.0007793389656934324,0.07535710323973915,0.8731629999888337
3,2.0,1.0,1.0,1,9,0.00047287080450158787,36,0.017273856302617796,0.008437335223530351,0.09034190662160209,1.2570787221094177,0.04691874618517311,0.009284154848591797,-0.0008468196250614457,0.06552624132571085,0.8328256324673018
3,2.0,1.0,1.0,1,10,0.00047287080450158787,40,0.0179237156619263,0.006715243443905505,0.07813656676637712,1.1313708498984762,0.04691874618517311,0.007631214464143887,-0.000915971020238382,0.05856864913234725,0.7856672183113195
3,2.0,1.0,1.0,1,11,0.00047287080450158787,44,0.01885699410453978,0.005388470033157455,0.06883291447570457,1.02851895445316,0.04691874618517311,0.006375001463715113,-0.0009865314305576578,0.05350139555967601,0.7319766291270197
3,2.0,1.0,1.0,1,12,0.00047287080450158787,48,0.019960147622510638,0.0043422458572121014,0.061517955127291066,0.9428090415820634,0.04691874618517311,0.00540049479335486,-0.0010582489361427583,0.04974837790226655,0.6723050238672119
3,2.0,1.0,1.0,1,13,0.00047287080450158787,52,0.021170720647876617,0.0034997480292779937,0.05562063017868301,0.870285269152674,0.04691874618517311,0.004630655902613301,-0.0011309078733353073,0.046951256150296855,0.6074302334181453
3,2.0,1.0,1.0,1,14,0.00047287080450158787,56,0.022452132807832093,0.002808331846550771,0.050767160041576075,0.8081220356417687,0.04691874618517311,0.004012663054043686,-0.0012043312074929147,0.04487589965354123,0.5383045688310978
3,2.0,1.0,1.0,1,15,0.00047287080450158787,60,0.023781831807647924,0.0022311016777628034,0.04670345718102508,0.7542472332656507,0.04691874618517311,0.003509477440630071,-0.0012783757628672676,0.04336270319109448,0.46599208098800343
3,2.0,1.0,1.0,1,16,0.00047287080450158787,64,0.025145308692178014,0.0017416553387305522,0.0432511808278811,0.7071067811865476,0.04691874618517311,0.0030945814522390647,-0.0013529261135085124,0.042298653362985994,0.3916025578334905
3,2.0,1.0,1.0,1,17,0.00047287080450158787,68,0.026532887778517367,0.0013207363678755524,0.04028167833853512,0.6655122646461624,0.04691874618517311,0.002748625352918088,-0.0014278889850425358,0.0416008865071551,0.3162293388702846
3,2.0,1.0,1.0,1,18,0.00047287080450158787,72,0.027937915713177386,0.0009540546100740843,0.03769991540925974,0.6285393610547089,0.04691874618517311,0.002457243232827089,-0.0015031886227530045,0.041206653467927276,0.24089661048702524
3,2.0,1.0,1.0,1,19,0.00047287080450158787,76,0.029355694854648284,0.0006308371920736855,0.0354342243689991,0.5954583420518295,0.04691874618517311,0.002209600304487469,-0.0015787631124137835,0.04106702130259367,0.16651971383191322
3,2.0,1.0,1.0,1,20,0.00047287080450158787,80,0.03078283123616332,0.0003428457978318922,0.0334295672935753,0.5656854249492381,0.04691874618517311,0.00199740730414133,-0.0016545615063094377,0.04114283497305414,0.09387971683952423
3,2.0,1.0,1.0,1,21,0.00047287080450158787,84,0.03221682282088256,8.369775062561091e-05,0.03164299159172412,0.538748023761179,0.04691874618517311,0.0018142393410374713,-0.0017305415904118604,0.041402082349345254,0.02361154391320593
3,2.0,1.0,1.0,1,22,0.00047287080450158787,88,0.033655791969134596,0.0001516111193843872,0.03004049250095191,0.51425947722658,0.04691874618517311,0.0016550570297274025,-0.0018066681491117897,0.041818144951736386,0.0437964054198047
3,2.0,1.0,1.0,1,23,0.00047287080450158787,92,0.035098307157110153,0.0003670471434817357,0.028594801475390355,0.4919003695210766,0.04691874618517311,0.0015158644684948874,-0.0018829116119766232,0.04236861204131688,0.10799391745478433
3,2.0,1.0,1.0,1,24,0.00047287080450158787,96,0.036543261462923304,0.0005657856290022245,0.027283797855765585,0.4714045207910317,0.04691874618517311,0.0013934613640715354,-0.00195924699307376,0.043034453770274324,0.16875480021888023
3,2.0,1.0,1.0,1,25,0.00047287080450158787,100,0.03798978805242159,0.0007503921081301601,0.026089348765814292,0.4525483399593905,0.04691874618517311,0.001285260946456812,-0.002035653054586972,0.04379942352307477,0.22595951231929134
3,2.0,1.0,1.0,1,26,0.00047287080450158787,104,0.039437200316977394,0.0009229571121754376,0.024996448714440078,0.435142634576337,0.04691874618517311,0.001189154530911174,-0.0021121116430866116,0.04464960758845145,0.2795767028557258
3,2.0,1.0,1.0,1,27,0.00047287080450158787,108,0.040884948766197526,0.0010851975556690485,0.023992572515947327,0.41902624070313926,0.04691874618517311,0.0011034096037061958,-0.0021886071593752443,0.04557307138162688,0.32964520953813936
3,2.0,1.0,1.0,1,28,0.00047287080450158787,112,0.04233258951570418,0.0012385338274447655,0.02306718239474735,0.4040610178208843,0.04691874618517311,0.001026592304793572,-0.0022651261322383376,0.04655957127342674,0.3762575235813704
3,2.0,1.0,1.0,1,29,0.00047287080450158787,116,0.04377976093261826,0.0013841489992616474,0.022211348116427068,0.3901278792753366,0.04691874618517311,0.0009575078743206955,-0.002341656873582343,0.047600313406252044,0.41954528040511396
3,2.0,1.0,1.0,1,30,0.00047287080450158787,120,0.045226166107545485,0.0015230347262897848,0.02141745105615878,0.37712361663282534,0.04691874618517311,0.0008951544713484139,-0.0024181891976381986,0.048687748266757036,0.4596669945667319
3,2.0,1.0,1.0,1,31,0.00047287080450158787,124,0.04667155954616853,0.0016560271421016681,0.020678951352946714,0.3649583386769278,0.04691874618517311,0.0008386870489365816,-0.0024947141910382498,0.049815394046090006,0.49679802186495015
3,2.0,1.0,1.0,1,32,0.00047287080450158787,128,0.048115736955988475,0.0017838351589946622,0.01999020300657252,0.3535533905932738,0.04691874618517311,0.0007873888643889493,-0.0025712240233836114,0.050977684182692926,0.5311225850079154
3,2.0,1.0,1.0,1,33,0.00047287080450158787,132,0.049558527330388014,0.0019070629517405902,0.019346305785641855,0.3428396514843868,0.04691874618517311,0.0007406488386430543,-0.0026477117903836445,0.05216983575647016,0.5628276209455282
3,2.0,1.0,1.0,1,34,0.00047287080450158787,136,0.050999786756784626,0.002026227948908832,0.018742985671403953,0.3327561323230812,0.04691874618517311,0.0006979434343237223,-0.0027241713832325543,0.05338773608775889,0.5920981781539861
3,2.0,1.0,1.0,1,35,0.00047287080450158787,140,0.0524393935315135,0.002141775326982398,0.018176497620486877,0.32324881425670743,0.04691874618517311,0.0006588220523658928,-0.0028005973793482908,0.05462784528284675,0.619114093927929
3,2.0,1.0,1.0,1,36,0.00047287080450158787,144,0.05387724427509388,0.0022540897615439537,0.017643545930123666,0.31426968052735443,0.04691874618517311,0.0006228951889019618,-0.0028769849504459155,0.05588711272094062,0.644047702149009
3,2.0,1.0,1.0,1,37,0.00047287080450158787,148,0.05531325081975558,0.002363505012072109,0.017141218594845534,0.30577590537796656,0.04691874618517311,0.0005898247729066441,-0.002953329784978753,0.057162905674891955,0.6670623517712648
3,2.0,1.0,1.0,1,38,0.00047287080450158787,152,0.056747337698218825,0.002470311784175727,0.01666693286599713,0.29772917102591473,0.04691874618517311,0.0005593162380934102,-0.0030296280222691374,0.05845294843611264,0.6883115492928222
3,2.0,1.0,1.0,1,39,0.00047287080450158787,156,0.058179440104348945,0.0025747642136491056,0.01621838984313495,0.29009508971755793,0.04691874618517311,0.0005311119828060318,-0.0031058761964551374,0.059755270485073175,0.707938570801776
3,2.0,1.0,1.0,1,40,0.00047287080450158787,160,0.05960950222666028,0.002677085241171273,0.015793536394327654,0.28284271247461906,0.04691874618517311,0.0005049859473509888,-0.003182071188522262,0.06106816241430643,0.7260764188123238
3,2.0,1.0,1.0,1,1,0.0006126318684621583,4,0.6642023821404262,0.6997617265473584,1.6777864892456666,11.313708498984761,0.04691874618517311,-0.7005623670487847,0.000800640501426364,0.8147042064493719,0.9977169012542508
3,2.0,1.0,1.0,1,2,0.0006126318684621583,8,0.9086815075136616,0.46907233488018096,1.7033501434403746,5.656854249492381,0.04691874618517311,0.4703387241823983,-0.0012663893022173411,0.9528552784168856,0.9946294505042145
3,2.0,1.0,1.0,1,3,0.0006126318684621583,12,0.20293736329947032,0.05853024289990638,0.6526387921935846,3.7712361663282534,0.04691874618517311,0.05917581653028209,-0.0006455736303757065,0.446282205750238,0.9784166289468721
3,2.0,1.0,1.0,1,4,0.0006126318684621583,16,0.06106965521373464,0.033807981896627426,0.35035434275303906,2.8284271247461903,0.04691874618517311,0.034481010790794187,-0.0006730288941667606,0.2338006335967806,0.9617097266659408
3,2.0,1.0,1.0,1,5,0.0006126318684621583,20,0.03214496005627043,0.024417497616958828,0.2295037483563492,2.2627416997969525,0.04691874618517311,0.025175906162588912,-0.0007584085456300849,0.15327192937841969,0.9415131223506181
3,2.0,1.0,1.0,1,6,0.0006126318684621583,24,0.02370300425589278,0.018080438703582558,0.16756468167965607,1.8856180831641267,0.04691874618517311,0.01892124952554297,-0.0008408108219604138,0.11379266787159945,0.9149065626584187
3,2.0,1.0,1.0,1,7,0.0006126318684621583,28,0.021102926390062504,0.013656712263347803,0.13088327137806227,1.6162440712835373,0.04691874618517311,0.014580206944190988,-0.0009234946808431843,0.09119849196903795,0.8808678465080885
3,2.0,1.0,1.0,1,8,0.0006126318684621583,32,0.02070044228450707,0.010501236713692741,0.10699200938316435,1.4142135623730951,0.04691874618517311,0.011509487884907299,-0.001008251171214558,0.07697082594410116,0.8389084216096567
3,2.0,1.0,1.0,1,9,0.0006126318684621583,36,0.021286822215758505,0.00818879190704569,0.09034190662160209,1.2570787221094177,0.04691874618517311,0.009284154848591797,-0.0010953629415461075,0.06744742749103338,0.7889376050616019
3,2.0,1.0,1.0,1,10,0.0006126318684621583,40,0.02237702576569356,0.00644660931249913,0.07813656676637712,1.1313708498984762,0.04691874618517311,0.007631214464143887,-0.0011846051516447575,0.060824372852092766,0.7312546755101034
3,2.0,1.0,1.0,1,11,0.0006126318684621583,44,0.023748198985187208,0.005099363395925927,0.06883291447570457,1.02851895445316,0.04691874618517311,0.006375001463715113,-0.0012756380677891865,0.05612088347768891,0.6665277294698616
3,2.0,1.0,1.0,1,12,0.0006126318684621583,48,0.025287040960752516,0.004032359870362823,0.061517955127291066,0.9428090415820634,0.04691874618517311,0.00540049479335486,-0.001368134922992037,0.052761729526649835,0.5957424234072493
3,2.0,1.0,1.0,1,13,0.0006126318684621583,52,0.02693123767915817,0.003168839820020919,0.05562063017868301,0.870285269152674,0.04691874618517311,0.004630655902613301,-0.001461816082592382,0.05038815906570836,0.5201238229270148
3,2.0,1.0,1.0,1,14,0.0006126318684621583,56,0.028644296796255908,0.0024562109974049506,0.050767160041576075,0.8081220356417687,0.04691874618517311,0.004012663054043686,-0.0015564520566387352,0.0487643690764559,0.44104152070650493
3,2.0,1.0,1.0,1,15,0.0006126318684621583,60,0.030403724002775467,0.001857620156682449,0.04670345718102508,0.7542472332656507,0.04691874618517311,0.003509477440630071,-0.001651857283947622,0.04772793275278278,0.35991080908522977
3,2.0,1.0,1.0,1,16,0.0006126318684621583,64,0.03219505056931937,0.0013466992564577507,0.0432511808278811,0.7071067811865476,0.04691874618517311,0.0030945814522390647,-0.001747882195781314,0.047162082417468346,0.2781020890075835
3,2.0,1.0,1.0,1,17,0.0006126318684621583,68,0.034008630072138946,0.0009042194033133111,0.04028167833853512,0.6655122646461624,0.04691874618517311,0.002748625352918088,-0.001844405949604777,0.04697957322374133,0.19686767708651157
3,2.0,1.0,1.0,1,18,0.0006126318684621583,72,0.03583783138766772,0.000515912813231767,0.03769991540925974,0.6285393610547089,0.04691874618517311,0.002457243232827089,-0.0019413304195953218,0.047113000740347646,0.11729093428903713
3,2.0,1.0,1.0,1,19,0.0006126318684621583,76,0.0376779744507294,0.00017102488004738792,0.0354342243689991,0.5954583420518295,0.04691874618517311,0.002209600304487469,-0.002038575424440081,0.04750884866403038,0.040258428784574564
3,2.0,1.0,1.0,1,20,0.0006126318684621583,80,0.039525679701420846,0.00013866769602349782,0.0334295672935753,0.5656854249492381,0.04691874618517311,0.00199740730414133,-0.0021360750001648277,0.0481237409247874,0.03354742703967483
3,2.0,1.0,1.0,1,21,0.0006126318684621583,84,0.0413784572961422,0.00041953516375736744,0.03164299159172412,0.538748023761179,0.04691874618517311,0.0018142393410374713,-0.0022337745047948387,0.04892201032518585,0.10363975513307737
3,2.0,1.0,1.0,1,22,0.0006126318684621583,88,0.04323444020719858,0.0006765713386653327,0.03004049250095191,0.51425947722658,0.04691874618517311,0.0016550570297274025,-0.0023316283683927352,0.04987405706027904,0.1697077323895083
3,2.0,1.0,1.0,1,23,0.0006126318684621583,92,0.04509220637000433,0.0009137338700883069,0.028594801475390355,0.4919003695210766,0.04691874618517311,0.0015158644684948874,-0.0024295983385831943,0.05095518455315833,0.23159104895098404
3,2.0,1.0,1.0,1,24,0.0006126318684621583,96,0.046950657465790746,0.0011341907413696117,0.027283797855765585,0.4714045207910317,0.04691874618517311,0.0013934613640715354,-0.002527652105441147,0.05214472949648764,0.2892522111864744
3,2.0,1.0,1.0,1,25,0.0006126318684621583,100,0.048808934616795585,0.0013405012707687347,0.026089348765814292,0.4525483399593905,0.04691874618517311,0.001285260946456812,-0.002625762217225547,0.05342538076586787,0.3427495094420786
3,2.0,1.0,1.0,1,26,0.0006126318684621583,104,0.05066635867443248,0.0015347506890651674,0.024996448714440078,0.435142634576337,0.04691874618517311,0.001189154530911174,-0.0027239052199763414,0.05478262736419867,0.39221243394432526
3,2.0,1.0,1.0,1,27,0.0006126318684621583,108,0.052522387221762834,0.0017186513665729541,0.023992572515947327,0.41902624070313926,0.04691874618517311,0.0011034096037061958,-0.00282206097027915,0.05620430115189819,0.4378204687006705
3,2.0,1.0,1.0,1,28,0.0006126318684621583,112,0.05437658314254368,0.0018936197779543806,0.02306718239474735,0.4040610178208843,0.04691874618517311,0.001026592304793572,-0.0029202120827479527,0.05768019391285212,0.4797855662499457
3,2.0,1.0,1.0,1,29,0.0006126318684621583,116,0.05622859132770719,0.0020608356086795343,0.022211348116427068,0.3901278792753366,0.04691874618517311,0.0009575078743206955,-0.00301834348300023,0.059201735468524336,0.518338193123045
3,2.0,1.0,1.0,1,30,0.0006126318684621583,120,0.058078121193679166,0.0022212875723649494,0.02141745105615878,0.37712361663282534,0.04691874618517311,0.0008951544713484139,-0.0031164420437133633,0.060761723216484494,0.553716597375881
3,2.0,1.0,1.0,1,31,0.0006126318684621583,124,0.05992493340959404,0.0023758092376536255,0.020678951352946714,0.3649583386769278,0.04691874618517311,0.0008386870489365816,-0.003214496286590207,0.062354095415836946,0.5861588388635876
3,2.0,1.0,1.0,1,32,0.0006126318684621583,128,0.0617688297116914,0.0025251072724508106,0.01999020300657252,0.3535533905932738,0.04691874618517311,0.0007873888643889493,-0.00331249613683976,0.06397374170984185,0.6158970975268946
3,2.0,1.0,1.0,1,33,0.0006126318684621583,132,0.06360964500906396,0.002669783881217358,0.019346305785641855,0.3428396514843868,0.04691874618517311,0.0007406488386430543,-0.0034104327198604123,0.06561634521853282,0.6431538006639068
3,2.0,1.0,1.0,1,34,0.0006126318684621583,136,0.06544724120898171,0.002810354757629585,0.018742985671403953,0.3327561323230812,0.04691874618517311,0.0006979434343237223,-0.0035082981919533074,0.06727825124572491,0.6681391625418931
3,2.0,1.0,1.0,1,35,0.0006126318684621583,140,0.0672815023454888,0.0029472635463275165,0.018176497620486877,0.32324881425670743,0.04691874618517311,0.0006588220523658928,-0.0036060855986934093,0.06895635829372632,0.6910497922728728
3,2.0,1.0,1.0,1,36,0.0006126318684621583,144,0.06911233070569511,0.003080893566907439,0.017643545930123666,0.31426968052735443,0.04691874618517311,0.0006228951889019618,-0.0037037887558094007,0.07064802768106326,0.7120680886971901
3,2.0,1.0,1.0,1,37,0.0006126318684621583,148,0.07093964372623152,0.0032115773757335764,0.017141218594845534,0.30577590537796656,0.04691874618517311,0.0005898247729066441,-0.0038014021486402205,0.07235100860953994,0.7313621985634616
3,2.0,1.0,1.0,1,38,0.0006126318684621583,152,0.07276337148935474,0.003339604608695923,0.01666693286599713,0.29772917102591473,0.04691874618517311,0.0005593162380934102,-0.0038989208467893333,0.07406337602164624,0.7490863642088604
3,2.0,1.0,1.0,1,39,0.0006126318684621583,156,0.07458345468959027,0.003465228448647717,0.01621838984313495,0.29009508971755793,0.04691874618517311,0.0005311119828060318,-0.003996340431453749,0.07578347902433966,0.7653815284139805
3,2.0,1.0,1.0,1,40,0.0006126318684621583,160,0.07639984297221059,0.003588670985933684,0.015793536394327654,0.28284271247461906,0.04691874618517311,0.0005049859473509888,-0.004093656933284673,0.07750989803063058,0.7803760977059452
3,2.0,1.0,1.0,1,1,0.0007937005259841,4,0.664355971077343,0.6995251842470921,1.6777864892456666,11.313708498984761,0.04691874618517311,-0.7005623670487847,0.0010371828016926266,0.8147152919692334,0.9970433766614769
3,2.0,1.0,1.0,1,2,0.0007937005259841,8,0.9086164909455998,0.4686984881536139,1.7033501434403746,5.656854249492381,0.04691874618517311,0.4703387241823983,-0.001640236028784381,0.9527055864719225,0.9930495375130685
3,2.0,1.0,1.0,1,3,0.0007937005259841,12,0.2043117472954764,0.05834005697214206,0.6526387921935846,3.7712361663282534,0.04691874618517311,0.05917581653028209,-0.0008357595581400257,0.4465836828180077,0.9721467219288291
3,2.0,1.0,1.0,1,4,0.0007937005259841,16,0.0632765052761558,0.03360987285708644,0.35035434275303906,2.8284271247461903,0.04691874618517311,0.034481010790794187,-0.0008711379337077441,0.2345138510294643,0.9507165496221182
3,2.0,1.0,1.0,1,5,0.0007937005259841,20,0.03499312893895046,0.024194478919511486,0.2295037483563492,2.2627416997969525,0.04691874618517311,0.025175906162588912,-0.0009814272430774262,0.15433337938812883,0.9249596869943306
3,2.0,1.0,1.0,1,6,0.0007937005259841,24,0.027149659739115095,0.01783343590812514,0.16756468167965607,1.8856180831641267,0.04691874618517311,0.01892124952554297,-0.0010878136174178321,0.11520028239999149,0.8912679109815769
3,2.0,1.0,1.0,1,7,0.0007937005259841,28,0.025132036781706946,0.013385689168800619,0.13088327137806227,1.6162440712835373,0.04691874618517311,0.014580206944190988,-0.001194517775390369,0.09297233137280844,0.8485529482606312
3,2.0,1.0,1.0,1,8,0.0007937005259841,32,0.02530361254210567,0.010205632648414287,0.10699200938316435,1.4142135623730951,0.04691874618517311,0.011509487884907299,-0.0013038552364930123,0.07914266268258202,0.7964847699558802
3,2.0,1.0,1.0,1,9,0.0007937005259841,36,0.02645842872327242,0.007867965822983658,0.09034190662160209,1.2570787221094177,0.04691874618517311,0.009284154848591797,-0.0014161890256081389,0.07005604354029964,0.735300277774666
3,2.0,1.0,1.0,1,10,0.0007937005259841,40,0.02811264288310311,0.0060999884623483824,0.07813656676637712,1.1313708498984762,0.04691874618517311,0.007631214464143887,-0.0015312260017955048,0.06391249618143413,0.6657602289504178
3,2.0,1.0,1.0,1,11,0.0007937005259841,44,0.030043989451618014,0.004726476513350342,0.06883291447570457,1.02851895445316,0.04691874618517311,0.006375001463715113,-0.0016485249503647714,0.059732512193923885,0.5890772048878911
3,2.0,1.0,1.0,1,12,0.0007937005259841,48,0.03213948665938293,0.0036328328857581638,0.061517955127291066,0.9428090415820634,0.04691874618517311,0.00540049479335486,-0.001767661907596696,0.05693954432422554,0.5068015442904469
3,2.0,1.0,1.0,1,13,0.0007937005259841,52,0.03433700833055542,0.002742381661243354,0.05562063017868301,0.870285269152674,0.04691874618517311,0.004630655902613301,-0.0018882742413699471,0.055171093798862744,0.4206797128781138
3,2.0,1.0,1.0,1,14,0.0007937005259841,56,0.03660018073746463,0.0020025986037648935,0.050767160041576075,0.8081220356417687,0.04691874618517311,0.004012663054043686,-0.0020100644502787923,0.054185563122116656,0.33250692519753544
3,2.0,1.0,1.0,1,15,0.0007937005259841,60,0.03890658932863278,0.001376685390464094,0.04670345718102508,0.7542472332656507,0.04691874618517311,0.003509477440630071,-0.002132792050165977,0.05381330454876408,0.243994972716176
3,2.0,1.0,1.0,1,16,0.0007937005259841,64,0.04124182215420025,0.0008383181963863007,0.0432511808278811,0.7071067811865476,0.04691874618517311,0.0030945814522390647,-0.002256263255852764,0.05392967377824098,0.15667025341224197
3,2.0,1.0,1.0,1,17,0.0007937005259841,68,0.04359627537324573,0.00036830380814206753,0.04028167833853512,0.6655122646461624,0.04691874618517311,0.002748625352918088,-0.0023803215447760206,0.05443966777897523,0.07180885579214145
3,2.0,1.0,1.0,1,18,0.0007937005259841,72,0.04596335133776919,4.759662413611476e-05,0.03769991540925974,0.6285393610547089,0.04691874618517311,0.002457243232827089,-0.0025048398569632035,0.05526887919196119,0.009592065121611313
3,2.0,1.0,1.0,1,19,0.0007937005259841,76,0.04833839742146129,0.00042011409845599257,0.0354342243689991,0.5954583420518295,0.04691874618517311,0.002209600304487469,-0.0026297144029434616,0.05635795733319995,0.08681272532470212
3,2.0,1.0,1.0,1,20,0.0007937005259841,80,0.05071805738473367,0.0007574525245052088,0.0334295672935753,0.5656854249492381,0.04691874618517311,0.00199740730414133,-0.0027548598286465387,0.057659034527851996,0.15938761507728147
3,2.0,1.0,1.0,1,21,0.0007937005259841,84,0.05309986182104609,0.001065966118948325,0.03164299159172412,0.538748023761179,0.04691874618517311,0.0018142393410374713,-0.0028802054599857962,0.059133270410115076,0.22706968856380458
3,2.0,1.0,1.0,1,22,0.0007937005259841,88,0.055481962073760216,0.0013506353551443473,0.03004049250095191,0.51425947722658,0.04691874618517311,0.0016550570297274025,-0.00300569238487175,0.06074905489383972,0.28978930961481625
3,2.0,1.0,1.0,1,23,0.0007937005259841,92,0.05786295293710886,0.0016154067095232039,0.028594801475390355,0.4919003695210766,0.04691874618517311,0.0015158644684948874,-0.0031312711780180913,0.06248062481385172,0.34761341875943286
3,2.0,1.0,1.0,1,24,0.0007937005259841,96,0.0602417518222883,0.0018634387537739827,0.027283797855765585,0.4714045207910317,0.04691874618517311,0.0013934613640715354,-0.003256900117845518,0.064306963334117,0.4007083666549301
3,2.0,1.0,1.0,1,25,0.0007937005259841,100,0.06261751472324972,0.002097282834147507,0.026089348765814292,0.4525483399593905,0.04691874618517311,0.001285260946456812,-0.003382543780604319,0.0662109092254199,0.44930817735127593
3,2.0,1.0,1.0,1,26,0.0007937005259841,104,0.0649895766992562,0.0023190173939136582,0.024996448714440078,0.435142634576337,0.04691874618517311,0.001189154530911174,-0.003508171924824832,0.06817843145408012,0.49368878568826235
3,2.0,1.0,1.0,1,27,0.0007937005259841,108,0.06735740901922416,0.002530348996603482,0.023992572515947327,0.41902624070313926,0.04691874618517311,0.0011034096037061958,-0.003633758600309678,0.07019803824326037,0.5341480157825959
3,2.0,1.0,1.0,1,28,0.0007937005259841,112,0.0697205878358681,0.002732689127042609,0.02306718239474735,0.4040610178208843,0.04691874618517311,0.001026592304793572,-0.003759281431836181,0.0722602968233621,0.5709906440128921
3,2.0,1.0,1.0,1,29,0.0007937005259841,116,0.07207877097104676,0.002927213165304643,0.022211348116427068,0.3901278792753366,0.04691874618517311,0.0009575078743206955,-0.0038847210396253384,0.07435744432536256,0.6045177163917258
3,2.0,1.0,1.0,1,30,0.0007937005259841,120,0.07443168049405369,0.00311490609619397,0.02141745105615878,0.37712361663282534,0.04691874618517311,0.0008951544713484139,-0.004010060567542384,0.07648307336695369,0.6350192746898075
3,2.0,1.0,1.0,1,31,0.0007937005259841,124,0.07677908949491541,0.0032965982478049827,0.020678951352946714,0.3649583386769278,0.04691874618517311,0.0008386870489365816,-0.004135285296741564,0.07863187847333407,0.6627697177828856
3,2.0,1.0,1.0,1,32,0.0007937005259841,128,0.07912081193460085,0.0034729934630125525,0.01999020300657252,0.3535533905932738,0.04691874618517311,0.0007873888643889493,-0.004260382327401502,0.08079945175846598,0.6880251364524859
3,2.0,1.0,1.0,1,33,0.0007937005259841,132,0.0814566947788935,0.0036446914765316807,0.019346305785641855,0.3428396514843868,0.04691874618517311,0.0007406488386430543,-0.004385340315174735,0.08298211830766901,0.711022081234243
3,2.0,1.0,1.0,1,34,0.0007937005259841,136,0.08378661184597469,0.0038122058174172024,0.018742985671403953,0.3327561323230812,0.04691874618517311,0.0006979434343237223,-0.004510149251740925,0.08517680344960309,0.7319773374267253
3,2.0,1.0,1.0,1,35,0.0007937005259841,140,0.08611045895281277,0.003975978228862198,0.018176497620486877,0.32324881425670743,0.04691874618517311,0.0006588220523658928,-0.004634800281228091,0.08738092558921691,0.7510883811317909
3,2.0,1.0,1.0,1,36,0.0007937005259841,144,0.08842815005578908,0.004136390356912767,0.017643545930123666,0.31426968052735443,0.04691874618517311,0.0006228951889019618,-0.004759285545814729,0.0895923095099002,0.7685342727775379
3,2.0,1.0,1.0,1,37,0.0007937005259841,148,0.09073961415881349,0.004293773282487812,0.017141218594845534,0.30577590537796656,0.04691874618517311,0.0005898247729066441,-0.004883598055394456,0.09180911606751534,0.7844768104313548
3,2.0,1.0,1.0,1,38,0.0007937005259841,152,0.09304479281893174,0.004448415338863143,0.01666693286599713,0.29772917102591473,0.04691874618517311,0.0005593162380934102,-0.005007731576956553,0.09402978502187259,0.7990618163611406
3,2.0,1.0,1.0,1,39,0.0007937005259841,156,0.09534363812082036,0.004600568557601159,0.01621838984313495,0.29009508971755793,0.04691874618517311,0.0005311119828060318,-0.005131680540407191,0.09625298841270181,0.8124204690075192
3,2.0,1.0,1.0,1,40,0.0007937005259841,160,0.09763611102176672,0.0047504540106477755,0.015793536394327654,0.28284271247461906,0.04691874618517311,0.0005049859473509888,-0.005255439957998764,0.09847759241541078,0.8246706213573534
3,2.0,1.0,1.0,1,1,0.0010282855942978896,4,0.664554829968532,0.6992187935544885,1.6777864892456666,11.313708498984761,0.04691874618517311,-0.7005623670487847,0.0013435734942962574,0.8147296874208052,0.9961716423335677
3,2.0,1.0,1.0,1,2,0.0010282855942978896,8,0.908532403978683,0.46821444991118455,1.7033501434403746,5.656854249492381,0.04691874618517311,0.4703387241823983,-0.0021242742712137552,0.9525120281080752,0.991007658681562
3,2.0,1.0,1.0,1,3,0.0010282855942978896,12,0.20608850253441235,0.05809407892049623,0.6526387921935846,3.7712361663282534,0.04691874618517311,0.05917581653028209,-0.00108173760978586,0.4469764163355191,0.9640961992160726
3,2.0,1.0,1.0,1,4,0.0010282855942978896,16,0.06612722075582411,0.03335375937236351,0.35035434275303906,2.8284271247461903,0.04691874618517311,0.034481010790794187,-0.0011272514184306748,0.23544676965611455,0.936685962835971
3,2.0,1.0,1.0,1,5,0.0010282855942978896,20,0.03866940087177195,0.023906312963224707,0.2295037483563492,2.2627416997969525,0.04691874618517311,0.025175906162588912,-0.0012695931993642051,0.15573193548980474,0.9039841765143027
3,2.0,1.0,1.0,1,6,0.0010282855942978896,24,0.0315949459564413,0.017514447120590748,0.16756468167965607,1.8856180831641267,0.04691874618517311,0.01892124952554297,-0.0014068024049522232,0.11707178821046596,0.8615900421976191
3,2.0,1.0,1.0,1,7,0.0010282855942978896,28,0.03032446821272805,0.013035862116726193,0.13088327137806227,1.6162440712835373,0.04691874618517311,0.014580206944190988,-0.0015443448274647942,0.09535438659073614,0.8084480301425198
3,2.0,1.0,1.0,1,8,0.0010282855942978896,32,0.03123120425758663,0.00982427566105254,0.10699200938316435,1.4142135623730951,0.04691874618517311,0.011509487884907299,-0.0016852122238547596,0.08208862287861665,0.7445622545470845
3,2.0,1.0,1.0,1,9,0.0010282855942978896,36,0.03311278881954627,0.007454285164552932,0.09034190662160209,1.2570787221094177,0.04691874618517311,0.009284154848591797,-0.001829869684038865,0.07362746708718455,0.6707097993771047
3,2.0,1.0,1.0,1,10,0.0010282855942978896,40,0.03548693826327998,0.005653280058289245,0.07813656676637712,1.1313708498984762,0.04691874618517311,0.007631214464143887,-0.001977934405854642,0.06817340269959452,0.5883226636169401
3,2.0,1.0,1.0,1,11,0.0010282855942978896,44,0.038132157817378776,0.0042461684096689045,0.06883291447570457,1.02851895445316,0.04691874618517311,0.006375001463715113,-0.0021288330540462086,0.06474413445445629,0.4993239697691966
3,2.0,1.0,1.0,1,12,0.0010282855942978896,48,0.040935888500044815,0.0031184793922425236,0.061517955127291066,0.9428090415820634,0.04691874618517311,0.00540049479335486,-0.002282015401112336,0.06275563788470323,0.4059193301804397
3,2.0,1.0,1.0,1,13,0.0010282855942978896,52,0.04383625719000084,0.002193644773307246,0.05562063017868301,0.870285269152674,0.04691874618517311,0.004630655902613301,-0.002437011129306055,0.06183433449473984,0.31037749279927823
3,2.0,1.0,1.0,1,14,0.0010282855942978896,56,0.04679705371800724,0.0014192284753189455,0.050767160041576075,0.8081220356417687,0.04691874618517311,0.004012663054043686,-0.0025934345787247404,0.061725536928407695,0.21483613385898256
3,2.0,1.0,1.0,1,15,0.0010282855942978896,60,0.049795976828548194,0.00075850330606686,0.04670345718102508,0.7542472332656507,0.04691874618517311,0.003509477440630071,-0.002750974134563211,0.06224626101271306,0.12115792238892006
3,2.0,1.0,1.0,1,16,0.0010282855942978896,64,0.05281869812323525,0.0001852026539556073,0.0432511808278811,0.7071067811865476,0.04691874618517311,0.0030945814522390647,-0.0029093787982834574,0.06325979623284693,0.030846748850392406
3,2.0,1.0,1.0,1,17,0.0010282855942978896,68,0.05585567891292964,0.0003198205715514435,0.04028167833853512,0.6655122646461624,0.04691874618517311,0.002748625352918088,-0.0030684459244695317,0.06466132279583124,0.05497965493300114
3,2.0,1.0,1.0,1,18,0.0010282855942978896,72,0.058900374876120654,0.0007707678584948363,0.03769991540925974,0.6285393610547089,0.04691874618517311,0.002457243232827089,-0.003228011091321925,0.06636924025053725,0.13557315373225756
3,2.0,1.0,1.0,1,19,0.0010282855942978896,76,0.06194817885386472,0.0011783397581425215,0.0354342243689991,0.5954583420518295,0.04691874618517311,0.002209600304487469,-0.0033879400626299905,0.06831951492807255,0.21051027430987976
3,2.0,1.0,1.0,1,20,0.0010282855942978896,80,0.0649957746923231,0.001550715208861686,0.0334295672935753,0.5656854249492381,0.04691874618517311,0.00199740730414133,-0.003548122513003016,0.0704617020210917,0.2796333731842095
3,2.0,1.0,1.0,1,21,0.0010282855942978896,84,0.06804072928458527,0.0018942278141956814,0.03164299159172412,0.538748023761179,0.04691874618517311,0.0018142393410374713,-0.0037084671552331527,0.07275597905779037,0.3429890426867364
3,2.0,1.0,1.0,1,22,0.0010282855942978896,88,0.07108122754310342,0.0022138409250498925,0.03004049250095191,0.51425947722658,0.04691874618517311,0.0016550570297274025,-0.003868897954777295,0.07517085726686024,0.4007709931127173
3,2.0,1.0,1.0,1,23,0.0010282855942978896,92,0.07411589581597178,0.0025134867100027325,0.028594801475390355,0.4919003695210766,0.04691874618517311,0.0015158644684948874,-0.00402935117849762,0.07768138945280273,0.4532712287512105
3,2.0,1.0,1.0,1,24,0.0010282855942978896,96,0.07714368154830664,0.002796311717850164,0.027283797855765585,0.4714045207910317,0.04691874618517311,0.0013934613640715354,-0.004189773081921699,0.08026776151963305,0.5008408199402974
3,2.0,1.0,1.0,1,25,0.0010282855942978896,100,0.08016376959771199,0.0030648571394838453,0.026089348765814292,0.4525483399593905,0.04691874618517311,0.001285260946456812,-0.004350118085940657,0.08291418710992908,0.5438599820640561
3,2.0,1.0,1.0,1,26,0.0010282855942978896,104,0.08317552296808006,0.003321192799186967,0.024996448714440078,0.435142634576337,0.04691874618517311,0.001189154530911174,-0.004510347330098141,0.08560804265010295,0.5827163285808319
3,2.0,1.0,1.0,1,27,0.0010282855942978896,108,0.08617844013741827,0.0035670179134673075,0.023992572515947327,0.41902624070313926,0.04691874618517311,0.0011034096037061958,-0.004670427517173503,0.08833919225958123,0.617789840410988
3,2.0,1.0,1.0,1,28,0.0010282855942978896,112,0.08917212386794593,0.0038037376795521105,0.02306718239474735,0.4040610178208843,0.04691874618517311,0.001026592304793572,-0.004830329984345683,0.09109946164421881,0.6494430849126249
3,2.0,1.0,1.0,1,29,0.0010282855942978896,116,0.09215625809359607,0.004032522077429823,0.022211348116427068,0.3901278792753366,0.04691874618517311,0.0009575078743206955,-0.004990029951750519,0.09388222820452533,0.6780153729755428
3,2.0,1.0,1.0,1,30,0.0010282855942978896,120,0.09513059057600548,0.004254351439390458,0.02141745105615878,0.37712361663282534,0.04691874618517311,0.0008951544713484139,-0.005149505910738872,0.09668210139841031,0.7038197633067658
3,2.0,1.0,1.0,1,31,0.0010282855942978896,124,0.09809491973763673,0.00447005207400164,0.020678951352946714,0.3649583386769278,0.04691874618517311,0.0008386870489365816,-0.005308739122938222,0.0994946730107897,0.7271420508395291
3,2.0,1.0,1.0,1,32,0.0010282855942978896,128,0.10104908455853856,0.004680324343243891,0.01999020300657252,0.3535533905932738,0.04691874618517311,0.0007873888643889493,-0.0054677132076328405,0.10231632151295507,0.748241082136507
3,2.0,1.0,1.0,1,33,0.0010282855942978896,132,0.10399295674681741,0.004885764961408745,0.019346305785641855,0.3428396514843868,0.04691874618517311,0.0007406488386430543,-0.005626413800051799,0.10514405828698609,0.7673499129278629
3,2.0,1.0,1.0,1,34,0.0010282855942978896,136,0.10692643461527862,0.005086884832562533,0.018742985671403953,0.3327561323230812,0.04691874618517311,0.0006979434343237223,-0.005784828266886255,0.10797540629981617,0.7846774600458459
3,2.0,1.0,1.0,1,35,0.0010282855942978896,140,0.10984943825110816,0.00528412341590756,0.018176497620486877,0.32324881425670743,0.04691874618517311,0.0006588220523658928,-0.005942945468273453,0.1108083039867444,0.8004104051509862
3,2.0,1.0,1.0,1,36,0.0010282855942978896,144,0.11276190567532396,0.005477860368747534,0.017643545930123666,0.31426968052735443,0.04691874618517311,0.0006228951889019618,-0.006100755557649495,0.11364102877783283,0.8147151860255551
3,2.0,1.0,1.0,1,37,0.0010282855942978896,148,0.11566378976622271,0.0056684250398645886,0.017141218594845534,0.30577590537796656,0.04691874618517311,0.0005898247729066441,-0.006258249812771233,0.11647213598239228,0.827739968212318
3,2.0,1.0,1.0,1,38,0.0010282855942978896,152,0.11855505577759917,0.005856104254237771,0.01666693286599713,0.29772917102591473,0.04691874618517311,0.0005593162380934102,-0.006415420492331181,0.11930040972710002,0.839616530426558
3,2.0,1.0,1.0,1,39,0.0010282855942978896,156,0.12143567932368793,0.006041148731040502,0.01621838984313495,0.29009508971755793,0.04691874618517311,0.0005311119828060318,-0.006572260713846534,0.12212482339257859,0.8504620254386156
3,2.0,1.0,1.0,1,40,0.0010282855942978896,160,0.12430564473283978,0.006223778401884872,0.015793536394327654,0.28284271247461906,0.04691874618517311,0.0005049859473509888,-0.006728764349235861,0.12494450756622649,0.8603805974366409
3,2.0,1.0,1.0,1,1,0.001332204312362705,4,0.6648122543130383,0.6988219534138563,1.6777864892456666,11.313708498984761,0.04691874618517311,-0.7005623670487847,0.0017404136349283839,0.8147483937311919,0.9950436943073641
3,2.0,1.0,1.0,1,2,0.001332204312362705,8,0.9084237087258026,0.4675878568346673,1.7033501434403746,5.656854249492381,0.04691874618517311,0.4703387241823983,-0.002750867347731001,0.9522618922103816,0.9883706283250334
3,2.0,1.0,1.0,1,3,0.001332204312362705,12,0.2083839627124373,0.05777610202823297,0.6526387921935846,3.7712361663282534,0.04691874618517311,0.05917581653028209,-0.0013997145020491208,0.4474888218042068,0.9537861417574022
3,2.0,1.0,1.0,1,4,0.001332204312362705,16,0.06980645521781104,0.03302286805033061,0.35035434275303906,2.8284271247461903,0.04691874618517311,0.034481010790794187,-0.001458142740463575,0.23667026206735509,0.9188549202086594
3,2.0,1.0,1.0,1,5,0.001332204312362705,20,0.04340932919425411,0.023534262864844002,0.2295037483563492,2.2627416997969525,0.04691874618517311,0.025175906162588912,-0.0016416432977449102,0.1575826769233565,0.8775694773921767
3,2.0,1.0,1.0,1,6,0.001332204312362705,24,0.03732057623288687,0.017102882086658278,0.16756468167965607,1.8856180831641267,0.04691874618517311,0.01892124952554297,-0.0018183674388846938,0.11957536140609676,0.8246479245973023
3,2.0,1.0,1.0,1,7,0.001332204312362705,28,0.03700565331859318,0.012584814458702964,0.13088327137806227,1.6162440712835373,0.04691874618517311,0.014580206944190988,-0.0019953924854880234,0.0985773636483285,0.7592373664731273
3,2.0,1.0,1.0,1,8,0.001332204312362705,32,0.03885059157439019,0.009332906946900532,0.10699200938316435,1.4142135623730951,0.04691874618517311,0.011509487884907299,-0.002176580938006767,0.08611717128663651,0.6819275182421121
3,2.0,1.0,1.0,1,9,0.001332204312362705,36,0.04165768986970786,0.006921628109158584,0.09034190662160209,1.2570787221094177,0.04691874618517311,0.009284154848591797,-0.002362526739433213,0.0785542089208609,0.5943004500333663
3,2.0,1.0,1.0,1,10,0.001332204312362705,40,0.04494670035401516,0.0050784854147423175,0.07813656676637712,1.1313708498984762,0.04691874618517311,0.007631214464143887,-0.0025527290494015697,0.07408651771249058,0.4986757249770216
3,2.0,1.0,1.0,1,11,0.001332204312362705,44,0.04849714600453714,0.0036285590923645916,0.06883291447570457,1.02851895445316,0.04691874618517311,0.006375001463715113,-0.0027464423713505215,0.07171811840560928,0.3978053428795225
3,2.0,1.0,1.0,1,12,0.001332204312362705,48,0.0521970359841748,0.0024575423753370185,0.061517955127291066,0.9428090415820634,0.04691874618517311,0.00540049479335486,-0.0029429524180178412,0.070844853778153,0.29454760281664116
3,2.0,1.0,1.0,1,13,0.001332204312362705,52,0.05598484598478848,0.0014890067163242926,0.05562063017868301,0.870285269152674,0.04691874618517311,0.004630655902613301,-0.0031416491862890084,0.07107037502007754,0.1915785213385887
3,2.0,1.0,1.0,1,14,0.001332204312362705,56,0.05982459893806136,0.0006706302372480599,0.050767160041576075,0.8081220356417687,0.04691874618517311,0.004012663054043686,-0.003342032816795626,0.07211838075373694,0.09118395227014713
3,2.0,1.0,1.0,1,15,0.001332204312362705,60,0.06369416163587727,3.422223389015766e-05,0.04670345718102508,0.7542472332656507,0.04691874618517311,0.003509477440630071,-0.0035436996745202287,0.0737881453206482,0.004852030982838633
3,2.0,1.0,1.0,1,16,0.001332204312362705,64,0.06757933516281978,0.0006517433965418373,0.0432511808278811,0.7071067811865476,0.04691874618517311,0.0030945814522390647,-0.003746324848780902,0.07593027257232388,0.09527149881363871
3,2.0,1.0,1.0,1,17,0.001332204312362705,68,0.07147068639286713,0.0012010208493006824,0.04028167833853512,0.6655122646461624,0.04691874618517311,0.002748625352918088,-0.003949646202218771,0.07843217701845998,0.1793030992270876
3,2.0,1.0,1.0,1,18,0.001332204312362705,72,0.07536176113366011,0.0016962079741413283,0.03769991540925974,0.6285393610547089,0.04691874618517311,0.002457243232827089,-0.004153451206968417,0.08120850656338674,0.25658544493153107
3,2.0,1.0,1.0,1,19,0.001332204312362705,76,0.07924803204056641,0.0021479661999165844,0.0354342243689991,0.5954583420518295,0.04691874618517311,0.002209600304487469,-0.0043575665044040535,0.08419434314632676,0.32707654037481976
3,2.0,1.0,1.0,1,20,0.001332204312362705,80,0.08312625565693454,0.002564442453868554,0.0334295672935753,0.5656854249492381,0.04691874618517311,0.00199740730414133,-0.004561849758009884,0.08734017420364099,0.3909653836661044
3,2.0,1.0,1.0,1,21,0.001332204312362705,84,0.08699406651545205,0.002951943987342609,0.03164299159172412,0.538748023761179,0.04691874618517311,0.0018142393410374713,-0.00476618332838008,0.09060811350246382,0.44859489057773433
3,2.0,1.0,1.0,1,22,0.001332204312362705,88,0.09084971347338411,0.0033154123306014527,0.03004049250095191,0.51425947722658,0.04691874618517311,0.0016550570297274025,-0.004970469360328855,0.09396905258287903,0.5003998377513521
3,2.0,1.0,1.0,1,23,0.001332204312362705,92,0.09469188405267581,0.003658761484781836,0.028594801475390355,0.4919003695210766,0.04691874618517311,0.0015158644684948874,-0.005174625953276724,0.09740051788740914,0.5468599839670667
3,2.0,1.0,1.0,1,24,0.001332204312362705,96,0.09851958474128264,0.003985122796500984,0.027283797855765585,0.4714045207910317,0.04691874618517311,0.0013934613640715354,-0.005378584160572519,0.10088506293499541,0.5884666282881266
3,2.0,1.0,1.0,1,25,0.001332204312362705,100,0.10233205776075183,0.00429702467760007,0.026089348765814292,0.4525483399593905,0.04691874618517311,0.001285260946456812,-0.005582285624056882,0.10440906367728618,0.6257001148051409
3,2.0,1.0,1.0,1,26,0.001332204312362705,104,0.1061287221252023,0.004596526166460058,0.024996448714440078,0.435142634576337,0.04691874618517311,0.001189154530911174,-0.005785680697371232,0.10796181572930064,0.6590157352852591
3,2.0,1.0,1.0,1,27,0.001332204312362705,108,0.10990913120688295,0.004885317343526263,0.023992572515947327,0.41902624070313926,0.04691874618517311,0.0011034096037061958,-0.005988726947232459,0.11153485658883179,0.6888357702136578
3,2.0,1.0,1.0,1,28,0.001332204312362705,112,0.11367294172275577,0.0051647956438913845,0.02306718239474735,0.4040610178208843,0.04691874618517311,0.001026592304793572,-0.0061913879486849566,0.11512145515995216,0.7155458261890282
3,2.0,1.0,1.0,1,29,0.001332204312362705,116,0.11741989075485604,0.0054361244361838534,0.022211348116427068,0.3901278792753366,0.04691874618517311,0.0009575078743206955,-0.006393632310504549,0.11871622566780016,0.73949405119569
3,2.0,1.0,1.0,1,30,0.001332204312362705,120,0.12114977850761499,0.005700278410464055,0.02141745105615878,0.37712361663282534,0.04691874618517311,0.0008951544713484139,-0.0065954328818124686,0.12231483420783877,0.76099218148209
3,2.0,1.0,1.0,1,31,0.001332204312362705,124,0.12486245521924766,0.00595807905350032,0.020678951352946714,0.3649583386769278,0.04691874618517311,0.0008386870489365816,-0.006796766102436902,0.1259137744852618,0.7803176753731462
3,2.0,1.0,1.0,1,32,0.001332204312362705,128,0.12855781111967213,0.0062102226034218555,0.01999020300657252,0.3535533905932738,0.04691874618517311,0.0007873888643889493,-0.006997611467810805,0.12951019543934883,0.7977164211201871
3,2.0,1.0,1.0,1,33,0.001332204312362705,132,0.13223576864929754,0.006457302247214691,0.019346305785641855,0.3428396514843868,0.04691874618517311,0.0007406488386430543,-0.007197951085857746,0.13310176795867112,0.8134056771504005
3,2.0,1.0,1.0,1,34,0.001332204312362705,136,0.13589627637426105,0.006699825873767384,0.018742985671403953,0.3327561323230812,0.04691874618517311,0.0006979434343237223,-0.007397769308091107,0.13668658120087687,0.8275770258825819
3,2.0,1.0,1.0,1,35,0.001332204312362705,140,0.13953930418725435,0.006938230368608966,0.018176497620486877,0.32324881425670743,0.04691874618517311,0.0006588220523658928,-0.007597052420974859,0.14026306145610107,0.8403992079837669
3,2.0,1.0,1.0,1,36,0.001332204312362705,144,0.14316483949234282,0.007172893197505081,0.017643545930123666,0.31426968052735443,0.04691874618517311,0.0006228951889019618,-0.007795788386407043,0.14382990827496162,0.8520207623128064
3,2.0,1.0,1.0,1,37,0.001332204312362705,148,0.14677288414930778,0.007404141849697232,0.017141218594845534,0.30577590537796656,0.04691874618517311,0.0005898247729066441,-0.007993966622603876,0.14738604389434695,0.8625724354822665
3,2.0,1.0,1.0,1,38,0.001332204312362705,152,0.15036345200921997,0.007632261580096833,0.01666693286599713,0.29772917102591473,0.04691874618517311,0.0005593162380934102,-0.008191577818190243,0.15093057296475665,0.8721693498981882
3,2.0,1.0,1.0,1,39,0.001332204312362705,156,0.15393656691392454,0.007857501791062205,0.01621838984313495,0.29009508971755793,0.04691874618517311,0.0005311119828060318,-0.008388613773868236,0.1544627503037187,0.8809129344792642
3,2.0,1.0,1.0,1,40,0.001332204312362705,160,0.15749226106204817,0.008080081319669974,0.015793536394327654,0.28284271247461906,0.04691874618517311,0.0005049859473509888,-0.008585067267020963,0.15798195493755862,0.888892631221878
3,2.0,1.0,1.0,1,1,0.0017259488411773309,4,0.6651454120457174,0.6983080032874313,1.6777864892456666,11.313708498984761,0.04691874618517311,-0.7005623670487847,0.0022543637613534617,0.8147727229235548,0.9935847749134974
3,2.0,1.0,1.0,1,2,0.0017259488411773309,8,0.9082832969203667,0.46677691897075135,1.7033501434403746,5.656854249492381,0.04691874618517311,0.4703387241823983,-0.003561805211646951,0.9519388815328145,0.9849681315351082
3,2.0,1.0,1.0,1,3,0.0017259488411773309,12,0.21134710440189108,0.057365320309888945,0.6526387921935846,3.7712361663282534,0.04691874618517311,0.05917581653028209,-0.001810496220393143,0.4481586733151842,0.9406261458109517
3,2.0,1.0,1.0,1,4,0.0017259488411773309,16,0.07454965946439507,0.0325957171842472,0.35035434275303906,2.8284271247461903,0.04691874618517311,0.034481010790794187,-0.0018852936065469894,0.23828004818503243,0.8963164589974214
3,2.0,1.0,1.0,1,5,0.0017259488411773309,20,0.049511954806192415,0.023054401785238432,0.2295037483563492,2.2627416997969525,0.04691874618517311,0.025175906162588912,-0.0021215043773504805,0.16004460721844316,0.8445636904462813
3,2.0,1.0,1.0,1,6,0.0017259488411773309,24,0.0446826032010027,0.016572524698198365,0.16756468167965607,1.8856180831641267,0.04691874618517311,0.01892124952554297,-0.002348724827344606,0.1229479531941778,0.7791511368676618
3,2.0,1.0,1.0,1,7,0.0017259488411773309,28,0.04558504386875328,0.012004089309910482,0.13088327137806227,1.6162440712835373,0.04691874618517311,0.014580206944190988,-0.002576117634280506,0.10297273311639718,0.699688867216568
3,2.0,1.0,1.0,1,8,0.0017259488411773309,32,0.048621876355879,0.008700823303057825,0.10699200938316435,1.4142135623730951,0.04691874618517311,0.011509487884907299,-0.0028086645818494738,0.09166725821539129,0.6076777938535712
3,2.0,1.0,1.0,1,9,0.0017259488411773309,36,0.05260146812323008,0.006237033770382816,0.09034190662160209,1.2570787221094177,0.04691874618517311,0.009284154848591797,-0.003047121078208981,0.0853869768440936,0.5057898150528978
3,2.0,1.0,1.0,1,10,0.0017259488411773309,40,0.05704624639432965,0.004340384055651625,0.07813656676637712,1.1313708498984762,0.04691874618517311,0.007631214464143887,-0.0032908304084922624,0.08230699297880117,0.3973966511093474
3,2.0,1.0,1.0,1,11,0.0017259488411773309,44,0.061737094903505985,0.0028361788958871648,0.06883291447570457,1.02851895445316,0.04691874618517311,0.006375001463715113,-0.0035388225678279484,0.08139614592241769,0.28608323961200277
3,2.0,1.0,1.0,1,12,0.0017259488411773309,48,0.06656280299748407,0.0016103246754657907,0.061517955127291066,0.9428090415820634,0.04691874618517311,0.00540049479335486,-0.003790170117889069,0.08201163378504024,0.1752130766399401
3,2.0,1.0,1.0,1,13,0.0017259488411773309,52,0.07146234314544553,0.0005865739084006671,0.05562063017868301,0.870285269152674,0.04691874618517311,0.004630655902613301,-0.004044081994212634,0.0837229578895612,0.06761863186843871
3,2.0,1.0,1.0,1,14,0.0017259488411773309,56,0.07640008534093035,0.00028724755381059897,0.050767160041576075,0.8081220356417687,0.04691874618517311,0.004012663054043686,-0.004299910607854285,0.0862287544281526,0.0345557904800585
3,2.0,1.0,1.0,1,15,0.0017259488411773309,60,0.0813541590700585,0.0010476560861915618,0.04670345718102508,0.7542472332656507,0.04691874618517311,0.003509477440630071,-0.004557133526821633,0.0893131467825764,0.12987561820184362
3,2.0,1.0,1.0,1,16,0.0017259488411773309,64,0.08631057790866326,0.0017207491800949604,0.0432511808278811,0.7071067811865476,0.04691874618517311,0.0030945814522390647,-0.004815330632334025,0.09281983814923568,0.21754340145587495
3,2.0,1.0,1.0,1,17,0.0017259488411773309,68,0.0912600899051097,0.0023255379941277132,0.04028167833853512,0.6655122646461624,0.04691874618517311,0.002748625352918088,-0.005074163347045801,0.09663505458094461,0.29727736275664046
3,2.0,1.0,1.0,1,18,0.0017259488411773309,72,0.09619640166799459,0.0028761142798239825,0.03769991540925974,0.6285393610547089,0.04691874618517311,0.002457243232827089,-0.005333357512651071,0.10067562317054703,0.36917747087647174
3,2.0,1.0,1.0,1,19,0.0017259488411773309,76,0.10111513288235474,0.0033830895149584705,0.0354342243689991,0.5954583420518295,0.04691874618517311,0.002209600304487469,-0.00559268981944594,0.10488044356845658,0.4336021169708742
3,2.0,1.0,1.0,1,20,0.0017259488411773309,80,0.1060131774749784,0.00385456991724481,0.0334295672935753,0.5656854249492381,0.04691874618517311,0.00199740730414133,-0.00585197722138614,0.10920435978820037,0.49106651670702645
3,2.0,1.0,1.0,1,21,0.0017259488411773309,84,0.11088830037364572,0.004296829380168454,0.03164299159172412,0.538748023761179,0.04691874618517311,0.0018142393410374713,-0.006111068721205926,0.1136137643536076,0.5421655974029307
3,2.0,1.0,1.0,1,22,0.0017259488411773309,88,0.11573887560230123,0.004714781961422221,0.03004049250095191,0.51425947722658,0.04691874618517311,0.0016550570297274025,-0.006369838991149623,0.11808345102059778,0.5875193833236672
3,2.0,1.0,1.0,1,23,0.0017259488411773309,92,0.12056371181536008,0.005112318932796844,0.028594801475390355,0.4919003695210766,0.04691874618517311,0.0015158644684948874,-0.006628183401291732,0.12259436128321989,0.6277368471473377
3,2.0,1.0,1.0,1,24,0.0017259488411773309,96,0.12536193342749657,0.005492552760518632,0.027283797855765585,0.4714045207910317,0.04691874618517311,0.0013934613640715354,-0.006886014124590167,0.1271319670305469,0.66339380653284
3,2.0,1.0,1.0,1,25,0.0017259488411773309,100,0.13013289796763594,0.005857996120450626,0.026089348765814292,0.4525483399593905,0.04691874618517311,0.001285260946456812,-0.007143257066907438,0.13168510473059247,0.6950208934906698
3,2.0,1.0,1.0,1,26,0.0017259488411773309,104,0.13487613756082095,0.006210694900692482,0.024996448714440078,0.435142634576337,0.04691874618517311,0.001189154530911174,-0.007399849431603656,0.13624513017494488,0.7230983857730126
3,2.0,1.0,1.0,1,27,0.0017259488411773309,108,0.13959131680399817,0.006552328171095745,0.023992572515947327,0.41902624070313926,0.04691874618517311,0.0011034096037061958,-0.007655737774801941,0.14080530142355918,0.7480554770859149
3,2.0,1.0,1.0,1,28,0.0017259488411773309,112,0.1442782019839155,0.006884284137443908,0.02306718239474735,0.4040610178208843,0.04691874618517311,0.001026592304793572,-0.00791087644223748,0.14536032494446735,0.7702722473553607
3,2.0,1.0,1.0,1,29,0.0017259488411773309,116,0.14893663827256431,0.007207718430483456,0.022211348116427068,0.3901278792753366,0.04691874618517311,0.0009575078743206955,-0.008165226304804152,0.14990601914865403,0.7900831361475557
3,2.0,1.0,1.0,1,30,0.0017259488411773309,120,0.15356653261900444,0.007523599257944991,0.02141745105615878,0.37712361663282534,0.04691874618517311,0.0008951544713484139,-0.008418753729293404,0.15443906294545112,0.8077811264477077
3,2.0,1.0,1.0,1,31,0.0017259488411773309,124,0.15816784076548507,0.007832742686682825,0.020678951352946714,0.3649583386769278,0.04691874618517311,0.0008386870489365816,-0.008671429735619407,0.15895680632192943,0.8236221346306551
3,2.0,1.0,1.0,1,32,0.0017259488411773309,128,0.16274055728804426,0.008135840438309117,0.01999020300657252,0.3535533905932738,0.04691874618517311,0.0007873888643889493,-0.008923229302698066,0.16345712651384403,0.8378293017312306
3,2.0,1.0,1.0,1,33,0.0017259488411773309,132,0.16728470788143568,0.008433481955010758,0.019346305785641855,0.3428396514843868,0.04691874618517311,0.0007406488386430543,-0.009174130793653812,0.16793831794773706,0.8505970145356675
3,2.0,1.0,1.0,1,34,0.0017259488411773309,136,0.1718003433279297,0.008726172042997526,0.018742985671403953,0.3327561323230812,0.04691874618517311,0.0006979434343237223,-0.009424115477321249,0.172399007391151,0.8620945717830648
3,2.0,1.0,1.0,1,35,0.0017259488411773309,140,0.1762875347420878,0.009014345075534336,0.018176497620486877,0.32324881425670743,0.04691874618517311,0.0006588220523658928,-0.009673167127900228,0.17683808806189644,0.8724694652944026
3,2.0,1.0,1.0,1,36,0.0017259488411773309,144,0.1807463697920909,0.009298376499473071,0.017643545930123666,0.31426968052735443,0.04691874618517311,0.0006228951889019618,-0.009921271688375033,0.18125466810268914,0.8818502787082553
3,2.0,1.0,1.0,1,37,0.0017259488411773309,148,0.18517694967476217,0.009578592213395687,0.017141218594845534,0.30577590537796656,0.04691874618517311,0.0005898247729066441,-0.010168416986302331,0.18564803001897906,0.8903492250670499
3,2.0,1.0,1.0,1,38,0.0017259488411773309,152,0.1895793866772486,0.009855276254596146,0.01666693286599713,0.29772917102591473,0.04691874618517311,0.0005593162380934102,-0.010414592492689556,0.19001759854220274,0.8980643539481116
3,2.0,1.0,1.0,1,39,0.0017259488411773309,156,0.19395380219897718,0.010128677133844077,0.01621838984313495,0.29009508971755793,0.04691874618517311,0.0005311119828060318,-0.010659789116650109,0.19436291501188957,0.9050814625049554
3,2.0,1.0,1.0,1,40,0.0017259488411773309,160,0.19830032513722406,0.010399013082434516,0.015793536394327654,0.28284271247461906,0.04691874618517311,0.0005049859473509888,-0.010903999029785505,0.1986836168342669,0.911475745061813
3,2.0,1.0,1.0,1,1,0.0022360679774997894,4,0.6655764494234744,0.6976424521282691,1.6777864892456666,11.313708498984761,0.04691874618517311,-0.7005623670487847,0.002919914920515576,0.8148044002997894,0.991698682410759
3,2.0,1.0,1.0,1,2,0.0022360679774997894,8,0.9081020702813144,0.4657277273245376,1.7033501434403746,5.656854249492381,0.04691874618517311,0.4703387241823983,-0.004610996857860705,0.9515221668019112,0.9805832211133361
3,2.0,1.0,1.0,1,3,0.0022360679774997894,12,0.21516803396799,0.056835097034161175,0.6526387921935846,3.7712361663282534,0.04691874618517311,0.05917581653028209,-0.0023407194961209132,0.4490364977217073,0.9238995025624891
3,2.0,1.0,1.0,1,4,0.0022360679774997894,16,0.08065559207820061,0.032044891854807134,0.35035434275303906,2.8284271247461903,0.04691874618517311,0.034481010790794187,-0.0024361189359870528,0.24040652103385746,0.8680222999991362
3,2.0,1.0,1.0,1,5,0.0022360679774997894,20,0.05735453680339364,0.022436310909782486,0.2295037483563492,2.2627416997969525,0.04691874618517311,0.025175906162588912,-0.002739595252806426,0.16333957331957297,0.8037222966523149
3,2.0,1.0,1.0,1,6,0.0022360679774997894,24,0.054127562143555075,0.01589017569649448,0.16756468167965607,1.8856180831641267,0.04691874618517311,0.01892124952554297,-0.0030310738290484918,0.1275256277643797,0.723849382127972
3,2.0,1.0,1.0,1,7,0.0022360679774997894,28,0.05657305424774517,0.011257791827901209,0.13088327137806227,1.6162440712835373,0.04691874618517311,0.014580206944190988,-0.0033224151162897786,0.10901170941409358,0.6288348036320489
3,2.0,1.0,1.0,1,8,0.0022360679774997894,32,0.06111508796381071,0.007889451289900873,0.10699200938316435,1.4142135623730951,0.04691874618517311,0.011509487884907299,-0.003620036595006426,0.09935377683021812,0.5214606249109199
3,2.0,1.0,1.0,1,9,0.0022360679774997894,36,0.06656995846235203,0.0053592607423995076,0.09034190662160209,1.2570787221094177,0.04691874618517311,0.009284154848591797,-0.003924894106192289,0.09487365442636583,0.40572646530002276
3,2.0,1.0,1.0,1,10,0.0022360679774997894,40,0.072463643140668,0.0033950899898290143,0.07813656676637712,1.1313708498984762,0.04691874618517311,0.007631214464143887,-0.004236124474314873,0.0936872003560856,0.28608688160295714
3,2.0,1.0,1.0,1,11,0.0022360679774997894,44,0.07857888028341109,0.0018225366565637335,0.06883291447570457,1.02851895445316,0.04691874618517311,0.006375001463715113,-0.00455246480715138,0.09469828532426786,0.16678492629373412
3,2.0,1.0,1.0,1,12,0.0022360679774997894,48,0.08480556427355013,0.0005277838578164329,0.061517955127291066,0.9428090415820634,0.04691874618517311,0.00540049479335486,-0.004872710935538427,0.09721035132606792,0.051374796898308595
3,2.0,1.0,1.0,1,13,0.0022360679774997894,52,0.0910834061597281,0.0005651815905269308,0.05562063017868301,0.870285269152674,0.04691874618517311,0.004630655902613301,-0.005195837493140232,0.10075812981980256,0.05751610139698166
3,2.0,1.0,1.0,1,14,0.0022360679774997894,56,0.09737732034486812,0.001508343240956278,0.050767160041576075,0.8081220356417687,0.04691874618517311,0.004012663054043686,-0.005521006294999964,0.10502356622217825,0.15821224606531842
3,2.0,1.0,1.0,1,15,0.0022360679774997894,60,0.10366587075077616,0.0023380646856492326,0.04670345718102508,0.7542472332656507,0.04691874618517311,0.003509477440630071,-0.005847542126279304,0.10978700763486599,0.24987280072788132
3,2.0,1.0,1.0,1,16,0.0022360679774997894,64,0.10993543942925721,0.0030803214070241336,0.0432511808278811,0.7071067811865476,0.04691874618517311,0.0030945814522390647,-0.006174902859263198,0.11489578572083586,0.33230774264344376
3,2.0,1.0,1.0,1,17,0.0022360679774997894,68,0.11617710127626102,0.0037540270110493767,0.04028167833853512,0.6655122646461624,0.04691874618517311,0.002748625352918088,-0.006502652363967465,0.12024307406430683,0.40578470627873137
3,2.0,1.0,1.0,1,18,0.0022360679774997894,72,0.12238486222113587,0.004373194978410044,0.03769991540925974,0.6285393610547089,0.04691874618517311,0.002457243232827089,-0.006830438211237133,0.12575350606062397,0.47085970860951126
3,2.0,1.0,1.0,1,19,0.0022360679774997894,76,0.12855462225433723,0.004948373712347409,0.0354342243689991,0.5954583420518295,0.04691874618517311,0.002209600304487469,-0.007157974016834878,0.13137339732032485,0.5282449375484524
3,2.0,1.0,1.0,1,20,0.0022360679774997894,80,0.134683541915261,0.005487618373796743,0.0334295672935753,0.5656854249492381,0.04691874618517311,0.00199740730414133,-0.007485025677938073,0.13706410637735983,0.578714174322945
3,2.0,1.0,1.0,1,21,0.0022360679774997894,84,0.14076964248552826,0.0059971613548808755,0.03164299159172412,0.538748023761179,0.04691874618517311,0.0018142393410374713,-0.007811400695918347,0.14279751918855454,0.6230402686840473
3,2.0,1.0,1.0,1,22,0.0022360679774997894,88,0.14681154636258098,0.0064818828578467325,0.03004049250095191,0.51425947722658,0.04691874618517311,0.0016550570297274025,-0.008136939887574135,0.1485529634782403,0.6619571995977506
3,2.0,1.0,1.0,1,23,0.0022360679774997894,92,0.15280830414443058,0.006945646458400456,0.028594801475390355,0.4919003695210766,0.04691874618517311,0.0015158644684948874,-0.008461510926895344,0.15431508483111303,0.6961396342378277
3,2.0,1.0,1.0,1,24,0.0022360679774997894,96,0.15875927683924385,0.007391541922444511,0.027283797855765585,0.4714045207910317,0.04691874618517311,0.0013934613640715354,-0.008785003286516047,0.1600723716010857,0.726194192954024
3,2.0,1.0,1.0,1,25,0.0022360679774997894,100,0.164664053987718,0.007822063304786964,0.026089348765814292,0.4525483399593905,0.04691874618517311,0.001285260946456812,-0.009107324251243776,0.16581612011883332,0.7526580880489327
3,2.0,1.0,1.0,1,26,0.0022360679774997894,104,0.17052239570286964,0.008239241225135918,0.024996448714440078,0.435142634576337,0.04691874618517311,0.001189154530911174,-0.009428395756047092,0.17153970106901567,0.7760020911091263
3,2.0,1.0,1.0,1,27,0.0022360679774997894,108,0.17633419095877456,0.008644742257660598,0.023992572515947327,0.41902624070313926,0.04691874618517311,0.0011034096037061958,-0.009748151861366794,0.17723803377071107,0.7966357915848982
3,2.0,1.0,1.0,1,28,0.0022360679774997894,112,0.18209942711978522,0.009039944419244716,0.02306718239474735,0.4040610178208843,0.04691874618517311,0.001026592304793572,-0.010066536724038289,0.18290720540378325,0.8149138440334764
3,2.0,1.0,1.0,1,29,0.0022360679774997894,116,0.18781816737490786,0.009425995081735805,0.022211348116427068,0.3901278792753366,0.04691874618517311,0.0009575078743206955,-0.0103835029560565,0.18854419232600433,0.8311424107353843
3,2.0,1.0,1.0,1,30,0.0022360679774997894,120,0.19349053381620696,0.009803855817372975,0.02141745105615878,0.37712361663282534,0.04691874618517311,0.0008951544713484139,-0.010699010288721389,0.19414665403855116,0.8455853457540439
3,2.0,1.0,1.0,1,31,0.0022360679774997894,124,0.1991166946031403,0.010174337429941782,0.020678951352946714,0.3649583386769278,0.04691874618517311,0.0008386870489365816,-0.011013024478878364,0.19971277937563936,0.8584698847979457
3,2.0,1.0,1.0,1,32,0.0022360679774997894,128,0.20469685412287952,0.010538127543746167,0.01999020300657252,0.3535533905932738,0.04691874618517311,0.0007873888643889493,-0.011325516408135117,0.2052411706097727,0.8699917407634652
3,2.0,1.0,1.0,1,33,0.0022360679774997894,132,0.21023124537353988,0.010895812498320778,0.019346305785641855,0.3428396514843868,0.04691874618517311,0.0007406488386430543,-0.011636461336963833,0.21073075534968383,0.880319585406496
3,2.0,1.0,1.0,1,34,0.0022360679774997894,136,0.21572012401500618,0.011247894849454876,0.018742985671403953,0.3327561323230812,0.04691874618517311,0.0006979434343237223,-0.011945838283778598,0.21618071899983712,0.889598942802933
3,2.0,1.0,1.0,1,35,0.0022360679774997894,140,0.22116376368323687,0.011594807453088829,0.018176497620486877,0.32324881425670743,0.04691874618517311,0.0006588220523658928,-0.012253629505454722,0.22159045256700902,0.8979555432342563
3,2.0,1.0,1.0,1,36,0.0022360679774997894,144,0.22656245227139726,0.011936924871687349,0.017643545930123666,0.31426968052735443,0.04691874618517311,0.0006228951889019618,-0.01255982006058931,0.22695951201955905,0.9054981956124707
3,2.0,1.0,1.0,1,37,0.0022360679774997894,148,0.23191648895709216,0.012274572667804795,0.017141218594845534,0.30577590537796656,0.04691874618517311,0.0005898247729066441,-0.01286439744071144,0.23228758641369177,0.9123212381151791
3,2.0,1.0,1.0,1,38,0.0022360679774997894,152,0.23722618181022903,0.01260803501933927,0.01666693286599713,0.29772917102591473,0.04691874618517311,0.0005593162380934102,-0.01316735125743268,0.23757447272431748,0.9185066239455851
3,2.0,1.0,1.0,1,39,0.0022360679774997894,156,0.2424918458563574,0.012937560993182828,0.01621838984313495,0.29009508971755793,0.04691874618517311,0.0005311119828060318,-0.01346867297598886,0.2428200558412365,0.9241256941632695
3,2.0,1.0,1.0,1,40,0.0022360679774997894,160,0.24771380149972777,0.013263369740022068,0.015793536394327654,0.28284271247461906,0.04691874618517311,0.0005049859473509888,-0.013768355687373057,0.24802429257266895,0.9292406837481612
3,2.0,1.0,1.0,1,1,0.0028969572450301176,4,0.6661338977082665,0.696780697415942,1.6777864892456666,11.313708498984761,0.04691874618517311,-0.7005623670487847,0.0037816696328427657,0.81484570362826,0.9892618679625391
3,2.0,1.0,1.0,1,2,0.0028969572450301176,8,0.9078684264160269,0.4643708288800159,1.7033501434403746,5.656854249492381,0.04691874618517311,0.4703387241823983,-0.005967895302382398,0.9509852364825797,0.9749409516548905
3,2.0,1.0,1.0,1,3,0.0028969572450301176,12,0.2200882183683166,0.056151454221488595,0.6526387921935846,3.7712361663282534,0.04691874618517311,0.05917581653028209,-0.0030243623087934934,0.45019037016035335,0.9027539031159981
3,2.0,1.0,1.0,1,4,0.0028969572450301176,16,0.08850089958502405,0.03133556730117315,0.35035434275303906,2.8284271247461903,0.04691874618517311,0.034481010790794187,-0.003145443489621036,0.24322894431053316,0.8328068084130767
3,2.0,1.0,1.0,1,5,0.0028969572450301176,20,0.06740904623243749,0.021641545156603104,0.2295037483563492,2.2627416997969525,0.04691874618517311,0.025175906162588912,-0.003534361005985809,0.16777968578103647,0.7537911448031107
3,2.0,1.0,1.0,1,6,0.0028969572450301176,24,0.06620969026520296,0.015014093938789108,0.16756468167965607,1.8856180831641267,0.04691874618517311,0.01892124952554297,-0.003907155586753863,0.13378549042339144,0.6576935123120607
3,2.0,1.0,1.0,1,7,0.0028969572450301176,28,0.0705980759344228,0.010301030239257936,0.13088327137806227,1.6162440712835373,0.04691874618517311,0.014580206944190988,-0.004279176704933052,0.1173552283405418,0.5462018500130775
3,2.0,1.0,1.0,1,8,0.0028969572450301176,32,0.07702616442034338,0.006850809327348439,0.10699200938316435,1.4142135623730951,0.04691874618517311,0.011509487884907299,-0.00465867855755886,0.11001023716669443,0.4237220931468512
3,2.0,1.0,1.0,1,9,0.0028969572450301176,36,0.08432067687427736,0.004237291960334788,0.09034190662160209,1.2570787221094177,0.04691874618517311,0.009284154848591797,-0.005046862888257009,0.107977979323516,0.2956727873861742
3,2.0,1.0,1.0,1,10,0.0028969572450301176,40,0.09201237548142771,0.002188622071697066,0.07813656676637712,1.1313708498984762,0.04691874618517311,0.007631214464143887,-0.005442592392446821,0.10926501070941018,0.16740510975146827
3,2.0,1.0,1.0,1,11,0.0028969572450301176,44,0.09988659697194913,0.0005307792075091022,0.06883291447570457,1.02851895445316,0.04691874618517311,0.006375001463715113,-0.005844222256206011,0.1126888066451057,0.043438046448381784
3,2.0,1.0,1.0,1,12,0.0028969572450301176,48,0.10783486608234494,0.0008496949397105991,0.061517955127291066,0.9428090415820634,0.04691874618517311,0.00540049479335486,-0.006250189733065459,0.11750391912019417,0.07293090271080135
3,2.0,1.0,1.0,1,13,0.0028969572450301176,52,0.1157980491846824,0.002028511371616748,0.05562063017868301,0.870285269152674,0.04691874618517311,0.004630655902613301,-0.006659167274230049,0.12322828892980223,0.17967609765380954
3,2.0,1.0,1.0,1,14,0.0028969572450301176,56,0.12374196267918636,0.0030574089497086843,0.050767160041576075,0.8081220356417687,0.04691874618517311,0.004012663054043686,-0.00707007200375237,0.12954665932507115,0.2758713380554898
3,2.0,1.0,1.0,1,15,0.0028969572450301176,60,0.131645927492114,0.003972556107981751,0.04670345718102508,0.7542472332656507,0.04691874618517311,0.003509477440630071,-0.007482033548611822,0.13625103516615988,0.36142038268168497
3,2.0,1.0,1.0,1,16,0.0028969572450301176,64,0.1394969943241524,0.004799773388879824,0.0432511808278811,0.7071067811865476,0.04691874618517311,0.0030945814522390647,-0.007894354841118889,0.14320274362677476,0.4367823473306468
3,2.0,1.0,1.0,1,17,0.0028969572450301176,68,0.14728684968760275,0.0055578513709599875,0.04028167833853512,0.6655122646461624,0.04691874618517311,0.002748625352918088,-0.008306476723878076,0.15030816450497883,0.5027408460230778
3,2.0,1.0,1.0,1,18,0.0028969572450301176,72,0.15501007226599628,0.006260705639064779,0.03769991540925974,0.6285393610547089,0.04691874618517311,0.002457243232827089,-0.008717948871891867,0.1575032174406928,0.5602324846318361
3,2.0,1.0,1.0,1,19,0.0028969572450301176,76,0.16266310692673192,0.00691880648861698,0.0354342243689991,0.5954583420518295,0.04691874618517311,0.002209600304487469,-0.009128406793104449,0.16474342062744946,0.6102312716038488
3,2.0,1.0,1.0,1,20,0.0028969572450301176,80,0.1702436380956771,0.007540146608763176,0.0334295672935753,0.5656854249492381,0.04691874618517311,0.00199740730414133,-0.009537553912904506,0.17199747483312056,0.6536776731958747
3,2.0,1.0,1.0,1,21,0.0028969572450301176,84,0.17775019441069717,0.008130908342410537,0.03164299159172412,0.538748023761179,0.04691874618517311,0.0018142393410374713,-0.009945147683448008,0.17924307881041854,0.6914398110616057
3,2.0,1.0,1.0,1,22,0.0028969572450301176,88,0.18518189207076652,0.008695931774917953,0.03004049250095191,0.51425947722658,0.04691874618517311,0.0016550570297274025,-0.010350988804645356,0.18646416514243128,0.7242960667384677
3,2.0,1.0,1.0,1,23,0.0028969572450301176,92,0.19253826396088203,0.009239048359806212,0.028594801475390355,0.4919003695210766,0.04691874618517311,0.0015158644684948874,-0.0107549128283011,0.19364904887619389,0.7529309787260675
3,2.0,1.0,1.0,1,24,0.0028969572450301176,96,0.199819143297032,0.009763322219473403,0.027283797855765585,0.4714045207910317,0.04691874618517311,0.0013934613640715354,-0.011156783583544938,0.20078916967720384,0.7779387781054935
3,2.0,1.0,1.0,1,25,0.0028969572450301176,100,0.2070245827835997,0.010271227050248632,0.026089348765814292,0.4525483399593905,0.04691874618517311,0.001285260946456812,-0.011556487996705445,0.20787822498098374,0.7998308560390966
3,2.0,1.0,1.0,1,26,0.0028969572450301176,104,0.21415479741748755,0.010764777452282048,0.024996448714440078,0.435142634576337,0.04691874618517311,0.001189154530911174,-0.011953931983193222,0.2149115642525734,0.8190448598759443
3,2.0,1.0,1.0,1,27,0.0028969572450301176,108,0.2212101233545325,0.011245627564169802,0.023992572515947327,0.41902624070313926,0.04691874618517311,0.0011034096037061958,-0.012349037167875998,0.22188576001511234,0.8359540650943725
3,2.0,1.0,1.0,1,28,0.0028969572450301176,112,0.22819098788539605,0.011715145944781902,0.02306718239474735,0.4040610178208843,0.04691874618517311,0.001026592304793572,-0.012741738249575474,0.22879830017035363,0.8508762844210175
3,2.0,1.0,1.0,1,29,0.0028969572450301176,116,0.23509788722309888,0.012174472995185204,0.022211348116427068,0.3901278792753366,0.04691874618517311,0.0009575078743206955,-0.0131319808695059,0.2356473646365558,0.8640819561688874
3,2.0,1.0,1.0,1,30,0.0028969572450301176,120,0.24193136986682895,0.012624565405155497,0.02141745105615878,0.37712361663282534,0.04691874618517311,0.0008951544713484139,-0.01351971987650391,0.24243166133861152,0.875801280018541
3,2.0,1.0,1.0,1,31,0.0028969572450301176,124,0.2486920240018251,0.01306623085777081,0.020678951352946714,0.3649583386769278,0.04691874618517311,0.0008386870489365816,-0.013904917906707392,0.2491503044790369,0.8862303959635699
3,2.0,1.0,1.0,1,32,0.0028969572450301176,128,0.25538046785809554,0.01350015534952903,0.01999020300657252,0.3535533905932738,0.04691874618517311,0.0007873888643889493,-0.01428754421391798,0.25580272327257786,0.8955366686805377
3,2.0,1.0,1.0,1,33,0.0028969572450301176,132,0.2619973422639642,0.013926924862454115,0.019346305785641855,0.3428396514843868,0.04691874618517311,0.0007406488386430543,-0.01466757370109717,0.26238859286762917,0.9038631695858748
3,2.0,1.0,1.0,1,34,0.0028969572450301176,136,0.26854330484572064,0.014347042679846989,0.018742985671403953,0.3327561323230812,0.04691874618517311,0.0006979434343237223,-0.01504498611417071,0.26890778159202444,0.9113324578918071
3,2.0,1.0,1.0,1,35,0.0028969572450301176,140,0.2750190254741254,0.014760943315178077,0.018176497620486877,0.32324881425670743,0.04691874618517311,0.0006588220523658928,-0.01541976536754397,0.27536031032609265,0.9180497595765056
3,2.0,1.0,1.0,1,36,0.0028969572450301176,144,0.28142518266468874,0.015169003788172208,0.017643545930123666,0.31426968052735443,0.04691874618517311,0.0006228951889019618,-0.01579189897707417,0.2817463209676638,0.9241056351235799
3,2.0,1.0,1.0,1,37,0.0028969572450301176,148,0.28776246071369904,0.015571552808334554,0.017141218594845534,0.30577590537796656,0.04691874618517311,0.0005898247729066441,-0.0161613775812412,0.28806605177238576,0.9295782164841923
3,2.0,1.0,1.0,1,38,0.0028969572450301176,152,0.2940315474065899,0.01596887829686161,0.01666693286599713,0.29772917102591473,0.04691874618517311,0.0005593162380934102,-0.01652819453495502,0.2943198179357843,0.9345350829009452
3,2.0,1.0,1.0,1,39,0.0028969572450301176,156,0.3002331321750178,0.01636123358078745,0.01621838984313495,0.29009508971755793,0.04691874618517311,0.0005311119828060318,-0.01689234556359348,0.30050799620264335,0.9390348349181952
3,2.0,1.0,1.0,1,40,0.0028969572450301176,160,0.30636790460815877,0.016748842519782148,0.015793536394327654,0.28284271247461906,0.04691874618517311,0.0005049859473509888,-0.017253828467133137,0.30663101259337644,0.9431284166200733
3,2.0,1.0,1.0,1,1,0.0037531780625543482,4,0.6668544520612281,0.6956650927015996,1.6777864892456666,11.313708498984761,0.04691874618517311,-0.7005623670487847,0.004897274347185121,0.8148996547265954,0.9861160750812212
3,2.0,1.0,1.0,1,2,0.0037531780625543482,8,0.9075676416681965,0.4626168949413497,1.7033501434403746,5.656854249492381,0.04691874618517311,0.4703387241823983,-0.007721829241048583,0.9502945304032931,0.9676951834417139
3,2.0,1.0,1.0,1,3,0.0037531780625543482,12,0.22641248335042952,0.05527125617662637,0.6526387921935846,3.7712361663282534,0.04691874618517311,0.05917581653028209,-0.003904560353655717,0.4517127611443091,0.8762036453637633
3,2.0,1.0,1.0,1,4,0.0037531780625543482,16,0.09855635394537887,0.030423777748833702,0.35035434275303906,2.8284271247461903,0.04691874618517311,0.034481010790794187,-0.004057233041960484,0.24699601749914238,0.7894438023918394
3,2.0,1.0,1.0,1,5,0.0037531780625543482,20,0.08025935262956174,0.020621895900066578,0.2295037483563492,2.2627416997969525,0.04691874618517311,0.025175906162588912,-0.004554010262522334,0.1738061489359739,0.6936412334697444
3,2.0,1.0,1.0,1,6,0.0037531780625543482,24,0.08160732513201152,0.013892303480686263,0.16756468167965607,1.8856180831641267,0.04691874618517311,0.01892124952554297,-0.005028946044856708,0.14239905447512496,0.5800496885234591
3,2.0,1.0,1.0,1,7,0.0037531780625543482,28,0.08842070039541272,0.009078306038396433,0.13088327137806227,1.6162440712835373,0.04691874618517311,0.014580206944190988,-0.0055019009057945545,0.1289027910077723,0.4520594205654049
3,2.0,1.0,1.0,1,8,0.0037531780625543482,32,0.09718777148898305,0.0055260165514884885,0.10699200938316435,1.4142135623730951,0.04691874618517311,0.011509487884907299,-0.0059834713334188105,0.12470722609496694,0.31589947032513976
3,2.0,1.0,1.0,1,9,0.0037531780625543482,36,0.1067491188973324,0.0028089983224032222,0.09034190662160209,1.2570787221094177,0.04691874618517311,0.009284154848591797,-0.006475156526188575,0.125856688964017,0.17824372243183562
3,2.0,1.0,1.0,1,10,0.0037531780625543482,40,0.11664210184516399,0.0006557595943678107,0.07813656676637712,1.1313708498984762,0.04691874618517311,0.007631214464143887,-0.0069754548697760765,0.13021270253362988,0.04489453272177455
3,2.0,1.0,1.0,1,11,0.0037531780625543482,44,0.12665583493111665,0.0011072231203285154,0.06883291447570457,1.02851895445316,0.04691874618517311,0.006375001463715113,-0.0074822245840436286,0.1365198845636058,0.07990221971644873
3,2.0,1.0,1.0,1,12,0.0037531780625543482,48,0.13668436750625634,0.002592945431738214,0.061517955127291066,0.9428090415820634,0.04691874618517311,0.00540049479335486,-0.007993440225093074,0.14401759846205486,0.19359101176516533
3,2.0,1.0,1.0,1,13,0.0037531780625543482,52,0.14667047084004248,0.0038767310734207916,0.05562063017868301,0.870285269152674,0.04691874618517311,0.004630655902613301,-0.008507386976034093,0.15223858691509734,0.29507675604571587
3,2.0,1.0,1.0,1,14,0.0037531780625543482,56,0.1565815313390001,0.005010007552714135,0.050767160041576075,0.8081220356417687,0.04691874618517311,0.004012663054043686,-0.009022670606757821,0.16089221996444897,0.38434056872511874
3,2.0,1.0,1.0,1,15,0.0037531780625543482,60,0.1663982442512455,0.00602869700829356,0.04670345718102508,0.7542472332656507,0.04691874618517311,0.003509477440630071,-0.00953817444892363,0.16979493437889345,0.4620522573199777
3,2.0,1.0,1.0,1,16,0.0037531780625543482,64,0.17610891174923005,0.0069584263516079825,0.0432511808278811,0.7071067811865476,0.04691874618517311,0.0030945814522390647,-0.010053007803847047,0.17882873217812031,0.5292549239311594
3,2.0,1.0,1.0,1,17,0.0037531780625543482,68,0.1857063893131703,0.00781783423141369,0.04028167833853512,0.6655122646461624,0.04691874618517311,0.002748625352918088,-0.010566459584331778,0.18791636717501847,0.5871411461704431
3,2.0,1.0,1.0,1,18,0.0037531780625543482,72,0.19518636556235347,0.008620717089279029,0.03769991540925974,0.6285393610547089,0.04691874618517311,0.002457243232827089,-0.011077960322106117,0.1970063825538695,0.636910782633706
3,2.0,1.0,1.0,1,19,0.0037531780625543482,76,0.2045463505230274,0.009377451856026453,0.0354342243689991,0.5954583420518295,0.04691874618517311,0.002209600304487469,-0.011587052160513922,0.2060639627577231,0.6796903727056016
3,2.0,1.0,1.0,1,20,0.0037531780625543482,80,0.21378505800232128,0.010095958198543198,0.0334295672935753,0.5656854249492381,0.04691874618517311,0.00199740730414133,-0.012093365502684528,0.21506524382902137,0.7164942857961992
3,2.0,1.0,1.0,1,21,0.0037531780625543482,84,0.22290201612893457,0.010782361577219846,0.03164299159172412,0.538748023761179,0.04691874618517311,0.0018142393410374713,-0.012596600918257317,0.2239937082144348,0.7482118587960459
3,2.0,1.0,1.0,1,22,0.0037531780625543482,88,0.23189731468455688,0.011441458080716893,0.03004049250095191,0.51425947722658,0.04691874618517311,0.0016550570297274025,-0.013096515110444296,0.23283785655982728,0.7756094043399853
3,2.0,1.0,1.0,1,23,0.0037531780625543482,92,0.24077143701036396,0.012077045521516838,0.028594801475390355,0.4919003695210766,0.04691874618517311,0.0015158644684948874,-0.013592909990011726,0.241589675843273,0.7993398508055141
3,2.0,1.0,1.0,1,24,0.0037531780625543482,96,0.249525145656335,0.012692162758061676,0.027283797855765585,0.4714045207910317,0.04691874618517311,0.0013934613640715354,-0.014085624122133211,0.2502436132189247,0.8199555955274729
3,2.0,1.0,1.0,1,25,0.0037531780625543482,100,0.2581594030276867,0.013289265042594034,0.026089348765814292,0.4525483399593905,0.04691874618517311,0.001285260946456812,-0.014574525989050846,0.25879587682703326,0.8379220412376023
3,2.0,1.0,1.0,1,26,0.0037531780625543482,104,0.2666753153286978,0.0138703541172015,0.024996448714440078,0.435142634576337,0.04691874618517311,0.001189154530911174,-0.015059508648112674,0.2672439517042168,0.853630478051104
3,2.0,1.0,1.0,1,27,0.0037531780625543482,108,0.2750740923271744,0.01443707586415488,0.023992572515947327,0.41902624070313926,0.04691874618517311,0.0011034096037061958,-0.015540485467861076,0.2755862595649818,0.8674096899840293
3,2.0,1.0,1.0,1,28,0.0037531780625543482,112,0.28335701805795876,0.014990794397227059,0.02306718239474735,0.4040610178208843,0.04691874618517311,0.001026592304793572,-0.01601738670202063,0.2838219163340298,0.8795360749525519
3,2.0,1.0,1.0,1,29,0.0037531780625543482,116,0.2915254292157037,0.015532648844586383,0.022211348116427068,0.3901278792753366,0.04691874618517311,0.0009575078743206955,-0.01649015671890708,0.29195055708292117,0.8902422878197295
3,2.0,1.0,1.0,1,30,0.0037531780625543482,120,0.2995806990344876,0.01606359727542328,0.02141745105615878,0.37712361663282534,0.04691874618517311,0.0008951544713484139,-0.016958751746771694,0.2999722080958768,0.8997245240999515
3,2.0,1.0,1.0,1,31,0.0037531780625543482,124,0.3075242251370689,0.016584450979027665,0.020678951352946714,0.3649583386769278,0.04691874618517311,0.0008386870489365816,-0.017423138027964247,0.3078871923207378,0.9081486055851639
3,2.0,1.0,1.0,1,32,0.0037531780625543482,128,0.31535742029276603,0.017095901434562966,0.01999020300657252,0.3535533905932738,0.04691874618517311,0.0007873888643889493,-0.017883290298951915,0.31569605876006407,0.9156550377733493
3,2.0,1.0,1.0,1,33,0.0037531780625543482,132,0.3230817053316546,0.01759854169313374,0.019346305785641855,0.3428396514843868,0.04691874618517311,0.0007406488386430543,-0.018339190531776794,0.32339952922739557,0.9223631997875927
3,2.0,1.0,1.0,1,34,0.0037531780625543482,136,0.3306985036747887,0.01809288345211091,0.018742985671403953,0.3327561323230812,0.04691874618517311,0.0006979434343237223,-0.01879082688643463,0.3309984578356965,0.9283748104332358
3,2.0,1.0,1.0,1,35,0.0037531780625543482,140,0.33820923708746753,0.01857937078206512,0.018176497620486877,0.32324881425670743,0.04691874618517311,0.0006588220523658928,-0.01923819283443101,0.338493799915698,0.933776794547903
3,2.0,1.0,1.0,1,36,0.0037531780625543482,144,0.3456153223670735,0.019058391233051697,0.017643545930123666,0.31426968052735443,0.04691874618517311,0.0006228951889019618,-0.01968128642195366,0.34588658798498295,0.9386436547071731
3,2.0,1.0,1.0,1,37,0.0037531780625543482,148,0.3529181687509749,0.019530284874746284,0.017141218594845534,0.30577590537796656,0.04691874618517311,0.0005898247729066441,-0.02012010964765293,0.3531779130360605,0.9430394359606371
3,2.0,1.0,1.0,1,38,0.0037531780625543482,152,0.3601191758837088,0.019995351696711183,0.01666693286599713,0.29772917102591473,0.04691874618517311,0.0005593162380934102,-0.020554667934804594,0.3603689098708234,0.9470193561278358
3,2.0,1.0,1.0,1,39,0.0037531780625543482,156,0.36721973222188176,0.020453857698911893,0.01621838984313495,0.29009508971755793,0.04691874618517311,0.0005311119828060318,-0.020984969681717924,0.36746074553771035,0.9506311612786136
3,2.0,1.0,1.0,1,40,0.0037531780625543482,160,0.37422121378384765,0.020906039929885933,0.015793536394327654,0.28284271247461906,0.04691874618517311,0.0005049859473509888,-0.021411025877236922,0.37445461016568915,0.9539162552573149
3,2.0,1.0,1.0,1,1,0.004862462362330365,4,0.6677852035269594,0.6942211864883743,1.6777864892456666,11.313708498984761,0.04691874618517311,-0.7005623670487847,0.006341180560410442,0.8149702862096662,0.9820592764547389
3,2.0,1.0,1.0,1,2,0.004862462362330365,8,0.9071811520435491,0.460351285465486,1.7033501434403746,5.656854249492381,0.04691874618517311,0.4703387241823983,-0.009987438716912322,0.9494078721227471,0.9584139299986207
3,2.0,1.0,1.0,1,3,0.004862462362330365,12,0.23452250643189676,0.05414008739466364,0.6526387921935846,3.7712361663282534,0.04691874618517311,0.05917581653028209,-0.00503572913561845,0.4537303956876596,0.8431519103489619
3,2.0,1.0,1.0,1,4,0.004862462362330365,16,0.11140360960233464,0.02925447187473329,0.35035434275303906,2.8284271247461903,0.04691874618517311,0.034481010790794187,-0.005226538916060897,0.2520554711176986,0.7367483536684415
3,2.0,1.0,1.0,1,5,0.004862462362330365,20,0.09661682271014049,0.01931754869484037,0.2295037483563492,2.2627416997969525,0.04691874618517311,0.025175906162588912,-0.005858357467748543,0.18204146997097417,0.6224587418905778
3,2.0,1.0,1.0,1,6,0.004862462362330365,24,0.10113484512205162,0.012460929617758632,0.16756468167965607,1.8856180831641267,0.04691874618517311,0.01892124952554297,-0.00646031990778434,0.15428942514439234,0.49094401551847255
3,2.0,1.0,1.0,1,7,0.004862462362330365,28,0.11093999331951232,0.007522089023372147,0.13088327137806227,1.6162440712835373,0.04691874618517311,0.014580206944190988,-0.0070581179208188405,0.14481652116974814,0.3476280659569777
3,2.0,1.0,1.0,1,8,0.004862462362330365,32,0.1225681651160434,0.003844163931703115,0.10699200938316435,1.4142135623730951,0.04691874618517311,0.011509487884907299,-0.007665323953204184,0.1447202637553447,0.20047987767277745
3,2.0,1.0,1.0,1,9,0.004862462362330365,36,0.13487866730697196,0.0010003634926856186,0.09034190662160209,1.2570787221094177,0.04691874618517311,0.009284154848591797,-0.008283791355906178,0.14978839807224548,0.05694254075240124
3,2.0,1.0,1.0,1,10,0.004862462362330365,40,0.14741824266009163,0.001280320940601265,0.07813656676637712,1.1313708498984762,0.04691874618517311,0.007631214464143887,-0.008911535404745152,0.15776110604919416,0.07739468653933335
3,2.0,1.0,1.0,1,11,0.004862462362330365,44,0.15998174848411595,0.003170769565675857,0.06883291447570457,1.02851895445316,0.04691874618517311,0.006375001463715113,-0.00954577102939097,0.16736999648831877,0.1991592786750043
3,2.0,1.0,1.0,1,12,0.004862462362330365,48,0.17246734445064615,0.004783385781932659,0.061517955127291066,0.9428090415820634,0.04691874618517311,0.00540049479335486,-0.010183880575287518,0.17789018087993846,0.3069347130560909
3,2.0,1.0,1.0,1,13,0.004862462362330365,52,0.184821092154958,0.006193002730783936,0.05562063017868301,0.870285269152674,0.04691874618517311,0.004630655902613301,-0.010823658633397237,0.1889002551345632,0.40072969372749884
3,2.0,1.0,1.0,1,14,0.004862462362330365,56,0.1970132136946977,0.007450658001936783,0.050767160041576075,0.8081220356417687,0.04691874618517311,0.004012663054043686,-0.011463321055980469,0.2001500073793534,0.481433552074457
3,2.0,1.0,1.0,1,15,0.004862462362330365,60,0.2090269641640774,0.008591969514167908,0.04670345718102508,0.7542472332656507,0.04691874618517311,0.003509477440630071,-0.012101446954797979,0.21148737760441094,0.550381854176696
3,2.0,1.0,1.0,1,16,0.004862462362330365,64,0.22085302353179537,0.009642329050305598,0.0432511808278811,0.7071067811865476,0.04691874618517311,0.0030945814522390647,-0.012736910502544663,0.22281784480953606,0.6090600353930649
3,2.0,1.0,1.0,1,17,0.004862462362330365,68,0.23248649523267162,0.010620194677985917,0.04028167833853512,0.6655122646461624,0.04691874618517311,0.002748625352918088,-0.013368820030904005,0.2340814813559703,0.6589254329750018
3,2.0,1.0,1.0,1,18,0.004862462362330365,72,0.24392521661143607,0.011539225038076306,0.03769991540925974,0.6285393610547089,0.04691874618517311,0.002457243232827089,-0.013996468270903395,0.24523970347009544,0.7013144138001972
3,2.0,1.0,1.0,1,19,0.004862462362330365,76,0.25516876600781924,0.012409692818989015,0.0354342243689991,0.5954583420518295,0.04691874618517311,0.002209600304487469,-0.014619293123476484,0.25626743107823513,0.7374039696732695
3,2.0,1.0,1.0,1,20,0.004862462362330365,80,0.26621785721840785,0.013239439863965585,0.0334295672935753,0.5656854249492381,0.04691874618517311,0.00199740730414133,-0.015236847168106915,0.26714833074676925,0.7682049655982869
3,2.0,1.0,1.0,1,21,0.004862462362330365,84,0.27707395813700597,0.014034534717244473,0.03164299159172412,0.538748023761179,0.04691874618517311,0.0018142393410374713,-0.015848774058281945,0.2778718577906605,0.7945719340158145
3,2.0,1.0,1.0,1,22,0.004862462362330365,88,0.2877390437405747,0.014799733196225184,0.03004049250095191,0.51425947722658,0.04691874618517311,0.0016550570297274025,-0.016454790225952587,0.28843137379207884,0.8172202110419999
3,2.0,1.0,1.0,1,23,0.004862462362330365,92,0.2982154321047399,0.015538806175305508,0.028594801475390355,0.4919003695210766,0.04691874618517311,0.0015158644684948874,-0.017054670643800396,0.2988229221583896,0.8367452031588195
3,2.0,1.0,1.0,1,24,0.004862462362330365,96,0.30850567315764044,0.01625477631988148,0.027283797855765585,0.4714045207910317,0.04691874618517311,0.0013934613640715354,-0.017648237683953016,0.3090444154386771,0.8536410684196695
3,2.0,1.0,1.0,1,25,0.004862462362330365,100,0.31861247176094243,0.0169500913982924,0.026089348765814292,0.4525483399593905,0.04691874618517311,0.001285260946456812,-0.01823535234474921,0.31909508577843126,0.8683175648957896
3,2.0,1.0,1.0,1,26,0.004862462362330365,104,0.32853863363038327,0.01762675276536757,0.024996448714440078,0.435142634576337,0.04691874618517311,0.001189154530911174,-0.018815907296278744,0.3289751068810713,0.8811146357673404
3,2.0,1.0,1.0,1,27,0.004862462362330365,108,0.3382870267566588,0.018286411726816054,0.023992572515947327,0.41902624070313926,0.04691874618517311,0.0011034096037061958,-0.01938982133052225,0.3386853298229978,0.8923147250672664
3,2.0,1.0,1.0,1,28,0.004862462362330365,112,0.34786055353615497,0.01893044259804222,0.02306718239474735,0.4040610178208843,0.04691874618517311,0.001026592304793572,-0.01995703490283579,0.34822709574898103,0.9021530172419078
3,2.0,1.0,1.0,1,29,0.004862462362330365,116,0.35726213042324795,0.019559998652535326,0.022211348116427068,0.3901278792753366,0.04691874618517311,0.0009575078743206955,-0.020517506526856022,0.35760210130982817,0.9108258689439361
3,2.0,1.0,1.0,1,30,0.004862462362330365,120,0.36649467294399973,0.020176055369716284,0.02141745105615878,0.37712361663282534,0.04691874618517311,0.0008951544713484139,-0.021071209841064698,0.36681230081861826,0.9184977123553791
3,2.0,1.0,1.0,1,31,0.004862462362330365,124,0.3755610845835631,0.02077944415850863,0.020678951352946714,0.3649583386769278,0.04691874618517311,0.0008386870489365816,-0.021618131207445213,0.3758598343214446,0.9253066895442107
3,2.0,1.0,1.0,1,32,0.004862462362330365,128,0.38446424850726224,0.021370878869829357,0.01999020300657252,0.3535533905932738,0.04691874618517311,0.0007873888643889493,-0.022158267734218307,0.38474697419121756,0.9313692453292671
3,2.0,1.0,1.0,1,33,0.004862462362330365,132,0.3932070213781014,0.0219509768001111,0.019346305785641855,0.3428396514843868,0.04691874618517311,0.0007406488386430543,-0.022691625638754154,0.39347608511866194,0.9367838713772763
3,2.0,1.0,1.0,1,34,0.004862462362330365,136,0.40179222874145626,0.022520275450602145,0.018742985671403953,0.3327561323230812,0.04691874618517311,0.0006979434343237223,-0.023218218884925867,0.40204959390028633,0.9416341614505632
3,2.0,1.0,1.0,1,35,0.004862462362330365,140,0.41022266159213183,0.02307924599079056,0.018176497620486877,0.32324881425670743,0.04691874618517311,0.0006588220523658928,-0.02373806804315645,0.4104699664643806,0.9459913087457972
3,2.0,1.0,1.0,1,36,0.004862462362330365,144,0.41850107384143986,0.023628304143234163,0.017643545930123666,0.31426968052735443,0.04691874618517311,0.0006228951889019618,-0.024251199332136125,0.41873969029593067,0.9499161516512589
3,2.0,1.0,1.0,1,37,0.004862462362330365,148,0.42663018047446755,0.024167819036704397,0.017141218594845534,0.30577590537796656,0.04691874618517311,0.0005898247729066441,-0.02475764380961104,0.42686126092464144,0.9534608538137453
3,2.0,1.0,1.0,1,38,0.004862462362330365,152,0.4346126562403405,0.024698120447895572,0.01666693286599713,0.29772917102591473,0.04691874618517311,0.0005593162380934102,-0.025257436685988982,0.4348371714963385,0.9566702877206785
3,2.0,1.0,1.0,1,39,0.004862462362330365,156,0.4424511347567215,0.02521950475693638,0.01621838984313495,0.29009508971755793,0.04691874618517311,0.0005311119828060318,-0.02575061673974241,0.4426699047024818,0.9595831774680511
3,2.0,1.0,1.0,1,40,0.004862462362330365,160,0.4501482079378447,0.025732239870169343,0.015793536394327654,0.28284271247461906,0.04691874618517311,0.0005049859473509888,-0.026237225817520332,0.4503619265261647,0.9622330455093965
3,2.0,1.0,1.0,1,1,0.00629960524947437,4,0.6689864096108816,0.6923529133425136,1.6777864892456666,11.313708498984761,0.04691874618517311,-0.7005623670487847,0.00820945370627113,0.8150630174371527,0.9768347062739442
3,2.0,1.0,1.0,1,2,0.00629960524947437,8,0.9066857532988631,0.45742730049481783,1.7033501434403746,5.656854249492381,0.04691874618517311,0.4703387241823983,-0.01291142368758047,0.9482727668300568,0.9465642225067488
3,2.0,1.0,1.0,1,3,0.00629960524947437,12,0.24489097734424692,0.05268988164188665,0.6526387921935846,3.7712361663282534,0.04691874618517311,0.05917581653028209,-0.006485934888395439,0.45641851423561813,0.8024440485286687
3,2.0,1.0,1.0,1,4,0.00629960524947437,16,0.12775009370598123,0.027759479211418636,0.35035434275303906,2.8284271247461903,0.04691874618517311,0.034481010790794187,-0.00672153157937555,0.2588957340299433,0.6737321925919854
3,2.0,1.0,1.0,1,5,0.00629960524947437,20,0.11733007766963999,0.017655356435470337,0.2295037483563492,2.2627416997969525,0.04691874618517311,0.025175906162588912,-0.007520549727118575,0.19335246388921798,0.5399776812210422
3,2.0,1.0,1.0,1,6,0.00629960524947437,24,0.12574380285666054,0.010642891500614038,0.16756468167965607,1.8856180831641267,0.04691874618517311,0.01892124952554297,-0.008278358024928933,0.170669924390376,0.3912884213812632
3,2.0,1.0,1.0,1,7,0.00629960524947437,28,0.13918323686370782,0.005552021399368445,0.13088327137806227,1.6162440712835373,0.04691874618517311,0.014580206944190988,-0.009028185544822542,0.16648671768044115,0.23517151377215328
3,2.0,1.0,1.0,1,8,0.00629960524947437,32,0.15424722534693935,0.001722117565513992,0.10699200938316435,1.4142135623730951,0.04691874618517311,0.011509487884907299,-0.009787370319393307,0.17143575216047297,0.08086251732503126
3,2.0,1.0,1.0,1,9,0.00629960524947437,36,0.16982097221091597,0.001274026271848916,0.09034190662160209,1.2570787221094177,0.04691874618517311,0.009284154848591797,-0.010558181120440713,0.18107097623352342,0.06420747405130425
3,2.0,1.0,1.0,1,10,0.00629960524947437,40,0.18546509406691647,0.003706783138034131,0.07813656676637712,1.1313708498984762,0.04691874618517311,0.007631214464143887,-0.011337997602178018,0.19311499723940265,0.1954104959696868
3,2.0,1.0,1.0,1,11,0.00629960524947437,44,0.20098359675450594,0.005748209514718383,0.06883291447570457,1.02851895445316,0.04691874618517311,0.006375001463715113,-0.012123210978433496,0.2063711730552108,0.31074405338869143
3,2.0,1.0,1.0,1,12,0.00629960524947437,48,0.21628163273077317,0.0075099622612235795,0.061517955127291066,0.9428090415820634,0.04691874618517311,0.00540049479335486,-0.01291045705457844,0.22019652512905813,0.4101350013692055
3,2.0,1.0,1.0,1,13,0.00629960524947437,52,0.2313111404185857,0.009066265944538354,0.05562063017868301,0.870285269152674,0.04691874618517311,0.004630655902613301,-0.013696921847151655,0.23423585883283193,0.4946788969237697
3,2.0,1.0,1.0,1,14,0.00629960524947437,56,0.2460475712550554,0.010467683682417406,0.050767160041576075,0.8081220356417687,0.04691874618517311,0.004012663054043686,-0.014480346736461092,0.24828713059134502,0.5660346152951279
3,2.0,1.0,1.0,1,15,0.00629960524947437,60,0.26047899237167127,0.011749472087289548,0.04670345718102508,0.7542472332656507,0.04691874618517311,0.003509477440630071,-0.015258949527919619,0.262232365719396,0.6260232733930325
3,2.0,1.0,1.0,1,16,0.00629960524947437,64,0.27460060015389764,0.012936752365253823,0.0432511808278811,0.7071067811865476,0.04691874618517311,0.0030945814522390647,-0.016031333817492888,0.27600131911749376,0.6763991256265317
3,2.0,1.0,1.0,1,17,0.00629960524947437,68,0.2884117874312091,0.014047783322570673,0.04028167833853512,0.6655122646461624,0.04691874618517311,0.002748625352918088,-0.01679640867548876,0.28955175755210816,0.7187392614488957
3,2.0,1.0,1.0,1,18,0.00629960524947437,72,0.301914494943225,0.015096080043075999,0.03769991540925974,0.6285393610547089,0.04691874618517311,0.002457243232827089,-0.017553323275903088,0.3028584034213151,0.7544054305753866
3,2.0,1.0,1.0,1,19,0.00629960524947437,76,0.315112244368035,0.01609181517373537,0.0354342243689991,0.5954583420518295,0.04691874618517311,0.002209600304487469,-0.018301415478222838,0.3159065319623993,0.7845450144551062
3,2.0,1.0,1.0,1,20,0.00629960524947437,80,0.32800955010480193,0.017042764619539796,0.0334295672935753,0.5656854249492381,0.04691874618517311,0.00199740730414133,-0.019040171923681126,0.3286881485706822,0.8101105376706333
3,2.0,1.0,1.0,1,21,0.00629960524947437,84,0.3406115501043021,0.017954957837016783,0.03164299159172412,0.538748023761179,0.04691874618517311,0.0018142393410374713,-0.019769197178054254,0.34119964124506946,0.8318859613080912
3,2.0,1.0,1.0,1,22,0.00629960524947437,88,0.35292376787991464,0.01883313280457527,0.03004049250095191,0.51425947722658,0.04691874618517311,0.0016550570297274025,-0.020488189834302672,0.35344030124378467,0.8505136089670834
3,2.0,1.0,1.0,1,23,0.00629960524947437,92,0.36495195552889936,0.01968105945866422,0.028594801475390355,0.4919003695210766,0.04691874618517311,0.0015158644684948874,-0.021196923927159106,0.36541136873861413,0.8665188578268143
3,2.0,1.0,1.0,1,24,0.00629960524947437,96,0.3767019881620769,0.020501773032941262,0.027283797855765585,0.4714045207910317,0.04691874618517311,0.0013934613640715354,-0.021895234397012797,0.3771154039551327,0.8803315240692847
3,2.0,1.0,1.0,1,25,0.00629960524947437,100,0.3881797917573301,0.021297744701552213,0.026089348765814292,0.4525483399593905,0.04691874618517311,0.001285260946456812,-0.022583005648009025,0.38855586479331317,0.8923037882646395
3,2.0,1.0,1.0,1,26,0.00629960524947437,104,0.3993912932201453,0.02207100795031905,0.024996448714440078,0.435142634576337,0.04691874618517311,0.001189154530911174,-0.023260162481230223,0.39973681822546225,0.9027249284451876
3,2.0,1.0,1.0,1,27,0.00629960524947437,108,0.410342385488089,0.02282325325744211,0.023992572515947327,0.41902624070313926,0.04691874618517311,0.0011034096037061958,-0.023926662861148307,0.4106627400614986,0.9118332873182428
3,2.0,1.0,1.0,1,28,0.00629960524947437,112,0.4210389030057794,0.023555899801188634,0.02306718239474735,0.4040610178208843,0.04691874618517311,0.001026592304793572,-0.024582492105982207,0.4213383741323402,0.9198259267432769
3,2.0,1.0,1.0,1,29,0.00629960524947437,116,0.43148660446144227,0.02427015031685137,0.022211348116427068,0.3901278792753366,0.04691874618517311,0.0009575078743206955,-0.025227658191172064,0.4317686320836256,0.9268663890138535
3,2.0,1.0,1.0,1,30,0.00629960524947437,120,0.44169116067984304,0.024967033457367976,0.02141745105615878,0.37712361663282534,0.04691874618517311,0.0008951544713484139,-0.02586218792871639,0.44195852134498137,0.9330909282420928
3,2.0,1.0,1.0,1,31,0.00629960524947437,124,0.45165814622265155,0.025647436791285005,0.020678951352946714,0.3649583386769278,0.04691874618517311,0.0008386870489365816,-0.026486123840221587,0.45191309291923915,0.9386135148500258
3,2.0,1.0,1.0,1,32,0.00629960524947437,128,0.46139303368404305,0.026312132718442793,0.01999020300657252,0.3535533905932738,0.04691874618517311,0.0007873888643889493,-0.027099521582831743,0.46163740329196057,0.9435298602992127
3,2.0,1.0,1.0,1,33,0.00629960524947437,132,0.47090118996466945,0.02696179897993839,0.019346305785641855,0.3428396514843868,0.04691874618517311,0.0007406488386430543,-0.027702447818581444,0.4711364865186985,0.9479206608500603
3,2.0,1.0,1.0,1,34,0.00629960524947437,136,0.48018787400992746,0.027597035007185855,0.018742985671403953,0.3327561323230812,0.04691874618517311,0.0006979434343237223,-0.028294978441509577,0.4804153337271598,0.9518542189495234
3,2.0,1.0,1.0,1,35,0.00629960524947437,140,0.48925823563927384,0.028218375042718735,0.018176497620486877,0.32324881425670743,0.04691874618517311,0.0006588220523658928,-0.028877197095084628,0.4894788780745462,0.9553885681698063
3,2.0,1.0,1.0,1,36,0.00629960524947437,144,0.4981173151931224,0.02882629873757253,0.017643545930123666,0.31426968052735443,0.04691874618517311,0.0006228951889019618,-0.029449193926474493,0.4983319837543019,0.958573201448551
3,2.0,1.0,1.0,1,37,0.00629960524947437,148,0.5067700437945473,0.029421239762297657,0.017141218594845534,0.30577590537796656,0.04691874618517311,0.0005898247729066441,-0.0300110645352043,0.5069794380330703,0.9614504815877813
3,2.0,1.0,1.0,1,38,0.00629960524947437,152,0.5152212440742332,0.030003592843898197,0.01666693286599713,0.29772917102591473,0.04691874618517311,0.0005593162380934102,-0.030562909081991607,0.515425945571707,0.9640567965599522
3,2.0,1.0,1.0,1,39,0.00629960524947437,156,0.5234756312445428,0.03057371954756863,0.01621838984313495,0.29009508971755793,0.04691874618517311,0.0005311119828060318,-0.03110483153037466,0.5236761244789521,0.966423509222366
3,2.0,1.0,1.0,1,40,0.00629960524947437,160,0.5315378144358321,0.03113195305152358,0.015793536394327654,0.28284271247461906,0.04691874618517311,0.0005049859473509888,-0.03163693899887457,0.5317345036868208,0.9685777408667436
3,2.0,1.0,1.0,1,1,0.008161508170561079,4,0.670534882426847,0.689936470886681,1.6777864892456666,11.313708498984761,0.04691874618517311,-0.7005623670487847,0.010625896162103743,0.8151851908980974,0.9701179091057276
3,2.0,1.0,1.0,1,2,0.008161508170561079,8,0.9060527783754346,0.45365792517743153,1.7033501434403746,5.656854249492381,0.04691874618517311,0.4703387241823983,-0.016680799004966773,0.946824724501963,0.931498438108612
3,2.0,1.0,1.0,1,3,0.008161508170561079,12,0.25809463096338225,0.050836464472715615,0.6526387921935846,3.7712361663282534,0.04691874618517311,0.05917581653028209,-0.008339352057566474,0.4600214607617334,0.7529636011582915
3,2.0,1.0,1.0,1,4,0.008161508170561079,16,0.14843761497518382,0.025855658508115664,0.35035434275303906,2.8284271247461903,0.04691874618517311,0.034481010790794187,-0.008625352282678522,0.2682017521535335,0.5998107162055389
3,2.0,1.0,1.0,1,5,0.008161508170561079,20,0.14338162815389732,0.015547655030612562,0.2295037483563492,2.2627416997969525,0.04691874618517311,0.025175906162588912,-0.00962825113197635,0.208909531807834,0.44671833019902935
3,2.0,1.0,1.0,1,6,0.008161508170561079,24,0.15650296432869215,0.008347547013465129,0.16756468167965607,1.8856180831641267,0.04691874618517311,0.01892124952554297,-0.010573702512077843,0.19302400280119875,0.2830161243462214
3,2.0,1.0,1.0,1,7,0.008161508170561079,28,0.17426586450366788,0.0030755249826108777,0.13088327137806227,1.6162440712835373,0.04691874618517311,0.014580206944190988,-0.01150468196158011,0.19541610920864572,0.11790446927801328
3,2.0,1.0,1.0,1,8,0.008161508170561079,32,0.19335356510307522,0.0009337850422934113,0.10699200938316435,1.4142135623730951,0.04691874618517311,0.011509487884907299,-0.01244327292720071,0.20621192586302417,0.03898444315535382
3,2.0,1.0,1.0,1,9,0.008161508170561079,36,0.2126881843650884,0.004108073525065259,0.09034190662160209,1.2570787221094177,0.04691874618517311,0.009284154848591797,-0.013392228373657056,0.22090412251678535,0.18116087935198755
3,2.0,1.0,1.0,1,10,0.008161508170561079,40,0.2318517368509101,0.006716892254468476,0.07813656676637712,1.1313708498984762,0.04691874618517311,0.007631214464143887,-0.014348106718612363,0.23734708224845097,0.30560053236485646
3,2.0,1.0,1.0,1,11,0.008161508170561079,44,0.2506634211192599,0.008931264829359853,0.06883291447570457,1.02851895445316,0.04691874618517311,0.006375001463715113,-0.015306266293074966,0.25449032323507736,0.411934621607299
3,2.0,1.0,1.0,1,12,0.008161508170561079,48,0.2690406564661494,0.010861933028872062,0.061517955127291066,0.9428090415820634,0.04691874618517311,0.00540049479335486,-0.01626242782222692,0.27180130983207906,0.5014066301958376
3,2.0,1.0,1.0,1,13,0.008161508170561079,52,0.28694605233407566,0.012582395014265446,0.05562063017868301,0.870285269152674,0.04691874618517311,0.004630655902613301,-0.017213050916878747,0.28900034729765767,0.5760192222978222
3,2.0,1.0,1.0,1,14,0.008161508170561079,56,0.3043647380656438,0.014142666731030706,0.050767160041576075,0.8081220356417687,0.04691874618517311,0.004012663054043686,-0.018155329785074392,0.3059363823764495,0.6379768720456404
3,2.0,1.0,1.0,1,15,0.008161508170561079,60,0.3212937650789397,0.015577607152832962,0.04670345718102508,0.7542472332656507,0.04691874618517311,0.003509477440630071,-0.019087084593463033,0.322526733053477,0.6893795228375836
3,2.0,1.0,1.0,1,16,0.008161508170561079,64,0.3377367818406216,0.01691205876673052,0.0432511808278811,0.7071067811865476,0.04691874618517311,0.0030945814522390647,-0.020006640218969585,0.3387265896702155,0.7320850389400937
3,2.0,1.0,1.0,1,17,0.008161508170561079,68,0.35370119484297646,0.01816409446731798,0.04028167833853512,0.6655122646461624,0.04691874618517311,0.002748625352918088,-0.02091271982023607,0.3545129087720726,0.7676695612355429
3,2.0,1.0,1.0,1,18,0.008161508170561079,72,0.36919657863303823,0.019347115394990233,0.03769991540925974,0.6285393610547089,0.04691874618517311,0.002457243232827089,-0.021804358627817322,0.3698755559889015,0.7974376756373149
3,2.0,1.0,1.0,1,19,0.008161508170561079,76,0.3842337480459441,0.020471236026489703,0.0354342243689991,0.5954583420518295,0.04691874618517311,0.002209600304487469,-0.022680836330977172,0.3848122507737126,0.8224538736022683
3,2.0,1.0,1.0,1,20,0.008161508170561079,80,0.3988241980294456,0.02154421740365242,0.0334295672935753,0.5656854249492381,0.04691874618517311,0.00199740730414133,-0.02354162470779375,0.3993255826688094,0.8435800305032792
3,2.0,1.0,1.0,1,21,0.008161508170561079,84,0.4129797557857555,0.022572107843900457,0.03164299159172412,0.538748023761179,0.04691874618517311,0.0018142393410374713,-0.02438634718493793,0.4134211967354267,0.8615115475190737
3,2.0,1.0,1.0,1,22,0.008161508170561079,88,0.42671235985988554,0.023559690522537008,0.03004049250095191,0.51425947722658,0.04691874618517311,0.0016550570297274025,-0.02521474755226441,0.4271066603935033,0.8768091502357539
3,2.0,1.0,1.0,1,23,0.008161508170561079,92,0.44003391746227605,0.024510801183910053,0.028594801475390355,0.4919003695210766,0.04691874618517311,0.0015158644684948874,-0.02602666565240494,0.4403907391488327,0.8899255470110483
3,2.0,1.0,1.0,1,24,0.008161508170561079,96,0.45295621130347197,0.025428557016539205,0.027283797855765585,0.4714045207910317,0.04691874618517311,0.0013934613640715354,-0.02682201838061074,0.45328292424396044,0.9012271719863875
3,2.0,1.0,1.0,1,25,0.008161508170561079,100,0.4654908385031673,0.026315523792049628,0.026089348765814292,0.4525483399593905,0.04691874618517311,0.001285260946456812,-0.02760078473850644,0.46579311928041256,0.9110116379047437
3,2.0,1.0,1.0,1,26,0.008161508170561079,104,0.4776491707065835,0.027173839466412608,0.024996448714440078,0.435142634576337,0.04691874618517311,0.001189154530911174,-0.028362993997323782,0.47793142935144184,0.9195216192301536
3,2.0,1.0,1.0,1,27,0.008161508170561079,108,0.4894423284747662,0.028005306656308432,0.023992572515947327,0.41902624070313926,0.04691874618517311,0.0011034096037061958,-0.029108716260014628,0.48970801758461013,0.9269558449025802
3,2.0,1.0,1.0,1,28,0.008161508170561079,112,0.5008811654302054,0.028811462581013303,0.02306718239474735,0.4040610178208843,0.04691874618517311,0.001026592304793572,-0.029838054885806875,0.5011330068040705,0.9334777878098531
3,2.0,1.0,1.0,1,29,0.008161508170561079,116,0.511976259155993,0.029593632496020095,0.022211348116427068,0.3901278792753366,0.04691874618517311,0.0009575078743206955,-0.03055114037034079,0.5122164118789225,0.9392225355473365
3,2.0,1.0,1.0,1,30,0.008161508170561079,120,0.5227379068192654,0.03035297089956962,0.02141745105615878,0.37712361663282534,0.04691874618517311,0.0008951544713484139,-0.031248125370918034,0.522968093242567,0.9443022320223003
3,2.0,1.0,1.0,1,31,0.008161508170561079,124,0.5331761241253533,0.03109049358975216,0.020678951352946714,0.3649583386769278,0.04691874618517311,0.0008386870489365816,-0.03192918063868874,0.5333977252062732,0.9488103982272055
3,2.0,1.0,1.0,1,32,0.008161508170561079,128,0.5433006466317852,0.0318071028092429,0.01999020300657252,0.3535533905932738,0.04691874618517311,0.0007873888643889493,-0.03259449167363185,0.5435147747280177,0.9528253740233633
3,2.0,1.0,1.0,1,33,0.008161508170561079,132,0.5531209327370067,0.03250360712069897,0.019346305785641855,0.3428396514843868,0.04691874618517311,0.0007406488386430543,-0.03324425595934202,0.5533284876427085,0.9564130696822216
3,2.0,1.0,1.0,1,34,0.008161508170561079,136,0.5626461678547069,0.03318073723133791,0.018742985671403953,0.3327561323230812,0.04691874618517311,0.0006979434343237223,-0.03387868066566163,0.5628478802611161,0.9596291741897371
3,2.0,1.0,1.0,1,35,0.008161508170561079,140,0.5718852694206836,0.03383915867870327,0.018176497620486877,0.32324881425670743,0.04691874618517311,0.0006588220523658928,-0.03449798073106916,0.5720817348573027,0.9625209347719007
3,2.0,1.0,1.0,1,36,0.008161508170561079,144,0.5808468924754471,0.0344794820661099,0.017643545930123666,0.31426968052735443,0.04691874618517311,0.0006228951889019618,-0.03510237725501186,0.5810385979859718,0.9651285968564767
3,2.0,1.0,1.0,1,37,0.008161508170561079,148,0.5895394356338599,0.03510227137177069,0.017141218594845534,0.30577590537796656,0.04691874618517311,0.0005898247729066441,-0.03569209614467733,0.5897267808650711,0.9674865741399714
3,2.0,1.0,1.0,1,38,0.008161508170561079,152,0.5979710473024731,0.035708050733483404,0.01666693286599713,0.29772917102591473,0.04691874618517311,0.0005593162380934102,-0.036267366971576814,0.5981543612661188,0.9696244033214189
3,2.0,1.0,1.0,1,39,0.008161508170561079,156,0.6061496320410618,0.03629731001933861,0.01621838984313495,0.29009508971755793,0.04691874618517311,0.0005311119828060318,-0.036828422002144645,0.6063291865023672,0.9715675263497678
3,2.0,1.0,1.0,1,40,0.008161508170561079,160,0.6140828569910842,0.03687050942591391,0.015793536394327654,0.28284271247461906,0.04691874618517311,0.0005049859473509888,-0.0373754953732649,0.6142588772111539,0.9733379339572352
3,2.0,1.0,1.0,1,1,0.01057371263440564,4,0.6725280445872689,0.6868125670026018,1.6777864892456666,11.313708498984761,0.04691874618517311,-0.7005623670487847,0.01374980004618287,0.815346846410193,0.961501985603572
3,2.0,1.0,1.0,1,2,0.01057371263440564,8,0.9052473749933527,0.4488059441495735,1.7033501434403746,5.656854249492381,0.04691874618517311,0.4703387241823983,-0.021532780032824828,0.9449859245395235,0.9124455072176617
3,2.0,1.0,1.0,1,3,0.01057371263440564,12,0.27482276453394916,0.04847735569378525,0.6526387921935846,3.7712361663282534,0.04691874618517311,0.05917581653028209,-0.010698460836496837,0.46488203320039156,0.6937797072207484
3,2.0,1.0,1.0,1,4,0.01057371263440564,16,0.17443717554253713,0.023443744537018918,0.35035434275303906,2.8284271247461903,0.04691874618517311,0.034481010790794187,-0.011037266253775269,0.2809222295939494,0.5150402444728709
3,2.0,1.0,1.0,1,5,0.01057371263440564,20,0.17585979727898926,0.012892380035891493,0.2295037483563492,2.2627416997969525,0.04691874618517311,0.025175906162588912,-0.01228352612669742,0.23020588210620968,0.34416912505048314
3,2.0,1.0,1.0,1,6,0.01057371263440564,24,0.19454179530806615,0.005472299336248154,0.16756468167965607,1.8856180831641267,0.04691874618517311,0.01892124952554297,-0.013448950189294817,0.22298369400200438,0.16905361673563515
3,2.0,1.0,1.0,1,7,0.01057371263440564,28,0.2173027321901022,8.92426708626326e-06,0.13088327137806227,1.6162440712835373,0.04691874618517311,0.014580206944190988,-0.014589131211277251,0.23303404781624007,0.0003059468486634233
3,2.0,1.0,1.0,1,8,0.01057371263440564,32,0.24094116966916812,0.004222626449707001,0.10699200938316435,1.4142135623730951,0.04691874618517311,0.011509487884907299,-0.0157321143346143,0.2502161056676691,0.15500653800315115
3,2.0,1.0,1.0,1,9,0.01057371263440564,36,0.2644337158730321,0.007597073108232766,0.09034190662160209,1.2570787221094177,0.04691874618517311,0.009284154848591797,-0.016881227956824563,0.27024115229219114,0.2903482500038232
3,2.0,1.0,1.0,1,10,0.01057371263440564,40,0.28739669116301614,0.010400793508341777,0.07813656676637712,1.1313708498984762,0.04691874618517311,0.007631214464143887,-0.018032007972485664,0.2912297130908388,0.4052801059580323
3,2.0,1.0,1.0,1,11,0.01057371263440564,44,0.30967525544684493,0.012803566552053391,0.06883291447570457,1.02851895445316,0.04691874618517311,0.006375001463715113,-0.019178568015768505,0.31232282029518604,0.5010480654114912
3,2.0,1.0,1.0,1,12,0.01057371263440564,48,0.3312086250142341,0.014915069937102288,0.061517955127291066,0.9428090415820634,0.04691874618517311,0.00540049479335486,-0.020315564730457147,0.33311124004221315,0.5799904889507489
3,2.0,1.0,1.0,1,13,0.01057371263440564,52,0.3519787497787763,0.016807996907038603,0.05562063017868301,0.870285269152674,0.04691874618517311,0.004630655902613301,-0.021438652809651904,0.3533948282961512,0.6447427161400219
3,2.0,1.0,1.0,1,14,0.01057371263440564,56,0.37198842892552575,0.0185317979739138,0.050767160041576075,0.8081220356417687,0.04691874618517311,0.004012663054043686,-0.022544461027957485,0.3730762001143557,0.6978089162325202
3,2.0,1.0,1.0,1,15,0.01057371263440564,60,0.3912511144794284,0.02012096336974628,0.04670345718102508,0.7542472332656507,0.04691874618517311,0.003509477440630071,-0.023630440810376352,0.392111089294088,0.7413789232397611
3,2.0,1.0,1.0,1,16,0.01057371263440564,64,0.40978581217002086,0.021600121285272333,0.0432511808278811,0.7071067811865476,0.04691874618517311,0.0030945814522390647,-0.024694702737511398,0.41048387717205076,0.7772823919386567
3,2.0,1.0,1.0,1,17,0.01057371263440564,68,0.4276143818934097,0.022987249336764132,0.04028167833853512,0.6655122646461624,0.04691874618517311,0.002748625352918088,-0.02573587468968222,0.42819490819506345,0.8070090506199967
3,2.0,1.0,1.0,1,18,0.01057371263440564,72,0.44476004177375317,0.024295744391711338,0.03769991540925974,0.6285393610547089,0.04691874618517311,0.002457243232827089,-0.026752987624538427,0.4452536142599831,0.8317546174266212
3,2.0,1.0,1.0,1,19,0.01057371263440564,76,0.4612465090325033,0.025535786019509704,0.0354342243689991,0.5954583420518295,0.04691874618517311,0.002209600304487469,-0.027745386323997173,0.4616746390656419,0.8524719552112017
3,2.0,1.0,1.0,1,20,0.01057371263440564,80,0.47709749342286223,0.026715253135576572,0.0334295672935753,0.5656854249492381,0.04691874618517311,0.00199740730414133,-0.028712660439717902,0.47747557871957663,0.8699184045570378
3,2.0,1.0,1.0,1,21,0.01057371263440564,84,0.49233639357993864,0.027840352008093372,0.03164299159172412,0.538748023761179,0.04691874618517311,0.0018142393410374713,-0.029654591349130843,0.49267562663351705,0.8846961071480621
3,2.0,1.0,1.0,1,22,0.01057371263440564,88,0.5069861140993361,0.028916054077568754,0.03004049250095191,0.51425947722658,0.04691874618517311,0.0016550570297274025,-0.030571111107296156,0.5072947416927297,0.8972849007247645
3,2.0,1.0,1.0,1,23,0.01057371263440564,92,0.5210689565063397,0.029946406126677927,0.028594801475390355,0.4919003695210766,0.04691874618517311,0.0015158644684948874,-0.031462270595172814,0.5213531284268973,0.9080685147557098
3,2.0,1.0,1.0,1,24,0.01057371263440564,96,0.5346065565387381,0.030934753294778822,0.027283797855765585,0.4714045207910317,0.04691874618517311,0.0013934613640715354,-0.03232821465885036,0.5348709082207028,0.9173551538111957
3,2.0,1.0,1.0,1,25,0.01057371263440564,100,0.547619851031041,0.03188390163363186,0.026089348765814292,0.4525483399593905,0.04691874618517311,0.001285260946456812,-0.033169162580088674,0.547867910277771,0.9253935596707006
3,2.0,1.0,1.0,1,26,0.01057371263440564,104,0.5601290640091545,0.03279623810207177,0.024996448714440078,0.435142634576337,0.04691874618517311,0.001189154530911174,-0.03398539263298295,0.5603635392147212,0.9323855101604939
3,2.0,1.0,1.0,1,27,0.01057371263440564,108,0.572153705385942,0.03367382018762258,0.023992572515947327,0.41902624070313926,0.04691874618517311,0.0011034096037061958,-0.03477722979132877,0.5723766925742401,0.9384955439863827
3,2.0,1.0,1.0,1,28,0.01057371263440564,112,0.5837125779674457,0.03451844357654174,0.02306718239474735,0.4040610178208843,0.04691874618517311,0.001026592304793572,-0.03554503588133531,0.583925711353379,0.9438585397637317
3,2.0,1.0,1.0,1,29,0.01057371263440564,116,0.5948237899349433,0.035331693770835115,0.022211348116427068,0.3901278792753366,0.04691874618517311,0.0009575078743206955,-0.03628920164515581,0.5950283526395865,0.9485856395545486
3,2.0,1.0,1.0,1,30,0.01057371263440564,120,0.6055047709000791,0.03611498583631481,0.02141745105615878,0.37712361663282534,0.04691874618517311,0.0008951544713484139,-0.037010140307663225,0.6057017771911288,0.9527688953974807
3,2.0,1.0,1.0,1,31,0.01057371263440564,124,0.6157722902387163,0.0368695952849456,0.020678951352946714,0.3649583386769278,0.04691874618517311,0.0008386870489365816,-0.03770828233388218,0.6159625471818128,0.956484929302359
3,2.0,1.0,1.0,1,32,0.01057371263440564,128,0.6256424768129658,0.03759668227119367,0.01999020300657252,0.3535533905932738,0.04691874618517311,0.0007873888643889493,-0.03838407113558262,0.6258266308742564,0.9597978291138742
3,2.0,1.0,1.0,1,33,0.01057371263440564,132,0.6351308394632231,0.03829731070079148,0.019346305785641855,0.3428396514843868,0.04691874618517311,0.0007406488386430543,-0.039037959539434536,0.6353094120030078,0.9627614504960292
3,2.0,1.0,1.0,1,34,0.01057371263440564,136,0.6442522878383274,0.038972463435609325,0.018742985671403953,0.3327561323230812,0.04691874618517311,0.0006979434343237223,-0.03967040686993305,0.6444257023288972,0.9654212555596989
3,2.0,1.0,1.0,1,35,0.01057371263440564,140,0.6530211532608324,0.03962305447916205,0.018176497620486877,0.32324881425670743,0.04691874618517311,0.0006588220523658928,-0.04028187653152794,0.6531897562871201,0.9678157884377149
3,2.0,1.0,1.0,1,36,0.01057371263440564,144,0.6614512094150337,0.04024993880949754,0.017643545930123666,0.31426968052735443,0.04691874618517311,0.0006228951889019618,-0.0408728339983995,0.6616152869681893,0.9699778651393078
3,2.0,1.0,1.0,1,37,0.01057371263440564,148,0.6695556927092607,0.040853920366106716,0.017141218594845534,0.30577590537796656,0.04691874618517311,0.0005898247729066441,-0.04144374513901336,0.6697154828909875,0.971935537517151
3,2.0,1.0,1.0,1,38,0.01057371263440564,152,0.6773473222097669,0.04143575857879747,0.01666693286599713,0.29772917102591473,0.04691874618517311,0.0005593162380934102,-0.04199507481689088,0.677503025181754,0.9737128778381192
3,2.0,1.0,1.0,1,39,0.01057371263440564,156,0.6848383190765563,0.041996173737736744,0.01621838984313495,0.29009508971755793,0.04691874618517311,0.0005311119828060318,-0.042527285720542776,0.684990104882571,0.9753306202211642
3,2.0,1.0,1.0,1,40,0.01057371263440564,160,0.6920404254553284,0.04253585143699867,0.015793536394327654,0.28284271247461906,0.04691874618517311,0.0005049859473509888,-0.04304083738434966,0.6921884401914808,0.9768066873599165
3,2.0,1.0,1.0,1,1,0.013698865030640954,4,0.6750886329507001,0.6827766776130122,1.6777864892456666,11.313708498984761,0.04691874618517311,-0.7005623670487847,0.017785689435772523,0.8155618497339143,0.9504816940055162
3,2.0,1.0,1.0,1,2,0.013698865030640954,8,0.904228112999418,0.44257247024053187,1.7033501434403746,5.656854249492381,0.04691874618517311,0.4703387241823983,-0.027766253941866437,0.9426647874028771,0.8885124415081054
3,2.0,1.0,1.0,1,3,0.013698865030640954,12,0.2958753754039547,0.04549048318447496,0.6526387921935846,3.7712361663282534,0.04691874618517311,0.05917581653028209,-0.013685333345807127,0.47148205612680216,0.6243448430588595
3,2.0,1.0,1.0,1,4,0.013698865030640954,16,0.20681807695068433,0.020408799872050742,0.35035434275303906,2.8284271247461903,0.04691874618517311,0.034481010790794187,-0.014072210918743444,0.29833225913221506,0.4203387366165592
3,2.0,1.0,1.0,1,5,0.013698865030640954,20,0.21588886571124188,0.009575744149491694,0.2295037483563492,2.2627416997969525,0.04691874618517311,0.025175906162588912,-0.015600162013097219,0.2589768093710196,0.23483735872311245
3,2.0,1.0,1.0,1,6,0.013698865030640954,24,0.24093626578166472,0.0019077697446676645,0.16756468167965607,1.8856180831641267,0.04691874618517311,0.01892124952554297,-0.017013479780875307,0.2620958866855484,0.05308985990683166
3,2.0,1.0,1.0,1,7,0.013698865030640954,28,0.2692470252753967,0.0038039235741654798,0.13088327137806227,1.6162440712835373,0.04691874618517311,0.014580206944190988,-0.018384130518356467,0.280471307115,0.11539511687402547
3,2.0,1.0,1.0,1,8,0.013698865030640954,32,0.2977811087683939,0.008238158385984629,0.10699200938316435,1.4142135623730951,0.04691874618517311,0.011509487884907299,-0.019747646270891928,0.30422584361591587,0.26356089924693815
3,2.0,1.0,1.0,1,9,0.013698865030640954,36,0.3255983461003784,0.011823936663023116,0.09034190662160209,1.2570787221094177,0.04691874618517311,0.009284154848591797,-0.021108091511614913,0.32956656041173904,0.3890445123037854
3,2.0,1.0,1.0,1,10,0.013698865030640954,40,0.3523715672400629,0.014828606126739474,0.07813656676637712,1.1313708498984762,0.04691874618517311,0.007631214464143887,-0.02245982059088336,0.354964976356427,0.49279149419827245
3,2.0,1.0,1.0,1,11,0.013698865030640954,44,0.37799074589694315,0.017420558335200897,0.06883291447570457,1.02851895445316,0.04691874618517311,0.006375001463715113,-0.02379555979891601,0.37977480486433945,0.5774025277009938
3,2.0,1.0,1.0,1,12,0.013698865030640954,48,0.4024335613681316,0.019708359056148594,0.061517955127291066,0.9428090415820634,0.04691874618517311,0.00540049479335486,-0.025108853849503454,0.4037172775871695,0.6459777062714174
3,2.0,1.0,1.0,1,13,0.013698865030640954,52,0.425716301969546,0.021763944483744857,0.05562063017868301,0.870285269152674,0.04691874618517311,0.004630655902613301,-0.026394600386358158,0.4266778095343149,0.7014912070680067
3,2.0,1.0,1.0,1,14,0.013698865030640954,56,0.44787304279287543,0.023636325019074145,0.050767160041576075,0.8081220356417687,0.04691874618517311,0.004012663054043686,-0.02764898807311783,0.44861975164991413,0.7465285030191398
3,2.0,1.0,1.0,1,15,0.013698865030640954,60,0.4689460239313341,0.025359805123425977,0.04670345718102508,0.7542472332656507,0.04691874618517311,0.003509477440630071,-0.028869282564056048,0.46954519404741357,0.7832234810646145
3,2.0,1.0,1.0,1,16,0.013698865030640954,64,0.488980901414372,0.02695902258505381,0.0432511808278811,0.7071067811865476,0.04691874618517311,0.0030945814522390647,-0.030053604037292875,0.48947601808019586,0.8132880333243989
3,2.0,1.0,1.0,1,17,0.013698865030640954,68,0.5080242851891917,0.028452111517277556,0.04028167833853512,0.6655122646461624,0.04691874618517311,0.002748625352918088,-0.031200736870195644,0.5084442379044845,0.8380749932882838
3,2.0,1.0,1.0,1,18,0.013698865030640954,72,0.5261224197138863,0.029852734310847756,0.03769991540925974,0.6285393610547089,0.04691874618517311,0.002457243232827089,-0.032309977543674845,0.5264868547504967,0.8586459787152235
3,2.0,1.0,1.0,1,19,0.013698865030640954,76,0.5433204657105005,0.031171416074946445,0.0354342243689991,0.5954583420518295,0.04691874618517311,0.002209600304487469,-0.033381016379433914,0.5436430167081386,0.8758324238036769
3,2.0,1.0,1.0,1,20,0.013698865030640954,80,0.5596621120316994,0.03241643920672857,0.0334295672935753,0.5656854249492381,0.04691874618517311,0.00199740730414133,-0.0344138465108699,0.5599524093975939,0.8902862662027936
3,2.0,1.0,1.0,1,21,0.013698865030640954,84,0.5751893752378858,0.033594454604338714,0.03164299159172412,0.538748023761179,0.04691874618517311,0.0018142393410374713,-0.035408693945376185,0.5754543294023111,0.90252034534314
3,2.0,1.0,1.0,1,22,0.013698865030640954,88,0.5899425088819938,0.03471090667390589,0.03004049250095191,0.51425947722658,0.04691874618517311,0.0016550570297274025,-0.03636596370363329,0.5901871491036905,0.9129398949421045
3,2.0,1.0,1.0,1,23,0.013698865030640954,92,0.6039599782025714,0.03577033368347998,0.028594801475390355,0.4919003695210766,0.04691874618517311,0.0015158644684948874,-0.03728619815197487,0.6041880122551075,0.9218668098486494
3,2.0,1.0,1.0,1,24,0.013698865030640954,96,0.6172784742660766,0.03677658322374547,0.027283797855765585,0.4714045207910317,0.04691874618517311,0.0013934613640715354,-0.038170044587817004,0.6174926687662858,0.9295582466444676
3,2.0,1.0,1.0,1,25,0.013698865030640954,100,0.6299329519299366,0.037732968926535715,0.026089348765814292,0.4525483399593905,0.04691874618517311,0.001285260946456812,-0.03901822987299253,0.63013539502048,0.9362208622466727
3,2.0,1.0,1.0,1,26,0.013698865030640954,104,0.6419566819983071,0.03864238593347563,0.024996448714440078,0.435142634576337,0.04691874618517311,0.001189154530911174,-0.039831540464386805,0.6421489674245914,0.9420217267870531
3,2.0,1.0,1.0,1,27,0.013698865030640954,108,0.6533813115244377,0.03950739700023416,0.023992572515947327,0.41902624070313926,0.04691874618517311,0.0011034096037061958,-0.040610806603940355,0.6535646693091803,0.9470967116719344
3,2.0,1.0,1.0,1,28,0.013698865030640954,112,0.6642369284046514,0.04033029743088856,0.02306718239474735,0.4040610178208843,0.04691874618517311,0.001026592304793572,-0.041356889735682134,0.6644123186927092,0.951556962506611
3,2.0,1.0,1.0,1,29,0.013698865030640954,116,0.6745521277790211,0.04111316456948026,0.022211348116427068,0.3901278792753366,0.04691874618517311,0.0009575078743206955,-0.04207067244380096,0.6747203089337894,0.9554939173703596
3,2.0,1.0,1.0,1,30,0.013698865030640954,120,0.6843540786271349,0.04185789590236033,0.02141745105615878,0.37712361663282534,0.04691874618517311,0.0008951544713484139,-0.042753050373708745,0.6845156571020985,0.9589832170864281
3,2.0,1.0,1.0,1,31,0.013698865030640954,124,0.693668589513743,0.04256623867459987,0.020678951352946714,0.3649583386769278,0.04691874618517311,0.0008386870489365816,-0.04340492572353645,0.6938240566790821,0.9620877683181249
3,2.0,1.0,1.0,1,32,0.013698865030640954,128,0.7025201728118637,0.043239813122921925,0.01999020300657252,0.3535533905932738,0.04691874618517311,0.0007873888643889493,-0.044027201987310874,0.702669932348385,0.9648601560596828
3,2.0,1.0,1.0,1,33,0.013698865030640954,132,0.7109321069795081,0.04388013086351274,0.019346305785641855,0.3428396514843868,0.04691874618517311,0.0007406488386430543,-0.04462077970215579,0.7110764953886849,0.9673445540641692
3,2.0,1.0,1.0,1,34,0.013698865030640954,136,0.7189264966336257,0.044488609571274304,0.018742985671403953,0.3327561323230812,0.04691874618517311,0.0006979434343237223,-0.045186553005598026,0.7190657986816139,0.9695782458792997
3,2.0,1.0,1.0,1,35,0.013698865030640954,140,0.7265243302784133,0.045066584797887235,0.018176497620486877,0.32324881425670743,0.04691874618517311,0.0006588220523658928,-0.04572540685025313,0.7266587906836758,0.9715928423107323
3,2.0,1.0,1.0,1,36,0.013698865030640954,144,0.7337455356228914,0.04561531956585936,0.017643545930123666,0.31426968052735443,0.04691874618517311,0.0006228951889019618,-0.04623821475476132,0.7338753679393466,0.9734152609850338
3,2.0,1.0,1.0,1,37,0.013698865030640954,148,0.7406090324754656,0.04613601222154225,0.017141218594845534,0.30577590537796656,0.04691874618517311,0.0005898247729066441,-0.04672583699444889,0.7407344258690751,0.9750685185042226
3,2.0,1.0,1.0,1,38,0.013698865030640954,152,0.7471327832394112,0.04662980291599787,0.01666693286599713,0.29772917102591473,0.04691874618517311,0.0005593162380934102,-0.04718911915409128,0.7472539076737728,0.9765723742150112
3,2.0,1.0,1.0,1,39,0.013698865030640954,156,0.7533338410576023,0.047097778997463605,0.01621838984313495,0.29009508971755793,0.04691874618517311,0.0005311119828060318,-0.047628890980269636,0.7534508512720954,0.977943855891652
3,2.0,1.0,1.0,1,40,0.013698865030640954,160,0.7592283956709677,0.04754097953515335,0.015793536394327654,0.28284271247461906,0.04691874618517311,0.0005049859473509888,-0.04804596548250434,0.7593414342387225,0.9791976909832313
3,2.0,1.0,1.0,1,1,0.017747683298777857,4,0.6783698876808067,0.6775669319413412,1.6777864892456666,11.313708498984761,0.04691874618517311,-0.7005623670487847,0.022995435107443507,0.8158495496852938,0.9364378767282551
3,2.0,1.0,1.0,1,2,0.017747683298777857,8,0.9029473182633039,0.4345842775628378,1.7033501434403746,5.656854249492381,0.04691874618517311,0.4703387241823983,-0.03575444661956051,0.9397573923610882,0.8587040937031268
3,2.0,1.0,1.0,1,3,0.017747683298777857,12,0.32214146976586944,0.041734937463518196,0.6526387921935846,3.7712361663282534,0.04691874618517311,0.05917581653028209,-0.017440879066763892,0.4804949288725444,0.5447237986223895
3,2.0,1.0,1.0,1,4,0.017747683298777857,16,0.24667387200058588,0.0166237616874913,0.35035434275303906,2.8284271247461903,0.04691874618517311,0.034481010790794187,-0.017857249103302886,0.3220483507087312,0.3176215969183606
3,2.0,1.0,1.0,1,5,0.017747683298777857,20,0.2644947760095765,0.00547943682289298,0.2295037483563492,2.2627416997969525,0.04691874618517311,0.025175906162588912,-0.019696469339695932,0.296961754796387,0.12211158338639715
3,2.0,1.0,1.0,1,6,0.017747683298777857,24,0.296512075467815,0.00245109143913369,0.16756468167965607,1.8856180831641267,0.04691874618517311,0.01892124952554297,-0.02137234096467666,0.31151183690380835,0.06083080235127316
3,2.0,1.0,1.0,1,7,0.017747683298777857,28,0.33063310252265565,0.008397967846257626,0.13088327137806227,1.6162440712835373,0.04691874618517311,0.014580206944190988,-0.022978174790448613,0.3382995117517157,0.22359770198811016
3,2.0,1.0,1.0,1,8,0.017747683298777857,32,0.36404951172837785,0.01304946663601575,0.10699200938316435,1.4142135623730951,0.04691874618517311,0.011509487884907299,-0.02455895452092305,0.3683528813378924,0.36179734320621354
3,2.0,1.0,1.0,1,9,0.017747683298777857,36,0.3959514850089162,0.016835676072462086,0.09034190662160209,1.2570787221094177,0.04691874618517311,0.009284154848591797,-0.026119830921053883,0.398567114891045,0.47553052873771323
3,2.0,1.0,1.0,1,10,0.017747683298777857,40,0.4261057332356202,0.02002278897535409,0.07813656676637712,1.1313708498984762,0.04691874618517311,0.007631214464143887,-0.027654003439497976,0.4278065235236802,0.567455443524057
3,2.0,1.0,1.0,1,11,0.017747683298777857,44,0.45447870321135375,0.022777897599688013,0.06883291447570457,1.02851895445316,0.04691874618517311,0.006375001463715113,-0.029152899063403126,0.45565118423736733,0.6411270371099406
3,2.0,1.0,1.0,1,12,0.017747683298777857,48,0.4811140722895575,0.02520867893635448,0.061517955127291066,0.9428090415820634,0.04691874618517311,0.00540049479335486,-0.030609173729709338,0.4819650958833927,0.7000530682532753
3,2.0,1.0,1.0,1,13,0.017747683298777857,52,0.5060866684166103,0.0273866567092981,0.05562063017868301,0.870285269152674,0.04691874618517311,0.004630655902613301,-0.0320173126119114,0.506733294674319,0.7472898995327377
3,2.0,1.0,1.0,1,14,0.017747683298777857,56,0.529483193813026,0.029360835546847014,0.050767160041576075,0.8081220356417687,0.04691874618517311,0.004012663054043686,-0.0333734986008907,0.5299947999597162,0.785339661713356
3,2.0,1.0,1.0,1,15,0.017747683298777857,60,0.5513935239897407,0.031165828236929066,0.04670345718102508,0.7542472332656507,0.04691874618517311,0.003509477440630071,-0.03467530567755914,0.5518128413596469,0.8161845031426489
3,2.0,1.0,1.0,1,16,0.017747683298777857,64,0.5719065830065001,0.032826812038515424,0.0432511808278811,0.7071067811865476,0.04691874618517311,0.0030945814522390647,-0.03592139349075449,0.5722608003659633,0.8413684929436943
3,2.0,1.0,1.0,1,17,0.017747683298777857,68,0.591108349877554,0.03436262516644409,0.04028167833853512,0.6655122646461624,0.04691874618517311,0.002748625352918088,-0.03711125051936218,0.5914152551360993,0.862085603993084
3,2.0,1.0,1.0,1,18,0.017747683298777857,72,0.6090809169267657,0.03578774764483031,0.03769991540925974,0.6285393610547089,0.04691874618517311,0.002457243232827089,-0.0382449908776574,0.6093524336276761,0.8792575746010891
3,2.0,1.0,1.0,1,19,0.017747683298777857,76,0.62590209122184,0.037113597173867835,0.0354342243689991,0.5954583420518295,0.04691874618517311,0.002209600304487469,-0.039323197478355304,0.6261463865610712,0.8935973292220513
3,2.0,1.0,1.0,1,20,0.017747683298777857,80,0.6416452854800851,0.03834939477438093,0.0334295672935753,0.5656854249492381,0.04691874618517311,0.00199740730414133,-0.04034680207852226,0.6418680650134712,0.9056585382860354
3,2.0,1.0,1.0,1,21,0.017747683298777857,84,0.6563795660337473,0.03950275435402342,0.03164299159172412,0.538748023761179,0.04691874618517311,0.0018142393410374713,-0.041316993695060894,0.6565848898204167,0.9158735230444696
3,2.0,1.0,1.0,1,22,0.017747683298777857,88,0.6701697859807498,0.0405800915194261,0.03004049250095191,0.51425947722658,0.04691874618517311,0.0016550570297274025,-0.0422351485491535,0.6703605948735105,0.9245819422398065
3,2.0,1.0,1.0,1,23,0.017747683298777857,92,0.683076763245085,0.04158691181973753,0.028594801475390355,0.4919003695210766,0.04691874618517311,0.0015158644684948874,-0.04310277628823242,0.6832552250911397,0.932052413843811
3,2.0,1.0,1.0,1,24,0.017747683298777857,96,0.6951574804080267,0.042528017168355914,0.027283797855765585,0.4714045207910317,0.04691874618517311,0.0013934613640715354,-0.04392147853242745,0.6953252218031237,0.9384988100059604
3,2.0,1.0,1.0,1,25,0.017747683298777857,100,0.7064652927803776,0.04340765584492426,0.026089348765814292,0.4525483399593905,0.04691874618517311,0.001285260946456812,-0.04469291679138107,0.7066235566197889,0.9440925669657803
3,2.0,1.0,1.0,1,26,0.017747683298777857,104,0.717050136732264,0.04422963301474335,0.024996448714440078,0.435142634576337,0.04691874618517311,0.001189154530911174,-0.045418787545654524,0.7171998907846122,0.9489720215941876
3,2.0,1.0,1.0,1,27,0.017747683298777857,108,0.726958733578653,0.04499739323738694,0.023992572515947327,0.41902624070313926,0.04691874618517311,0.0011034096037061958,-0.046100802841093136,0.7271007462140121,0.9532495281010557
3,2.0,1.0,1.0,1,28,0.017747683298777857,112,0.7362347863012709,0.04571408284866263,0.02306718239474735,0.4040610178208843,0.04691874618517311,0.001026592304793572,-0.0467406751534562,0.7363696798764904,0.957016913069568
3,2.0,1.0,1.0,1,29,0.017747683298777857,116,0.7449191676055743,0.04638259770840937,0.022211348116427068,0.3901278792753366,0.04691874618517311,0.0009575078743206955,-0.047340105582730066,0.7450474564570058,0.9603496816598538
3,2.0,1.0,1.0,1,30,0.017747683298777857,120,0.7530500985687615,0.047005620189042835,0.02141745105615878,0.37712361663282534,0.04691874618517311,0.0008951544713484139,-0.04790077466039125,0.7531722162796199,0.9633102807026517
3,2.0,1.0,1.0,1,31,0.017747683298777857,124,0.7606633176091447,0.04758564817087543,0.020678951352946714,0.3649583386769278,0.04691874618517311,0.0008386870489365816,-0.048424335219812015,0.760779636727597,0.9659506457252572
3,2.0,1.0,1.0,1,32,0.017747683298777857,128,0.7677922398044261,0.04812501804048083,0.01999020300657252,0.3535533905932738,0.04691874618517311,0.0007873888643889493,-0.04891240690486978,0.7679030861998924,0.968314201207403
3,2.0,1.0,1.0,1,33,0.017747683298777857,132,0.7744681067711398,0.04862592314761341,0.019346305785641855,0.3428396514843868,0.04691874618517311,0.0007406488386430543,-0.04936657198625646,0.7745737701519011,0.9704374408937481
3,2.0,1.0,1.0,1,34,0.017747683298777857,136,0.7807201274298461,0.049090428792174734,0.018742985671403953,0.3327561323230812,0.04691874618517311,0.0006979434343237223,-0.049788372226498456,0.7808208690928315,0.972351183674695
3,2.0,1.0,1.0,1,35,0.017747683298777857,140,0.7865756100458037,0.04952048453709859,0.018176497620486877,0.32324881425670743,0.04691874618517311,0.0006588220523658928,-0.050179306589464484,0.786671668618384,0.974081577352798
3,2.0,1.0,1.0,1,36,0.017747683298777857,144,0.7920600859694549,0.049917934443320586,0.017643545930123666,0.31426968052735443,0.04691874618517311,0.0006228951889019618,-0.05054082963222255,0.7921516816864267,0.9756509053600109
3,2.0,1.0,1.0,1,37,0.017747683298777857,148,0.7971974255151785,0.05028452567695442,0.017141218594845534,0.30577590537796656,0.04691874618517311,0.0005898247729066441,-0.050874350449861064,0.7972847634222073,0.9770782385862192
3,2.0,1.0,1.0,1,38,0.017747683298777857,152,0.8020099464178327,0.05062191583107707,0.01666693286599713,0.29772917102591473,0.04691874618517311,0.0005593162380934102,-0.05118123206917048,0.8020932187849215,0.978379964790018
3,2.0,1.0,1.0,1,39,0.017747683298777857,156,0.806518515299049,0.05093167922442017,0.01621838984313495,0.29009508971755793,0.04691874618517311,0.0005311119828060318,-0.0514627912072262,0.8065979034506767,0.9795702207289623
3,2.0,1.0,1.0,1,40,0.017747683298777857,160,0.8107426425621466,0.05121531237927231,0.015793536394327654,0.28284271247461906,0.04691874618517311,0.0005049859473509888,-0.051720298326623296,0.8108183182754746,0.9806612465830984
3,2.0,1.0,1.0,1,1,0.02299316489133851,4,0.6825607986876049,0.6708492679300241,1.6777864892456666,11.313708498984761,0.04691874618517311,-0.7005623670487847,0.029713099118760633,0.8162372186929413,0.9186249559369871
3,2.0,1.0,1.0,1,2,0.02299316489133851,8,0.9013527753105373,0.42438097163559063,1.7033501434403746,5.656854249492381,0.04691874618517311,0.4703387241823983,-0.04595775254680767,0.9361521974403029,0.8219714655503558
3,2.0,1.0,1.0,1,3,0.02299316489133851,12,0.35454340558087716,0.0370555984564408,0.6526387921935846,3.7712361663282534,0.04691874618517311,0.05917581653028209,-0.02212021807384129,0.49284457765240897,0.4558106509977464
3,2.0,1.0,1.0,1,4,0.02299316489133851,16,0.2949821636570038,0.011958376009788163,0.35035434275303906,2.8284271247461903,0.04691874618517311,0.034481010790794187,-0.022522634781006023,0.353916044872141,0.20978265319409659
3,2.0,1.0,1.0,1,5,0.02299316489133851,20,0.3223810800610165,0.0004951680517270018,0.2295037483563492,2.2627416997969525,0.04691874618517311,0.025175906162588912,-0.02468073811086191,0.3455063321668361,0.009931836747999584
3,2.0,1.0,1.0,1,6,0.02299316489133851,24,0.36154405207669904,0.007684789269864156,0.16756468167965607,1.8856180831641267,0.04691874618517311,0.01892124952554297,-0.026606038795407128,0.37163990884287657,0.1687952336561165
3,2.0,1.0,1.0,1,7,0.02299316489133851,28,0.4012125675242886,0.013839673261269309,0.13088327137806227,1.6162440712835373,0.04691874618517311,0.014580206944190988,-0.028419880205460296,0.40620561567161384,0.3218522142316529
3,2.0,1.0,1.0,1,8,0.02299316489133851,32,0.4389177783899959,0.01866986526077824,0.10699200938316435,1.4142135623730951,0.04691874618517311,0.011509487884907299,-0.03017935314568554,0.4416691181306852,0.44783843348097857
3,2.0,1.0,1.0,1,9,0.02299316489133851,36,0.4740556796523939,0.02260734643550394,0.09034190662160209,1.2570787221094177,0.04691874618517311,0.009284154848591797,-0.031891501284095736,0.4757154664932638,0.5490464162283735
3,2.0,1.0,1.0,1,10,0.02299316489133851,40,0.5065466350328537,0.025917667618306772,0.07813656676637712,1.1313708498984762,0.04691874618517311,0.007631214464143887,-0.03354888208245066,0.5076283416962473,0.6293736487232707
3,2.0,1.0,1.0,1,11,0.02299316489133851,44,0.5364830331206916,0.028767253754399646,0.06883291447570457,1.02851895445316,0.04691874618517311,0.006375001463715113,-0.03514225521811476,0.5372368892497768,0.6928987137772449
3,2.0,1.0,1.0,1,12,0.02299316489133851,48,0.5640161106683107,0.0312636938272671,0.061517955127291066,0.9428090415820634,0.04691874618517311,0.00540049479335486,-0.03666418862062196,0.5645730372486502,0.7432290294351561
3,2.0,1.0,1.0,1,13,0.02299316489133851,52,0.5893142813677812,0.03347902761023125,0.05562063017868301,0.870285269152674,0.04691874618517311,0.004630655902613301,-0.03810968351284455,0.5897468471781953,0.7833121605516059
3,2.0,1.0,1.0,1,14,0.02299316489133851,56,0.6125463807890247,0.03546325765820549,0.050767160041576075,0.8081220356417687,0.04691874618517311,0.004012663054043686,-0.039475920712249174,0.6128967717543461,0.8154613139113617
3,2.0,1.0,1.0,1,15,0.02299316489133851,60,0.6338746494398245,0.037252339792950076,0.04670345718102508,0.7542472332656507,0.04691874618517311,0.003509477440630071,-0.04076181723358015,0.6341683928636486,0.8414558477922951
3,2.0,1.0,1.0,1,16,0.02299316489133851,64,0.6534518660792258,0.038873023513953026,0.0432511808278811,0.7071067811865476,0.04691874618517311,0.0030945814522390647,-0.04196760496619209,0.653704954113449,0.8626528493977678
3,2.0,1.0,1.0,1,17,0.02299316489133851,68,0.6714203650699944,0.040345858676792135,0.04028167833853512,0.6655122646461624,0.04691874618517311,0.002748625352918088,-0.04309448402971022,0.6716431310631629,0.8800855618244933
3,2.0,1.0,1.0,1,18,0.02299316489133851,72,0.6879119442832476,0.041687109349016815,0.03769991540925974,0.6285393610547089,0.04691874618517311,0.002457243232827089,-0.044144352581843904,0.6881112582981074,0.8945425284318909
3,2.0,1.0,1.0,1,19,0.02299316489133851,76,0.7030481997991103,0.042910000637157386,0.0354342243689991,0.5954583420518295,0.04691874618517311,0.002209600304487469,-0.045119600941644855,0.703228755285116,0.9066284557393398
3,2.0,1.0,1.0,1,20,0.02299316489133851,80,0.7169410598677959,0.044025548870775005,0.0334295672935753,0.5656854249492381,0.04691874618517311,0.00199740730414133,-0.046022956174916335,0.7171061501043425,0.9168099881204596
3,2.0,1.0,1.0,1,21,0.02299316489133851,84,0.7296934022245782,0.04504312581550876,0.03164299159172412,0.538748023761179,0.04691874618517311,0.0018142393410374713,-0.04685736515654623,0.7298454008537082,0.9254497828964098
3,2.0,1.0,1.0,1,22,0.02299316489133851,88,0.7413996942506881,0.04597084961912637,0.03004049250095191,0.51425947722658,0.04691874618517311,0.0016550570297274025,-0.04762590664885377,0.7415403592724858,0.9328317911751091
3,2.0,1.0,1.0,1,23,0.02299316489133851,92,0.7521466241168729,0.046815860737012646,0.028594801475390355,0.4919003695210766,0.04691874618517311,0.0015158644684948874,-0.048331725205507534,0.7522772939310953,0.9391800294293678
3,2.0,1.0,1.0,1,24,0.02299316489133851,96,0.7620137063651582,0.04758452015785131,0.027283797855765585,0.4714045207910317,0.04691874618517311,0.0013934613640715354,-0.04897798152192284,0.7621354283541847,0.9446725650791717
3,2.0,1.0,1.0,1,25,0.02299316489133851,100,0.7710738537954038,0.048282554281937076,0.026089348765814292,0.4525483399593905,0.04691874618517311,0.001285260946456812,-0.04956781522839389,0.7711874699438614,0.9494519882322306
3,2.0,1.0,1.0,1,26,0.02299316489133851,104,0.779393912227434,0.04891516261336029,0.024996448714440078,0.435142634576337,0.04691874618517311,0.001189154530911174,-0.050104317144271465,0.779500116916708,0.9536332990505486
3,2.0,1.0,1.0,1,27,0.02299316489133851,108,0.7870351573640035,0.049487099160612766,0.023992572515947327,0.41902624070313926,0.04691874618517311,0.0011034096037061958,-0.05059050876431896,0.787134536877013,0.9573098871766432
3,2.0,1.0,1.0,1,28,0.02299316489133851,112,0.7940537544719712,0.050002734997281986,0.02306718239474735,0.4040610178208843,0.04691874618517311,0.001026592304793572,-0.05102932730207556,0.7941468143171637,0.9605580955039701
3,2.0,1.0,1.0,1,29,0.02299316489133851,116,0.8005011824183685,0.05046610714884238,0.022211348116427068,0.3901278792753366,0.04691874618517311,0.0009575078743206955,-0.051423615023163075,0.8005883664461749,0.9634407274469983
3,2.0,1.0,1.0,1,30,0.02299316489133851,120,0.806424624021618,0.05088095743221045,0.02141745105615878,0.37712361663282534,0.04691874618517311,0.0008951544713484139,-0.051776111903558866,0.8065063279525557,0.9660097608067055
3,2.0,1.0,1.0,1,31,0.02299316489133851,124,0.8118673248668251,0.05125076382401848,0.020678951352946714,0.3649583386769278,0.04691874618517311,0.0008386870489365816,-0.052089450872955065,0.8119439059786008,0.9683084619309953
3,2.0,1.0,1.0,1,32,0.02299316489133851,128,0.8168689227828484,0.05157876620743976,0.01999020300657252,0.3535533905932738,0.04691874618517311,0.0007873888643889493,-0.05236615507182871,0.8169407069347109,0.9703730435986061
3,2.0,1.0,1.0,1,33,0.02299316489133851,132,0.8214657501450706,0.05186798783965259,0.019346305785641855,0.3428396514843868,0.04691874618517311,0.0007406488386430543,-0.05260863667829564,0.8215330369414374,0.9722339734650094
3,2.0,1.0,1.0,1,34,0.02299316489133851,136,0.8256911110863088,0.05212125352317355,0.018742985671403953,0.3327561323230812,0.04691874618517311,0.0006979434343237223,-0.052819196957497275,0.8257541777301911,0.9739170131582595
3,2.0,1.0,1.0,1,35,0.02299316489133851,140,0.8295755355906167,0.05234120520806791,0.018176497620486877,0.32324881425670743,0.04691874618517311,0.0006588220523658928,-0.053000027260433805,0.8296346398077188,0.9754440484355024
3,2.0,1.0,1.0,1,36,0.02299316489133851,144,0.8331470123244546,0.05253031556733012,0.017643545930123666,0.31426968052735443,0.04691874618517311,0.0006228951889019618,-0.05315321075623208,0.8332023946230274,0.9768337562583099
3,2.0,1.0,1.0,1,37,0.02299316489133851,148,0.8364312019347412,0.05269089995342845,0.017141218594845534,0.30577590537796656,0.04691874618517311,0.0005898247729066441,-0.05328072472633509,0.8364830873869344,0.9781021438099514
3,2.0,1.0,1.0,1,38,0.02299316489133851,152,0.8394516324190988,0.05282512704551705,0.01666693286599713,0.29772917102591473,0.04691874618517311,0.0005593162380934102,-0.05338444328361046,0.8395002320946374,0.9792629863749718
3,2.0,1.0,1.0,1,39,0.02299316489133851,156,0.8422298780530884,0.05293502842402356,0.01621838984313495,0.29009508971755793,0.04691874618517311,0.0005311119828060318,-0.05346614040682959,0.8422753901978454,0.9803281848871268
3,2.0,1.0,1.0,1,40,0.02299316489133851,160,0.8447857232441844,0.0530225072551395,0.015793536394327654,0.28284271247461906,0.04691874618517311,0.0005049859473509888,-0.05352749320249049,0.8448283342695323,0.9813080593266663
3,2.0,1.0,1.0,1,1,0.029788994023613714,4,0.6878905164839777,0.6621996282164939,1.6777864892456666,11.313708498984761,0.04691874618517311,-0.7005623670487847,0.0383627388322908,0.8167636373872809,0.8961660971403914
3,2.0,1.0,1.0,1,2,0.029788994023613714,8,0.8993917687201343,0.41140415593524293,1.7033501434403746,5.656854249492381,0.04691874618517311,0.4703387241823983,-0.05893456824715537,0.9317401487911103,0.7773000486133558
3,2.0,1.0,1.0,1,3,0.029788994023613714,12,0.393928058612242,0.031294404499374984,0.6526387921935846,3.7712361663282534,0.04691874618517311,0.05917581653028209,-0.027881412030907105,0.5097487677616286,0.35946934007185105
3,2.0,1.0,1.0,1,4,0.029788994023613714,16,0.3523729542417934,0.006296766416019395,0.35035434275303906,2.8284271247461903,0.04691874618517311,0.034481010790794187,-0.02818424437477479,0.3956747205452364,0.10048257841418816
3,2.0,1.0,1.0,1,5,0.029788994023613714,20,0.38959677043009244,0.005449834402001086,0.2295037483563492,2.2627416997969525,0.04691874618517311,0.025175906162588912,-0.03062574056459,0.40507472550966306,0.09766440099242939
3,2.0,1.0,1.0,1,6,0.029788994023613714,24,0.4353516646556521,0.01381644096308926,0.16756468167965607,1.8856180831641267,0.04691874618517311,0.01892124952554297,-0.03273769048863223,0.44176679351914916,0.267454983770438
3,2.0,1.0,1.0,1,7,0.029788994023613714,28,0.4795116320783315,0.020098442365706348,0.13088327137806227,1.6162440712835373,0.04691874618517311,0.014580206944190988,-0.034678649309897336,0.48259489691587465,0.4080168297459859
3,2.0,1.0,1.0,1,8,0.029788994023613714,32,0.520108827035934,0.02501214196582857,0.10699200938316435,1.4142135623730951,0.04691874618517311,0.011509487884907299,-0.03652162985073587,0.5217865482139893,0.5207486967821996
3,2.0,1.0,1.0,1,9,0.029788994023613714,36,0.5568588514133356,0.028993189268545855,0.09034190662160209,1.2570787221094177,0.04691874618517311,0.009284154848591797,-0.03827734411713765,0.5578719708189812,0.6095936818441523
3,2.0,1.0,1.0,1,10,0.029788994023613714,40,0.5899230408691956,0.032308026572305304,0.07813656676637712,1.1313708498984762,0.04691874618517311,0.007631214464143887,-0.03993924103644919,0.590591592789386,0.6791615979355612
3,2.0,1.0,1.0,1,11,0.029788994023613714,44,0.6195883880813234,0.035124095092335744,0.06883291447570457,1.02851895445316,0.04691874618517311,0.006375001463715113,-0.04149909655605086,0.6200640338172622,0.733676383371942
3,2.0,1.0,1.0,1,12,0.029788994023613714,48,0.6461678140904057,0.03755072346503589,0.061517955127291066,0.9428090415820634,0.04691874618517311,0.00540049479335486,-0.04295121825839075,0.646527960881301,0.7766161960973216
3,2.0,1.0,1.0,1,13,0.029788994023613714,52,0.6699656568801888,0.03966235458715911,0.05562063017868301,0.870285269152674,0.04691874618517311,0.004630655902613301,-0.04429301048977241,0.6702522901857642,0.8106987376835683
3,2.0,1.0,1.0,1,14,0.029788994023613714,56,0.6912655236299878,0.04151185570515961,0.050767160041576075,0.8081220356417687,0.04691874618517311,0.004012663054043686,-0.0455245187592033,0.6915026216622099,0.8379938903601238
3,2.0,1.0,1.0,1,15,0.029788994023613714,60,0.7103266389348072,0.04313831361596229,0.04670345718102508,0.7542472332656507,0.04691874618517311,0.003509477440630071,-0.046647791056592364,0.7105285344069431,0.8600610621041129
3,2.0,1.0,1.0,1,16,0.029788994023613714,64,0.7273836296475393,0.04457172068025114,0.0432511808278811,0.7071067811865476,0.04691874618517311,0.0030945814522390647,-0.04766630213249021,0.7275592576053994,0.8780721991541524
3,2.0,1.0,1.0,1,17,0.029788994023613714,68,0.7426477230708431,0.045835868617129086,0.04028167833853512,0.6655122646461624,0.04691874618517311,0.002748625352918088,-0.048584493970047174,0.7428028826093609,0.8929102540749587
3,2.0,1.0,1.0,1,18,0.029788994023613714,72,0.756308491908299,0.0469501833700596,0.03769991540925974,0.6285393610547089,0.04691874618517311,0.002457243232827089,-0.04940742660288669,0.7564470989893743,0.9052440422117546
3,2.0,1.0,1.0,1,19,0.029788994023613714,76,0.7685357571498566,0.04793091863194619,0.0354342243689991,0.5954583420518295,0.04691874618517311,0.002209600304487469,-0.05014051893643366,0.7686605623573575,0.9155837527582835
3,2.0,1.0,1.0,1,20,0.029788994023613714,80,0.7794814707175798,0.04879195160161573,0.0334295672935753,0.5656854249492381,0.04691874618517311,0.00199740730414133,-0.05078935890575706,0.7795944826219257,0.9243216644035761
3,2.0,1.0,1.0,1,21,0.029788994023613714,84,0.7892814974958232,0.0495453264430728,0.03164299159172412,0.538748023761179,0.04691874618517311,0.0018142393410374713,-0.05135956578411027,0.7893842388517021,0.9317619140940713
3,2.0,1.0,1.0,1,22,0.029788994023613714,88,0.7980572635469311,0.05020163431118377,0.03004049250095191,0.51425947722658,0.04691874618517311,0.0016550570297274025,-0.05185669134091117,0.7981509299397164,0.9381422928563659
3,2.0,1.0,1.0,1,23,0.029788994023613714,92,0.8059172606136343,0.05077028538919372,0.028594801475390355,0.4919003695210766,0.04691874618517311,0.0015158644684948874,-0.052286149857688605,0.8060028208077105,0.943650270813107
3,2.0,1.0,1.0,1,24,0.029788994023613714,96,0.8129584085693472,0.05125970822143679,0.027283797855765585,0.4714045207910317,0.04691874618517311,0.0013934613640715354,-0.05265316958550832,0.813036669278455,0.9484348482194387
3,2.0,1.0,1.0,1,25,0.029788994023613714,100,0.8192672830708988,0.05167749920913689,0.026089348765814292,0.4525483399593905,0.04691874618517311,0.001285260946456812,-0.0529627601555937,0.8193389316061396,0.9526153794978438
3,2.0,1.0,1.0,1,26,0.029788994023613714,104,0.8249212181555378,0.05203053734468632,0.024996448714440078,0.435142634576337,0.04691874618517311,0.001189154530911174,-0.0532196918755975,0.8249868510822796,0.9562881917390212
3,2.0,1.0,1.0,1,27,0.029788994023613714,108,0.8299892943727895,0.052325074281378045,0.023992572515947327,0.41902624070313926,0.04691874618517311,0.0011034096037061958,-0.05342848388508424,0.8300494371786326,0.9595315866325819
3,2.0,1.0,1.0,1,28,0.029788994023613714,112,0.8345332230270893,0.052566806602191374,0.02306718239474735,0.4040610178208843,0.04691874618517311,0.001026592304793572,-0.053593398906984946,0.8345883439274628,0.9624096495800171
3,2.0,1.0,1.0,1,29,0.029788994023613714,116,0.8386081366482655,0.05276093501899791,0.022211348116427068,0.3901278792753366,0.04691874618517311,0.0009575078743206955,-0.053718442893318605,0.8386586565120135,0.9649751724157521
3,2.0,1.0,1.0,1,30,0.029788994023613714,120,0.8422632951341809,0.05291221380734719,0.02141745105615878,0.37712361663282534,0.04691874618517311,0.0008951544713484139,-0.0538073682786956,0.8423095948025416,0.9672719126524126
3,2.0,1.0,1.0,1,31,0.029788994023613714,124,0.8455427162510275,0.05302499281547464,0.020678951352946714,0.3649583386769278,0.04691874618517311,0.0008386870489365816,-0.05386367986441122,0.8455851420779796,0.9693363524739206
3,2.0,1.0,1.0,1,32,0.029788994023613714,128,0.8484857384025668,0.05310325372306464,0.01999020300657252,0.3535533905932738,0.04691874618517311,0.0007873888643889493,-0.05389064258745359,0.848524606561164,0.9711990778204063
3,2.0,1.0,1.0,1,33,0.029788994023613714,132,0.8511275228285028,0.05315064176514775,0.019346305785641855,0.3428396514843868,0.04691874618517311,0.0007406488386430543,-0.053891290603790803,0.8511631227454809,0.9728858669048907
3,2.0,1.0,1.0,1,34,0.029788994023613714,136,0.8534995016840521,0.05317049381375086,0.018742985671403953,0.3327561323230812,0.04691874618517311,0.0006979434343237223,-0.05386843724807458,0.8535320988464086,0.9744185549565372
3,2.0,1.0,1.0,1,35,0.029788994023613714,140,0.8556297777968054,0.053165863481222056,0.018176497620486877,0.32324881425670743,0.04691874618517311,0.0006588220523658928,-0.05382468553358795,0.8556596160963983,0.9758157254715465
3,2.0,1.0,1.0,1,36,0.029788994023613714,144,0.8575434812964569,0.05313954374552064,0.017643545930123666,0.31426968052735443,0.04691874618517311,0.0006228951889019618,-0.053762438934422604,0.8575707850269985,0.977093266082011
3,2.0,1.0,1.0,1,37,0.029788994023613714,148,0.8592630877671927,0.05309408747964285,0.017141218594845534,0.30577590537796656,0.04691874618517311,0.0005898247729066441,-0.053683912252549496,0.8592880633536426,0.9782648181152517
3,2.0,1.0,1.0,1,38,0.029788994023613714,152,0.8608087020793377,0.05303182618124104,0.01666693286599713,0.29772917102591473,0.04691874618517311,0.0005593162380934102,-0.05359114241933445,0.8608315395964832,0.9793421421734647
3,2.0,1.0,1.0,1,39,0.029788994023613714,156,0.8621983116128238,0.0529548871352382,0.01621838984313495,0.29009508971755793,0.04691874618517311,0.0005311119828060318,-0.05348599911804423,0.8622191861339739,0.9803354169824283
3,2.0,1.0,1.0,1,40,0.029788994023613714,160,0.8634480121863082,0.052865209195274696,0.015793536394327654,0.28284271247461906,0.04691874618517311,0.0005049859473509888,-0.053370195142625684,0.8634670849922264,0.981253484920724
3,2.0,1.0,1.0,1,1,0.038593389345594996,4,0.6946302582697061,0.6510832908380513,1.6777864892456666,11.313708498984761,0.04691874618517311,-0.7005623670487847,0.04947907621073344,0.8174843022160863,0.868063087298995
3,2.0,1.0,1.0,1,2,0.038593389345594996,8,0.8970188029461602,0.3949926359593267,1.7033501434403746,5.656854249492381,0.04691874618517311,0.4703387241823983,-0.0753460882230716,0.9264328606996459,0.7238475892670224
3,2.0,1.0,1.0,1,3,0.038593389345594996,12,0.44088246720196766,0.024312092979179994,0.6526387921935846,3.7712361663282534,0.04691874618517311,0.05917581653028209,-0.034863723551102094,0.5326909127000627,0.25853053894287126
3,2.0,1.0,1.0,1,4,0.038593389345594996,16,0.4187882599161562,0.00043231762627915504,0.35035434275303906,2.8284271247461903,0.04691874618517311,0.034481010790794187,-0.03491332841707334,0.4483657375530379,0.006229868764715341
3,2.0,1.0,1.0,1,5,0.038593389345594996,20,0.46510586914071206,0.012352714462895709,0.2295037483563492,2.2627416997969525,0.04691874618517311,0.025175906162588912,-0.03752862062548462,0.47476265132769896,0.196998767005211
3,2.0,1.0,1.0,1,6,0.038593389345594996,24,0.515843674871419,0.020763964137516244,0.16756468167965607,1.8856180831641267,0.04691874618517311,0.01892124952554297,-0.039685213663059216,0.5196600826397528,0.3542947826538427
3,2.0,1.0,1.0,1,7,0.038593389345594996,28,0.5624159623865346,0.0270114676368384,0.13088327137806227,1.6162440712835373,0.04691874618517311,0.014580206944190988,-0.041591674581029386,0.56420921961846,0.48087169066449437
3,2.0,1.0,1.0,1,8,0.038593389345594996,32,0.6035823628423126,0.03183318940073354,0.10699200938316435,1.4142135623730951,0.04691874618517311,0.011509487884907299,-0.04334267728564084,0.6045552072471306,0.5803451751039681
3,2.0,1.0,1.0,1,9,0.038593389345594996,36,0.639531443874152,0.03567198842386039,0.09034190662160209,1.2570787221094177,0.04691874618517311,0.009284154848591797,-0.04495614327245219,0.6401265270194656,0.6576657883452982
3,2.0,1.0,1.0,1,10,0.038593389345594996,40,0.6707744674759858,0.03879848296399206,0.07813656676637712,1.1313708498984762,0.04691874618517311,0.007631214464143887,-0.04642969742813595,0.6711763352364848,0.7176808826551199
3,2.0,1.0,1.0,1,11,0.038593389345594996,44,0.6978702507445459,0.04138444695634999,0.06883291447570457,1.02851895445316,0.04691874618517311,0.006375001463715113,-0.047759448420065104,0.6981638084810069,0.7644752471891215
3,2.0,1.0,1.0,1,12,0.038593389345594996,48,0.7213466289222207,0.043544198928048825,0.061517955127291066,0.9428090415820634,0.04691874618517311,0.00540049479335486,-0.048944693721403684,0.7215742146051178,0.8012521461071666
3,2.0,1.0,1.0,1,13,0.038593389345594996,52,0.7416786551060282,0.04535763454285453,0.05562063017868301,0.870285269152674,0.04691874618517311,0.004630655902613301,-0.049988290445467834,0.7418628929822269,0.8304377432291502
3,2.0,1.0,1.0,1,14,0.038593389345594996,56,0.7592853180648779,0.04688323855336812,0.050767160041576075,0.8081220356417687,0.04691874618517311,0.004012663054043686,-0.05089590160741181,0.7594390808293635,0.8538419979183874
3,2.0,1.0,1.0,1,15,0.038593389345594996,60,0.7745326114445965,0.04816563099415527,0.04670345718102508,0.7542472332656507,0.04691874618517311,0.003509477440630071,-0.051675108434785344,0.7746636720988309,0.872809503416296
3,2.0,1.0,1.0,1,16,0.038593389345594996,64,0.7877386403935546,0.049240077660847245,0.0432511808278811,0.7071067811865476,0.04691874618517311,0.0030945814522390647,-0.05233465911308631,0.7878519710882987,0.8883411924580858
3,2.0,1.0,1.0,1,17,0.038593389345594996,68,0.7991791289536244,0.05013527215213992,0.04028167833853512,0.6655122646461624,0.04691874618517311,0.002748625352918088,-0.05288389750505801,0.7992780924936118,0.901186384808216
3,2.0,1.0,1.0,1,18,0.038593389345594996,72,0.8090926943647008,0.05087510718151926,0.03769991540925974,0.6285393610547089,0.04691874618517311,0.002457243232827089,-0.05333235041434635,0.8091796877279288,0.9119103376745392
3,2.0,1.0,1.0,1,19,0.038593389345594996,76,0.8176856569191644,0.051479838909319314,0.0354342243689991,0.5954583420518295,0.04691874618517311,0.002209600304487469,-0.05368943921380678,0.8177624718135869,0.9209431745687034
3,2.0,1.0,1.0,1,20,0.038593389345594996,80,0.8251363227949196,0.051966877201167966,0.0334295672935753,0.5656854249492381,0.04691874618517311,0.00199740730414133,-0.053964284505309296,0.8252043546611655,0.9286151923018162
3,2.0,1.0,1.0,1,21,0.038593389345594996,84,0.8315987489568943,0.05235133948770784,0.03164299159172412,0.538748023761179,0.04691874618517311,0.0018142393410374713,-0.054165578828745314,0.8316591221542636,0.9351823782086961
3,2.0,1.0,1.0,1,22,0.038593389345594996,88,0.8372060284529532,0.05264645151835973,0.03004049250095191,0.51425947722658,0.04691874618517311,0.0016550570297274025,-0.05430150854808713,0.8372596737345053,0.9408449388329296
3,2.0,1.0,1.0,1,23,0.038593389345594996,92,0.8420731445205711,0.052863846515253166,0.028594801475390355,0.4919003695210766,0.04691874618517311,0.0015158644684948874,-0.05437971098374805,0.8421208486139369,0.9457608422051209
3,2.0,1.0,1.0,1,24,0.038593389345594996,96,0.8462994432739605,0.05301379524149587,0.027283797855765585,0.4714045207910317,0.04691874618517311,0.0013934613640715354,-0.0544072566055674,0.8463418817301055,0.9500557908652819
3,2.0,1.0,1.0,1,25,0.038593389345594996,100,0.8499707721948216,0.053105387915482694,0.026089348765814292,0.4525483399593905,0.04691874618517311,0.001285260946456812,-0.054390648861939506,0.8500085319417588,0.9538306261763868
3,2.0,1.0,1.0,1,26,0.038593389345594996,104,0.8531613275127534,0.05314668170324108,0.024996448714440078,0.435142634576337,0.04691874618517311,0.001189154530911174,-0.05433583623415225,0.8531949229082001,0.9571668715464462
3,2.0,1.0,1.0,1,27,0.038593389345594996,108,0.8559352489493245,0.05314482296539691,0.023992572515947327,0.41902624070313926,0.04691874618517311,0.0011034096037061958,-0.054248232569103105,0.8559651336156999,0.9601309171546774
3,2.0,1.0,1.0,1,28,0.038593389345594996,112,0.8583479957470053,0.053106150504921734,0.02306718239474735,0.4040610178208843,0.04691874618517311,0.001026592304793572,-0.054132742809715306,0.8583745715917175,0.9627772052486709
3,2.0,1.0,1.0,1,29,0.038593389345594996,116,0.86044753365463,0.053036284147228996,0.022211348116427068,0.3901278792753366,0.04691874618517311,0.0009575078743206955,-0.05399379202154969,0.8604711579557858,0.9651506742830427
3,2.0,1.0,1.0,1,30,0.038593389345594996,120,0.862275358691962,0.052940201714672466,0.02141745105615878,0.37712361663282534,0.04691874618517311,0.0008951544713484139,-0.05383535618602088,0.8622963498137942,0.9672886490333565
3,2.0,1.0,1.0,1,31,0.038593389345594996,124,0.8638673800904634,0.05282230660371558,0.020678951352946714,0.3649583386769278,0.04691874618517311,0.0008386870489365816,-0.05366099365265216,0.863886022198545,0.9692223133001903
3,2.0,1.0,1.0,1,32,0.038593389345594996,128,0.8652546817920337,0.05268648759079368,0.01999020300657252,0.3535533905932738,0.04691874618517311,0.0007873888643889493,-0.05347387645518263,0.8652712288168396,0.9709778657113274
3,2.0,1.0,1.0,1,33,0.038593389345594996,132,0.8664641792518938,0.05253617209027654,0.019346305785641855,0.3428396514843868,0.04691874618517311,0.0007406488386430543,-0.0532768209289196,0.8664788582718493,0.9725774331219116
3,2.0,1.0,1.0,1,34,0.038593389345594996,136,0.8675191859989896,0.05237437380557736,0.018742985671403953,0.3327561323230812,0.04691874618517311,0.0006979434343237223,-0.05307231723990108,0.8675322001637409,0.9740397972569886
3,2.0,1.0,1.0,1,35,0.038593389345594996,140,0.868439902418984,0.0522037355134851,0.018176497620486877,0.32324881425670743,0.04691874618517311,0.0006588220523658928,-0.052862557565850996,0.8684514335004693,0.9753809764596706
3,2.0,1.0,1.0,1,36,0.038593389345594996,144,0.869243837504746,0.05202656757650742,0.017643545930123666,0.31426968052735443,0.04691874618517311,0.0006228951889019618,-0.05264946276540938,0.8692540481409005,0.9766146942684165
3,2.0,1.0,1.0,1,37,0.038593389345594996,148,0.8699461728331219,0.05184488267124633,0.017141218594845534,0.30577590537796656,0.04691874618517311,0.0005898247729066441,-0.052434707444152975,0.869955208513572,0.9777527590251186
3,2.0,1.0,1.0,1,38,0.038593389345594996,152,0.8705600767445106,0.051660427140935744,0.01666693286599713,0.29772917102591473,0.04691874618517311,0.0005593162380934102,-0.052219743379029154,0.8705680675765508,0.9788053731100599
3,2.0,1.0,1.0,1,39,0.038593389345594996,156,0.8710969755961568,0.051474709319365985,0.01621838984313495,0.29009508971755793,0.04691874618517311,0.0005311119828060318,-0.05200582130217202,0.8711040378813548,0.9797813861755081
3,2.0,1.0,1.0,1,40,0.038593389345594996,160,0.8715667880073393,0.05128902512608123,0.015793536394327654,0.28284271247461906,0.04691874618517311,0.0005049859473509888,-0.05179401107343222,0.8715730256532929,0.9806885035615382
3,2.0,1.0,1.0,1,1,0.049999999999999996,4,0.7030898054476198,0.6368321140145826,1.6777864892456666,11.313708498984761,0.04691874618517311,-0.7005623670487847,0.0637302530342021,0.818478817488604,0.8332307512604733
3,2.0,1.0,1.0,1,2,0.049999999999999996,8,0.8942086010737824,0.3743906962884035,1.7033501434403746,5.656854249492381,0.04691874618517311,0.4703387241823983,-0.09594802789399481,0.9201916979711462,0.661132712209198
3,2.0,1.0,1.0,1,3,0.049999999999999996,12,0.49545581084222934,0.016024993160364653,0.6526387921935846,3.7712361663282534,0.04691874618517311,0.05917581653028209,-0.043150823369917435,0.5632144471104643,0.15660626769328137
3,2.0,1.0,1.0,1,4,0.049999999999999996,16,0.4930463238720644,0.0082087190176372,0.35035434275303906,2.8284271247461903,0.04691874618517311,0.034481010790794187,-0.04268972980843139,0.511596979980583,0.10637087261178334
3,2.0,1.0,1.0,1,5,0.049999999999999996,20,0.5463334318427395,0.02007876224991123,0.2295037483563492,2.2627416997969525,0.04691874618517311,0.025175906162588912,-0.04525466841250014,0.5518852036473728,0.28508587883951453
3,2.0,1.0,1.0,1,6,0.049999999999999996,24,0.5991612694392576,0.02827980499855326,0.16756468167965607,1.8856180831641267,0.04691874618517311,0.01892124952554297,-0.04720105452409623,0.6012646789259752,0.42768934635615696
3,2.0,1.0,1.0,1,7,0.049999999999999996,28,0.6450057029143121,0.03422501210404259,0.13088327137806227,1.6162440712835373,0.04691874618517311,0.014580206944190988,-0.04880521904823358,0.645981930767581,0.5399508099564236
3,2.0,1.0,1.0,1,8,0.049999999999999996,32,0.6836312144079676,0.0386825399345172,0.10699200938316435,1.4142135623730951,0.04691874618517311,0.011509487884907299,-0.0501920278194245,0.6841666682646157,0.6269301409041637
3,2.0,1.0,1.0,1,9,0.049999999999999996,36,0.7158662211289424,0.042108513144902354,0.09034190662160209,1.2570787221094177,0.04691874618517311,0.009284154848591797,-0.05139266799349415,0.716202012532272,0.6939801916539299
3,2.0,1.0,1.0,1,10,0.049999999999999996,40,0.7426703465417636,0.044783189452013955,0.07813656676637712,1.1313708498984762,0.04691874618517311,0.007631214464143887,-0.05241440391615784,0.7429034415644925,0.7458194396196827
3,2.0,1.0,1.0,1,11,0.049999999999999996,44,0.7649261255280825,0.04688764318821746,0.06883291447570457,1.02851895445316,0.04691874618517311,0.006375001463715113,-0.053262644651932575,0.7651000700313446,0.7862088167815046
3,2.0,1.0,1.0,1,12,0.049999999999999996,48,0.7833959856268892,0.04854547096669204,0.061517955127291066,0.9428090415820634,0.04691874618517311,0.00540049479335486,-0.0539459657600469,0.7835323073847156,0.818001116056607
3,2.0,1.0,1.0,1,13,0.049999999999999996,52,0.7987233424224969,0.04984549948234557,0.05562063017868301,0.870285269152674,0.04691874618517311,0.004630655902613301,-0.05447615538495887,0.7988336699366025,0.8433122747872902
3,2.0,1.0,1.0,1,14,0.049999999999999996,56,0.8114456165937228,0.050854458598329294,0.050767160041576075,0.8081220356417687,0.04691874618517311,0.004012663054043686,-0.05486712165237298,0.811536780699525,0.8636998054917687
3,2.0,1.0,1.0,1,15,0.049999999999999996,60,0.8220094709118964,0.05162430498278696,0.04670345718102508,0.7542472332656507,0.04691874618517311,0.003509477440630071,-0.05513378242341703,0.8220858117952164,0.8803109701348081
3,2.0,1.0,1.0,1,16,0.049999999999999996,64,0.8307852026331025,0.05219662448278209,0.0432511808278811,0.7071067811865476,0.04691874618517311,0.0030945814522390647,-0.055291205935021154,0.8308496792044764,0.8939953851538087
3,2.0,1.0,1.0,1,17,0.049999999999999996,68,0.8380794051767688,0.05260539120271314,0.04028167833853512,0.6655122646461624,0.04691874618517311,0.002748625352918088,-0.05535401655563123,0.8381341588670184,0.9053872504715262
3,2.0,1.0,1.0,1,18,0.049999999999999996,72,0.8441457715847207,0.05287877237927813,0.03769991540925974,0.6285393610547089,0.04691874618517311,0.002457243232827089,-0.055336015612105216,0.8441924282419074,0.9149643649817281
3,2.0,1.0,1.0,1,19,0.049999999999999996,76,0.8491941750829457,0.05304036078850319,0.0354342243689991,0.5954583420518295,0.04691874618517311,0.002209600304487469,-0.05524996109299066,0.8492340151536345,0.9230902481415583
3,2.0,1.0,1.0,1,20,0.049999999999999996,80,0.8533982407427869,0.0531100520292076,0.0334295672935753,0.5656854249492381,0.04691874618517311,0.00199740730414133,-0.05510745933334893,0.8534323002891521,0.9300442353951668
3,2.0,1.0,1.0,1,21,0.049999999999999996,84,0.8569016307166277,0.05310469381706669,0.03164299159172412,0.538748023761179,0.04691874618517311,0.0018142393410374713,-0.05491893315810416,0.8569307645726011,0.9360430851609816
3,2.0,1.0,1.0,1,22,0.049999999999999996,88,0.8598232480736225,0.05303858365701891,0.03004049250095191,0.51425947722658,0.04691874618517311,0.0016550570297274025,-0.054693640686746314,0.8598481713994581,0.9412566005320993
3,2.0,1.0,1.0,1,23,0.049999999999999996,92,0.8622615387459729,0.0529238619954783,0.028594801475390355,0.4919003695210766,0.04691874618517311,0.0015158644684948874,-0.05443972646397319,0.8622828557299714,0.9458190167154392
3,2.0,1.0,1.0,1,24,0.049999999999999996,96,0.8642980447825934,0.05277083069115719,0.027283797855765585,0.4714045207910317,0.04691874618517311,0.0013934613640715354,-0.05416429205522873,0.8643162693628555,0.9498373754044757
3,2.0,1.0,1.0,1,25,0.049999999999999996,100,0.8660003378268429,0.05258821623591692,0.026089348765814292,0.4525483399593905,0.04691874618517311,0.001285260946456812,-0.05387347718237373,0.8660159092428288,0.9533977393226467
3,2.0,1.0,1.0,1,26,0.049999999999999996,104,0.8674244404187781,0.05238339074846478,0.024996448714440078,0.435142634576337,0.04691874618517311,0.001189154530911174,-0.05357254527937595,0.8674377352706333,0.9565698458948205
3,2.0,1.0,1.0,1,27,0.049999999999999996,108,0.8686168244854594,0.052162559734207664,0.023992572515947327,0.41902624070313926,0.04691874618517311,0.0011034096037061958,-0.05326596933791386,0.8686281663393405,0.9594106232152845
3,2.0,1.0,1.0,1,28,0.049999999999999996,112,0.8696160610067505,0.05193092301689531,0.02306718239474735,0.4040610178208843,0.04691874618517311,0.001026592304793572,-0.05295751532168888,0.8696257282117879,0.9619668695129096
3,2.0,1.0,1.0,1,29,0.049999999999999996,116,0.8704541819930806,0.0516928135491643,0.022211348116427068,0.3901278792753366,0.04691874618517311,0.0009575078743206955,-0.052650321423485,0.8704624141517615,0.9642773122186505
3,2.0,1.0,1.0,1,30,0.049999999999999996,120,0.8711578052294076,0.0514518176681817,0.02141745105615878,0.37712361663282534,0.04691874618517311,0.0008951544713484139,-0.052346972139530115,0.871164808624614,0.9663742029731204
3,2.0,1.0,1.0,1,31,0.049999999999999996,124,0.8717490633911463,0.05121087957709426,0.020678951352946714,0.3649583386769278,0.04691874618517311,0.0008386870489365816,-0.052049566626030844,0.8717550155846536,0.9682845626141919
3,2.0,1.0,1.0,1,32,0.049999999999999996,128,0.8722463718249568,0.05097239227783182,0.01999020300657252,0.3535533905932738,0.04691874618517311,0.0007873888643889493,-0.05175978114222077,0.8722514255841501,0.9700311600305057
3,2.0,1.0,1.0,1,33,0.049999999999999996,132,0.8726650632525796,0.05073827677746787,0.019346305785641855,0.3428396514843868,0.04691874618517311,0.0007406488386430543,-0.05147892561611092,0.8726693499229545,0.9716332870814642
3,2.0,1.0,1.0,1,34,0.049999999999999996,136,0.8730179126808373,0.0505100510889024,0.018742985671403953,0.3327561323230812,0.04691874618517311,0.0006979434343237223,-0.05120799452322612,0.8730215450946491,0.973107376081152
3,2.0,1.0,1.0,1,35,0.049999999999999996,140,0.8733155717019321,0.050288890314945156,0.018176497620486877,0.32324881425670743,0.04691874618517311,0.0006588220523658928,-0.05094771236731105,0.8733186466942334,0.9744674948715528
3,2.0,1.0,1.0,1,36,0.049999999999999996,144,0.8735669279924423,0.050075678921973094,0.017643545930123666,0.31426968052735443,0.04691874618517311,0.0006228951889019618,-0.050698574110875055,0.8735695285816503,0.9757257460707709
3,2.0,1.0,1.0,1,37,0.049999999999999996,148,0.8737794030397144,0.049871056161359395,0.017141218594845534,0.30577590537796656,0.04691874618517311,0.0005898247729066441,-0.05046088093426604,0.8737816003195371,0.9768925908178475
3,2.0,1.0,1.0,1,38,0.049999999999999996,152,0.8739591988357474,0.04967545547456634,0.01666693286599713,0.29772917102591473,0.04691874618517311,0.0005593162380934102,-0.05023477171265975,0.873961053617467,0.9779771126657225
3,2.0,1.0,1.0,1,39,0.049999999999999996,156,0.8741115023943585,0.04948913861480081,0.01621838984313495,0.29009508971755793,0.04691874618517311,0.0005311119828060318,-0.05002025059760684,0.8741130666323133,0.9789872337482028
3,2.0,1.0,1.0,1,40,0.049999999999999996,160,0.8742406553957635,0.04931222513016015,0.015793536394327654,0.28284271247461906,0.04691874618517311,0.0005049859473509888,-0.049817211077511137,0.8742419734241231,0.9799298926832827
3,2.0,1.0,1.0,2,1,0.0001,4,0.953525519834611,0.6665635275006142,1.7754758754156221,20.418277998646353,0.04691874618517311,0.6667062453626739,-0.0001427178620596603,0.9764583596701414,0.9995719634582034
3,2.0,1.0,1.0,2,2,0.0001,8,0.7500751603941159,0.016891350562476426,1.703262120963047,5.104569499661588,0.04691874618517311,-0.016928060843056092,3.6710280579665966e-05,0.8659660481321377,0.9956721749663312
3,2.0,1.0,1.0,2,3,0.0001,12,0.1128364455211428,0.05109948185715718,0.6465033274769314,2.26869755540515,0.04691874618517311,-0.051088350768455776,-1.113108870140489e-05,0.33486284979482106,1.0
3,2.0,1.0,1.0,2,4,0.0001,16,0.034732253088574305,0.024713274589173273,0.32996818991952026,1.276142374915397,0.04691874618517311,-0.024664505326011166,-4.876926316210728e-05,0.18336808740171456,1.0
3,2.0,1.0,1.0,2,5,0.0001,20,0.014977838867268112,0.014936106555383466,0.20204427626216956,0.8167311199458542,0.04691874618517311,-0.014863750554480692,-7.23560009027735e-05,0.11618168320991976,1.0
3,2.0,1.0,1.0,2,6,0.0001,24,0.008296129450651835,0.01013457199180351,0.13703972607761442,0.5671743888512875,0.04691874618517311,-0.010042076013427548,-9.249597837596157e-05,0.08038475782854183,1.0
3,2.0,1.0,1.0,2,7,0.0001,28,0.0056743322179446665,0.007381155506654802,0.0992782066218363,0.4166995509927826,0.04691874618517311,-0.00726979479536477,-0.00011136071129003167,0.059113779154509626,1.0
3,2.0,1.0,1.0,2,8,0.0001,32,0.004587778565028788,0.005646483387280521,0.07532554959713002,0.31903559372884926,0.04691874618517311,-0.005516868887537385,-0.00012961449974313588,0.04547721388698817,1.0
3,2.0,1.0,1.0,2,9,0.0001,36,0.004168480738789837,0.0044815373980858775,0.059150524155571496,0.2520775061561278,0.04691874618517311,-0.004334012982422419,-0.00014752441566345809,0.03623572423031275,1.0
3,2.0,1.0,1.0,2,10,0.0001,40,0.0040709343277604,0.0036619065647319204,0.04770179173662876,0.20418277998646356,0.04691874618517311,-0.0034966876067205055,-0.00016521895801141495,0.029704744914752612,1.0
3,2.0,1.0,1.0,2,11,0.0001,44,0.004141535789040307,0.003064382927296494,0.039295313841501645,0.16874609916236655,0.04691874618517311,-0.0028816148547965437,-0.0001827680724999503,0.024938217548931055,1.0
3,2.0,1.0,1.0,2,12,0.0001,48,0.004305830760448881,0.0026164488119344576,0.03293779316280698,0.14179359721282186,0.04691874618517311,-0.002416235450498294,-0.00020021336143616342,0.021371787248983268,1.0
3,2.0,1.0,1.0,2,13,0.0001,52,0.0045251326295846495,0.0022730521436403195,0.02801170527132878,0.12081821300974174,0.04691874618517311,-0.0020554708813628753,-0.00021758126227744423,0.01865207574100346,1.0
3,2.0,1.0,1.0,2,14,0.0001,56,0.004778158042579306,0.0020049615317299097,0.02411636404278435,0.10417488774819565,0.04691874618517311,-0.0017700720758254684,-0.0002348894559044412,0.016548840141655995,1.0
3,2.0,1.0,1.0,2,15,0.0001,60,0.005052624569995556,0.001792518972949686,0.02098238183151936,0.09074790221620602,0.04691874618517311,-0.0015403687170760794,-0.0002521502558736066,0.014906996705716827,1.0
3,2.0,1.0,1.0,2,16,0.0001,64,0.005341150252961446,0.0016221002814715835,0.018423130649518154,0.07975889843221232,0.04691874618517311,-0.0013527277569728713,-0.0002693725244987122,0.013619067275074288,1.0
3,2.0,1.0,1.0,2,17,0.0001,68,0.00563914056672421,0.001484016975243252,0.016305952818450993,0.07065148096417423,0.04691874618517311,-0.0011974541590372145,-0.0002865628162060374,0.01260865663688192,1.0
3,2.0,1.0,1.0,2,18,0.0001,72,0.005943647596426516,0.001371224253987391,0.01453443058022347,0.06301937653903195,0.04691874618517311,-0.001067498163079883,-0.0003037260909075079,0.011820165219004908,1.0
3,2.0,1.0,1.0,2,19,0.0001,76,0.0062527287428975065,0.0012784989239125188,0.013037106678338092,0.056560326866056373,0.04691874618517311,-0.0009576327478855728,-0.000320866176026946,0.011212173180899471,1.0
3,2.0,1.0,1.0,2,20,0.0001,80,0.006565073275181188,0.001201901270800887,0.011760103202647889,0.05104569499661589,0.04691874618517311,-0.0008639151953815927,-0.00033798607541929426,0.010753072308331313,1.0
3,2.0,1.0,1.0,2,21,0.0001,84,0.006879777975919654,0.0011384139165839247,0.010662169892719012,0.046299950110309185,0.04691874618517311,-0.000783325734964313,-0.00035508818161961164,0.010418129422526054,1.0
3,2.0,1.0,1.0,2,22,0.0001,88,0.007196208569304918,0.0010856940445457264,0.009711288236463812,0.04218652479059164,0.04691874618517311,-0.0007135196193590598,-0.00037217442518666655,0.010187497439467761,1.0
3,2.0,1.0,1.0,2,23,0.0001,92,0.007513911982074406,0.0010419000249009547,0.00888229623726891,0.03859787901445435,0.04691874618517311,-0.0006526536428984042,-0.00038924638200255046,0.010044873961701874,1.0
3,2.0,1.0,1.0,2,24,0.0001,96,0.007832559534727723,0.0010055679356064662,0.008155197413028059,0.035448399303205466,0.04691874618517311,-0.0005992625838136534,-0.0004063053517928128,0.009976608768146347,1.0
3,2.0,1.0,1.0,2,25,0.0001,100,0.008151909407195124,0.0009755222023562493,0.007513937502025187,0.032669244797834174,0.04691874618517311,-0.0005521697858245633,-0.000423352416531686,0.009971118943914857,1.0
3,2.0,1.0,1.0,2,26,0.0001,104,0.008471781378446952,0.0009508099845505491,0.006945506553105315,0.030204553252435436,0.04691874618517311,-0.0005104215000069079,-0.0004403884845436412,0.01001850650687884,1.0
3,2.0,1.0,1.0,2,27,0.0001,108,0.008792039537913965,0.0009306523545598022,0.006439271044806123,0.028008611795125305,0.04691874618517311,-0.00047323803031668055,-0.00045741432424312167,0.010110300738721635,1.0
3,2.0,1.0,1.0,2,28,0.0001,112,0.009112580268611059,0.000914407528495198,0.005986471023014131,0.026043721937048913,0.04691874618517311,-0.0004399769382524843,-0.0004744305902427137,0.01023927096837407,1.0
3,2.0,1.0,1.0,2,29,0.0001,116,0.009433323775015934,0.0009015428624651878,0.005579837222604804,0.024278570747498635,0.04691874618517311,-0.0004101050186414712,-0.0004914378438237166,0.010399275705939758,1.0
3,2.0,1.0,1.0,2,30,0.0001,120,0.009754208030893885,0.000891613303588501,0.005213296516082333,0.022686975554051504,0.04691874618517311,-0.00038317673450294354,-0.0005084365690855575,0.010585129693785736,1.0
3,2.0,1.0,1.0,2,31,0.0001,124,0.010075184403128934,0.0008842446489046862,0.004881743133352185,0.021246907386728773,0.04691874618517311,-0.0003588174630330676,-0.0005254271858716186,0.010792481028260543,1.0
3,2.0,1.0,1.0,2,32,0.0001,128,0.010396214450986152,0.0008791204234426253,0.004580859379421108,0.01993972460805308,0.04691874618517311,-0.000336710363300019,-0.0005424100601426063,0.011017696490930585,1.0
3,2.0,1.0,1.0,2,33,0.0001,132,0.010717267560726329,0.0008759715098211052,0.004306973972429908,0.018749566573596287,0.04691874618517311,-0.00031658599740480575,-0.0005593855124162994,0.011257755823493993,1.0
3,2.0,1.0,1.0,2,34,0.0001,136,0.011038319179959455,0.0008745678888591457,0.004056949238952538,0.017662870241043557,0.04691874618517311,-0.000298214064217428,-0.0005763538246417177,0.011510156228831815,1.0
3,2.0,1.0,1.0,2,35,0.0001,140,0.011359349487465975,0.0008747120137747588,0.0038280906356935847,0.01666798203971131,0.04691874618517311,-0.00028139676789984414,-0.0005933152458749147,0.011772827962303967,1.0
3,2.0,1.0,1.0,2,36,0.0001,144,0.011680342382499376,0.0008762334588195975,0.0036180736844145596,0.015754844134757987,0.04691874618517311,-0.0002659634618445983,-0.0006102699969749992,0.012044061179318773,1.0
3,2.0,1.0,1.0,2,37,0.0001,148,0.012001284710522864,0.0008789845695348353,0.003424884591162389,0.014914739224723417,0.04691874618517311,-0.0002517662950331512,-0.0006272182745016841,0.012322443577473903,1.0
3,2.0,1.0,1.0,2,38,0.0001,152,0.01232216566544686,0.0008828369059417085,0.0032467716960566852,0.014140081716514093,0.04691874618517311,-0.00023867665194821086,-0.0006441602539934976,0.012606807939998847,1.0
3,2.0,1.0,1.0,2,39,0.0001,156,0.012642976324827138,0.0008876783175650882,0.0030822055526559576,0.013424245889971303,0.04691874618517311,-0.00022658222482713208,-0.0006610960927379561,0.012896188458159354,1.0
3,2.0,1.0,1.0,2,40,0.0001,160,0.012963709285944258,0.0008934105252260127,0.002929845926735954,0.012761423749153972,0.04691874618517311,-0.00021538459314668357,-0.0006780259320793292,0.013189784640647581,1.0
3,2.0,1.0,1.0,2,1,0.00012955586655595704,4,0.9535154985056414,0.6665213487323193,1.7754758754156221,20.418277998646353,0.04691874618517311,0.6667062453626739,-0.0001848966303545918,0.9764449686599088,0.9994454968173606
3,2.0,1.0,1.0,2,2,0.00012955586655595704,8,0.7501033356271607,0.01688050822473368,1.703262120963047,5.104569499661588,0.04691874618517311,-0.016928060843056092,4.755261832241342e-05,0.8659519690983426,0.9943975375699263
3,2.0,1.0,1.0,2,3,0.00012955586655595704,12,0.11309224424674702,0.05110276974961392,0.6465033274769314,2.26869755540515,0.04691874618517311,-0.051088350768455776,-1.4418981158142996e-05,0.3349348120541725,1.0
3,2.0,1.0,1.0,2,4,0.00012955586655595704,16,0.0351069822030875,0.024727678766779726,0.32996818991952026,1.276142374915397,0.04691874618517311,-0.024664505326011166,-6.317344076856024e-05,0.18349816247442585,1.0
3,2.0,1.0,1.0,2,5,0.00012955586655595704,20,0.015456464136802905,0.014957474190980757,0.20204427626216956,0.8167311199458542,0.04691874618517311,-0.014863750554480692,-9.372363650006488e-05,0.11636355388137774,1.0
3,2.0,1.0,1.0,2,6,0.00012955586655595704,24,0.008874137352570699,0.010161883139581496,0.13703972607761442,0.5671743888512875,0.04691874618517311,-0.010042076013427548,-0.00011980712615394795,0.08061655297794834,1.0
3,2.0,1.0,1.0,2,7,0.00012955586655595704,28,0.006349936591338534,0.00741403174467431,0.0992782066218363,0.4166995509927826,0.04691874618517311,-0.00726979479536477,-0.00014423694930953967,0.05939561648353712,1.0
3,2.0,1.0,1.0,2,8,0.00012955586655595704,32,0.0053601236564728705,0.005684742552116706,0.07532554959713002,0.31903559372884926,0.04691874618517311,-0.005516868887537385,-0.00016787366457932107,0.04581053544457166,1.0
3,2.0,1.0,1.0,2,9,0.00012955586655595704,36,0.005037089220360946,0.004525076232682723,0.059150524155571496,0.2520775061561278,0.04691874618517311,-0.004334012982422419,-0.0001910632502603038,0.036623078859185296,1.0
3,2.0,1.0,1.0,2,10,0.00012955586655595704,40,0.005035503320756307,0.0037106597789294815,0.04770179173662876,0.20418277998646356,0.04691874618517311,-0.0034966876067205055,-0.00021397217220897602,0.030149719418566652,1.0
3,2.0,1.0,1.0,2,11,0.00012955586655595704,44,0.005201850908871264,0.0031183058984945444,0.039295313841501645,0.16874609916236655,0.04691874618517311,-0.0028816148547965437,-0.00023669104369800076,0.025445418573513803,1.0
3,2.0,1.0,1.0,2,12,0.00012955586655595704,48,0.005461726037699122,0.002675509210872673,0.03293779316280698,0.14179359721282186,0.04691874618517311,-0.002416235450498294,-0.0002592737603743789,0.021946826508055444,1.0
3,2.0,1.0,1.0,2,13,0.00012955586655595704,52,0.005776470256712241,0.0023372254537111226,0.02801170527132878,0.12081821300974174,0.04691874618517311,-0.0020554708813628753,-0.0002817545723482473,0.01930152706881995,1.0
3,2.0,1.0,1.0,2,14,0.00012955586655595704,56,0.006124817446581887,0.0020742284616421802,0.02411636404278435,0.10417488774819565,0.04691874618517311,-0.0017700720758254684,-0.0003041563858167118,0.01728014194179848,1.0
3,2.0,1.0,1.0,2,15,0.00012955586655595704,60,0.006494496187359755,0.001866863870786828,0.02098238183151936,0.09074790221620602,0.04691874618517311,-0.0015403687170760794,-0.00032649515371074855,0.01572827676373224,1.0
3,2.0,1.0,1.0,2,16,0.00012955586655595704,64,0.006878131816896116,0.001701510114894278,0.018423130649518154,0.07975889843221232,0.04691874618517311,-0.0013527277569728713,-0.00034878235792140666,0.014538873837787814,1.0
3,2.0,1.0,1.0,2,17,0.00012955586655595704,68,0.007271134804102575,0.001568480649519588,0.016305952818450993,0.07065148096417423,0.04691874618517311,-0.0011974541590372145,-0.00037102649048237346,0.01363559361404875,1.0
3,2.0,1.0,1.0,2,18,0.00012955586655595704,72,0.007670560749784672,0.0014607321408193208,0.01453443058022347,0.06301937653903195,0.04691874618517311,-0.001067498163079883,-0.0003932339777394378,0.012962451192047822,1.0
3,2.0,1.0,1.0,2,19,0.00012955586655595704,76,0.00807446959328939,0.0013730425267828306,0.013037106678338092,0.056560326866056373,0.04691874618517311,-0.0009576327478855728,-0.0004154097788972577,0.012477169985073991,1.0
3,2.0,1.0,1.0,2,20,0.00012955586655595704,80,0.008481552478989962,0.0013014729815974957,0.011760103202647889,0.05104569499661589,0.04691874618517311,-0.0008639151953815927,-0.000437557786215903,0.012146850532688932,1.0
3,2.0,1.0,1.0,2,21,0.00012955586655595704,84,0.008890907604133691,0.0012430068349493784,0.010662169892719012,0.046299950110309185,0.04691874618517311,-0.000783325734964313,-0.00045968109998506534,0.011945144184910939,1.0
3,2.0,1.0,1.0,2,22,0.00012955586655595704,88,0.009301901780706112,0.0011953018413609628,0.009711288236463812,0.04218652479059164,0.04691874618517311,-0.0007135196193590598,-0.000481782222001903,0.011850431246481222,1.0
3,2.0,1.0,1.0,2,23,0.00012955586655595704,92,0.009714082786998368,0.0011565168374667034,0.00888229623726891,0.03859787901445435,0.04691874618517311,-0.0006526536428984042,-0.0005038631945682992,0.011844667434823252,1.0
3,2.0,1.0,1.0,2,24,0.00012955586655595704,96,0.01012712262139348,0.001125188286033585,0.008155197413028059,0.035448399303205466,0.04691874618517311,-0.0005992625838136534,-0.0005259257022199315,0.01191265776457271,1.0
3,2.0,1.0,1.0,2,25,0.00012955586655595704,100,0.01054078001202452,0.0011001409332195844,0.007513937502025187,0.032669244797834174,0.04691874618517311,-0.0005521697858245633,-0.0005479711473950211,0.012041584375103784,1.0
3,2.0,1.0,1.0,2,26,0.00012955586655595704,104,0.010954875187860202,0.0010804222075653236,0.006945506553105315,0.030204553252435436,0.04691874618517311,-0.0005104215000069079,-0.0005700007075584157,0.012220670993048055,1.0
3,2.0,1.0,1.0,2,27,0.00012955586655595704,108,0.01136927261300158,0.0010652534092388533,0.006439271044806123,0.028008611795125305,0.04691874618517311,-0.00047323803031668055,-0.0005920153789221727,0.012440913741603173,1.0
3,2.0,1.0,1.0,2,28,0.00012955586655595704,112,0.011783868986645185,0.0010539929485146038,0.005986471023014131,0.026043721937048913,0.04691874618517311,-0.0004399769382524843,-0.0006140160102621195,0.01269484321471702,1.0
3,2.0,1.0,1.0,2,29,0.00012955586655595704,116,0.012198584783552513,0.0010461083480800548,0.005579837222604804,0.024278570747498635,0.04691874618517311,-0.0004101050186414712,-0.0006360033294385836,0.012976305013281715,1.0
3,2.0,1.0,1.0,2,30,0.00012955586655595704,120,0.01261335821137699,0.0010411546988285947,0.005213296516082333,0.022686975554051504,0.04691874618517311,-0.00038317673450294354,-0.0006579779643256511,0.013280257220128093,1.0
3,2.0,1.0,1.0,2,31,0.00012955586655595704,124,0.013028140841763403,0.0010387579225779042,0.004881743133352185,0.021246907386728773,0.04691874618517311,-0.0003588174630330676,-0.0006799404595448366,0.013602587169019052,1.0
3,2.0,1.0,1.0,2,32,0.00012955586655595704,128,0.013442894415205187,0.0010386016532159537,0.004580859379421108,0.01993972460805308,0.04691874618517311,-0.000336710363300019,-0.0007018912899159346,0.013939949837230846,1.0
3,2.0,1.0,1.0,2,33,0.00012955586655595704,132,0.01385758848005092,0.0010404168687876414,0.004306973972429908,0.018749566573596287,0.04691874618517311,-0.00031658599740480575,-0.0007238308713828356,0.01428962872916097,1.0
3,2.0,1.0,1.0,2,34,0.00012955586655595704,136,0.014272198630289168,0.0010439736341399941,0.004056949238952538,0.017662870241043557,0.04691874618517311,-0.000298214064217428,-0.0007457595699225661,0.014649418560753014,1.0
3,2.0,1.0,1.0,2,35,0.00012955586655595704,140,0.014686705178098114,0.0010490744768008042,0.0038280906356935847,0.01666798203971131,0.04691874618517311,-0.00028139676789984414,-0.0007676777089009601,0.015017527935123348,1.0
3,2.0,1.0,1.0,2,36,0.00012955586655595704,144,0.015101092145330064,0.0010555490369908438,0.0036180736844145596,0.015754844134757987,0.04691874618517311,-0.0002659634618445983,-0.0007895855751462455,0.015392499601965553,1.0
3,2.0,1.0,1.0,2,37,0.00012955586655595704,148,0.01551534649101538,0.0010632497190457557,0.003424884591162389,0.014914739224723417,0.04691874618517311,-0.0002517662950331512,-0.0008114834240126045,0.01577314571472231,1.0
3,2.0,1.0,1.0,2,38,0.00012955586655595704,152,0.01592945751501773,0.0010720481355668277,0.0032467716960566852,0.014140081716514093,0.04691874618517311,-0.00023867665194821086,-0.0008333714836186168,0.016158495595321336,1.0
3,2.0,1.0,1.0,2,39,0.00012955586655595704,156,0.016343416394401067,0.0010818321832610778,0.0030822055526559576,0.013424245889971303,0.04691874618517311,-0.00022658222482713208,-0.0008552499584339457,0.016547753761725344,1.0
3,2.0,1.0,1.0,2,40,0.00012955586655595704,160,0.01675721582046885,0.0010925036254229026,0.002929845926735954,0.012761423749153972,0.04691874618517311,-0.00021538459314668357,-0.000877119032276219,0.01694026627964168,1.0
3,2.0,1.0,1.0,2,1,0.00016784722559064962,4,0.953502516672285,0.6664667055175235,1.7754758754156221,20.418277998646353,0.04691874618517311,0.6667062453626739,-0.00023953984515034943,0.9764276220009283,0.9992816812086887
3,2.0,1.0,1.0,2,2,0.00016784722559064962,8,0.7501398299675485,0.016866466565281846,1.703262120963047,5.104569499661588,0.04691874618517311,-0.016928060843056092,6.15942777742462e-05,0.8659337393203728,0.9927492021072603
3,2.0,1.0,1.0,2,3,0.00016784722559064962,12,0.1134235291218636,0.05110702805220041,0.6465033274769314,2.26869755540515,0.04691874618517311,-0.051088350768455776,-1.867728374463362e-05,0.33502812153110884,1.0
3,2.0,1.0,1.0,2,4,0.00016784722559064962,16,0.03559223151448809,0.024746333441006685,0.32996818991952026,1.276142374915397,0.04691874618517311,-0.024664505326011166,-8.182811499551912e-05,0.18366699324416175,1.0
3,2.0,1.0,1.0,2,5,0.00016784722559064962,20,0.016076172333358008,0.014985145139885747,0.20204427626216956,0.8167311199458542,0.04691874618517311,-0.014863750554480692,-0.00012139458540505466,0.11660002410956753,1.0
3,2.0,1.0,1.0,2,6,0.00016784722559064962,24,0.009622426763313374,0.010197248133205494,0.13703972607761442,0.5671743888512875,0.04691874618517311,-0.010042076013427548,-0.00015517211977794654,0.08091871661330227,1.0
3,2.0,1.0,1.0,2,7,0.00016784722559064962,28,0.007224462205365989,0.007456599490958837,0.0992782066218363,0.4166995509927826,0.04691874618517311,-0.00726979479536477,-0.0001868046955940672,0.05976431518544619,1.0
3,2.0,1.0,1.0,2,8,0.00016784722559064962,32,0.006359745559243679,0.0057342759687473155,0.07532554959713002,0.31903559372884926,0.04691874618517311,-0.005516868887537385,-0.00021740708120993046,0.046248569446176696,1.0
3,2.0,1.0,1.0,2,9,0.00016784722559064962,36,0.0061611576515931965,0.004581440445819207,0.059150524155571496,0.2520775061561278,0.04691874618517311,-0.004334012982422419,-0.00024742746339678767,0.03713494864134783,1.0
3,2.0,1.0,1.0,2,10,0.00016784722559064962,40,0.006283594490373967,0.003773769095216095,0.04770179173662876,0.20418277998646356,0.04691874618517311,-0.0034966876067205055,-0.00027708148849558967,0.0307415448495384,1.0
3,2.0,1.0,1.0,2,11,0.00016784722559064962,44,0.006573655675036427,0.003188101397238796,0.039295313841501645,0.16874609916236655,0.04691874618517311,-0.0028816148547965437,-0.0003064865424422525,0.02612489784463564,1.0
3,2.0,1.0,1.0,2,12,0.00016784722559064962,48,0.006956998001865111,0.0027519478967175104,0.03293779316280698,0.14179359721282186,0.04691874618517311,-0.002416235450498294,-0.00033571244621921625,0.022723159056929128,1.0
3,2.0,1.0,1.0,2,13,0.00016784722559064962,52,0.0073949995351623166,0.0024202744526022335,0.02801170527132878,0.12081821300974174,0.04691874618517311,-0.0020554708813628753,-0.00036480357123935825,0.02018524329788702,1.0
3,2.0,1.0,1.0,2,14,0.00016784722559064962,56,0.007866416519760056,0.0021638616692941093,0.02411636404278435,0.10417488774819565,0.04691874618517311,-0.0017700720758254684,-0.00039378959346864084,0.018282792319669314,1.0
3,2.0,1.0,1.0,2,15,0.00016784722559064962,60,0.008358991838815055,0.0019630598982825487,0.02098238183151936,0.09074790221620602,0.04691874618517311,-0.0015403687170760794,-0.0004226911812064693,0.016861949698637725,1.0
3,2.0,1.0,1.0,2,16,0.00016784722559064962,64,0.008865360325597593,0.00180425096764103,0.018423130649518154,0.07975889843221232,0.04691874618517311,-0.0013527277569728713,-0.0004515232106681588,0.015815544758974835,1.0
3,2.0,1.0,1.0,2,17,0.00016784722559064962,68,0.009380938962272656,0.0016777508438253763,0.016305952818450993,0.07065148096417423,0.04691874618517311,-0.0011974541590372145,-0.0004802966847881618,0.015066357875324869,1.0
3,2.0,1.0,1.0,2,18,0.00016784722559064962,72,0.009902787949109149,0.0015765180935194412,0.01453443058022347,0.06301937653903195,0.04691874618517311,-0.001067498163079883,-0.0005090199304395582,0.014556748452274386,1.0
3,2.0,1.0,1.0,2,19,0.00016784722559064962,76,0.010428970559672623,0.0014953321217193172,0.013037106678338092,0.056560326866056373,0.04691874618517311,-0.0009576327478855728,-0.0005376993738337443,0.014242142683437611,1.0
3,2.0,1.0,1.0,2,20,0.00016784722559064962,80,0.010958180413846885,0.0014302552543439262,0.011760103202647889,0.05104569499661589,0.04691874618517311,-0.0008639151953815927,-0.0005663400589623335,0.014086968653919599,1.0
3,2.0,1.0,1.0,2,21,0.00016784722559064962,84,0.011489517587830234,0.0013782717387859078,0.010662169892719012,0.046299950110309185,0.04691874618517311,-0.000783325734964313,-0.0005949460038215948,0.014062166788121413,1.0
3,2.0,1.0,1.0,2,22,0.00016784722559064962,88,0.012022350349379263,0.0013370400704189045,0.009711288236463812,0.04218652479059164,0.04691874618517311,-0.0007135196193590598,-0.0006235204510598447,0.01414368585421951,1.0
3,2.0,1.0,1.0,2,23,0.00016784722559064962,92,0.01255622762666675,0.0013047196909439784,0.00888229623726891,0.03859787901445435,0.04691874618517311,-0.0006526536428984042,-0.0006520660480455742,0.014311551771641718,1.0
3,2.0,1.0,1.0,2,24,0.00016784722559064962,96,0.01309082234305714,0.0012798475624737349,0.008155197413028059,0.035448399303205466,0.04691874618517311,-0.0005992625838136534,-0.0006805849786600815,0.014549234912505921,1.0
3,2.0,1.0,1.0,2,25,0.00016784722559064962,100,0.013625893983732151,0.0012612488471446803,0.007513937502025187,0.032669244797834174,0.04691874618517311,-0.0005521697858245633,-0.000709079061320117,0.014843155556474811,1.0
3,2.0,1.0,1.0,2,26,0.00016784722559064962,104,0.01416126340752577,0.0012479713229962552,0.006945506553105315,0.030204553252435436,0.04691874618517311,-0.0005104215000069079,-0.0007375498229893473,0.015182251142989005,1.0
3,2.0,1.0,1.0,2,27,0.00016784722559064962,108,0.01469679561082915,0.0012392365861250698,0.006439271044806123,0.028008611795125305,0.04691874618517311,-0.00047323803031668055,-0.0007659985558083893,0.01555758007007156,1.0
3,2.0,1.0,1.0,2,28,0.00016784722559064962,112,0.015232387749371634,0.0012344032991710163,0.005986471023014131,0.026043721937048913,0.04691874618517311,-0.0004399769382524843,-0.000794426360918532,0.015961960655579997,1.0
3,2.0,1.0,1.0,2,29,0.00016784722559064962,116,0.015767960694975436,0.0012329392014510665,0.005579837222604804,0.024278570747498635,0.04691874618517311,-0.0004101050186414712,-0.0008228341828095953,0.01638965053662401,1.0
3,2.0,1.0,1.0,2,30,0.00016784722559064962,120,0.01630345300518954,0.0012343995709360733,0.005213296516082333,0.022686975554051504,0.04691874618517311,-0.00038317673450294354,-0.0008512228364331298,0.016836070356741478,1.0
3,2.0,1.0,1.0,2,31,0.00016784722559064962,124,0.01683881656379338,0.0012384104919222483,0.004881743133352185,0.021246907386728773,0.04691874618517311,-0.0003588174630330676,-0.0008795930288891807,0.017297571917862267,1.0
3,2.0,1.0,1.0,2,32,0.00016784722559064962,128,0.017374013392922993,0.0012446557401435965,0.004580859379421108,0.01993972460805308,0.04691874618517311,-0.000336710363300019,-0.0009079453768435775,0.01777124779916929,1.0
3,2.0,1.0,1.0,2,33,0.00016784722559064962,132,0.01790901329772221,0.001252866418091525,0.004306973972429908,0.018749566573596287,0.04691874618517311,-0.00031658599740480575,-0.0009362804206867192,0.018254777564854004,1.0
3,2.0,1.0,1.0,2,34,0.00016784722559064962,136,0.018443792108599144,0.0012628127002959344,0.004056949238952538,0.017662870241043557,0.04691874618517311,-0.000298214064217428,-0.0009645986360785064,0.018746304985759035,1.0
3,2.0,1.0,1.0,2,35,0.00016784722559064962,140,0.018978330357294237,0.0012742972113697904,0.0038280906356935847,0.01666798203971131,0.04691874618517311,-0.00028139676789984414,-0.0009929004434699462,0.019244340806139015,1.0
3,2.0,1.0,1.0,2,36,0.00016784722559064962,144,0.019512612271207264,0.0012871496778238956,0.0036180736844145596,0.015754844134757987,0.04691874618517311,-0.0002659634618445983,-0.0010211862159792973,0.0197476861300051,1.0
3,2.0,1.0,1.0,2,37,0.00016784722559064962,148,0.020046625003160568,0.0013012225809803102,0.003424884591162389,0.014914739224723417,0.04691874618517311,-0.0002517662950331512,-0.001049456285947159,0.02025537222016182,1.0
3,2.0,1.0,1.0,2,38,0.00016784722559064962,152,0.020580358036910162,0.0013163876023787324,0.0032467716960566852,0.014140081716514093,0.04691874618517311,-0.00023867665194821086,-0.0010777109504305216,0.020766613239695343,1.0
3,2.0,1.0,1.0,2,39,0.00016784722559064962,156,0.02111380272502683,0.001332532700670741,0.0030822055526559576,0.013424245889971303,0.04691874618517311,-0.00022658222482713208,-0.001105950475843609,0.021280769139226417,1.0
3,2.0,1.0,1.0,2,40,0.00016784722559064962,160,0.021646951927167257,0.001349559694999336,0.002929845926735954,0.012761423749153972,0.04691874618517311,-0.00021538459314668357,-0.0011341751018526525,0.021797316470838532,1.0
3,2.0,1.0,1.0,2,1,0.00021745592760409819,4,0.9534857002721481,0.6663959151389187,1.7754758754156221,20.418277998646353,0.04691874618517311,0.6667062453626739,-0.00031033022375515085,0.9764051520457426,0.9990694977153085
3,2.0,1.0,1.0,2,2,0.00021745592760409819,8,0.750187096553125,0.016848283540061793,1.703262120963047,5.104569499661588,0.04691874618517311,-0.016928060843056092,7.977730299429941e-05,0.865910139084771,0.9906187603257707
3,2.0,1.0,1.0,2,3,0.00021745592760409819,12,0.11385253116618632,0.051112542658855675,0.6465033274769314,2.26869755540515,0.04691874618517311,-0.051088350768455776,-2.419189039989944e-05,0.3351491405060172,1.0
3,2.0,1.0,1.0,2,4,0.00021745592760409819,16,0.03622050750465111,0.024770490283693714,0.32996818991952026,1.276142374915397,0.04691874618517311,-0.024664505326011166,-0.00010598495768254779,0.18388624466818385,1.0
3,2.0,1.0,1.0,2,5,0.00021745592760409819,20,0.016878405080200665,0.015020974213612925,0.20204427626216956,0.8167311199458542,0.04691874618517311,-0.014863750554480692,-0.0001572236591322329,0.11690780322280683,1.0
3,2.0,1.0,1.0,2,6,0.00021745592760409819,24,0.010590950928348386,0.010243035019500524,0.13703972607761442,0.5671743888512875,0.04691874618517311,-0.010042076013427548,-0.000200959006072976,0.08131330170171562,1.0
3,2.0,1.0,1.0,2,7,0.00021745592760409819,28,0.008356187904551504,0.007511705975173144,0.0992782066218363,0.4166995509927826,0.04691874618517311,-0.00726979479536477,-0.00024191117980837396,0.060247945741893835,1.0
3,2.0,1.0,1.0,2,8,0.00021745592760409819,32,0.007653143699935527,0.005798393088531084,0.07532554959713002,0.31903559372884926,0.04691874618517311,-0.005516868887537385,-0.0002815242009936991,0.04682641836348539,1.0
3,2.0,1.0,1.0,2,9,0.00021745592760409819,36,0.007615333990075079,0.004654391623819032,0.059150524155571496,0.2520775061561278,0.04691874618517311,-0.004334012982422419,-0.00032037864139661254,0.03781481190351456,1.0
3,2.0,1.0,1.0,2,10,0.00021745592760409819,40,0.007897947498751945,0.0038554414575239226,0.04770179173662876,0.20418277998646356,0.04691874618517311,-0.0034966876067205055,-0.00035875385080341715,0.03153372060574951,1.0
3,2.0,1.0,1.0,2,11,0.00021745592760409819,44,0.008347732380674544,0.00327841675023538,0.039295313841501645,0.16874609916236655,0.04691874618517311,-0.0028816148547965437,-0.00039680189543883637,0.027042049763816453,1.0
3,2.0,1.0,1.0,2,12,0.00021745592760409819,48,0.008890426774432747,0.002850848677036666,0.03293779316280698,0.14179359721282186,0.04691874618517311,-0.002416235450498294,-0.00043461322653837176,0.023780033741095278,1.0
3,2.0,1.0,1.0,2,13,0.00021745592760409819,52,0.009487456124310789,0.0025277162092881555,0.02801170527132878,0.12081821300974174,0.04691874618517311,-0.0020554708813628753,-0.0004722453279252803,0.02139814095555141,1.0
3,2.0,1.0,1.0,2,14,0.00021745592760409819,56,0.010117605732690271,0.002279808722529697,0.02411636404278435,0.10417488774819565,0.04691874618517311,-0.0017700720758254684,-0.0005097366467042286,0.019668728603750088,1.0
3,2.0,1.0,1.0,2,15,0.00021745592760409819,60,0.010768637103107936,0.002087482678275465,0.02098238183151936,0.09074790221620602,0.04691874618517311,-0.0015403687170760794,-0.0005471139611993858,0.018437521142133043,1.0
3,2.0,1.0,1.0,2,16,0.00021745592760409819,64,0.011433197464609135,0.0019371243034079777,0.018423130649518154,0.07975889843221232,0.04691874618517311,-0.0013527277569728713,-0.0005843965464351064,0.017595621649608692,1.0
3,2.0,1.0,1.0,2,17,0.00021745592760409819,68,0.012106712334145842,0.0018190528188411492,0.016305952818450993,0.07065148096417423,0.04691874618517311,-0.0011974541590372145,-0.0006215986598039347,0.0170628407818723,1.0
3,2.0,1.0,1.0,2,18,0.00021745592760409819,72,0.01278624796904404,0.0017262292550436764,0.01453443058022347,0.06301937653903195,0.04691874618517311,-0.001067498163079883,-0.0006587310919637934,0.016777672416170068,1.0
3,2.0,1.0,1.0,2,19,0.00021745592760409819,76,0.013469872061865784,0.0016534349192203202,0.013037106678338092,0.056560326866056373,0.04691874618517311,-0.0009576327478855728,-0.0006958021713347473,0.01669134477045392,1.0
3,2.0,1.0,1.0,2,20,0.00021745592760409819,80,0.014156281539738802,0.0015967336310906965,0.011760103202647889,0.05104569499661589,0.04691874618517311,-0.0008639151953815927,-0.0007328184357091039,0.016764365502930895,1.0
3,2.0,1.0,1.0,2,21,0.00021745592760409819,84,0.014844579013740256,0.0015531108286828132,0.010662169892719012,0.046299950110309185,0.04691874618517311,-0.000783325734964313,-0.0007697850937185002,0.016964504619788157,1.0
3,2.0,1.0,1.0,2,22,0.00021745592760409819,88,0.015534134738583338,0.001520225968903166,0.009711288236463812,0.04218652479059164,0.04691874618517311,-0.0007135196193590598,-0.0008067063495441062,0.017265519215999572,1.0
3,2.0,1.0,1.0,2,23,0.00021745592760409819,92,0.01622449923331737,0.0014962392790875412,0.00888229623726891,0.03859787901445435,0.04691874618517311,-0.0006526536428984042,-0.000843585636189137,0.017646212015202233,1.0
3,2.0,1.0,1.0,2,24,0.00021745592760409819,96,0.016915346720937974,0.0014796883700228247,0.008155197413028059,0.035448399303205466,0.04691874618517311,-0.0005992625838136534,-0.0008804257862091713,0.018089629840899436,1.0
3,2.0,1.0,1.0,2,25,0.00021745592760409819,100,0.01760643776875437,0.0014693989445240252,0.007513937502025187,0.032669244797834174,0.04691874618517311,-0.0005521697858245633,-0.0009172291586994619,0.01858233839862292,1.0
3,2.0,1.0,1.0,2,26,0.00021745592760409819,104,0.018297594152977825,0.0014644192351861984,0.006945506553105315,0.030204553252435436,0.04691874618517311,-0.0005104215000069079,-0.0009539977351792905,0.019113768920872617,1.0
3,2.0,1.0,1.0,2,27,0.00021745592760409819,108,0.018988681660946805,0.0014639712232645263,0.006439271044806123,0.028008611795125305,0.04691874618517311,-0.00047323803031668055,-0.0009907331929478458,0.019675647373808718,1.0
3,2.0,1.0,1.0,2,28,0.00021745592760409819,112,0.019679598141148835,0.0014674139001201736,0.005986471023014131,0.026043721937048913,0.04691874618517311,-0.0004399769382524843,-0.0010274369618676893,0.020261512768815736,1.0
3,2.0,1.0,1.0,2,29,0.00021745592760409819,116,0.020370265081057104,0.0014742152874905323,0.005579837222604804,0.024278570747498635,0.04691874618517311,-0.0004101050186414712,-0.0010641102688490611,0.020866322669225956,1.0
3,2.0,1.0,1.0,2,30,0.00021745592760409819,120,0.021060621592687512,0.0014839309074940465,0.005213296516082333,0.022686975554051504,0.04691874618517311,-0.00038317673450294354,-0.001100754172991103,0.021486137524521068,1.0
3,2.0,1.0,1.0,2,31,0.00021745592760409819,124,0.02175062006528561,0.0014961870566967406,0.004881743133352185,0.021246907386728773,0.04691874618517311,-0.0003588174630330676,-0.001137369593663673,0.022117872293201273,1.0
3,2.0,1.0,1.0,2,32,0.00021745592760409819,128,0.022440222986840563,0.001510667696378143,0.004580859379421108,0.01993972460805308,0.04691874618517311,-0.000336710363300019,-0.0011739573330781239,0.022759103236820333,1.0
3,2.0,1.0,1.0,2,33,0.00021745592760409819,132,0.02312940059607338,0.001527104092032383,0.004306973972429908,0.018749566573596287,0.04691874618517311,-0.00031658599740480575,-0.0012105180946275773,0.023407918711054326,1.0
3,2.0,1.0,1.0,2,34,0.00021745592760409819,136,0.02381812913044934,0.001545266562061054,0.004056949238952538,0.017662870241043557,0.04691874618517311,-0.000298214064217428,-0.001247052497843626,0.02406280439003683,1.0
3,2.0,1.0,1.0,2,35,0.00021745592760409819,140,0.024506389506821824,0.0015649578586355295,0.0038280906356935847,0.01666798203971131,0.04691874618517311,-0.00028139676789984414,-0.0012835610907356854,0.024722555110544817,1.0
3,2.0,1.0,1.0,2,36,0.00021745592760409819,144,0.02519416631941762,0.0015860078218341012,0.0036180736844145596,0.015754844134757987,0.04691874618517311,-0.0002659634618445983,-0.0013200443599895029,0.025386207140543345,1.0
3,2.0,1.0,1.0,2,37,0.00021745592760409819,148,0.025881447072550023,0.0016082690344920159,0.003424884591162389,0.014914739224723417,0.04691874618517311,-0.0002517662950331512,-0.0013565027394588647,0.026052986053584685,1.0
3,2.0,1.0,1.0,2,38,0.00021745592760409819,152,0.026568221588520347,0.0016316132692411056,0.0032467716960566852,0.014140081716514093,0.04691874618517311,-0.00023867665194821086,-0.0013929366172928948,0.02672226650762895,1.0
3,2.0,1.0,1.0,2,39,0.00021745592760409819,156,0.02725448154744181,0.0016559285667602786,0.0030822055526559576,0.013424245889971303,0.04691874618517311,-0.00022658222482713208,-0.0014293463419331465,0.02739354110626218,1.0
3,2.0,1.0,1.0,2,40,0.00021745592760409819,160,0.027940220127133597,0.0016811168203156313,0.002929845926735954,0.012761423749153972,0.04691874618517311,-0.00021538459314668357,-0.0014657322271689477,0.028066396199490588,1.0
3,2.0,1.0,1.0,2,1,0.000281726911384784,4,0.953463917543893,0.6663042072736153,1.7754758754156221,20.418277998646353,0.04691874618517311,0.6667062453626739,-0.0004020380890585873,0.9763760470413053,0.9987946841643807
3,2.0,1.0,1.0,2,2,0.000281726911384784,8,0.7502483097406719,0.016824741077419103,1.703262120963047,5.104569499661588,0.04691874618517311,-0.016928060843056092,0.00010331976563698886,0.8658795929745886,0.9878671297399986
3,2.0,1.0,1.0,2,3,0.000281726911384784,12,0.11440799807288404,0.05111968333846678,0.6465033274769314,2.26869755540515,0.04691874618517311,-0.051088350768455776,-3.1332570011005645e-05,0.3353061474812574,1.0
3,2.0,1.0,1.0,2,4,0.000281726911384784,16,0.037033816781718576,0.024801767791875984,0.32996818991952026,1.276142374915397,0.04691874618517311,-0.024664505326011166,-0.00013726246586481805,0.18417117145944062,1.0
3,2.0,1.0,1.0,2,5,0.000281726911384784,20,0.017916678797437968,0.015067358881741488,0.20204427626216956,0.8167311199458542,0.04691874618517311,-0.014863750554480692,-0.0002036083272607958,0.11730892460532963,1.0
3,2.0,1.0,1.0,2,6,0.000281726911384784,24,0.011844173723935869,0.010302303385126999,0.13703972607761442,0.5671743888512875,0.04691874618517311,-0.010042076013427548,-0.00026022737169945076,0.08182972207155714,1.0
3,2.0,1.0,1.0,2,7,0.000281726911384784,28,0.00982027003277508,0.007583028316651641,0.0992782066218363,0.4166995509927826,0.04691874618517311,-0.00726979479536477,-0.0003132335212868709,0.060884476272548456,1.0
3,2.0,1.0,1.0,2,8,0.000281726911384784,32,0.009326016754988897,0.005881366097512553,0.07532554959713002,0.31903559372884926,0.04691874618517311,-0.005516868887537385,-0.00036449720997516755,0.047592305028179495,1.0
3,2.0,1.0,1.0,2,9,0.000281726911384784,36,0.009495751808260788,0.0047487834515659855,0.059150524155571496,0.2520775061561278,0.04691874618517311,-0.004334012982422419,-0.0004147704691435661,0.03872333417833186,1.0
3,2.0,1.0,1.0,2,10,0.000281726911384784,40,0.009985043127722859,0.003961102766315561,0.04770179173662876,0.20418277998646356,0.04691874618517311,-0.0034966876067205055,-0.0004644151595950552,0.03260192938781454,1.0
3,2.0,1.0,1.0,2,11,0.000281726911384784,44,0.010640831417495722,0.0033952431247532555,0.039295313841501645,0.16874609916236655,0.04691874618517311,-0.0028816148547965437,-0.0005136282699567118,0.028290317362434904,1.0
3,2.0,1.0,1.0,2,12,0.000281726911384784,48,0.011388960342386678,0.002978762427281456,0.03293779316280698,0.14179359721282186,0.04691874618517311,-0.002416235450498294,-0.000562526976783162,0.025231191305174643,1.0
3,2.0,1.0,1.0,2,13,0.000281726911384784,52,0.01219091690308749,0.002666656633472264,0.02801170527132878,0.12081821300974174,0.04691874618517311,-0.0020554708813628753,-0.0006111857521093889,0.023076066636937294,1.0
3,2.0,1.0,1.0,2,14,0.000281726911384784,56,0.01302552423819181,0.002429726484140138,0.02411636404278435,0.10417488774819565,0.04691874618517311,-0.0017700720758254684,-0.0006596544083146694,0.02159641054863829,1.0
3,2.0,1.0,1.0,2,15,0.000281726911384784,60,0.013880568176093178,0.002248336359227887,0.02098238183151936,0.09074790221620602,0.04691874618517311,-0.0015403687170760794,-0.0007079676421518077,0.02063486045454486,1.0
3,2.0,1.0,1.0,2,16,0.000281726911384784,64,0.01474871221293117,0.002108878187543184,0.018423130649518154,0.07975889843221232,0.04691874618517311,-0.0013527277569728713,-0.0007561504305703126,0.020077467635655388,1.0
3,2.0,1.0,1.0,2,17,0.000281726911384784,68,0.015625393134811816,0.0020016754096287004,0.016305952818450993,0.07065148096417423,0.04691874618517311,-0.0011974541590372145,-0.0008042212505914859,0.019837800776262394,1.0
3,2.0,1.0,1.0,2,18,0.000281726911384784,72,0.016507685260863325,0.0019196922514075898,0.01453443058022347,0.06301937653903195,0.04691874618517311,-0.001067498163079883,-0.0008521940883277068,0.01984801570825491,1.0
3,2.0,1.0,1.0,2,19,0.000281726911384784,76,0.01739366222499461,0.0018577124881000162,0.013037106678338092,0.056560326866056373,0.04691874618517311,-0.0009576327478855728,-0.0009000797402144434,0.020053924790109416,1.0
3,2.0,1.0,1.0,2,20,0.000281726911384784,80,0.018282025456457074,0.001811801878396635,0.011760103202647889,0.05104569499661589,0.04691874618517311,-0.0008639151953815927,-0.0009478866830150423,0.020412155942684612,1.0
3,2.0,1.0,1.0,2,21,0.000281726911384784,84,0.01917188106850487,0.0017789474065944555,0.010662169892719012,0.046299950110309185,0.04691874618517311,-0.000783325734964313,-0.0009956216716301425,0.020888254503130525,1.0
3,2.0,1.0,1.0,2,22,0.000281726911384784,88,0.020062602108574135,0.0017568097790825465,0.009711288236463812,0.04218652479059164,0.04691874618517311,-0.0007135196193590598,-0.0010432901597234867,0.021455159218391143,1.0
3,2.0,1.0,1.0,2,23,0.000281726911384784,92,0.020953741375490997,0.0017435502448212015,0.00888229623726891,0.03859787901445435,0.04691874618517311,-0.0006526536428984042,-0.0010908966019227972,0.02209185105112372,1.0
3,2.0,1.0,1.0,2,24,0.000281726911384784,96,0.021844974994768007,0.001737707258799459,0.008155197413028059,0.035448399303205466,0.04691874618517311,-0.0005992625838136534,-0.0011384446749858057,0.022782146837029345,1.0
3,2.0,1.0,1.0,2,25,0.000281726911384784,100,0.022736065154398633,0.0017381072281351662,0.007513937502025187,0.032669244797834174,0.04691874618517311,-0.0005521697858245633,-0.0011859374423106028,0.023513657875564763,1.0
3,2.0,1.0,1.0,2,26,0.000281726911384784,104,0.023626835037716454,0.0017437989781549645,0.006945506553105315,0.030204553252435436,0.04691874618517311,-0.0005104215000069079,-0.0012333774781480566,0.024276926454337586,1.0
3,2.0,1.0,1.0,2,27,0.000281726911384784,108,0.02451715167520152,0.0017540049929507529,0.006439271044806123,0.028008611795125305,0.04691874618517311,-0.00047323803031668055,-0.0012807669626340723,0.02506473421355987,1.0
3,2.0,1.0,1.0,2,28,0.000281726911384784,112,0.025406914031059213,0.0017680846935987926,0.005986471023014131,0.026043721937048913,0.04691874618517311,-0.0004399769382524843,-0.0013281077553463083,0.025871562366541603,1.0
3,2.0,1.0,1.0,2,29,0.000281726911384784,116,0.026296044608321467,0.0017855064715827096,0.005579837222604804,0.024278570747498635,0.04691874618517311,-0.0004101050186414712,-0.0013754014529412384,0.02669317797713846,1.0
3,2.0,1.0,1.0,2,30,0.000281726911384784,120,0.027184483455033548,0.0018058261691725752,0.005213296516082333,0.022686975554051504,0.04691874618517311,-0.00038317673450294354,-0.0014226494346696317,0.02752632052248829,1.0
3,2.0,1.0,1.0,2,31,0.000281726911384784,124,0.028072183832678288,0.0018286703617904632,0.004881743133352185,0.021246907386728773,0.04691874618517311,-0.0003588174630330676,-0.0014698528987573956,0.02836846601723715,1.0
3,2.0,1.0,1.0,2,32,0.000281726911384784,128,0.028959109049854326,0.0018537232549565297,0.004580859379421108,0.01993972460805308,0.04691874618517311,-0.000336710363300019,-0.0015170128916565107,0.029217650042450832,1.0
3,2.0,1.0,1.0,2,33,0.000281726911384784,132,0.029845230123748956,0.001880716329192067,0.004306973972429908,0.018749566573596287,0.04691874618517311,-0.00031658599740480575,-0.0015641303317872612,0.03007233501544956,1.0
3,2.0,1.0,1.0,2,34,0.000281726911384784,136,0.030730524035604057,0.0019094200931489835,0.004056949238952538,0.017662870241043557,0.04691874618517311,-0.000298214064217428,-0.0016112060289315555,0.03093131048355409,1.0
3,2.0,1.0,1.0,2,35,0.000281726911384784,140,0.03161497241728917,0.0019396374681071027,0.0038280906356935847,0.01666798203971131,0.04691874618517311,-0.00028139676789984414,-0.0016582407002072586,0.03179361800485134,1.0
3,2.0,1.0,1.0,2,36,0.000281726911384784,144,0.03249856055400424,0.001971198445129163,0.0036180736844145596,0.015754844134757987,0.04691874618517311,-0.0002659634618445983,-0.0017052349832845648,0.03265849433285427,1.0
3,2.0,1.0,1.0,2,37,0.000281726911384784,148,0.03338127662081325,0.002003955742422736,0.003424884591162389,0.014914739224723417,0.04691874618517311,-0.0002517662950331512,-0.001752189447389585,0.03352532825033376,1.0
3,2.0,1.0,1.0,2,38,0.000281726911384784,152,0.03426311109364688,0.002037781254477178,0.0032467716960566852,0.014140081716514093,0.04691874618517311,-0.00023867665194821086,-0.001799104602528967,0.034393627611034885,1.0
3,2.0,1.0,1.0,2,39,0.000281726911384784,156,0.035144056291639414,0.0020725631320961946,0.0030822055526559576,0.013424245889971303,0.04691874618517311,-0.00022658222482713208,-0.0018459809072690625,0.0352629940445897,1.0
3,2.0,1.0,1.0,2,40,0.000281726911384784,160,0.036024106019111546,0.002108203368429651,0.002929845926735954,0.012761423749153972,0.04691874618517311,-0.00021538459314668357,-0.0018928187752829673,0.036133103439415275,1.0
3,2.0,1.0,1.0,2,1,0.00036499374136589037,4,0.9534357032945343,0.6661854031209083,1.7754758754156221,20.418277998646353,0.04691874618517311,0.6667062453626739,-0.0005208422417655179,0.9763383501052116,0.9984387856804929
3,2.0,1.0,1.0,2,2,0.00036499374136589037,8,0.750327575676137,0.01679426512256882,1.703262120963047,5.104569499661588,0.04691874618517311,-0.016928060843056092,0.00013379572048727306,0.8658400679823732,0.9843163937067483
3,2.0,1.0,1.0,2,3,0.00036499374136589037,12,0.11512708380145353,0.05112892810199965,0.6465033274769314,2.26869755540515,0.04691874618517311,-0.051088350768455776,-4.057733354387305e-05,0.3355099276888842,1.0
3,2.0,1.0,1.0,2,4,0.00036499374136589037,16,0.03808640130814622,0.024842257594945627,0.32996818991952026,1.276142374915397,0.04691874618517311,-0.024664505326011166,-0.00017775226893446128,0.184541774672066,1.0
3,2.0,1.0,1.0,2,5,0.00036499374136589037,20,0.01926003629487516,0.01512739590397183,0.20204427626216956,0.8167311199458542,0.04691874618517311,-0.014863750554480692,-0.00026364534949113727,0.11783257754516176,1.0
3,2.0,1.0,1.0,2,6,0.00036499374136589037,24,0.013465187467591289,0.010379003093036465,0.13703972607761442,0.5671743888512875,0.04691874618517311,-0.010042076013427548,-0.00033692707960891743,0.0825074884763218,1.0
3,2.0,1.0,1.0,2,7,0.00036499374136589037,28,0.011713496778652521,0.007675310938317359,0.0992782066218363,0.4166995509927826,0.04691874618517311,-0.00726979479536477,-0.00040551614295258887,0.06172574757869576,1.0
3,2.0,1.0,1.0,2,8,0.00036499374136589037,32,0.011488630864421423,0.005988704050759852,0.07532554959713002,0.31903559372884926,0.04691874618517311,-0.005516868887537385,-0.0004718351632224671,0.04861320399636158,1.0
3,2.0,1.0,1.0,2,9,0.00036499374136589037,36,0.011925992610147595,0.00487087120334051,0.059150524155571496,0.2520775061561278,0.04691874618517311,-0.004334012982422419,-0.0005368582209180905,0.039946090974352325,1.0
3,2.0,1.0,1.0,2,10,0.00036499374136589037,40,0.012681641319534975,0.004097741648916964,0.04770179173662876,0.20418277998646356,0.04691874618517311,-0.0034966876067205055,-0.0006010540421964583,0.034054169311608,1.0
3,2.0,1.0,1.0,2,11,0.00036499374136589037,44,0.013602767412094874,0.003546292658685113,0.039295313841501645,0.16874609916236655,0.04691874618517311,-0.0028816148547965437,-0.0006646778038885692,0.030003718844632897,1.0
3,2.0,1.0,1.0,2,12,0.00036499374136589037,48,0.014615351616417138,0.0031441167551827798,0.03293779316280698,0.14179359721282186,0.04691874618517311,-0.002416235450498294,-0.0007278813046844856,0.02723918924884917,1.0
3,2.0,1.0,1.0,2,13,0.00036499374136589037,52,0.015680961082029765,0.002846231909671204,0.02801170527132878,0.12081821300974174,0.04691874618517311,-0.0020554708813628753,-0.0007907610283083288,0.025410610112386628,1.0
3,2.0,1.0,1.0,2,14,0.00036499374136589037,56,0.01677846839453423,0.0026234535921854096,0.02411636404278435,0.10417488774819565,0.04691874618517311,-0.0017700720758254684,-0.0008533815163599412,0.024284294862154148,1.0
3,2.0,1.0,1.0,2,15,0.00036499374136589037,60,0.017895691341924147,0.002456156447642577,0.02098238183151936,0.09074790221620602,0.04691874618517311,-0.0015403687170760794,-0.0009157877305664974,0.023694620581548358,1.0
3,2.0,1.0,1.0,2,16,0.00036499374136589037,64,0.01902531495126203,0.002330739798985293,0.018423130649518154,0.07975889843221232,0.04691874618517311,-0.0013527277569728713,-0.0009780120420124216,0.023517848254731806,1.0
3,2.0,1.0,1.0,2,17,0.00036499374136589037,68,0.020162791071029806,0.0022375325609743646,0.016305952818450993,0.07065148096417423,0.04691874618517311,-0.0011974541590372145,-0.00104007840193715,0.02365823640783406,1.0
3,2.0,1.0,1.0,2,18,0.00036499374136589037,72,0.021305204931516997,0.0021695031071763404,0.01453443058022347,0.06301937653903195,0.04691874618517311,-0.001067498163079883,-0.0011020049440964574,0.02404071273036441,1.0
3,2.0,1.0,1.0,2,19,0.00036499374136589037,76,0.022450638333105344,0.002121438418205779,0.013037106678338092,0.056560326866056373,0.04691874618517311,-0.0009576327478855728,-0.001163805670320206,0.024606618305248656,1.0
3,2.0,1.0,1.0,2,20,0.00036499374136589037,80,0.023597799008372666,0.002089406772881053,0.011760103202647889,0.05104569499661589,0.04691874618517311,-0.0008639151953815927,-0.0012254915774994601,0.025310664960287346,1.0
3,2.0,1.0,1.0,2,21,0.00036499374136589037,84,0.024745798079145676,0.0020703971669351895,0.010662169892719012,0.046299950110309185,0.04691874618517311,-0.000783325734964313,-0.0012870714319708765,0.026118357887932857,1.0
3,2.0,1.0,1.0,2,22,0.00036499374136589037,88,0.025894012682544654,0.002062071933757237,0.009711288236463812,0.04218652479059164,0.04691874618517311,-0.0007135196193590598,-0.001348552314398177,0.02700371590214285,1.0
3,2.0,1.0,1.0,2,23,0.00036499374136589037,92,0.027041999042453302,0.0020625936541472933,0.00888229623726891,0.03859787901445435,0.04691874618517311,-0.0006526536428984042,-0.0014099400112488891,0.027947314308797197,1.0
3,2.0,1.0,1.0,2,24,0.00036499374136589037,96,0.028189436220346087,0.0020705018851020496,0.008155197413028059,0.035448399303205466,0.04691874618517311,-0.0005992625838136534,-0.0014712393012883962,0.028934681635335455,1.0
3,2.0,1.0,1.0,2,25,0.00036499374136589037,100,0.029336088974551755,0.0020846239545204703,0.007513937502025187,0.032669244797834174,0.04691874618517311,-0.0005521697858245633,-0.001532454168695907,0.029955039442397476,1.0
3,2.0,1.0,1.0,2,26,0.00036499374136589037,104,0.030481782781419775,0.0021040094639774853,0.006945506553105315,0.030204553252435436,0.04691874618517311,-0.0005104215000069079,-0.0015935879639705774,0.031000341733783254,1.0
3,2.0,1.0,1.0,2,27,0.00036499374136589037,108,0.03162638675129403,0.0021278815573570475,0.006439271044806123,0.028008611795125305,0.04691874618517311,-0.00047323803031668055,-0.001654643527040367,0.032064557700338704,1.0
3,2.0,1.0,1.0,2,28,0.00036499374136589037,112,0.032769801762351,0.002155600220811127,0.005986471023014131,0.026043721937048913,0.04691874618517311,-0.0004399769382524843,-0.0017156232825586426,0.03314314288214705,1.0
3,2.0,1.0,1.0,2,29,0.00036499374136589037,116,0.03391195210099829,0.0021866343331893856,0.005579837222604804,0.024278570747498635,0.04691874618517311,-0.0004101050186414712,-0.0017765293145479144,0.034232651839745006,1.0
3,2.0,1.0,1.0,2,30,0.00036499374136589037,120,0.03505277949472263,0.002220540159901252,0.005213296516082333,0.022686975554051504,0.04691874618517311,-0.00038317673450294354,-0.0018373634253983084,0.03533045513200255,1.0
3,2.0,1.0,1.0,2,31,0.00036499374136589037,124,0.03619223880089151,0.0022569446459996256,0.004881743133352185,0.021246907386728773,0.04691874618517311,-0.0003588174630330676,-0.001898127182966558,0.036434532365493766,1.0
3,2.0,1.0,1.0,2,32,0.00036499374136589037,128,0.03733029485616046,0.0022955323217793144,0.004580859379421108,0.01993972460805308,0.04691874618517311,-0.000336710363300019,-0.0019588219584792954,0.03754332044184471,1.0
3,2.0,1.0,1.0,2,33,0.00036499374136589037,132,0.03846692015021258,0.002336034954702193,0.004306973972429908,0.018749566573596287,0.04691874618517311,-0.00031658599740480575,-0.0020194489572973873,0.03865560180724523,1.0
3,2.0,1.0,1.0,2,34,0.00036499374136589037,136,0.03960209309087248,0.0023782233082551563,0.004056949238952538,0.017662870241043557,0.04691874618517311,-0.000298214064217428,-0.0020800092440377282,0.03977042173092736,1.0
3,2.0,1.0,1.0,2,35,0.00036499374136589037,140,0.040735796698333715,0.0024219005311570396,0.0038280906356935847,0.01666798203971131,0.04691874618517311,-0.00028139676789984414,-0.0021405037632571955,0.04088702671629345,1.0
3,2.0,1.0,1.0,2,36,0.00036499374136589037,144,0.04186801761399239,0.0024668968184284323,0.0036180736844145596,0.015754844134757987,0.04691874618517311,-0.0002659634618445983,-0.002200933356583834,0.04200481836357592,1.0
3,2.0,1.0,1.0,2,37,0.00036499374136589037,148,0.04299874534190384,0.00251306507200294,0.003424884591162389,0.014914739224723417,0.04691874618517311,-0.0002517662950331512,-0.002261298776969789,0.043123318588472556,1.0
3,2.0,1.0,1.0,2,38,0.00036499374136589037,152,0.04412797166379112,0.0025602773525948974,0.0032467716960566852,0.014140081716514093,0.04691874618517311,-0.00023867665194821086,-0.0023216007006466866,0.04424214323408096,1.0
3,2.0,1.0,1.0,2,39,0.00036499374136589037,156,0.04525569018466402,0.002608421962016605,0.0030822055526559576,0.013424245889971303,0.04691874618517311,-0.00022658222482713208,-0.002381839737189473,0.045360981923428786,1.0
3,2.0,1.0,1.0,2,40,0.00036499374136589037,160,0.04638189597747233,0.0026574010311598006,0.002929845926735954,0.012761423749153972,0.04691874618517311,-0.00021538459314668357,-0.002442016438013117,0.04647958258035856,1.0
3,2.0,1.0,1.0,2,1,0.00047287080450158787,4,0.9533991610763828,0.6660315000863416,1.7754758754156221,20.418277998646353,0.04691874618517311,0.6667062453626739,-0.000674745276332267,0.9762895288037702,0.997977930789769
3,2.0,1.0,1.0,2,2,0.00047287080450158787,8,0.7504302033470625,0.01675482315112889,1.703262120963047,5.104569499661588,0.04691874618517311,-0.016928060843056092,0.00017323769192720273,0.8657889437013593,0.9797398201577712
3,2.0,1.0,1.0,2,3,0.00047287080450158787,12,0.11605777203325385,0.05114089448488812,0.6465033274769314,2.26869755540515,0.04691874618517311,-0.051088350768455776,-5.254371643234612e-05,0.33577455435520787,1.0
3,2.0,1.0,1.0,2,4,0.00047287080450158787,16,0.03944823311185841,0.024894660753855546,0.32996818991952026,1.276142374915397,0.04691874618517311,-0.024664505326011166,-0.0002301554278443807,0.18502436402007233,1.0
3,2.0,1.0,1.0,2,5,0.00047287080450158787,20,0.020997439672093776,0.01520508171845314,0.20204427626216956,0.8167311199458542,0.04691874618517311,-0.014863750554480692,-0.000341331163972447,0.11851765152827509,1.0
3,2.0,1.0,1.0,2,6,0.00047287080450158787,24,0.015560933038006763,0.010478227939601292,0.13703972607761442,0.5671743888512875,0.04691874618517311,-0.010042076013427548,-0.00043615192617374454,0.0834001177763238,1.0
3,2.0,1.0,1.0,2,7,0.00047287080450158787,28,0.014160290970100409,0.0077946678432317396,0.0992782066218363,0.4166995509927826,0.04691874618517311,-0.00726979479536477,-0.0005248730478669694,0.06284328100213965,1.0
3,2.0,1.0,1.0,2,8,0.00047287080450158787,32,0.01428256966086594,0.006127501013129533,0.07532554959713002,0.31903559372884926,0.04691874618517311,-0.005516868887537385,-0.0006106321255921476,0.049983158916913455,1.0
3,2.0,1.0,1.0,2,9,0.00047287080450158787,36,0.015064551466590692,0.005028703758426567,0.059150524155571496,0.2520775061561278,0.04691874618517311,-0.004334012982422419,-0.0006946907760041476,0.04160490259391681,1.0
3,2.0,1.0,1.0,2,10,0.00047287080450158787,40,0.016162932656060724,0.004274343731966612,0.04770179173662876,0.20418277998646356,0.04691874618517311,-0.0034966876067205055,-0.0007776561252461067,0.0360451861327547,1.0
3,2.0,1.0,1.0,2,11,0.00047287080450158787,44,0.017425227835913937,0.003741473576234444,0.039295313841501645,0.16874609916236655,0.04691874618517311,-0.0028816148547965437,-0.0008598587214379005,0.03237361672711446,1.0
3,2.0,1.0,1.0,2,12,0.00047287080450158787,48,0.018777596128296326,0.0033577306694659304,0.03293779316280698,0.14179359721282186,0.04691874618517311,-0.002416235450498294,-0.0009414952189676362,0.03003266235031738,1.0
3,2.0,1.0,1.0,2,13,0.00047287080450158787,52,0.020181709423157335,0.0030781615086574177,0.02801170527132878,0.12081821300974174,0.04691874618517311,-0.0020554708813628753,-0.0010226906272945424,0.028664258053210108,1.0
3,2.0,1.0,1.0,2,14,0.00047287080450158787,56,0.02161650531804482,0.002873600658714559,0.02411636404278435,0.10417488774819565,0.04691874618517311,-0.0017700720758254684,-0.0011035285828890906,0.028021620986416477,1.0
3,2.0,1.0,1.0,2,15,0.00047287080450158787,60,0.023069843984820704,0.002724436077957859,0.02098238183151936,0.09074790221620602,0.04691874618517311,-0.0015403687170760794,-0.0011840673608817798,0.027924049731797424,1.0
3,2.0,1.0,1.0,2,16,0.00047287080450158787,64,0.024534439340034964,0.0026170766847126714,0.018423130649518154,0.07975889843221232,0.04691874618517311,-0.0013527277569728713,-0.0012643489277398001,0.028234324787207714,1.0
3,2.0,1.0,1.0,2,17,0.00047287080450158787,68,0.026005763751113742,0.002541858502544403,0.016305952818450993,0.07065148096417423,0.04691874618517311,-0.0011974541590372145,-0.0013444043435071884,0.02884725840989103,1.0
3,2.0,1.0,1.0,2,18,0.00047287080450158787,72,0.027480917594797538,0.002491755295674969,0.01453443058022347,0.06301937653903195,0.04691874618517311,-0.001067498163079883,-0.001424257132595086,0.029682918594150315,1.0
3,2.0,1.0,1.0,2,19,0.00047287080450158787,76,0.028957994264993903,0.002461558214964521,0.013037106678338092,0.056560326866056373,0.04691874618517311,-0.0009576327478855728,-0.0015039254670789481,0.030681505121505376,1.0
3,2.0,1.0,1.0,2,20,0.00047287080450158787,80,0.03043571067520401,0.002447338821886913,0.011760103202647889,0.05104569499661589,0.04691874618517311,-0.0008639151953815927,-0.0015834236265053203,0.031798932654201285,1.0
3,2.0,1.0,1.0,2,21,0.00047287080450158787,84,0.03191318545079058,0.002446088735934937,0.010662169892719012,0.046299950110309185,0.04691874618517311,-0.000783325734964313,-0.001662763000970624,0.03300303603173924,1.0
3,2.0,1.0,1.0,2,22,0.00047287080450158787,88,0.033389802041174366,0.002455472416304061,0.009711288236463812,0.04218652479059164,0.04691874618517311,-0.0007135196193590598,-0.001741952796945001,0.034270471855730296,1.0
3,2.0,1.0,1.0,2,23,0.00047287080450158787,92,0.034865122120136816,0.002473654187260532,0.00888229623726891,0.03859787901445435,0.04691874618517311,-0.0006526536428984042,-0.001821000544362128,0.035584314532395106,1.0
3,2.0,1.0,1.0,2,24,0.00047287080450158787,96,0.03633882956367285,0.0024991750515562794,0.008155197413028059,0.035448399303205466,0.04691874618517311,-0.0005992625838136534,-0.001899912467742626,0.03693226152073102,1.0
3,2.0,1.0,1.0,2,25,0.00047287080450158787,100,0.0378106934689153,0.002530863548087292,0.007513937502025187,0.032669244797834174,0.04691874618517311,-0.0005521697858245633,-0.0019786937622627288,0.03830532707735392,1.0
3,2.0,1.0,1.0,2,26,0.00047287080450158787,104,0.03928054328950603,0.002567770302196737,0.006945506553105315,0.030204553252435436,0.04691874618517311,-0.0005104215000069079,-0.002057348802189829,0.03969690572434481,1.0
3,2.0,1.0,1.0,2,27,0.00047287080450158787,108,0.040748251834543336,0.0026091193306696514,0.006439271044806123,0.028008611795125305,0.04691874618517311,-0.00047323803031668055,-0.002135881300352971,0.04110210574917594,1.0
3,2.0,1.0,1.0,2,28,0.00047287080450158787,112,0.04221372346353369,0.002654271369853689,0.005986471023014131,0.026043721937048913,0.04691874618517311,-0.0004399769382524843,-0.0022142944316012048,0.04251727585365776,1.0
3,2.0,1.0,1.0,2,29,0.00047287080450158787,116,0.04367688577243989,0.0027026959481378787,0.005579837222604804,0.024278570747498635,0.04691874618517311,-0.0004101050186414712,-0.0022925909294964075,0.04393966844253955,1.0
3,2.0,1.0,1.0,2,30,0.00047287080450158787,120,0.0451376836610029,0.002753949897232544,0.005213296516082333,0.022686975554051504,0.04691874618517311,-0.00038317673450294354,-0.0023707731627296003,0.04536719914181271,1.0
3,2.0,1.0,1.0,2,31,0.00047287080450158787,124,0.046596075047884655,0.002807660659180311,0.004881743133352185,0.021246907386728773,0.04691874618517311,-0.0003588174630330676,-0.0024488431961472434,0.04679827407864949,1.0
3,2.0,1.0,1.0,2,32,0.00047287080450158787,128,0.048052027740437264,0.0028635132031560873,0.004580859379421108,0.01993972460805308,0.04691874618517311,-0.000336710363300019,-0.0025268028398560682,0.04823166500796036,1.0
3,2.0,1.0,1.0,2,33,0.00047287080450158787,132,0.04950551712429063,0.0029212396864650714,0.004306973972429908,0.018749566573596287,0.04691874618517311,-0.00031658599740480575,-0.0026046536890602656,0.049666418381163806,1.0
3,2.0,1.0,1.0,2,34,0.00047287080450158787,136,0.05095652444095289,0.002980611220837759,0.004056949238952538,0.017662870241043557,0.04691874618517311,-0.000298214064217428,-0.002682397156620331,0.05110178863454294,1.0
3,2.0,1.0,1.0,2,35,0.00047287080450158787,140,0.05240503549194431,0.003041431267744865,0.0038280906356935847,0.01666798203971131,0.04691874618517311,-0.00028139676789984414,-0.002760034499845021,0.05253718887424235,1.0
3,2.0,1.0,1.0,2,36,0.00047287080450158787,144,0.0538510396555445,0.0031035303045235385,0.0036180736844145596,0.015754844134757987,0.04691874618517311,-0.0002659634618445983,-0.00283756684267894,0.053972154145274585,1.0
3,2.0,1.0,1.0,2,37,0.00047287080450158787,148,0.055294529134648274,0.0031667614892048612,0.003424884591162389,0.014914739224723417,0.04691874618517311,-0.0002517662950331512,-0.00291499519417171,0.05540631386939093,1.0
3,2.0,1.0,1.0,2,38,0.00047287080450158787,152,0.05673549837694347,0.0032309971159105166,0.0032467716960566852,0.014140081716514093,0.04691874618517311,-0.00023867665194821086,-0.0029923204639623058,0.05683937101238609,1.0
3,2.0,1.0,1.0,2,39,0.00047287080450158787,156,0.0581739436247688,0.0032961257001458133,0.0030822055526559576,0.013424245889971303,0.04691874618517311,-0.00022658222482713208,-0.003069543475318681,0.05827108622643286,1.0
3,2.0,1.0,1.0,2,40,0.00047287080450158787,160,0.05960986256324974,0.0033620495692952557,0.002929845926735954,0.012761423749153972,0.04691874618517311,-0.00021538459314668357,-0.003146664976148572,0.05970126569673751,1.0
3,2.0,1.0,1.0,2,1,0.0006126318684621583,4,0.9533518369431522,0.6658321343749336,1.7754758754156221,20.418277998646353,0.04691874618517311,0.6667062453626739,-0.000874110987740262,0.9762263069543418,0.9973812561156864
3,2.0,1.0,1.0,2,2,0.0006126318684621583,8,0.7505630528094734,0.01670379323557558,1.703262120963047,5.104569499661588,0.04691874618517311,-0.016928060843056092,0.00022426760748051056,0.8657228478184633,0.9738498935433464
3,2.0,1.0,1.0,2,3,0.0006126318684621583,12,0.11726197471050748,0.05115637959430097,0.6465033274769314,2.26869755540515,0.04691874618517311,-0.051088350768455776,-6.802882584519554e-05,0.33611842792196434,1.0
3,2.0,1.0,1.0,2,4,0.0006126318684621583,16,0.04120946013719751,0.02496246195314694,0.32996818991952026,1.276142374915397,0.04691874618517311,-0.024664505326011166,-0.00029795662713577586,0.18565368799156046,1.0
3,2.0,1.0,1.0,2,5,0.0006126318684621583,20,0.023243330050131794,0.015305567809055065,0.20204427626216956,0.8167311199458542,0.04691874618517311,-0.014863750554480692,-0.0004418172545743726,0.11941631395880126,1.0
3,2.0,1.0,1.0,2,6,0.0006126318684621583,24,0.018268771683110474,0.010606537896351298,0.13703972607761442,0.5671743888512875,0.04691874618517311,-0.010042076013427548,-0.0005644618829237502,0.08458078636036986,1.0
3,2.0,1.0,1.0,2,7,0.0006126318684621583,28,0.017320226281526407,0.00794896535957973,0.0992782066218363,0.4166995509927826,0.04691874618517311,-0.00726979479536477,-0.0006791705642149592,0.06433682470237281,1.0
3,2.0,1.0,1.0,2,8,0.0006126318684621583,32,0.017889139062481574,0.0063068753742027694,0.07532554959713002,0.31903559372884926,0.04691874618517311,-0.005516868887537385,-0.0007900064866653844,0.05183551452060493,1.0
3,2.0,1.0,1.0,2,9,0.0006126318684621583,36,0.019114079650200955,0.005232616541088642,0.059150524155571496,0.2520775061561278,0.04691874618517311,-0.004334012982422419,-0.0008986035586662222,0.043874065943169824,1.0
3,2.0,1.0,1.0,2,10,0.0006126318684621583,40,0.020652570666809922,0.004502435743043431,0.04770179173662876,0.20418277998646356,0.04691874618517311,-0.0034966876067205055,-0.001005748136322926,0.03879587352370702,1.0
3,2.0,1.0,1.0,2,11,0.0006126318684621583,44,0.022352548346418866,0.003993483254496388,0.039295313841501645,0.16874609916236655,0.04691874618517311,-0.0028816148547965437,-0.0011118683996998446,0.03566882059995011,1.0
3,2.0,1.0,1.0,2,12,0.0006126318684621583,48,0.024140404808043914,0.003633454577104067,0.03293779316280698,0.14179359721282186,0.04691874618517311,-0.002416235450498294,-0.001217219126605773,0.03392347879377613,1.0
3,2.0,1.0,1.0,2,13,0.0006126318684621583,52,0.025977949653196886,0.0033774331876070818,0.02801170527132878,0.12081821300974174,0.04691874618517311,-0.0020554708813628753,-0.0013219623062442065,0.033181563452964816,1.0
3,2.0,1.0,1.0,2,14,0.0006126318684621583,56,0.027844206796746485,0.003196278419113685,0.02411636404278435,0.10417488774819565,0.04691874618517311,-0.0017700720758254684,-0.0014262063432882166,0.033173269017913516,1.0
3,2.0,1.0,1.0,2,15,0.0006126318684621583,60,0.029727093455222287,0.003070395511645785,0.02098238183151936,0.09074790221620602,0.04691874618517311,-0.0015403687170760794,-0.0015300267945697055,0.03369838429376219,1.0
3,2.0,1.0,1.0,2,16,0.0006126318684621583,64,0.03161936313151026,0.0029862058504905864,0.018423130649518154,0.07975889843221232,0.04691874618517311,-0.0013527277569728713,-0.0016334780935177151,0.03460739655466845,1.0
3,2.0,1.0,1.0,2,17,0.0006126318684621583,68,0.03351651694796265,0.002934054706004996,0.016305952818450993,0.07065148096417423,0.04691874618517311,-0.0011974541590372145,-0.0017366005469677814,0.03579014288740766,1.0
3,2.0,1.0,1.0,2,18,0.0006126318684621583,72,0.035415677081976016,0.0029069228640652978,0.01453443058022347,0.06301937653903195,0.04691874618517311,-0.001067498163079883,-0.0018394247009854148,0.03716694591306777,1.0
3,2.0,1.0,1.0,2,19,0.0006126318684621583,76,0.037314954126734134,0.0028996069166093985,0.013037106678338092,0.056560326866056373,0.04691874618517311,-0.0009576327478855728,-0.0019419741687238257,0.03868104445681587,1.0
3,2.0,1.0,1.0,2,20,0.0006126318684621583,80,0.039213079068067924,0.002908182716609198,0.011760103202647889,0.05104569499661589,0.04691874618517311,-0.0008639151953815927,-0.002044267521227605,0.04029236034821476,1.0
3,2.0,1.0,1.0,2,21,0.0006126318684621583,84,0.041109182427264246,0.0029296453216584584,0.010662169892719012,0.046299950110309185,0.04691874618517311,-0.000783325734964313,-0.0021463195866941454,0.04197267421076557,1.0
3,2.0,1.0,1.0,2,22,0.0006126318684621583,88,0.043002658001765504,0.002961661984062225,0.009711288236463812,0.04218652479059164,0.04691874618517311,-0.0007135196193590598,-0.002248142364703165,0.0437020771012807,1.0
3,2.0,1.0,1.0,2,23,0.0006126318684621583,92,0.044893076690564415,0.0030023993259661874,0.00888229623726891,0.03859787901445435,0.04691874618517311,-0.0006526536428984042,-0.002349745683067783,0.04546644797333681,1.0
3,2.0,1.0,1.0,2,24,0.0006126318684621583,96,0.046780130765511685,0.0030504002623561455,0.008155197413028059,0.035448399303205466,0.04691874618517311,-0.0005992625838136534,-0.002451137678542492,0.04725569569976941,1.0
3,2.0,1.0,1.0,2,25,0.0006126318684621583,100,0.048663597096639144,0.0031044949402629363,0.007513937502025187,0.032669244797834174,0.04691874618517311,-0.0005521697858245633,-0.002552325154438373,0.04906254558672864,1.0
3,2.0,1.0,1.0,2,26,0.0006126318684621583,104,0.050543312435148424,0.0031637353506165367,0.006945506553105315,0.030204553252435436,0.04691874618517311,-0.0005104215000069079,-0.0026533138506096288,0.05088170382959298,1.0
3,2.0,1.0,1.0,2,27,0.0006126318684621583,108,0.05241915651959217,0.0032273466803423023,0.006439271044806123,0.028008611795125305,0.04691874618517311,-0.00047323803031668055,-0.0027541086500256218,0.052709280950629586,1.0
3,2.0,1.0,1.0,2,28,0.0006126318684621583,112,0.05429104034985821,0.003294690676951817,0.005986471023014131,0.026043721937048913,0.04691874618517311,-0.0004399769382524843,-0.0028547137386993326,0.05454239188208511,1.0
3,2.0,1.0,1.0,2,29,0.0006126318684621583,116,0.0561588979321922,0.0033652377495783092,0.005579837222604804,0.024278570747498635,0.04691874618517311,-0.0004101050186414712,-0.002955132730936838,0.05637887661547712,1.0
3,2.0,1.0,1.0,2,30,0.0006126318684621583,120,0.058022680391110804,0.003438545502834345,0.005213296516082333,0.022686975554051504,0.04691874618517311,-0.00038317673450294354,-0.0030553687683314013,0.058217103474540566,1.0
3,2.0,1.0,1.0,2,31,0.0006126318684621583,124,0.05988235171861156,0.003514242061847306,0.004881743133352185,0.021246907386728773,0.04691874618517311,-0.0003588174630330676,-0.003155424598814238,0.06005582936012259,1.0
3,2.0,1.0,1.0,2,32,0.0006126318684621583,128,0.061737885670252624,0.0035920130035603237,0.004580859379421108,0.01993972460805308,0.04691874618517311,-0.000336710363300019,-0.0032553026402603047,0.06189409957277226,1.0
3,2.0,1.0,1.0,2,33,0.0006126318684621583,132,0.06358926347525695,0.003671591029508592,0.004306973972429908,0.018749566573596287,0.04691874618517311,-0.00031658599740480575,-0.003355005032103786,0.0637311753557992,1.0
3,2.0,1.0,1.0,2,34,0.0006126318684621583,136,0.06543647213026738,0.00375274774172224,0.004056949238952538,0.017662870241043557,0.04691874618517311,-0.000298214064217428,-0.003454533677504812,0.06556648102040402,1.0
3,2.0,1.0,1.0,2,35,0.0006126318684621583,140,0.06727950311629316,0.003835287045966418,0.0038280906356935847,0.01666798203971131,0.04691874618517311,-0.00028139676789984414,-0.0035538902780665738,0.06739956502448022,1.0
3,2.0,1.0,1.0,2,36,0.0006126318684621583,144,0.0691183514257272,0.003919039824412274,0.0036180736844145596,0.015754844134757987,0.04691874618517311,-0.0002659634618445983,-0.0036530763625676754,0.06923007108080273,1.0
3,2.0,1.0,1.0,2,37,0.0006126318684621583,148,0.07095301481846805,0.004003859605932747,0.003424884591162389,0.014914739224723417,0.04691874618517311,-0.0002517662950331512,-0.0037520933108995957,0.07105771653538823,1.0
3,2.0,1.0,1.0,2,38,0.0006126318684621583,152,0.07278349324881961,0.004089619026062252,0.0032467716960566852,0.014140081716514093,0.04691874618517311,-0.00023867665194821086,-0.0038509423741140414,0.07288227605978014,1.0
3,2.0,1.0,1.0,2,39,0.0006126318684621583,156,0.07460978842084187,0.004176206916146119,0.0030822055526559576,0.013424245889971303,0.04691874618517311,-0.00022658222482713208,-0.003949624691318987,0.07470356925880159,1.0
3,2.0,1.0,1.0,2,40,0.0006126318684621583,160,0.0764319034410178,0.004263525897092779,0.002929845926735954,0.012761423749153972,0.04691874618517311,-0.00021538459314668357,-0.004048141303946096,0.07652145118579642,1.0
3,2.0,1.0,1.0,2,1,0.0007937005259841,4,0.9532905567179778,0.6655738858559541,1.7754758754156221,20.418277998646353,0.04691874618517311,0.6667062453626739,-0.001132359506719749,0.976144448008424,0.9966088827496242
3,2.0,1.0,1.0,2,2,0.0007937005259841,8,0.7507349814189179,0.01663779749975597,1.703262120963047,5.104569499661588,0.04691874618517311,-0.016928060843056092,0.0002902633433001234,0.8656374491185326,0.9662843677284079
3,2.0,1.0,1.0,2,3,0.0007937005259841,12,0.11881947754090616,0.05117641118612393,0.6465033274769314,2.26869755540515,0.04691874618517311,-0.051088350768455776,-8.806041766815098e-05,0.3365656673983569,1.0
3,2.0,1.0,1.0,2,4,0.0007937005259841,16,0.04348602972624582,0.025050151174056456,0.32996818991952026,1.276142374915397,0.04691874618517311,-0.024664505326011166,-0.0003856458480452907,0.18647586877486133,1.0
3,2.0,1.0,1.0,2,5,0.0007937005259841,20,0.02614461150522618,0.015435484445105896,0.20204427626216956,0.8167311199458542,0.04691874618517311,-0.014863750554480692,-0.0005717338906252034,0.12059910424357867,1.0
3,2.0,1.0,1.0,2,6,0.0007937005259841,24,0.021764681419782717,0.010772365921775717,0.13703972607761442,0.5671743888512875,0.04691874618517311,-0.010042076013427548,-0.0007302899083481695,0.08615058587401576,1.0
3,2.0,1.0,1.0,2,7,0.0007937005259841,28,0.021397332239265765,0.008148303195765927,0.0992782066218363,0.4166995509927826,0.04691874618517311,-0.00726979479536477,-0.0008785084004011567,0.06634693264951969,1.0
3,2.0,1.0,1.0,2,8,0.0007937005259841,32,0.02253969259720412,0.006538519450969116,0.07532554959713002,0.31903559372884926,0.04691874618517311,-0.005516868887537385,-0.0010216505634317308,0.054360572199001894,1.0
3,2.0,1.0,1.0,2,9,0.0007937005259841,36,0.02433264886714026,0.00549584525116642,0.059150524155571496,0.2520775061561278,0.04691874618517311,-0.004334012982422419,-0.0011618322687440008,0.04700242144938889,1.0
3,2.0,1.0,1.0,2,10,0.0007937005259841,40,0.026434797243298447,0.00479675957551956,0.04770179173662876,0.20418277998646356,0.04691874618517311,-0.0034966876067205055,-0.0013000719687990547,0.04261669385354112,1.0
3,2.0,1.0,1.0,2,11,0.0007937005259841,44,0.028694624008610004,0.004318539179293812,0.039295313841501645,0.16874609916236655,0.04691874618517311,-0.0028816148547965437,-0.0014369243244972685,0.04025531239625121,1.0
3,2.0,1.0,1.0,2,12,0.0007937005259841,48,0.031038827364500254,0.003988954903274777,0.03293779316280698,0.14179359721282186,0.04691874618517311,-0.002416235450498294,-0.0015727194527764832,0.03931849946433626,1.0
3,2.0,1.0,1.0,2,13,0.0007937005259841,52,0.033429399766779166,0.0037631381918095674,0.02801170527132878,0.12081821300974174,0.04691874618517311,-0.0020554708813628753,-0.0017076673104466922,0.03939287419861878,1.0
3,2.0,1.0,1.0,2,14,0.0007937005259841,56,0.035845481518860356,0.003611980536026016,0.02411636404278435,0.10417488774819565,0.04691874618517311,-0.0017700720758254684,-0.0018419084602005475,0.04018000702618397,1.0
3,2.0,1.0,1.0,2,15,0.0007937005259841,60,0.03827506836462491,0.0035159096409853596,0.02098238183151936,0.09074790221620602,0.04691874618517311,-0.0015403687170760794,-0.0019755409239092803,0.041463413063442825,1.0
3,2.0,1.0,1.0,2,16,0.0007937005259841,64,0.040710969747587145,0.0034613631228610497,0.018423130649518154,0.07975889843221232,0.04691874618517311,-0.0013527277569728713,-0.0021086353658881785,0.04308879293398175,1.0
3,2.0,1.0,1.0,2,17,0.0007937005259841,68,0.043148728710657114,0.0034386983131600712,0.016305952818450993,0.07065148096417423,0.04691874618517311,-0.0011974541590372145,-0.0022412441541228567,0.04494847256150864,1.0
3,2.0,1.0,1.0,2,18,0.0007937005259841,72,0.045585500343094054,0.0034409051774733634,0.01453443058022347,0.06301937653903195,0.04691874618517311,-0.001067498163079883,-0.0023734070143934805,0.04696844692220259,1.0
3,2.0,1.0,1.0,2,19,0.0007937005259841,76,0.04801942218210997,0.003462787440582371,0.013037106678338092,0.056560326866056373,0.04691874618517311,-0.0009576327478855728,-0.0025051546926967982,0.049098207441383254,1.0
3,2.0,1.0,1.0,2,20,0.0007937005259841,80,0.050449248095091104,0.0035004265995055572,0.011760103202647889,0.05104569499661589,0.04691874618517311,-0.0008639151953815927,-0.0026365114041239646,0.051303280863162014,1.0
3,2.0,1.0,1.0,2,21,0.0007937005259841,84,0.05287412865065266,0.0035508222506003273,0.010662169892719012,0.046299950110309185,0.04691874618517311,-0.000783325734964313,-0.0027674965156360143,0.05356001854529641,1.0
3,2.0,1.0,1.0,2,22,0.0007937005259841,88,0.05529347567140297,0.0036116453495408374,0.009711288236463812,0.04218652479059164,0.04691874618517311,-0.0007135196193590598,-0.0028981257301817775,0.05585206216182244,1.0
3,2.0,1.0,1.0,2,23,0.0007937005259841,92,0.05770687660855156,0.0036810655803626857,0.00888229623726891,0.03859787901445435,0.04691874618517311,-0.0006526536428984042,-0.0030284119374642815,0.058167980701701635,1.0
3,2.0,1.0,1.0,2,24,0.0007937005259841,96,0.06011403919237246,0.003757628420393233,0.008155197413028059,0.035448399303205466,0.04691874618517311,-0.0005992625838136534,-0.0031583658365795797,0.06049969744587366,1.0
3,2.0,1.0,1.0,2,25,0.0007937005259841,100,0.06251475492417591,0.0038401661850460123,0.007513937502025187,0.032669244797834174,0.04691874618517311,-0.0005521697858245633,-0.003287996399221449,0.06284144061732712,1.0
3,2.0,1.0,1.0,2,26,0.0007937005259841,104,0.06490887455003369,0.003927732719398946,0.006945506553105315,0.030204553252435436,0.04691874618517311,-0.0005104215000069079,-0.0034173112193920385,0.06518903907675187,1.0
3,2.0,1.0,1.0,2,27,0.0007937005259841,108,0.06729629130554038,0.004019554811286075,0.006439271044806123,0.028008611795125305,0.04691874618517311,-0.00047323803031668055,-0.003546316780969394,0.06753944557098228,1.0
3,2.0,1.0,1.0,2,28,0.0007937005259841,112,0.06967692929191438,0.004114995603128835,0.005986471023014131,0.026043721937048913,0.04691874618517311,-0.0004399769382524843,-0.0036750186648763505,0.06989041082495175,1.0
3,2.0,1.0,1.0,2,29,0.0007937005259841,116,0.07205073529729478,0.004213526729944073,0.005579837222604804,0.024278570747498635,0.04691874618517311,-0.0004101050186414712,-0.0038034217113026014,0.07224025840120568,1.0
3,2.0,1.0,1.0,2,30,0.0007937005259841,120,0.07441767296628843,0.004314706882454,0.005213296516082333,0.022686975554051504,0.04691874618517311,-0.00038317673450294354,-0.003931530147951057,0.07458772749546266,1.0
3,2.0,1.0,1.0,2,31,0.0007937005259841,124,0.07677771859326177,0.0044181651554594525,0.004881743133352185,0.021246907386728773,0.04691874618517311,-0.0003588174630330676,-0.004059347692426385,0.07693186199193017,1.0
3,2.0,1.0,1.0,2,32,0.0007937005259841,128,0.07913085805247966,0.004523587997928125,0.004580859379421108,0.01993972460805308,0.04691874618517311,-0.000336710363300019,-0.004186877634628106,0.07927193134342875,1.0
3,2.0,1.0,1.0,2,33,0.0007937005259841,132,0.08147708453478764,0.004630708901018188,0.004306973972429908,0.018749566573596287,0.04691874618517311,-0.00031658599740480575,-0.004314122903613382,0.08160737357310552,1.0
3,2.0,1.0,1.0,2,34,0.0007937005259841,136,0.08381639686230136,0.0047393001864387,0.004056949238952538,0.017662870241043557,0.04691874618517311,-0.000298214064217428,-0.004441086122221272,0.08393775380998096,1.0
3,2.0,1.0,1.0,2,35,0.0007937005259841,140,0.08614879822200172,0.004849166419936102,0.0038280906356935847,0.01666798203971131,0.04691874618517311,-0.00028139676789984414,-0.004567769652036258,0.08626273384135949,1.0
3,2.0,1.0,1.0,2,36,0.0007937005259841,144,0.08847429520607619,0.004960139092460736,0.0036180736844145596,0.015754844134757987,0.04691874618517311,-0.0002659634618445983,-0.0046941756306161375,0.08858204955409235,1.0
3,2.0,1.0,1.0,2,37,0.0007937005259841,148,0.09079289707881788,0.00507207229752632,0.003424884591162389,0.014914739224723417,0.04691874618517311,-0.0002517662950331512,-0.004820306002493169,0.09089549407732325,1.0
3,2.0,1.0,1.0,2,38,0.0007937005259841,152,0.09310461521227431,0.00518483919709728,0.0032467716960566852,0.014140081716514093,0.04691874618517311,-0.00023867665194821086,-0.004946162545149069,0.09320290508263107,1.0
3,2.0,1.0,1.0,2,39,0.0007937005259841,156,0.09540946264880634,0.005298329115724976,0.0030822055526559576,0.013424245889971303,0.04691874618517311,-0.00022658222482713208,-0.005071746890897844,0.09550415514165453,1.0
3,2.0,1.0,1.0,2,40,0.0007937005259841,160,0.09770745375965273,0.0054124451385166306,0.002929845926735954,0.012761423749153972,0.04691874618517311,-0.00021538459314668357,-0.005197060545369947,0.09779914435065812,1.0
3,2.0,1.0,1.0,2,1,0.0010282855942978896,4,0.9532112165466261,0.6652393793321536,1.7754758754156221,20.418277998646353,0.04691874618517311,0.6667062453626739,-0.001466866030520264,0.976038476577467,0.9956093233759086
3,2.0,1.0,1.0,2,2,0.0010282855942978896,8,0.7509574137237693,0.016552491512884737,1.703262120963047,5.104569499661588,0.04691874618517311,-0.016928060843056092,0.00037556933017135474,0.8655271995511334,0.9565906891893189
3,2.0,1.0,1.0,2,3,0.0010282855942978896,12,0.12083293674732576,0.05120231248556384,0.6465033274769314,2.26869755540515,0.04691874618517311,-0.051088350768455776,-0.00011396171710806313,0.33714798751414116,1.0
3,2.0,1.0,1.0,2,4,0.0010282855942978896,16,0.0464267470780898,0.02516350419090929,0.32996818991952026,1.276142374915397,0.04691874618517311,-0.024664505326011166,-0.0004989988648981258,0.18755249245356254,1.0
3,2.0,1.0,1.0,2,5,0.0010282855942978896,20,0.029889335303598608,0.015603348238336145,0.20204427626216956,0.8167311199458542,0.04691874618517311,-0.014863750554480692,-0.000739597683855453,0.12216227126185847,1.0
3,2.0,1.0,1.0,2,6,0.0010282855942978896,24,0.026273349288109205,0.010986527201476692,0.13703972607761442,0.5671743888512875,0.04691874618517311,-0.010042076013427548,-0.0009444511880491446,0.08825063977151253,1.0
3,2.0,1.0,1.0,2,7,0.0010282855942978896,28,0.026651433953617243,0.008405612980803112,0.0992782066218363,0.4166995509927826,0.04691874618517311,-0.00726979479536477,-0.001135818185438342,0.06907327260464274,1.0
3,2.0,1.0,1.0,2,8,0.0010282855942978896,32,0.0285280787758595,0.006837378965918184,0.07532554959713002,0.31903559372884926,0.04691874618517311,-0.005516868887537385,-0.0013205100783807988,0.057830013998093295,1.0
3,2.0,1.0,1.0,2,9,0.0010282855942978896,36,0.03104717604160312,0.0058352795665242985,0.059150524155571496,0.2520775061561278,0.04691874618517311,-0.004334012982422419,-0.001501266584101879,0.05134054377308831,1.0
3,2.0,1.0,1.0,2,10,0.0010282855942978896,40,0.03386872014739706,0.005176094320440694,0.04770179173662876,0.20418277998646356,0.04691874618517311,-0.0034966876067205055,-0.0016794067137201885,0.04793086328420562,1.0
3,2.0,1.0,1.0,2,11,0.0010282855942978896,44,0.036841918676423946,0.004737263877157116,0.039295313841501645,0.16874609916236655,0.04691874618517311,-0.0028816148547965437,-0.0018556490223605726,0.04660912019467455,1.0
3,2.0,1.0,1.0,2,12,0.0010282855942978896,48,0.03989387572777059,0.004446656788098968,0.03293779316280698,0.14179359721282186,0.04691874618517311,-0.002416235450498294,-0.002030421337600674,0.04672199622032116,1.0
3,2.0,1.0,1.0,2,13,0.0010282855942978896,52,0.04298683034740158,0.0042594667825135435,0.02801170527132878,0.12081821300974174,0.04691874618517311,-0.0020554708813628753,-0.0022039959011506682,0.047813002779239305,1.0
3,2.0,1.0,1.0,2,14,0.0010282855942978896,56,0.04610008349098793,0.004146627172831485,0.02411636404278435,0.10417488774819565,0.04691874618517311,-0.0017700720758254684,-0.0023765550970060167,0.049561225761925155,1.0
3,2.0,1.0,1.0,2,15,0.0010282855942978896,60,0.049221742583226424,0.00408859493791025,0.02098238183151936,0.09074790221620602,0.04691874618517311,-0.0015403687170760794,-0.002548226220834171,0.051745812594286233,1.0
3,2.0,1.0,1.0,2,16,0.0010282855942978896,64,0.05234469951307208,0.004071828896975771,0.018423130649518154,0.07975889843221232,0.04691874618517311,-0.0013527277569728713,-0.0027191011400028997,0.05421834964854906,1.0
3,2.0,1.0,1.0,2,17,0.0010282855942978896,68,0.05546456160058044,0.004086702186012925,0.016305952818450993,0.07065148096417423,0.04691874618517311,-0.0011974541590372145,-0.0028892480269757104,0.056880602663559536,1.0
3,2.0,1.0,1.0,2,18,0.0010282855942978896,72,0.05857853651699263,0.004126216844191455,0.01453443058022347,0.06301937653903195,0.04691874618517311,-0.001067498163079883,-0.003058718681111572,0.059667871791277804,1.0
3,2.0,1.0,1.0,2,19,0.0010282855942978896,76,0.06168480661366549,0.004185186019364351,0.013037106678338092,0.056560326866056373,0.04691874618517311,-0.0009576327478855728,-0.003227553271478778,0.0625374127606861,1.0
3,2.0,1.0,1.0,2,20,0.0010282855942978896,80,0.06478216526485081,0.004259698703610926,0.011760103202647889,0.05104569499661589,0.04691874618517311,-0.0008639151953815927,-0.003395783508229333,0.06546074985100592,1.0
3,2.0,1.0,1.0,2,21,0.0010282855942978896,84,0.06786979882477617,0.004346760556868556,0.010662169892719012,0.046299950110309185,0.04691874618517311,-0.000783325734964313,-0.0035634348219042433,0.0684186958330326,1.0
3,2.0,1.0,1.0,2,22,0.0010282855942978896,88,0.07094715222897952,0.0044440475163411985,0.009711288236463812,0.04218652479059164,0.04691874618517311,-0.0007135196193590598,-0.0037305278969821387,0.07139815482552433,1.0
3,2.0,1.0,1.0,2,23,0.0010282855942978896,92,0.07401384407812306,0.004549733416632229,0.00888229623726891,0.03859787901445435,0.04691874618517311,-0.0006526536428984042,-0.0038970797737338247,0.07439006845634528,1.0
3,2.0,1.0,1.0,2,24,0.0010282855942978896,96,0.07706961177808358,0.004662367238449483,0.008155197413028059,0.035448399303205466,0.04691874618517311,-0.0005992625838136534,-0.00406310465463583,0.07738808787130744,1.0
3,2.0,1.0,1.0,2,25,0.0010282855942978896,100,0.08011427537632998,0.004780784290119855,0.007513937502025187,0.032669244797834174,0.04691874618517311,-0.0005521697858245633,-0.004228614504295292,0.08038770654508284,1.0
3,2.0,1.0,1.0,2,26,0.0010282855942978896,104,0.08314771328208614,0.004904041002405601,0.006945506553105315,0.030204553252435436,0.04691874618517311,-0.0005104215000069079,-0.0043936195023986935,0.08338568734492305,1.0
3,2.0,1.0,1.0,2,27,0.0010282855942978896,108,0.08616984569019182,0.005031366420589656,0.006439271044806123,0.028008611795125305,0.04691874618517311,-0.00047323803031668055,-0.004558128390272975,0.08637967923430433,1.0
3,2.0,1.0,1.0,2,28,0.0010282855942978896,112,0.08918062308928265,0.0051621256774671,0.005986471023014131,0.026043721937048913,0.04691874618517311,-0.0004399769382524843,-0.0047221487392146155,0.08936795755459849,1.0
3,2.0,1.0,1.0,2,29,0.0010282855942978896,116,0.09218001818176991,0.005295792179245085,0.005579837222604804,0.024278570747498635,0.04691874618517311,-0.0004101050186414712,-0.004885687160603613,0.09234924580457081,1.0
3,2.0,1.0,1.0,2,30,0.0010282855942978896,120,0.09516802012808356,0.005431926206525217,0.005213296516082333,0.022686975554051504,0.04691874618517311,-0.00038317673450294354,-0.005048749472022274,0.09532259182999349,1.0
3,2.0,1.0,1.0,2,31,0.0010282855942978896,124,0.0981446303971174,0.005570158292901917,0.004881743133352185,0.021246907386728773,0.04691874618517311,-0.0003588174630330676,-0.005211340829868849,0.0982872807862353,1.0
3,2.0,1.0,1.0,2,32,0.0010282855942978896,128,0.10110985974063413,0.00571017619938996,0.004580859379421108,0.01993972460805308,0.04691874618517311,-0.000336710363300019,-0.005373465836089941,0.1012427732531127,1.0
3,2.0,1.0,1.0,2,33,0.0010282855942978896,132,0.10406372596453062,0.005851714622181259,0.004306973972429908,0.018749566573596287,0.04691874618517311,-0.00031658599740480575,-0.005535128624776453,0.10418866075474997,1.0
3,2.0,1.0,1.0,2,34,0.0010282855942978896,136,0.10700625227085303,0.005994546997139194,0.004056949238952538,0.017662870241043557,0.04691874618517311,-0.000298214064217428,-0.005696332932921766,0.10712463345840537,1.0
3,2.0,1.0,1.0,2,35,0.0010282855942978896,140,0.10993746601317866,0.006138478926567104,0.0038280906356935847,0.01666798203971131,0.04691874618517311,-0.00028139676789984414,-0.0058570821586672595,0.11005045648705217,1.0
3,2.0,1.0,1.0,2,36,0.0010282855942978896,144,0.11285739775445425,0.006283342871361675,0.0036180736844145596,0.015754844134757987,0.04691874618517311,-0.0002659634618445983,-0.006017379409517076,0.11296595238672771,1.0
3,2.0,1.0,1.0,2,37,0.0010282855942978896,148,0.11576608054810378,0.006428993837526986,0.003424884591162389,0.014914739224723417,0.04691874618517311,-0.0002517662950331512,-0.006177227542493835,0.11587098803458376,1.0
3,2.0,1.0,1.0,2,38,0.0010282855942978896,152,0.11866354938530299,0.006575305849740476,0.0032467716960566852,0.014140081716514093,0.04691874618517311,-0.00023867665194821086,-0.006336629197792265,0.11876546478070732,1.0
3,2.0,1.0,1.0,2,39,0.0010282855942978896,156,0.1215498407670913,0.006722169051936289,0.0030822055526559576,0.013424245889971303,0.04691874618517311,-0.00022658222482713208,-0.006495586827109157,0.12164931096575574,1.0
3,2.0,1.0,1.0,2,40,0.0010282855942978896,160,0.12442499237091575,0.006869487310745104,0.002929845926735954,0.012761423749153972,0.04691874618517311,-0.00021538459314668357,-0.00665410271759842,0.12452247619875342,1.0
3,2.0,1.0,1.0,2,1,0.001332204312362705,4,0.9531085138629604,0.6648061232994085,1.7754758754156221,20.418277998646353,0.04691874618517311,0.6667062453626739,-0.001900122063265397,0.9759013212784684,0.99431617120076
3,2.0,1.0,1.0,2,2,0.001332204312362705,8,0.7512450660513035,0.016442300066206686,1.703262120963047,5.104569499661588,0.04691874618517311,-0.016928060843056092,0.000485760776849406,0.8653850171415485,0.9442097447128849
3,2.0,1.0,1.0,2,3,0.001332204312362705,12,0.12343416123859963,0.051235783898491705,0.6465033274769314,2.26869755540515,0.04691874618517311,-0.051088350768455776,-0.00014743313003592884,0.3379072538063732,1.0
3,2.0,1.0,1.0,2,4,0.001332204312362705,16,0.050222042663849775,0.02530993478831467,0.32996818991952026,1.276142374915397,0.04691874618517311,-0.024664505326011166,-0.000645429462303504,0.18896637655762943,1.0
3,2.0,1.0,1.0,2,5,0.001332204312362705,20,0.03471734823705597,0.015820070360805294,0.20204427626216956,0.8167311199458542,0.04691874618517311,-0.014863750554480692,-0.0009563198063246015,0.12423843834627685,1.0
3,2.0,1.0,1.0,2,6,0.001332204312362705,24,0.03208037689863552,0.011262849231602867,0.13703972607761442,0.5671743888512875,0.04691874618517311,-0.010042076013427548,-0.0012207732181753195,0.0910798306617557,1.0
3,2.0,1.0,1.0,2,7,0.001332204312362705,28,0.03341166577612764,0.008737392627118978,0.0992782066218363,0.4166995509927826,0.04691874618517311,-0.00726979479536477,-0.0014675978317542082,0.07280047893212868,1.0
3,2.0,1.0,1.0,2,8,0.001332204312362705,32,0.03622524186038223,0.007222479255101166,0.07532554959713002,0.31903559372884926,0.04691874618517311,-0.005516868887537385,-0.0017056103675637813,0.06262800344819713,1.0
3,2.0,1.0,1.0,2,9,0.001332204312362705,36,0.03966890419322433,0.006272370900216984,0.059150524155571496,0.2520775061561278,0.04691874618517311,-0.004334012982422419,-0.0019383579177945642,0.05736860621918426,1.0
3,2.0,1.0,1.0,2,10,0.001332204312362705,40,0.04340447582736151,0.00566423635702723,0.04770179173662876,0.20418277998646356,0.04691874618517311,-0.0034966876067205055,-0.0021675487503067248,0.055289411344000075,1.0
3,2.0,1.0,1.0,2,11,0.001332204312362705,44,0.04728211823000006,0.005275728753940723,0.039295313841501645,0.16874609916236655,0.04691874618517311,-0.0028816148547965437,-0.002394113899144179,0.055317319844974684,1.0
3,2.0,1.0,1.0,2,12,0.001332204312362705,48,0.051229481811604916,0.005034843499422903,0.03293779316280698,0.14179359721282186,0.04691874618517311,-0.002416235450498294,-0.002618608048924609,0.05673186996078826,1.0
3,2.0,1.0,1.0,2,13,0.001332204312362705,52,0.0552091460371964,0.004896855343116402,0.02801170527132878,0.12081821300974174,0.04691874618517311,-0.0020554708813628753,-0.0028413844617535267,0.059043279967435136,1.0
3,2.0,1.0,1.0,2,14,0.001332204312362705,56,0.05920064116062784,0.004832752136999574,0.02411636404278435,0.10417488774819565,0.04691874618517311,-0.0017700720758254684,-0.0030626800611741056,0.06192654570447298,1.0
3,2.0,1.0,1.0,2,15,0.001332204312362705,60,0.0631922405218901,0.004823029160437198,0.02098238183151936,0.09074790221620602,0.04691874618517311,-0.0015403687170760794,-0.0032826604433611184,0.06517174521843444,1.0
3,2.0,1.0,1.0,2,16,0.001332204312362705,64,0.0671769640235812,0.004854173086730196,0.018423130649518154,0.07975889843221232,0.04691874618517311,-0.0013527277569728713,-0.0035014453297573245,0.0686453691375024,1.0
3,2.0,1.0,1.0,2,17,0.001332204312362705,68,0.07115052338368111,0.004916577917427001,0.016305952818450993,0.07065148096417423,0.04691874618517311,-0.0011974541590372145,-0.0037191237583897863,0.07226275169795546,1.0
3,2.0,1.0,1.0,2,18,0.001332204312362705,72,0.07511021541010465,0.005003261726992336,0.01453443058022347,0.06301937653903195,0.04691874618517311,-0.001067498163079883,-0.003935763563912453,0.0759698648602452,1.0
3,2.0,1.0,1.0,2,19,0.001332204312362705,76,0.0790543013978191,0.005109050266605242,0.013037106678338092,0.056560326866056373,0.04691874618517311,-0.0009576327478855728,-0.004151417518719669,0.07973182403872758,1.0
3,2.0,1.0,1.0,2,20,0.001332204312362705,80,0.08298164664673657,0.005230042634859766,0.011760103202647889,0.05104569499661589,0.04691874618517311,-0.0008639151953815927,-0.0043661274394781735,0.08352577522422948,1.0
3,2.0,1.0,1.0,2,21,0.001332204312362705,84,0.08689150446547211,0.005363252744120084,0.010662169892719012,0.046299950110309185,0.04691874618517311,-0.000783325734964313,-0.004579927009155771,0.08733651106480524,1.0
3,2.0,1.0,1.0,2,22,0.001332204312362705,88,0.09078338312595458,0.005506363382263513,0.009711288236463812,0.04218652479059164,0.04691874618517311,-0.0007135196193590598,-0.004792843762904453,0.09115375403741559,1.0
3,2.0,1.0,1.0,2,23,0.001332204312362705,92,0.09465696186276029,0.005657554157864286,0.00888229623726891,0.03859787901445435,0.04691874618517311,-0.0006526536428984042,-0.005004900514965882,0.09497045445729524,1.0
3,2.0,1.0,1.0,2,24,0.001332204312362705,96,0.09851203664553676,0.005815378986801789,0.008155197413028059,0.035448399303205466,0.04691874618517311,-0.0005992625838136534,-0.005216116402988136,0.09878170966449709,1.0
3,2.0,1.0,1.0,2,25,0.001332204312362705,100,0.10234848446045053,0.005978677450792169,0.007513937502025187,0.032669244797834174,0.04691874618517311,-0.0005521697858245633,-0.005426507664967606,0.1025840674229749,1.0
3,2.0,1.0,1.0,2,26,0.001332204312362705,104,0.10616623934910474,0.006146509725867222,0.006945506553105315,0.030204553252435436,0.04691874618517311,-0.0005104215000069079,-0.005636088225860314,0.10637507008399616,1.0
3,2.0,1.0,1.0,2,27,0.001332204312362705,108,0.1099652760643468,0.006318108176718795,0.006439271044806123,0.028008611795125305,0.04691874618517311,-0.00047323803031668055,-0.005844870146402115,0.11015295178720731,1.0
3,2.0,1.0,1.0,2,28,0.001332204312362705,112,0.11374559874976375,0.0064928409088922945,0.005986471023014131,0.026043721937048913,0.04691874618517311,-0.0004399769382524843,-0.00605286397063981,0.11391643436994846,1.0
3,2.0,1.0,1.0,2,29,0.001332204312362705,116,0.11750723298797427,0.006670184016689451,0.005579837222604804,0.024278570747498635,0.04691874618517311,-0.0004101050186414712,-0.00626007899804798,0.11766458787388698,1.0
3,2.0,1.0,1.0,2,30,0.001332204312362705,120,0.12125022014221831,0.00684970023318382,0.005213296516082333,0.022686975554051504,0.04691874618517311,-0.00038317673450294354,-0.006466523498680876,0.12139673392779826,1.0
3,2.0,1.0,1.0,2,31,0.001332204312362705,124,0.12497461328158321,0.007031022347964655,0.004881743133352185,0.021246907386728773,0.04691874618517311,-0.0003588174630330676,-0.006672204884931587,0.12511237797946206,1.0
3,2.0,1.0,1.0,2,32,0.001332204312362705,128,0.12868047421353546,0.007213840213057543,0.004580859379421108,0.01993972460805308,0.04691874618517311,-0.000336710363300019,-0.006877129849757524,0.12881116119271271,1.0
3,2.0,1.0,1.0,2,33,0.001332204312362705,132,0.13236787130088246,0.007397890476249724,0.004306973972429908,0.018749566573596287,0.04691874618517311,-0.00031658599740480575,-0.007081304478844919,0.1324928259167909,1.0
3,2.0,1.0,1.0,2,34,0.001332204312362705,136,0.13603687784009333,0.007582948406467116,0.004056949238952538,0.017662870241043557,0.04691874618517311,-0.000298214064217428,-0.007284734342249688,0.13615719063349913,1.0
3,2.0,1.0,1.0,2,35,0.001332204312362705,140,0.1396875708458416,0.007768821337732934,0.0038280906356935847,0.01666798203971131,0.04691874618517311,-0.00028139676789984414,-0.00748742456983309,0.13980413159725133,1.0
3,2.0,1.0,1.0,2,36,0.001332204312362705,144,0.1433200301325187,0.007955343375547042,0.0036180736844145596,0.015754844134757987,0.04691874618517311,-0.0002659634618445983,-0.007689379913702443,0.1434335692516996,1.0
3,2.0,1.0,1.0,2,37,0.001332204312362705,148,0.14693433761472108,0.008142371095260836,0.003424884591162389,0.014914739224723417,0.04691874618517311,-0.0002517662950331512,-0.007890604800227685,0.14704545808958458,1.0
3,2.0,1.0,1.0,2,38,0.001332204312362705,152,0.15053057677058868,0.008329780025563394,0.0032467716960566852,0.014140081716514093,0.04691874618517311,-0.00023867665194821086,-0.008091103373615183,0.15063977901833875,1.0
3,2.0,1.0,1.0,2,39,0.001332204312362705,156,0.15410883222734562,0.008517461757434341,0.0030822055526559576,0.013424245889971303,0.04691874618517311,-0.00022658222482713208,-0.00829087953260721,0.1542165335657727,1.0
3,2.0,1.0,1.0,2,40,0.001332204312362705,160,0.1576691894391633,0.008705321554641876,0.002929845926735954,0.012761423749153972,0.04691874618517311,-0.00021538459314668357,-0.008489936961495193,0.15777573944858764,1.0
3,2.0,1.0,1.0,2,1,0.0017259488411773309,4,0.9529756027184587,0.6642450107253403,1.7754758754156221,20.418277998646353,0.04691874618517311,0.6667062453626739,-0.002461234637333609,0.9757238580828971,0.9926438904731785
3,2.0,1.0,1.0,2,2,0.0017259488411773309,8,0.7516168623159711,0.016300089258226888,1.703262120963047,5.104569499661588,0.04691874618517311,-0.016928060843056092,0.0006279715848292039,0.8652019036057611,0.9284608766350011
3,2.0,1.0,1.0,2,3,0.0017259488411773309,12,0.1267919333158667,0.05127900507339522,0.6465033274769314,2.26869755540515,0.04691874618517311,-0.051088350768455776,-0.00019065430493944713,0.33889899498246046,1.0
3,2.0,1.0,1.0,2,4,0.0017259488411773309,16,0.05511470624285986,0.02549893242639717,0.32996818991952026,1.276142374915397,0.04691874618517311,-0.024664505326011166,-0.0008344271003860038,0.19082979418584345,1.0
3,2.0,1.0,1.0,2,5,0.0017259488411773309,20,0.040933094235845235,0.016099582009673152,0.20204427626216956,0.8167311199458542,0.04691874618517311,-0.014863750554480692,-0.0012358314551924598,0.12701217013889457,1.0
3,2.0,1.0,1.0,2,6,0.0017259488411773309,24,0.0395466649171099,0.011618938820086744,0.13703972607761442,0.5671743888512875,0.04691874618517311,-0.010042076013427548,-0.001576862806659196,0.09492030509602015,1.0
3,2.0,1.0,1.0,2,7,0.0017259488411773309,28,0.04209205223796242,0.009164589586068195,0.0992782066218363,0.4166995509927826,0.04691874618517311,-0.00726979479536477,-0.0018947947907034246,0.07793244978693897,1.0
3,2.0,1.0,1.0,2,8,0.0017259488411773309,32,0.046095652191021186,0.007717906093264948,0.07532554959713002,0.31903559372884926,0.04691874618517311,-0.005516868887537385,-0.002201037205727563,0.06928501803258454,1.0
3,2.0,1.0,1.0,2,9,0.0017259488411773309,36,0.05071035658968659,0.00683419489968945,0.059150524155571496,0.2520775061561278,0.04691874618517311,-0.004334012982422419,-0.0025001819172670303,0.06571556750118404,1.0
3,2.0,1.0,1.0,2,10,0.0017259488411773309,40,0.055600396773940464,0.006291129080496616,0.04770179173662876,0.20418277998646356,0.04691874618517311,-0.0034966876067205055,-0.0027944414737761103,0.06537104350158632,1.0
3,2.0,1.0,1.0,2,11,0.0017259488411773309,44,0.06061721265285169,0.005966637484958903,0.039295313841501645,0.16874609916236655,0.04691874618517311,-0.0028816148547965437,-0.0030850226301623596,0.06707039740087867,1.0
3,2.0,1.0,1.0,2,12,0.0017259488411773309,48,0.06568920660190625,0.005788880519083606,0.03293779316280698,0.14179359721282186,0.04691874618517311,-0.002416235450498294,-0.0033726450685853115,0.07003935501602264,1.0
3,2.0,1.0,1.0,2,13,0.0017259488411773309,52,0.07077944394365243,0.0057132386447250605,0.02801170527132878,0.12081821300974174,0.04691874618517311,-0.0020554708813628753,-0.0036577677633621852,0.07378296120442954,1.0
3,2.0,1.0,1.0,2,14,0.0017259488411773309,56,0.0758677969919197,0.005710771169518958,0.02411636404278435,0.10417488774819565,0.04691874618517311,-0.0017700720758254684,-0.003940699093693489,0.07799451567064894,1.0
3,2.0,1.0,1.0,2,15,0.0017259488411773309,60,0.08094279894051148,0.005762023817413142,0.02098238183151936,0.09074790221620602,0.04691874618517311,-0.0015403687170760794,-0.004221655100337063,0.08248710673679269,1.0
3,2.0,1.0,1.0,2,16,0.0017259488411773309,64,0.08599768020714227,0.005853520187655226,0.018423130649518154,0.07975889843221232,0.04691874618517311,-0.0013527277569728713,-0.004500792430682354,0.08714695208825518,1.0
3,2.0,1.0,1.0,2,17,0.0017259488411773309,68,0.09102833210956018,0.005975682162281393,0.016305952818450993,0.07065148096417423,0.04691874618517311,-0.0011974541590372145,-0.004778228003244178,0.09190412592172086,1.0
3,2.0,1.0,1.0,2,18,0.0017259488411773309,72,0.09603221091284131,0.006121549442985819,0.01453443058022347,0.06301937653903195,0.04691874618517311,-0.001067498163079883,-0.005054051279905936,0.0967149921133013,1.0
3,2.0,1.0,1.0,2,19,0.0017259488411773309,76,0.10100772376162437,0.006285964964144242,0.013037106678338092,0.056560326866056373,0.04691874618517311,-0.0009576327478855728,-0.005328332216258669,0.10155183161959394,1.0
3,2.0,1.0,1.0,2,20,0.0017259488411773309,80,0.10595387229266806,0.006465041773578539,0.011760103202647889,0.05104569499661589,0.04691874618517311,-0.0008639151953815927,-0.005601126578196947,0.10639671252968547,1.0
3,2.0,1.0,1.0,2,21,0.0017259488411773309,84,0.1108700392788764,0.006655805330643139,0.010662169892719012,0.046299950110309185,0.04691874618517311,-0.000783325734964313,-0.005872479595678826,0.11123782987123995,1.0
3,2.0,1.0,1.0,2,22,0.0017259488411773309,88,0.11575585733070115,0.006855948153363212,0.009711288236463812,0.04218652479059164,0.04691874618517311,-0.0007135196193590598,-0.006142428534004152,0.11606728672596626,1.0
3,2.0,1.0,1.0,2,23,0.0017259488411773309,92,0.12061112607830804,0.00706365818429372,0.00888229623726891,0.03859787901445435,0.04691874618517311,-0.0006526536428984042,-0.006411004541395315,0.12087972555525228,1.0
3,2.0,1.0,1.0,2,24,0.0017259488411773309,96,0.1254357587620779,0.007277496585055665,0.008155197413028059,0.035448399303205466,0.04691874618517311,-0.0005992625838136534,-0.006678234001242012,0.1256714685902835,1.0
3,2.0,1.0,1.0,2,25,0.0017259488411773309,100,0.13022974709097968,0.007496309323983874,0.007513937502025187,0.032669244797834174,0.04691874618517311,-0.0005521697858245633,-0.006944139538159311,0.13043996818853656,1.0
3,2.0,1.0,1.0,2,26,0.0017259488411773309,104,0.13499313769573573,0.007719162277605163,0.006945506553105315,0.030204553252435436,0.04691874618517311,-0.0005104215000069079,-0.007208740777598255,0.13518344923901918,1.0
3,2.0,1.0,1.0,2,27,0.0017259488411773309,108,0.13972601608712543,0.007945292957345473,0.006439271044806123,0.028008611795125305,0.04691874618517311,-0.00047323803031668055,-0.007472054927028793,0.13990067263078151,1.0
3,2.0,1.0,1.0,2,28,0.0017259488411773309,112,0.1444284955599341,0.008174074164250644,0.005986471023014131,0.026043721937048913,0.04691874618517311,-0.0004399769382524843,-0.00773409722599816,0.14459077632774267,1.0
3,2.0,1.0,1.0,2,29,0.0017259488411773309,116,0.14910070941029163,0.008404986317128993,0.005579837222604804,0.024278570747498635,0.04691874618517311,-0.0004101050186414712,-0.007994881298487522,0.14925316699819813,1.0
3,2.0,1.0,1.0,2,30,0.0017259488411773309,120,0.1537428054064639,0.008637596166051864,0.005213296516082333,0.022686975554051504,0.04691874618517311,-0.00038317673450294354,-0.00825441943154892,0.15388744508369095,1.0
3,2.0,1.0,1.0,2,31,0.0017259488411773309,124,0.15835494181422805,0.008871540260738386,0.004881743133352185,0.021246907386728773,0.04691874618517311,-0.0003588174630330676,-0.008512722797705319,0.15849335230860429,1.0
3,2.0,1.0,1.0,2,32,0.0017259488411773309,128,0.16293728450808442,0.009106511997257705,0.004580859379421108,0.01993972460805308,0.04691874618517311,-0.000336710363300019,-0.008769801633957686,0.16307073445618997,1.0
3,2.0,1.0,1.0,2,33,0.0017259488411773309,132,0.16749000485088295,0.009342251384430234,0.004306973972429908,0.018749566573596287,0.04691874618517311,-0.00031658599740480575,-0.009025665387025428,0.16761951466523375,1.0
3,2.0,1.0,1.0,2,34,0.0017259488411773309,136,0.17201327812272327,0.009578536896236334,0.004056949238952538,0.017662870241043557,0.04691874618517311,-0.000298214064217428,-0.009280322832018906,0.1721396740651991,1.0
3,2.0,1.0,1.0,2,35,0.0017259488411773309,140,0.17650728234683077,0.00981517893800915,0.0038280906356935847,0.01666798203971131,0.04691874618517311,-0.00028139676789984414,-0.009533782170109306,0.1766312375892199,1.0
3,2.0,1.0,1.0,2,36,0.0017259488411773309,144,0.1809721974053209,0.010052014571227896,0.0036180736844145596,0.015754844134757987,0.04691874618517311,-0.0002659634618445983,-0.009786051109383298,0.1810942634802108,1.0
3,2.0,1.0,1.0,2,37,0.0017259488411773309,148,0.1854082043684191,0.010288903227231194,0.003424884591162389,0.014914739224723417,0.04691874618517311,-0.0002517662950331512,-0.010037136932198043,0.18552883545809745,1.0
3,2.0,1.0,1.0,2,38,0.0017259488411773309,152,0.18981548498219936,0.010525723203530513,0.0032467716960566852,0.014140081716514093,0.04691874618517311,-0.00023867665194821086,-0.010287046551582302,0.1899350568231249,1.0
3,2.0,1.0,1.0,2,39,0.0017259488411773309,156,0.19419422127511476,0.010762368783585163,0.0030822055526559576,0.013424245889971303,0.04691874618517311,-0.00022658222482713208,-0.010535786558758031,0.19431304598073373,1.0
3,2.0,1.0,1.0,2,40,0.0017259488411773309,160,0.19854459525414003,0.010998747856439783,0.002929845926735954,0.012761423749153972,0.04691874618517311,-0.00021538459314668357,-0.0107833632632931,0.19866293301928237,1.0
3,2.0,1.0,1.0,2,1,0.0022360679774997894,4,0.9528036537358832,0.6635183855045441,1.7754758754156221,20.418277998646353,0.04691874618517311,0.6667062453626739,-0.003187859858129749,0.9754943288291857,0.9904824961638407
3,2.0,1.0,1.0,2,2,0.0022360679774997894,8,0.7520970822957003,0.016116765658329146,1.703262120963047,5.104569499661588,0.04691874618517311,-0.016928060843056092,0.0008112951847269456,0.8649664961259649,0.9085316080858504
3,2.0,1.0,1.0,2,3,0.0022360679774997894,12,0.1311216133644506,0.05133476076438381,0.6465033274769314,2.26869755540515,0.04691874618517311,-0.051088350768455776,-0.0002464099959280375,0.340197282376757,1.0
3,2.0,1.0,1.0,2,4,0.0022360679774997894,16,0.06141276318939992,0.025742598206777767,0.32996818991952026,1.276142374915397,0.04691874618517311,-0.024664505326011166,-0.0010780928807666013,0.19329630936123876,1.0
3,2.0,1.0,1.0,2,5,0.0022360679774997894,20,0.04892056895734642,0.016459589986181133,0.20204427626216956,0.8167311199458542,0.04691874618517311,-0.014863750554480692,-0.001595839431700441,0.13074259805780197,1.0
3,2.0,1.0,1.0,2,6,0.0022360679774997894,24,0.04912471772075766,0.012077094075168049,0.13703972607761442,0.5671743888512875,0.04691874618517311,-0.010042076013427548,-0.002035018061740501,0.10017273547491723,1.0
3,2.0,1.0,1.0,2,7,0.0022360679774997894,28,0.053208566415019254,0.009713632497513447,0.0992782066218363,0.4166995509927826,0.04691874618517311,-0.00726979479536477,-0.002443837702148677,0.08503266290225998,1.0
3,2.0,1.0,1.0,2,8,0.0022360679774997894,32,0.058714579433220004,0.008353928712269365,0.07532554959713002,0.31903559372884926,0.04691874618517311,-0.005516868887537385,-0.00283705982473198,0.078504179727475,1.0
3,2.0,1.0,1.0,2,9,0.0022360679774997894,36,0.0648023210633466,0.007554641224052638,0.059150524155571496,0.2520775061561278,0.04691874618517311,-0.004334012982422419,-0.003220628241630219,0.07715929268520161,1.0
3,2.0,1.0,1.0,2,10,0.0022360679774997894,40,0.0711392297421023,0.007094096827020668,0.04770179173662876,0.20418277998646356,0.04691874618517311,-0.0034966876067205055,-0.003597409220300163,0.07896884221096553,1.0
3,2.0,1.0,1.0,2,11,0.0022360679774997894,44,0.07757849395459526,0.00685058275477568,0.039295313841501645,0.16874609916236655,0.04691874618517311,-0.0028816148547965437,-0.003968967899979137,0.08265686446929744,1.0
3,2.0,1.0,1.0,2,12,0.0022360679774997894,48,0.08404958462957746,0.006752474689359855,0.03293779316280698,0.14179359721282186,0.04691874618517311,-0.002416235450498294,-0.004336239238861561,0.08743788089529948,1.0
3,2.0,1.0,1.0,2,13,0.0022360679774997894,52,0.09051629141252104,0.006755291723691881,0.02801170527132878,0.12081821300974174,0.04691874618517311,-0.0020554708813628753,-0.0046998208423290055,0.09284571037244804,1.0
3,2.0,1.0,1.0,2,14,0.0022360679774997894,56,0.09695902438763171,0.0068301874977252375,0.02411636404278435,0.10417488774819565,0.04691874618517311,-0.0017700720758254684,-0.005060115421899769,0.09860900147450549,1.0
3,2.0,1.0,1.0,2,15,0.0022360679774997894,60,0.10336674734176843,0.0069577748901129555,0.02098238183151936,0.09074790221620602,0.04691874618517311,-0.0015403687170760794,-0.005417406173036876,0.10456980663385362,1.0
3,2.0,1.0,1.0,2,16,0.0022360679774997894,64,0.10973305645589071,0.007124627163591302,0.018423130649518154,0.07975889843221232,0.04691874618517311,-0.0013527277569728713,-0.00577189940661843,0.1106350139598623,1.0
3,2.0,1.0,1.0,2,17,0.0022360679774997894,68,0.1160541677158905,0.007321204156364558,0.016305952818450993,0.07065148096417423,0.04691874618517311,-0.0011974541590372145,-0.0061237499973273435,0.11674868171331934,1.0
3,2.0,1.0,1.0,2,18,0.0022360679774997894,72,0.12232783483956688,0.007540575429846985,0.01453443058022347,0.06301937653903195,0.04691874618517311,-0.001067498163079883,-0.006473077266767102,0.12287648517685115,1.0
3,2.0,1.0,1.0,2,19,0.0022360679774997894,76,0.1285527436317082,0.007777608021630744,0.013037106678338092,0.056560326866056373,0.04691874618517311,-0.0009576327478855728,-0.006819975273745171,0.12899692380024033,1.0
3,2.0,1.0,1.0,2,20,0.0022360679774997894,80,0.1347281608779347,0.008028434891464376,0.011760103202647889,0.05104569499661589,0.04691874618517311,-0.0008639151953815927,-0.007164519696082783,0.13509627387412132,1.0
3,2.0,1.0,1.0,2,21,0.0022360679774997894,84,0.14085372439831423,0.008290098295240134,0.010662169892719012,0.046299950110309185,0.04691874618517311,-0.000783325734964313,-0.007506772560275821,0.14116563362461393,1.0
3,2.0,1.0,1.0,2,22,0.0022360679774997894,88,0.14692931400882547,0.008560305189457273,0.009711288236463812,0.04218652479059164,0.04691874618517311,-0.0007135196193590598,-0.007846785570098214,0.14719915603384237,1.0
3,2.0,1.0,1.0,2,23,0.0022360679774997894,92,0.15295497023816151,0.008837256141332961,0.00888229623726891,0.03859787901445435,0.04691874618517311,-0.0006526536428984042,-0.008184602498434557,0.15319296907782748,1.0
3,2.0,1.0,1.0,2,24,0.0022360679774997894,96,0.15893084198378205,0.00911952352172718,0.008155197413028059,0.035448399303205466,0.04691874618517311,-0.0005992625838136534,-0.008520260937913526,0.15914450211370126,1.0
3,2.0,1.0,1.0,2,25,0.0022360679774997894,100,0.16485715212569874,0.009405963389228167,0.007513937502025187,0.032669244797834174,0.04691874618517311,-0.0005521697858245633,-0.008853793603403604,0.1650520572379861,1.0
3,2.0,1.0,1.0,2,26,0.0022360679774997894,104,0.17073417452589856,0.00969565081545365,0.006945506553105315,0.030204553252435436,0.04691874618517311,-0.0005104215000069079,-0.009185229315446741,0.1709145313897017,1.0
3,2.0,1.0,1.0,2,27,0.0022360679774997894,108,0.17656221838917574,0.009987831783041301,0.006439271044806123,0.028008611795125305,0.04691874618517311,-0.00047323803031668055,-0.00951459375272462,0.1767312330057862,1.0
3,2.0,1.0,1.0,2,28,0.0022360679774997894,112,0.1823416174692074,0.010281886972961007,0.005986471023014131,0.026043721937048913,0.04691874618517311,-0.0004399769382524843,-0.009841910034708523,0.18250175906487476,1.0
3,2.0,1.0,1.0,2,29,0.0022360679774997894,116,0.1880727225167449,0.0105773041965051,0.005579837222604804,0.024278570747498635,0.04691874618517311,-0.0004101050186414712,-0.010167199177863628,0.18822591136160224,1.0
3,2.0,1.0,1.0,2,30,0.0022360679774997894,120,0.19375589592997056,0.010873657190881292,0.005213296516082333,0.022686975554051504,0.04691874618517311,-0.00038317673450294354,-0.010490480456378348,0.19390363867670735,1.0
3,2.0,1.0,1.0,2,31,0.0022360679774997894,124,0.19939150792194416,0.011170589153113253,0.004881743133352185,0.021246907386728773,0.04691874618517311,-0.0003588174630330676,-0.010811771690080185,0.1995349962988454,1.0
3,2.0,1.0,1.0,2,32,0.0022360679774997894,128,0.20497993374625234,0.0114677998394766,0.004580859379421108,0.01993972460805308,0.04691874618517311,-0.000336710363300019,-0.011131089476176581,0.20512011733730562,1.0
3,2.0,1.0,1.0,2,33,0.0022360679774997894,132,0.2105215516703427,0.011765035374661392,0.004306973972429908,0.018749566573596287,0.04691874618517311,-0.00031658599740480575,-0.011448449377256587,0.21065919215350434,1.0
3,2.0,1.0,1.0,2,34,0.0022360679774997894,136,0.21601674148247296,0.012062080139130349,0.004056949238952538,0.017662870241043557,0.04691874618517311,-0.000298214064217428,-0.011763866074912921,0.2161524534521593,1.0
3,2.0,1.0,1.0,2,35,0.0022360679774997894,140,0.22146588338367934,0.012358750264046148,0.0038280906356935847,0.01666798203971131,0.04691874618517311,-0.00028139676789984414,-0.012077353496146304,0.2216001653641652,1.0
3,2.0,1.0,1.0,2,36,0.0022360679774997894,144,0.2268693571603737,0.0126548883798554,0.0036180736844145596,0.015754844134757987,0.04691874618517311,-0.0002659634618445983,-0.012388924918010802,0.22700261537582606,1.0
3,2.0,1.0,1.0,2,37,0.0022360679774997894,148,0.23222754156317604,0.012950359349803986,0.003424884591162389,0.014914739224723417,0.04691874618517311,-0.0002517662950331512,-0.012698593054770835,0.2323601083087681,1.0
3,2.0,1.0,1.0,2,38,0.0022360679774997894,152,0.23754081383860415,0.013245046782833003,0.0032467716960566852,0.014140081716514093,0.04691874618517311,-0.00023867665194821086,-0.013006370130884792,0.23767296179174702,1.0
3,2.0,1.0,1.0,2,39,0.0022360679774997894,156,0.2428095493750112,0.013538850167299221,0.0030822055526559576,0.013424245889971303,0.04691874618517311,-0.00022658222482713208,-0.013312267942472089,0.24294150282792681,1.0
3,2.0,1.0,1.0,2,40,0.0022360679774997894,160,0.24803412143454961,0.013831682502410458,0.002929845926735954,0.012761423749153972,0.04691874618517311,-0.00021538459314668357,-0.013616297909263775,0.2481660651735746,1.0
3,2.0,1.0,1.0,2,1,0.0028969572450301176,4,0.9525812948668992,0.6625775521824225,1.7754758754156221,20.418277998646353,0.04691874618517311,0.6667062453626739,-0.0041286931802513305,0.9751976047750248,0.9876908820842905
3,2.0,1.0,1.0,2,2,0.0028969572450301176,8,0.752716785788498,0.015880796893442517,1.703262120963047,5.104569499661588,0.04691874618517311,-0.016928060843056092,0.001047263949613575,0.8646645646901203,0.8834776048062677
3,2.0,1.0,1.0,2,3,0.0028969572450301176,12,0.13669671219671842,0.05140659324281527,0.6465033274769314,2.26869755540515,0.04691874618517311,-0.051088350768455776,-0.0003182424743594925,0.34190158066632037,1.0
3,2.0,1.0,1.0,2,4,0.0028969572450301176,16,0.06950446664071319,0.026056287673610234,0.32996818991952026,1.276142374915397,0.04691874618517311,-0.024664505326011166,-0.0013917823475990687,0.1965778968688352,1.0
3,2.0,1.0,1.0,2,5,0.0028969572450301176,20,0.059160037887392436,0.016922464955239414,0.20204427626216956,0.8167311199458542,0.04691874618517311,-0.014863750554480692,-0.002058714400758721,0.13579569982670225,1.0
3,2.0,1.0,1.0,2,6,0.0028969572450301176,24,0.061375995721687504,0.012665351092891797,0.13703972607761442,0.5671743888512875,0.04691874618517311,-0.010042076013427548,-0.002623275079464249,0.10740129440650811,1.0
3,2.0,1.0,1.0,2,7,0.0028969572450301176,28,0.0673962064482958,0.010417582423109473,0.0992782066218363,0.4166995509927826,0.04691874618517311,-0.00726979479536477,-0.0031477876277447026,0.09486110646924654,1.0
3,2.0,1.0,1.0,2,8,0.0028969572450301176,32,0.07478407191634018,0.009168212582472579,0.07532554959713002,0.31903559372884926,0.04691874618517311,-0.005516868887537385,-0.003651343694935194,0.09116541795294264,1.0
3,2.0,1.0,1.0,2,9,0.0028969572450301176,36,0.08270797103467165,0.008475649839436383,0.059150524155571496,0.2520775061561278,0.04691874618517311,-0.004334012982422419,-0.004141636857013964,0.0926061037245994,1.0
3,2.0,1.0,1.0,2,10,0.0028969572450301176,40,0.09083968670460663,0.0081190695151378,0.04770179173662876,0.20418277998646356,0.04691874618517311,-0.0034966876067205055,-0.004622381908417295,0.09697571604095025,1.0
3,2.0,1.0,1.0,2,11,0.0028969572450301176,44,0.09903486957284191,0.007977226040005891,0.039295313841501645,0.16874609916236655,0.04691874618517311,-0.0028816148547965437,-0.005095611185209348,0.10296608927429732,1.0
3,2.0,1.0,1.0,2,12,0.0028969572450301176,48,0.1072245736855082,0.00797877744911163,0.03293779316280698,0.14179359721282186,0.04691874618517311,-0.002416235450498294,-0.005562541998613335,0.10983422959950392,1.0
3,2.0,1.0,1.0,2,13,0.0028969572450301176,52,0.11537372526696466,0.008079426154633307,0.02801170527132878,0.12081821300974174,0.04691874618517311,-0.0020554708813628753,-0.0060239552732704316,0.11716853667975162,1.0
3,2.0,1.0,1.0,2,14,0.0028969572450301176,56,0.12346362744426032,0.00825045185453055,0.02411636404278435,0.10417488774819565,0.04691874618517311,-0.0017700720758254684,-0.006480379778705081,0.12474103959762492,1.0
3,2.0,1.0,1.0,2,15,0.0028969572450301176,60,0.13148399567336067,0.008472558340030023,0.02098238183151936,0.09074790221620602,0.04691874618517311,-0.0015403687170760794,-0.006932189622953944,0.13242348688449337,1.0
3,2.0,1.0,1.0,2,16,0.0028969572450301176,64,0.13942909093175415,0.008732387155881316,0.018423130649518154,0.07975889843221232,0.04691874618517311,-0.0013527277569728713,-0.007379659398908445,0.140142072696677,1.0
3,2.0,1.0,1.0,2,17,0.0028969572450301176,68,0.14729573768407245,0.009020451266008755,0.016305952818450993,0.07065148096417423,0.04691874618517311,-0.0011974541590372145,-0.007822997106971541,0.14785328407614876,1.0
3,2.0,1.0,1.0,2,18,0.0028969572450301176,72,0.15508225969048073,0.009329862868185157,0.01453443058022347,0.06301937653903195,0.04691874618517311,-0.001067498163079883,-0.008262364705105274,0.15553088394866868,1.0
3,2.0,1.0,1.0,2,19,0.0028969572450301176,76,0.16278788522873933,0.009655524171732377,0.013037106678338092,0.056560326866056373,0.04691874618517311,-0.0009576327478855728,-0.008697891423846804,0.16315875101245325,1.0
3,2.0,1.0,1.0,2,20,0.0028969572450301176,80,0.1704124028181785,0.009993597866987669,0.011760103202647889,0.05104569499661589,0.04691874618517311,-0.0008639151953815927,-0.009129682671606076,0.17072684333752822,1.0
3,2.0,1.0,1.0,2,21,0.0028969572450301176,84,0.17795595569910505,0.010341151890357336,0.010662169892719012,0.046299950110309185,0.04691874618517311,-0.000783325734964313,-0.009557826155393023,0.1782288638897483,1.0
3,2.0,1.0,1.0,2,22,0.0028969572450301176,88,0.18541891574372105,0.010695915807976741,0.009711288236463812,0.04218652479059164,0.04691874618517311,-0.0007135196193590598,-0.009982396188617682,0.1856608760124976,1.0
3,2.0,1.0,1.0,2,23,0.0028969572450301176,92,0.19280180419082993,0.011056110429556676,0.00888229623726891,0.03859787901445435,0.04691874618517311,-0.0006526536428984042,-0.010403456786658272,0.19302046240044746,1.0
3,2.0,1.0,1.0,2,24,0.0028969572450301176,96,0.20010524071737346,0.011420326516439983,0.008155197413028059,0.035448399303205466,0.04691874618517311,-0.0005992625838136534,-0.01082106393262633,0.2003062026004352,1.0
3,2.0,1.0,1.0,2,25,0.0028969572450301176,100,0.20732991006937596,0.011787437048972671,0.007513937502025187,0.032669244797834174,0.04691874618517311,-0.0005521697858245633,-0.011235267263148108,0.2075173415299812,1.0
3,2.0,1.0,1.0,2,26,0.0028969572450301176,104,0.21447653980969617,0.012156532841200829,0.006945506553105315,0.030204553252435436,0.04691874618517311,-0.0005104215000069079,-0.011646111341193921,0.21465357505140917,1.0
3,2.0,1.0,1.0,2,27,0.0028969572450301176,108,0.22154588524237662,0.012526874660254372,0.006439271044806123,0.028008611795125305,0.04691874618517311,-0.00047323803031668055,-0.012053636629937692,0.22171490874385397,1.0
3,2.0,1.0,1.0,2,28,0.0028969572450301176,112,0.22853871905292444,0.012897857185090511,0.005986471023014131,0.026043721937048913,0.04691874618517311,-0.0004399769382524843,-0.012457880246838027,0.2287015633199668,1.0
3,2.0,1.0,1.0,2,29,0.0028969572450301176,116,0.23545582409878973,0.013268981572660932,0.005579837222604804,0.024278570747498635,0.04691874618517311,-0.0004101050186414712,-0.01285887655401946,0.23561391029420148,1.0
3,2.0,1.0,1.0,2,30,0.0028969572450301176,120,0.2422979883356562,0.0136398343595735,0.005213296516082333,0.022686975554051504,0.04691874618517311,-0.00038317673450294354,-0.013256657625070556,0.2424524275951423,1.0
3,2.0,1.0,1.0,2,31,0.0028969572450301176,124,0.24906600121224653,0.01401007108062674,0.004881743133352185,0.021246907386728773,0.04691874618517311,-0.0003588174630330676,-0.013651253617593673,0.24921766852920899,1.0
3,2.0,1.0,1.0,2,32,0.0028969572450301176,128,0.25576065108726465,0.01437940343632843,0.004580859379421108,0.01993972460805308,0.04691874618517311,-0.000336710363300019,-0.014042693073028412,0.25591023981076727,1.0
3,2.0,1.0,1.0,2,33,0.0028969572450301176,132,0.2623827233669149,0.014747589157257823,0.004306973972429908,0.018749566573596287,0.04691874618517311,-0.00031658599740480575,-0.014431003159853018,0.26253078583196077,1.0
3,2.0,1.0,1.0,2,34,0.0028969572450301176,136,0.26893299915537483,0.015114423936501864,0.004056949238952538,0.017662870241043557,0.04691874618517311,-0.000298214064217428,-0.014816209872284436,0.2690799772807545,1.0
3,2.0,1.0,1.0,2,35,0.0028969572450301176,140,0.2754122542743739,0.01547973496164734,0.0038280906356935847,0.01666798203971131,0.04691874618517311,-0.00028139676789984414,-0.015198338193747496,0.2755585028249704,1.0
3,2.0,1.0,1.0,2,36,0.0028969572450301176,144,0.28182125855096896,0.015843375694021444,0.0036180736844145596,0.015754844134757987,0.04691874618517311,-0.0002659634618445983,-0.015577412232176846,0.28196706298219326,1.0
3,2.0,1.0,1.0,2,37,0.0028969572450301176,148,0.288160775301719,0.01620522162770166,0.003424884591162389,0.014914739224723417,0.04691874618517311,-0.0002517662950331512,-0.01595345533266851,0.2883063655643215,1.0
3,2.0,1.0,1.0,2,38,0.0028969572450301176,152,0.2944315609618806,0.016565166823764244,0.0032467716960566852,0.014140081716514093,0.04691874618517311,-0.00023867665194821086,-0.016326490171816033,0.29457712226756794,1.0
3,2.0,1.0,1.0,2,39,0.0028969572450301176,156,0.3006343648225105,0.016923121061928614,0.0030822055526559576,0.013424245889971303,0.04691874618517311,-0.00022658222482713208,-0.016696538837101482,0.30078004610347003,1.0
3,2.0,1.0,1.0,2,40,0.0028969572450301176,160,0.30676992884835075,0.01727900748716088,0.002929845926735954,0.012761423749153972,0.04691874618517311,-0.00021538459314668357,-0.017063622894014197,0.3069158494527425,1.0
3,2.0,1.0,1.0,2,1,0.0037531780625543482,4,0.9522939050135992,0.6613595744045754,1.7754758754156221,20.418277998646353,0.04691874618517311,0.6667062453626739,-0.005346670958098487,0.974814260640331,0.984088541755404
3,2.0,1.0,1.0,2,2,0.0037531780625543482,8,0.7535155524580032,0.015577656669864201,1.703262120963047,5.104569499661588,0.04691874618517311,-0.016928060843056092,0.0013504041731918909,0.8642784893727362,0.8522409653117482
3,2.0,1.0,1.0,2,3,0.0037531780625543482,12,0.14386245231102412,0.051498981947733447,0.6465033274769314,2.26869755540515,0.04691874618517311,-0.051088350768455776,-0.0004106311792776707,0.3441464589234825,1.0
3,2.0,1.0,1.0,2,4,0.0037531780625543482,16,0.07987496843120967,0.02645935823118334,0.32996818991952026,1.276142374915397,0.04691874618517311,-0.024664505326011166,-0.0017948529051721729,0.20096965258548252,1.0
3,2.0,1.0,1.0,2,5,0.0037531780625543482,20,0.07224540847903937,0.017516242830361517,0.20204427626216956,0.8167311199458542,0.04691874618517311,-0.014863750554480692,-0.0026524922758808245,0.14268839876676573,1.0
3,2.0,1.0,1.0,2,6,0.0037531780625543482,24,0.07698736664620554,0.013418618645699543,0.13703972607761442,0.5671743888512875,0.04691874618517311,-0.010042076013427548,-0.003376542632271995,0.11738241105067196,1.0
3,2.0,1.0,1.0,2,7,0.0037531780625543482,28,0.08542316414908324,0.011317321434121508,0.0992782066218363,0.4166995509927826,0.04691874618517311,-0.00726979479536477,-0.004047526638756738,0.10838976131166562,1.0
3,2.0,1.0,1.0,2,8,0.0037531780625543482,32,0.09514362509347185,0.010206996651157152,0.07532554959713002,0.31903559372884926,0.04691874618517311,-0.005516868887537385,-0.004690127763619767,0.10829877258510309,1.0
3,2.0,1.0,1.0,2,9,0.0037531780625543482,36,0.105328924522895,0.00964831857693016,0.059150524155571496,0.2520775061561278,0.04691874618517311,-0.004334012982422419,-0.00531430559450774,0.1130616087410121,1.0
3,2.0,1.0,1.0,2,10,0.0037531780625543482,40,0.11565687852169526,0.00942156652641335,0.04770179173662876,0.20418277998646356,0.04691874618517311,-0.0034966876067205055,-0.005924878919692844,0.12037610946915538,1.0
3,2.0,1.0,1.0,2,11,0.0037531780625543482,44,0.12598674044992753,0.009406107026173227,0.039295313841501645,0.16874609916236655,0.04691874618517311,-0.0028816148547965437,-0.0065244921713766835,0.12899010137512273,1.0
3,2.0,1.0,1.0,2,12,0.0037531780625543482,48,0.13625202756420385,0.009530971646509678,0.03293779316280698,0.14179359721282186,0.04691874618517311,-0.002416235450498294,-0.007114736196011384,0.13824555440304626,1.0
3,2.0,1.0,1.0,2,13,0.0037531780625543482,52,0.14641954600208917,0.00975210844919322,0.02801170527132878,0.12081821300974174,0.04691874618517311,-0.0020554708813628753,-0.0076966375678303445,0.14779768148748584,1.0
3,2.0,1.0,1.0,2,14,0.0037531780625543482,56,0.15647215647509194,0.01004096879077554,0.02411636404278435,0.10417488774819565,0.04691874618517311,-0.0017700720758254684,-0.008270896714950071,0.15746257985097778,1.0
3,2.0,1.0,1.0,2,15,0.0037531780625543482,60,0.16640094102966008,0.010378382672413033,0.02098238183151936,0.09074790221620602,0.04691874618517311,-0.0015403687170760794,-0.008838013955336954,0.16713955245131978,1.0
3,2.0,1.0,1.0,2,16,0.0037531780625543482,64,0.1762014063437345,0.010751088555964239,0.018423130649518154,0.07975889843221232,0.04691874618517311,-0.0013527277569728713,-0.009398360798991368,0.17677195955624686,1.0
3,2.0,1.0,1.0,2,17,0.0037531780625543482,68,0.18587154105030734,0.011149676680669518,0.016305952818450993,0.07065148096417423,0.04691874618517311,-0.0011974541590372145,-0.009952222521632303,0.1863272004389544,1.0
3,2.0,1.0,1.0,2,18,0.0037531780625543482,72,0.195410774640298,0.011567322905067623,0.01453443058022347,0.06301937653903195,0.04691874618517311,-0.001067498163079883,-0.01049982474198774,0.19578620808943584,1.0
3,2.0,1.0,1.0,2,19,0.0037531780625543482,76,0.20481939678155503,0.011998983391686868,0.013037106678338092,0.056560326866056373,0.04691874618517311,-0.0009576327478855728,-0.011041350643801295,0.20513776862463887,1.0
3,2.0,1.0,1.0,2,20,0.0037531780625543482,80,0.21409822196324202,0.012440867690488522,0.011760103202647889,0.05104569499661589,0.04691874618517311,-0.0008639151953815927,-0.01157695249510693,0.214375354779092,1.0
3,2.0,1.0,1.0,2,21,0.0037531780625543482,84,0.22324838981296835,0.012890085301036747,0.010662169892719012,0.046299950110309185,0.04691874618517311,-0.000783325734964313,-0.012106759566072434,0.2234953084168985,1.0
3,2.0,1.0,1.0,2,22,0.0037531780625543482,88,0.2322712429523326,0.013344403321202958,0.009711288236463812,0.04218652479059164,0.04691874618517311,-0.0007135196193590598,-0.012630883701843898,0.23249576831580748,1.0
3,2.0,1.0,1.0,2,23,0.0037531780625543482,92,0.24116825048125679,0.013802076970155452,0.00888229623726891,0.03859787901445435,0.04691874618517311,-0.0006526536428984042,-0.013149423327257048,0.24137602132206784,1.0
3,2.0,1.0,1.0,2,24,0.0037531780625543482,96,0.2499409590256465,0.014261728961844744,0.008155197413028059,0.035448399303205466,0.04691874618517311,-0.0005992625838136534,-0.01366246637803109,0.25013610039384115,1.0
3,2.0,1.0,1.0,2,25,0.0037531780625543482,100,0.25859096083225486,0.014722262267415132,0.007513937502025187,0.032669244797834174,0.04691874618517311,-0.0005521697858245633,-0.014170092481590568,0.25877653016998003,1.0
3,2.0,1.0,1.0,2,26,0.0037531780625543482,104,0.2671198726338968,0.015182796103597351,0.006945506553105315,0.030204553252435436,0.04691874618517311,-0.0005104215000069079,-0.014672374603590443,0.26729816270512224,1.0
3,2.0,1.0,1.0,2,27,0.0037531780625543482,108,0.2755293214522615,0.015642618337912917,0.006439271044806123,0.028008611795125305,0.04691874618517311,-0.00047323803031668055,-0.015169380307596236,0.27570206947824877,1.0
3,2.0,1.0,1.0,2,28,0.0037531780625543482,112,0.28382093494870464,0.01610114966864884,0.005986471023014131,0.026043721937048913,0.04691874618517311,-0.0004399769382524843,-0.015661172730396355,0.2839894692083277,1.0
3,2.0,1.0,1.0,2,29,0.0037531780625543482,116,0.2919963348050676,0.016557916364111303,0.005579837222604804,0.024278570747498635,0.04691874618517311,-0.0004101050186414712,-0.01614781134546983,0.29216167886663313,1.0
3,2.0,1.0,1.0,2,30,0.0037531780625543482,120,0.30005713215287155,0.01701252930106717,0.005213296516082333,0.022686975554051504,0.04691874618517311,-0.00038317673450294354,-0.016629352566564226,0.3002200799685122,1.0
3,2.0,1.0,1.0,2,31,0.0037531780625543482,124,0.3080049244063148,0.01746466769233329,0.004881743133352185,0.021246907386728773,0.04691874618517311,-0.0003588174630330676,-0.017105850229300223,0.30816609508658455,1.0
3,2.0,1.0,1.0,2,32,0.0037531780625543482,128,0.3158412930687491,0.017914066341986112,0.004580859379421108,0.01993972460805308,0.04691874618517311,-0.000336710363300019,-0.017577355978686093,0.3160011713007271,1.0
3,2.0,1.0,1.0,2,33,0.0037531780625543482,132,0.32356780222248616,0.01836050558077401,0.004306973972429908,0.018749566573596287,0.04691874618517311,-0.00031658599740480575,-0.018043919583369206,0.32372676841952513,1.0
3,2.0,1.0,1.0,2,34,0.0037531780625543482,136,0.33118599750264965,0.01880380325653036,0.004056949238952538,0.017662870241043557,0.04691874618517311,-0.000298214064217428,-0.018505589192312932,0.3313443505249774,1.0
3,2.0,1.0,1.0,2,35,0.0037531780625543482,140,0.338697405417268,0.01924380831379341,0.0038280906356935847,0.01666798203971131,0.04691874618517311,-0.00028139676789984414,-0.018962411545893565,0.33885537985910735,1.0
3,2.0,1.0,1.0,2,36,0.0037531780625543482,144,0.3461035329172044,0.01968039561240742,0.0036180736844145596,0.015754844134757987,0.04691874618517311,-0.0002659634618445983,-0.01941443215056282,0.34626131237910684,1.0
3,2.0,1.0,1.0,2,37,0.0037531780625543482,148,0.353405867147508,0.020113461719268644,0.003424884591162389,0.014914739224723417,0.04691874618517311,-0.0002517662950331512,-0.019861695424235493,0.3535635945134408,1.0
3,2.0,1.0,1.0,2,38,0.0037531780625543482,152,0.3606058753313357,0.02054292146991271,0.0032467716960566852,0.014140081716514093,0.04691874618517311,-0.00023867665194821086,-0.0203042448179645,0.36076366079063854,1.0
3,2.0,1.0,1.0,2,39,0.0037531780625543482,156,0.3677050047512942,0.020968705143145694,0.0030822055526559576,0.013424245889971303,0.04691874618517311,-0.00022658222482713208,-0.020742122918318562,0.36786293210796883,1.0
3,2.0,1.0,1.0,2,40,0.0037531780625543482,160,0.37470468280260605,0.021390756127037613,0.002929845926735954,0.012761423749153972,0.04691874618517311,-0.00021538459314668357,-0.02117537153389093,0.3748628144731669,1.0
3,2.0,1.0,1.0,2,1,0.004862462362330365,4,0.9519227291665341,0.6597831686594275,1.7754758754156221,20.418277998646353,0.04691874618517311,0.6667062453626739,-0.0069230767032463225,0.9743194217612572,0.9794454413533714
3,2.0,1.0,1.0,2,2,0.004862462362330365,8,0.754543562197799,0.015189214968026318,1.703262120963047,5.104569499661588,0.04691874618517311,-0.016928060843056092,0.0017388458750297736,0.8637867934453194,0.8136974806495334
3,2.0,1.0,1.0,2,3,0.004862462362330365,12,0.15305100063875388,0.05161754650410627,0.6465033274769314,2.26869755540515,0.04691874618517311,-0.051088350768455776,-0.000529195735650495,0.3471154539967741,1.0
3,2.0,1.0,1.0,2,4,0.004862462362330365,16,0.09312347698677803,0.02697599678064716,0.32996818991952026,1.276142374915397,0.04691874618517311,-0.024664505326011166,-0.0023114914546359944,0.20688493837640148,1.0
3,2.0,1.0,1.0,2,5,0.004862462362330365,20,0.08889990431720252,0.01827567726461521,0.20204427626216956,0.8167311199458542,0.04691874618517311,-0.014863750554480692,-0.0034119267101345163,0.152143662867871,1.0
3,2.0,1.0,1.0,2,6,0.004862462362330365,24,0.09678293037368291,0.014379787496026752,0.13703972607761442,0.5671743888512875,0.04691874618517311,-0.010042076013427548,-0.004337711482599205,0.1311403807901689,1.0
3,2.0,1.0,1.0,2,7,0.004862462362330365,28,0.10819682572241085,0.012462601768260417,0.0992782066218363,0.4166995509927826,0.04691874618517311,-0.00726979479536477,-0.005192806972895647,0.12677715781645996,1.0
3,2.0,1.0,1.0,2,8,0.004862462362330365,32,0.12076862994928128,0.011525984158352265,0.07532554959713002,0.31903559372884926,0.04691874618517311,-0.005516868887537385,-0.00600911527081488,0.1310349292984644,1.0
3,2.0,1.0,1.0,2,9,0.004862462362330365,36,0.13369461107480096,0.011133547539891986,0.059150524155571496,0.2520775061561278,0.04691874618517311,-0.004334012982422419,-0.0067995345574695665,0.13960381248317089,1.0
3,2.0,1.0,1.0,2,10,0.004862462362330365,40,0.1466612484016716,0.01106701361406498,0.04770179173662876,0.20418277998646356,0.04691874618517311,-0.0034966876067205055,-0.0075703260073444745,0.15023330848855915,1.0
3,2.0,1.0,1.0,2,11,0.004862462362330365,44,0.15953331269820326,0.011206557510562987,0.039295313841501645,0.16874609916236655,0.04691874618517311,-0.0028816148547965437,-0.008324942655766443,0.161803479784639,1.0
3,2.0,1.0,1.0,2,12,0.004862462362330365,48,0.17224835097815383,0.011481711791433091,0.03293779316280698,0.14179359721282186,0.04691874618517311,-0.002416235450498294,-0.009065476340934797,0.17376272205028281,1.0
3,2.0,1.0,1.0,2,13,0.004862462362330365,52,0.1847764255440223,0.011848760455390295,0.02801170527132878,0.12081821300974174,0.04691874618517311,-0.0020554708813628753,-0.00979328957402742,0.18583432029305458,1.0
3,2.0,1.0,1.0,2,14,0.004862462362330365,56,0.19710321474004666,0.01227939518965554,0.02411636404278435,0.10417488774819565,0.04691874618517311,-0.0017700720758254684,-0.010509323113830071,0.19787532871262647,1.0
3,2.0,1.0,1.0,2,15,0.004862462362330365,60,0.20922234850411736,0.012754627513244854,0.02098238183151936,0.09074790221620602,0.04691874618517311,-0.0015403687170760794,-0.011214258796168775,0.20980975396762588,1.0
3,2.0,1.0,1.0,2,16,0.004862462362330365,64,0.2211317019809036,0.013261339426112184,0.018423130649518154,0.07975889843221232,0.04691874618517311,-0.0013527277569728713,-0.011908611669139313,0.22159633894514216,1.0
3,2.0,1.0,1.0,2,17,0.004862462362330365,68,0.23283150378311723,0.013790239174178265,0.016305952818450993,0.07065148096417423,0.04691874618517311,-0.0011974541590372145,-0.01259278501514105,0.23321252533942033,1.0
3,2.0,1.0,1.0,2,18,0.004862462362330365,72,0.24432332501223897,0.014334602867099033,0.01453443058022347,0.06301937653903195,0.04691874618517311,-0.001067498163079883,-0.01326710470401915,0.2446461771135846,1.0
3,2.0,1.0,1.0,2,19,0.004862462362330365,76,0.2556095171796018,0.014889474204098807,0.013037106678338092,0.056560326866056373,0.04691874618517311,-0.0009576327478855728,-0.013931841456213234,0.2558911531615202,1.0
3,2.0,1.0,1.0,2,20,0.004862462362330365,80,0.2666928888266099,0.015451140930441865,0.011760103202647889,0.05104569499661589,0.04691874618517311,-0.0008639151953815927,-0.014587225735060272,0.2669448572496732,1.0
3,2.0,1.0,1.0,2,21,0.004862462362330365,84,0.27757651386892557,0.016016783718551086,0.010662169892719012,0.046299950110309185,0.04691874618517311,-0.000783325734964313,-0.015233457983586773,0.2778068389474795,1.0
3,2.0,1.0,1.0,2,22,0.004862462362330365,88,0.2882636150507314,0.016584235448965035,0.009711288236463812,0.04218652479059164,0.04691874618517311,-0.0007135196193590598,-0.015870715829605975,0.28847797144513704,1.0
3,2.0,1.0,1.0,2,23,0.004862462362330365,92,0.29875749149102104,0.01715181290617923,0.00888229623726891,0.03859787901445435,0.04691874618517311,-0.0006526536428984042,-0.016499159263280827,0.2989599556051877,1.0
3,2.0,1.0,1.0,2,24,0.004862462362330365,96,0.30906147279472895,0.017718197010367254,0.008155197413028059,0.035448399303205466,0.04691874618517311,-0.0005992625838136534,-0.0171189344265536,0.30925501363535673,1.0
3,2.0,1.0,1.0,2,25,0.004862462362330365,100,0.3191788895460199,0.018282346218090773,0.007513937502025187,0.032669244797834174,0.04691874618517311,-0.0005521697858245633,-0.01773017643226621,0.31936569579144625,1.0
3,2.0,1.0,1.0,2,26,0.004862462362330365,104,0.32911305411847913,0.018843432992326548,0.006945506553105315,0.030204553252435436,0.04691874618517311,-0.0005104215000069079,-0.01833301149231964,0.32929475603357883,1.0
3,2.0,1.0,1.0,2,27,0.004862462362330365,108,0.33886724810658087,0.019400796575895773,0.006439271044806123,0.028008611795125305,0.04691874618517311,-0.00047323803031668055,-0.018927558545579093,0.33904507065178524,1.0
3,2.0,1.0,1.0,2,28,0.004862462362330365,112,0.3484447140795408,0.019953907456295494,0.005986471023014131,0.026043721937048913,0.04691874618517311,-0.0004399769382524843,-0.01951393051804301,0.34861958419810435,1.0
3,2.0,1.0,1.0,2,29,0.004862462362330365,116,0.35784865020070045,0.020502340327715196,0.005579837222604804,0.024278570747498635,0.04691874618517311,-0.0004101050186414712,-0.020092235309073725,0.3580212730878144,1.0
3,2.0,1.0,1.0,2,30,0.004862462362330365,120,0.36708220677263925,0.021045753305399317,0.005213296516082333,0.022686975554051504,0.04691874618517311,-0.00038317673450294354,-0.020662576570896374,0.3672531208257289,1.0
3,2.0,1.0,1.0,2,31,0.004862462362330365,124,0.37614848409261714,0.021583871793432186,0.004881743133352185,0.021246907386728773,0.04691874618517311,-0.0003588174630330676,-0.021225054330399118,0.37631810099962454,1.0
3,2.0,1.0,1.0,2,32,0.004862462362330365,128,0.3850505312086714,0.02211647585261728,0.004580859379421108,0.01993972460805308,0.04691874618517311,-0.000336710363300019,-0.02177976548931726,0.38521916553732644,1.0
3,2.0,1.0,1.0,2,33,0.004862462362330365,132,0.39379134530095405,0.02264339022714118,0.004306973972429908,0.018749566573596287,0.04691874618517311,-0.00031658599740480575,-0.022326804229736374,0.3939592365780709,1.0
3,2.0,1.0,1.0,2,34,0.004862462362330365,136,0.40237387149983694,0.02316447640942862,0.004056949238952538,0.017662870241043557,0.04691874618517311,-0.000298214064217428,-0.02286626234521119,0.40254120085565187,1.0
3,2.0,1.0,1.0,2,35,0.004862462362330365,140,0.41080100301092815,0.023679626280910304,0.0038280906356935847,0.01666798203971131,0.04691874618517311,-0.00028139676789984414,-0.02339822951301046,0.41096790584662535,1.0
3,2.0,1.0,1.0,2,36,0.004862462362330365,144,0.4190755814564907,0.024188756981180726,0.0036180736844145596,0.015754844134757987,0.04691874618517311,-0.0002659634618445983,-0.023922793519336127,0.41924215717141877,1.0
3,2.0,1.0,1.0,2,37,0.004862462362330365,148,0.4272003973693924,0.024691806741785227,0.003424884591162389,0.014914739224723417,0.04691874618517311,-0.0002517662950331512,-0.024440040446752076,0.42736671689293526,1.0
3,2.0,1.0,1.0,2,38,0.004862462362330365,152,0.43517819079416276,0.025188731482996135,0.0032467716960566852,0.014140081716514093,0.04691874618517311,-0.00023867665194821086,-0.024950054831047924,0.4353443024632446,1.0
3,2.0,1.0,1.0,2,39,0.004862462362330365,156,0.44301165196272274,0.025679502018044476,0.0030822055526559576,0.013424245889971303,0.04691874618517311,-0.00022658222482713208,-0.025452919793217343,0.4431775861416047,1.0
3,2.0,1.0,1.0,2,40,0.004862462362330365,160,0.4507034220212731,0.026164101744157703,0.002929845926735954,0.012761423749153972,0.04691874618517311,-0.00021538459314668357,-0.02594871715101102,0.45086919475724196,1.0
3,2.0,1.0,1.0,2,1,0.00629960524947437,4,0.9514437824772795,0.6577434541034092,1.7754758754156221,20.418277998646353,0.04691874618517311,0.6667062453626739,-0.00896279125926469,0.9736813480254575,0.9734698771929082
3,2.0,1.0,1.0,2,2,0.00629960524947437,8,0.7558640050931591,0.01469312742014009,1.703262120963047,5.104569499661588,0.04691874618517311,-0.016928060843056092,0.0022349334229160023,0.8631638799103987,0.7667448633656804
3,2.0,1.0,1.0,2,3,0.00629960524947437,12,0.164797422147002,0.05176926021545236,0.6465033274769314,2.26869755540515,0.04691874618517311,-0.051088350768455776,-0.000680909446996586,0.35106090608410345,1.0
3,2.0,1.0,1.0,2,4,0.00629960524947437,16,0.10997841330395108,0.027636061489162922,0.32996818991952026,1.276142374915397,0.04691874618517311,-0.024664505326011166,-0.002971556163151756,0.21490356247776193,1.0
3,2.0,1.0,1.0,2,5,0.00629960524947437,20,0.10998566697936463,0.019243205045686995,0.20204427626216956,0.8167311199458542,0.04691874618517311,-0.014863750554480692,-0.004379454491206303,0.16514738900749604,1.0
3,2.0,1.0,1.0,2,6,0.00629960524947437,24,0.12172472784961008,0.015600585459717209,0.13703972607761442,0.5671743888512875,0.04691874618517311,-0.010042076013427548,-0.005558509446289661,0.1499412585512526,1.0
3,2.0,1.0,1.0,2,7,0.00629960524947437,28,0.13675286532814557,0.013912619613228205,0.0992782066218363,0.4166995509927826,0.04691874618517311,-0.00726979479536477,-0.006642824817863435,0.15129783962735194,1.0
3,2.0,1.0,1.0,2,8,0.00629960524947437,32,0.15274556362419944,0.01319049005586942,0.07532554959713002,0.31903559372884926,0.04691874618517311,-0.005516868887537385,-0.007673621168332034,0.16054890115928958,1.0
3,2.0,1.0,1.0,2,9,0.00629960524947437,36,0.1689216396366856,0.01300163079949651,0.059150524155571496,0.2520775061561278,0.04691874618517311,-0.004334012982422419,-0.008667617817074091,0.17334907303271618,1.0
3,2.0,1.0,1.0,2,10,0.00629960524947437,40,0.1849805281250606,0.013129661473293752,0.04770179173662876,0.20418277998646356,0.04691874618517311,-0.0034966876067205055,-0.009632973866573247,0.1876465592368979,1.0
3,2.0,1.0,1.0,2,11,0.00629960524947437,44,0.2007958573412404,0.013455839656844382,0.039295313841501645,0.16874609916236655,0.04691874618517311,-0.0028816148547965437,-0.010574224802047838,0.2024969997632968,1.0
3,2.0,1.0,1.0,2,12,0.00629960524947437,48,0.21631205932985398,0.01391038405614925,0.03293779316280698,0.14179359721282186,0.04691874618517311,-0.002416235450498294,-0.011494148605650956,0.2174590145001727,1.0
3,2.0,1.0,1.0,2,13,0.00629960524947437,52,0.23150502439269594,0.014450051812793019,0.02801170527132878,0.12081821300974174,0.04691874618517311,-0.0020554708813628753,-0.012394580931430144,0.23231973920257182,1.0
3,2.0,1.0,1.0,2,14,0.00629960524947437,56,0.24636563204592488,0.015046884101951041,0.02411636404278435,0.10417488774819565,0.04691874618517311,-0.0017700720758254684,-0.013276812026125573,0.2469734979798288,1.0
3,2.0,1.0,1.0,2,15,0.00629960524947437,60,0.26089230412376496,0.015682165632477818,0.02098238183151936,0.09074790221620602,0.04691874618517311,-0.0015403687170760794,-0.014141796915401739,0.26136707382954294,1.0
3,2.0,1.0,1.0,2,16,0.00629960524947437,64,0.2750874156569334,0.01634300212034223,0.018423130649518154,0.07975889843221232,0.04691874618517311,-0.0013527277569728713,-0.01499027436336936,0.27547405493771304,1.0
3,2.0,1.0,1.0,2,17,0.00629960524947437,68,0.28895547009804545,0.0170202920865698,0.016305952818450993,0.07065148096417423,0.04691874618517311,-0.0011974541590372145,-0.015822837927532585,0.28928228048147375,1.0
3,2.0,1.0,1.0,2,18,0.00629960524947437,72,0.30250212871042537,0.017707478491879203,0.01453443058022347,0.06301937653903195,0.04691874618517311,-0.001067498163079883,-0.01663998032879932,0.3027874318304632,1.0
3,2.0,1.0,1.0,2,19,0.00629960524947437,76,0.315733674134387,0.01839975495713181,0.013037106678338092,0.056560326866056373,0.04691874618517311,-0.0009576327478855728,-0.017442122209246236,0.31598962962673116,1.0
3,2.0,1.0,1.0,2,20,0.00629960524947437,80,0.328656704164193,0.019093546565368713,0.011760103202647889,0.05104569499661589,0.04691874618517311,-0.0008639151953815927,-0.01822963136998712,0.3288915610308345,1.0
3,2.0,1.0,1.0,2,21,0.00629960524947437,84,0.3412779521721191,0.019786161730202978,0.010662169892719012,0.046299950110309185,0.04691874618517311,-0.000783325734964313,-0.019002835995238665,0.341497415320034,1.0
3,2.0,1.0,1.0,2,22,0.00629960524947437,88,0.3536041795019176,0.02047555357910258,0.009711288236463812,0.04218652479059164,0.04691874618517311,-0.0007135196193590598,-0.01976203395974352,0.3538122612617675,1.0
3,2.0,1.0,1.0,2,23,0.00629960524947437,92,0.36564210994881496,0.021160153159503203,0.00888229623726891,0.03859787901445435,0.04691874618517311,-0.0006526536428984042,-0.0205074995166048,0.36584167350446056,1.0
3,2.0,1.0,1.0,2,24,0.00629960524947437,96,0.3773983894841002,0.021838750775394822,0.008155197413028059,0.035448399303205466,0.04691874618517311,-0.0005992625838136534,-0.02123948819158117,0.3775915033371046,1.0
3,2.0,1.0,1.0,2,25,0.00629960524947437,100,0.3888795614664582,0.022510410209524156,0.007513937502025187,0.032669244797834174,0.04691874618517311,-0.0005521697858245633,-0.021958240423699593,0.38906773531701916,1.0
3,2.0,1.0,1.0,2,26,0.00629960524947437,104,0.4000920515446127,0.02317440581318103,0.006945506553105315,0.030204553252435436,0.04691874618517311,-0.0005104215000069079,-0.022663984313174124,0.4002763961749691,1.0
3,2.0,1.0,1.0,2,27,0.00629960524947437,108,0.41104215873095307,0.023830175753394855,0.006439271044806123,0.028008611795125305,0.04691874618517311,-0.00047323803031668055,-0.023356937723078175,0.4112234962303307,1.0
3,2.0,1.0,1.0,2,28,0.00629960524947437,112,0.42173605046356943,0.024477286844325236,0.005986471023014131,0.026043721937048913,0.04691874618517311,-0.0004399769382524843,-0.02403730990607275,0.4219149914182555,1.0
3,2.0,1.0,1.0,2,29,0.00629960524947437,116,0.4321797602785482,0.02511540779604443,0.005579837222604804,0.024278570747498635,0.04691874618517311,-0.0004101050186414712,-0.02470530277740296,0.43235675861710043,1.0
3,2.0,1.0,1.0,2,30,0.00629960524947437,120,0.44237918720709213,0.02574428865555292,0.005213296516082333,0.022686975554051504,0.04691874618517311,-0.00038317673450294354,-0.025361111921049978,0.44255457969577305,1.0
3,2.0,1.0,1.0,2,31,0.00629960524947437,124,0.45234009632018435,0.026363744855455895,0.004881743133352185,0.021246907386728773,0.04691874618517311,-0.0003588174630330676,-0.026004927392422827,0.45251413136046126,1.0
3,2.0,1.0,1.0,2,32,0.00629960524947437,128,0.4620681200385295,0.026973644727515955,0.004580859379421108,0.01993972460805308,0.04691874618517311,-0.000336710363300019,-0.026636934364215936,0.46224097890762456,1.0
3,2.0,1.0,1.0,2,33,0.00629960524947437,132,0.4715687599522471,0.027573899647661132,0.004306973972429908,0.018749566573596287,0.04691874618517311,-0.00031658599740480575,-0.027257313650256326,0.471740572637388,1.0
3,2.0,1.0,1.0,2,34,0.00629960524947437,136,0.4808473889766818,0.028164456197805388,0.004056949238952538,0.017662870241043557,0.04691874618517311,-0.000298214064217428,-0.02786624213358796,0.48101824609566624,1.0
3,2.0,1.0,1.0,2,35,0.00629960524947437,140,0.4899092537256752,0.028745289886703274,0.0038280906356935847,0.01666798203971131,0.04691874618517311,-0.00028139676789984414,-0.02846389311880343,0.49007921558255324,1.0
3,2.0,1.0,1.0,2,36,0.00629960524947437,144,0.4987594770204302,0.029316400085809435,0.0036180736844145596,0.015754844134757987,0.04691874618517311,-0.0002659634618445983,-0.029050436623964837,0.49892858054192446,1.0
3,2.0,1.0,1.0,2,37,0.00629960524947437,148,0.5074030604768929,0.02987780591905742,0.003424884591162389,0.014914739224723417,0.04691874618517311,-0.0002517662950331512,-0.02962603962402427,0.507571324565639,1.0
3,2.0,1.0,1.0,2,38,0.00629960524947437,152,0.515844887131685,0.030429542907026486,0.0032467716960566852,0.014140081716514093,0.04691874618517311,-0.00023867665194821086,-0.030190866255078275,0.516012316825802,1.0
3,2.0,1.0,1.0,2,39,0.00629960524947437,156,0.5240897240785926,0.030971660211626673,0.0030822055526559576,0.013424245889971303,0.04691874618517311,-0.00022658222482713208,-0.03074507798679954,0.524256313803384,1.0
3,2.0,1.0,1.0,2,40,0.00629960524947437,160,0.532142225095811,0.0315042183619379,0.002929845926735954,0.012761423749153972,0.04691874618517311,-0.00021538459314668357,-0.03128883376879121,0.5323079612193187,1.0
3,2.0,1.0,1.0,2,1,0.008161508170561079,4,0.9508265142917468,0.6551052676787626,1.7754758754156221,20.418277998646353,0.04691874618517311,0.6667062453626739,-0.011600977683911218,0.9728597272056023,0.965794326553664
3,2.0,1.0,1.0,2,2,0.008161508170561079,8,0.7575557383465641,0.014062337012158296,1.703262120963047,5.104569499661588,0.04691874618517311,-0.016928060843056092,0.0028657238308977956,0.8623802381960257,0.710442052583433
3,2.0,1.0,1.0,2,3,0.008161508170561079,12,0.179754300651344,0.05196264438815368,0.6465033274769314,2.26869755540515,0.04691874618517311,-0.051088350768455776,-0.0008742936196979023,0.356332162391366,1.0
3,2.0,1.0,1.0,2,4,0.008161508170561079,16,0.13130597233590058,0.02847579777521292,0.32996818991952026,1.276142374915397,0.04691874618517311,-0.024664505326011166,-0.003811292449201753,0.22583283703808943,1.0
3,2.0,1.0,1.0,2,5,0.008161508170561079,20,0.13649981342050066,0.020469556277993017,0.20204427626216956,0.8167311199458542,0.04691874618517311,-0.014863750554480692,-0.005605805723512325,0.18298191521806412,1.0
3,2.0,1.0,1.0,2,6,0.008161508170561079,24,0.15289183859622835,0.01714175861966255,0.13703972607761442,0.5671743888512875,0.04691874618517311,-0.010042076013427548,-0.007099682606235003,0.175218271014325,1.0
3,2.0,1.0,1.0,2,7,0.008161508170561079,28,0.17221393896355464,0.01573552241150189,0.0992782066218363,0.4166995509927826,0.04691874618517311,-0.00726979479536477,-0.00846572761613712,0.18324344034977005,1.0
3,2.0,1.0,1.0,2,8,0.008161508170561079,32,0.19220760992034647,0.01527406700592332,0.07532554959713002,0.31903559372884926,0.04691874618517311,-0.005516868887537385,-0.009757198118385935,0.19799436253001862,1.0
3,2.0,1.0,1.0,2,9,0.008161508170561079,36,0.2121243437120457,0.015329819774800524,0.059150524155571496,0.2520775061561278,0.04691874618517311,-0.004334012982422419,-0.010995806792378104,0.21538075288598407,1.0
3,2.0,1.0,1.0,2,10,0.008161508170561079,40,0.23168380257389276,0.015688926756469657,0.04770179173662876,0.20418277998646356,0.04691874618517311,-0.0034966876067205055,-0.012192239149749151,0.2336482092238009,1.0
3,2.0,1.0,1.0,2,11,0.008161508170561079,44,0.25077442717319676,0.01623412417683956,0.039295313841501645,0.16874609916236655,0.04691874618517311,-0.0028816148547965437,-0.013352509322043016,0.2520405050877377,1.0
3,2.0,1.0,1.0,2,12,0.008161508170561079,48,0.2693527669622393,0.016896599023706438,0.03293779316280698,0.14179359721282186,0.04691874618517311,-0.002416235450498294,-0.014480363573208144,0.2702213634142388,1.0
3,2.0,1.0,1.0,2,13,0.008161508170561079,52,0.28740530850986734,0.01763380152568278,0.02801170527132878,0.12081821300974174,0.04691874618517311,-0.0020554708813628753,-0.015578330644319904,0.2880371591853159,1.0
3,2.0,1.0,1.0,2,14,0.008161508170561079,56,0.30493256117708245,0.018418305449802996,0.02411636404278435,0.10417488774819565,0.04691874618517311,-0.0017700720758254684,-0.016648233373977528,0.305417730515435,1.0
3,2.0,1.0,1.0,2,15,0.008161508170561079,60,0.3219418938471761,0.01923182842984167,0.02098238183151936,0.09074790221620602,0.04691874618517311,-0.0015403687170760794,-0.01769145971276559,0.32233301193870795,1.0
3,2.0,1.0,1.0,2,16,0.008161508170561079,64,0.33844410162591965,0.02006184390951732,0.018423130649518154,0.07975889843221232,0.04691874618517311,-0.0013527277569728713,-0.018709116152544447,0.3387730764433088,1.0
3,2.0,1.0,1.0,2,17,0.008161508170561079,68,0.3544516727417225,0.020899573549579442,0.016305952818450993,0.07065148096417423,0.04691874618517311,-0.0011974541590372145,-0.019702119390542228,0.354738481804878,1.0
3,2.0,1.0,1.0,2,18,0.008161508170561079,72,0.36997787561624185,0.02173875174108081,0.01453443058022347,0.06301937653903195,0.04691874618517311,-0.001067498163079883,-0.020671253578000925,0.3702353832636931,1.0
3,2.0,1.0,1.0,2,19,0.008161508170561079,76,0.38503626120788037,0.02257484017705369,0.013037106678338092,0.056560326866056373,0.04691874618517311,-0.0009576327478855728,-0.021617207429168117,0.38527295648041554,1.0
3,2.0,1.0,1.0,2,20,0.008161508170561079,80,0.3996403845785763,0.02340451424285442,0.011760103202647889,0.05104569499661589,0.04691874618517311,-0.0008639151953815927,-0.022540599047472826,0.39986198927100997,1.0
3,2.0,1.0,1.0,2,21,0.008161508170561079,84,0.41380364645155077,0.024225318726618622,0.010662169892719012,0.046299950110309185,0.04691874618517311,-0.000783325734964313,-0.02344199299165431,0.41401408796239964,1.0
3,2.0,1.0,1.0,2,22,0.008161508170561079,88,0.42753920254122935,0.025035431907037664,0.009711288236463812,0.04218652479059164,0.04691874618517311,-0.0007135196193590598,-0.024321912287678604,0.4277412184117019,1.0
3,2.0,1.0,1.0,2,23,0.008161508170561079,92,0.44085991221593634,0.025833500703233425,0.00888229623726891,0.03859787901445435,0.04691874618517311,-0.0006526536428984042,-0.02518084706033502,0.4410554350447235,1.0
3,2.0,1.0,1.0,2,24,0.008161508170561079,96,0.45377831052496953,0.026618523434538077,0.008155197413028059,0.035448399303205466,0.04691874618517311,-0.0005992625838136534,-0.026019260850724424,0.453968718536484,1.0
3,2.0,1.0,1.0,2,25,0.008161508170561079,100,0.4663065943761173,0.027389765102337343,0.007513937502025187,0.032669244797834174,0.04691874618517311,-0.0005521697858245633,-0.02683759531651278,0.46649287786737786,1.0
3,2.0,1.0,1.0,2,26,0.008161508170561079,104,0.4784566174159681,0.028146695281067946,0.006945506553105315,0.030204553252435436,0.04691874618517311,-0.0005104215000069079,-0.027636273781061038,0.47863949139024153,1.0
3,2.0,1.0,1.0,2,27,0.008161508170561079,108,0.49023989032088733,0.028888941979901495,0.006439271044806123,0.028008611795125305,0.04691874618517311,-0.00047323803031668055,-0.028415703949584814,0.49041987201032344,1.0
3,2.0,1.0,1.0,2,28,0.008161508170561079,112,0.501667584469665,0.029616256951787434,0.005986471023014131,0.026043721937048913,0.04691874618517311,-0.0004399769382524843,-0.02917628001353495,0.5018450475278532,1.0
3,2.0,1.0,1.0,2,29,0.008161508170561079,116,0.5127505377256203,0.03032848931833193,0.005579837222604804,0.024278570747498635,0.04691874618517311,-0.0004101050186414712,-0.02991838429969046,0.5129257506538074,1.0
3,2.0,1.0,1.0,2,30,0.008161508170561079,120,0.5234992615177084,0.03102556531065756,0.005213296516082333,0.022686975554051504,0.04691874618517311,-0.00038317673450294354,-0.030642388576154617,0.523672415267793,1.0
3,2.0,1.0,1.0,2,31,0.008161508170561079,124,0.5339239486977954,0.03170747256006279,0.004881743133352185,0.021246907386728773,0.04691874618517311,-0.0003588174630330676,-0.03134865509702972,0.5340951767360578,1.0
3,2.0,1.0,1.0,2,32,0.008161508170561079,128,0.5440344818324399,0.03237424780928094,0.004580859379421108,0.01993972460805308,0.04691874618517311,-0.000336710363300019,-0.032037537445980924,0.5442038748799249,1.0
3,2.0,1.0,1.0,2,33,0.008161508170561079,132,0.5538404417046912,0.03302596722098,0.004306973972429908,0.018749566573596287,0.04691874618517311,-0.00031658599740480575,-0.032709381223575196,0.5540080586707432,1.0
3,2.0,1.0,1.0,2,34,0.008161508170561079,136,0.5633511158766878,0.033662738676479065,0.004056949238952538,0.017662870241043557,0.04691874618517311,-0.000298214064217428,-0.03336452461226164,0.5635169920380056,1.0
3,2.0,1.0,1.0,2,35,0.008161508170561079,140,0.5725755072141105,0.03428469561266781,0.0038280906356935847,0.01666798203971131,0.04691874618517311,-0.00028139676789984414,-0.034003298844767965,0.5727396603787678,1.0
3,2.0,1.0,1.0,2,36,0.008161508170561079,144,0.5815223423068525,0.03489199205750962,0.0036180736844145596,0.015754844134757987,0.04691874618517311,-0.0002659634618445983,-0.03462602859566502,0.5816847774890854,1.0
3,2.0,1.0,1.0,2,37,0.008161508170561079,148,0.5902000797426064,0.03548479860647319,0.003424884591162389,0.014914739224723417,0.04691874618517311,-0.0002517662950331512,-0.03523303231144004,0.5903607927265461,1.0
3,2.0,1.0,1.0,2,38,0.008161508170561079,152,0.5986169182052867,0.03606329914300255,0.0032467716960566852,0.014140081716514093,0.04691874618517311,-0.00023867665194821086,-0.035824622491054336,0.5987758982725487,1.0
3,2.0,1.0,1.0,2,39,0.008161508170561079,156,0.6067808043807268,0.036627688151242094,0.0030822055526559576,0.013424245889971303,0.04691874618517311,-0.00022658222482713208,-0.03640110592641496,0.6069380364036765,1.0
3,2.0,1.0,1.0,2,40,0.008161508170561079,160,0.6146994406592059,0.03717816850328132,0.002929845926735954,0.012761423749153972,0.04691874618517311,-0.00021538459314668357,-0.03696278391013463,0.6148549067094836,1.0
3,2.0,1.0,1.0,2,1,0.01057371263440564,4,0.9500322163058311,0.651694699883537,1.7754758754156221,20.418277998646353,0.04691874618517311,0.6667062453626739,-0.015011545479136856,0.9718036739327522,0.9559596487555355
3,2.0,1.0,1.0,2,2,0.01057371263440564,8,0.7597159763055144,0.013264902045452748,1.703262120963047,5.104569499661588,0.04691874618517311,-0.016928060843056092,0.003663158797603344,0.8614035779571987,0.6442018625870933
3,2.0,1.0,1.0,2,3,0.01057371263440564,12,0.1987011595412913,0.05220788405094773,0.6465033274769314,2.26869755540515,0.04691874618517311,-0.051088350768455776,-0.0011195332824919524,0.3634148440420485,1.0
3,2.0,1.0,1.0,2,4,0.01057371263440564,16,0.1581042856421655,0.029538163840623854,0.32996818991952026,1.276142374915397,0.04691874618517311,-0.024664505326011166,-0.004873658514612689,0.2407726296168213,1.0
3,2.0,1.0,1.0,2,5,0.01057371263440564,20,0.16954507814850506,0.02201352976938331,0.20204427626216956,0.8167311199458542,0.04691874618517311,-0.014863750554480692,-0.0071497792149026185,0.20719277447029336,1.0
3,2.0,1.0,1.0,2,6,0.01057371263440564,24,0.19142212794066582,0.019071859563094207,0.13703972607761442,0.5671743888512875,0.04691874618517311,-0.010042076013427548,-0.009029783549666659,0.20842724466717816,1.0
3,2.0,1.0,1.0,2,7,0.01057371263440564,28,0.21569885757392848,0.01800587225909922,0.0992782066218363,0.4166995509927826,0.04691874618517311,-0.00726979479536477,-0.01073607746373445,0.22380789367102025,1.0
3,2.0,1.0,1.0,2,8,0.01057371263440564,32,0.24020893408912736,0.017854364502038922,0.07532554959713002,0.31903559372884926,0.04691874618517311,-0.005516868887537385,-0.012337495614501537,0.2443977029504431,1.0
3,2.0,1.0,1.0,2,9,0.01057371263440564,36,0.26425299566476934,0.018196344374997342,0.059150524155571496,0.2520775061561278,0.04691874618517311,-0.004334012982422419,-0.013862331392574923,0.2666047522932394,1.0
3,2.0,1.0,1.0,2,10,0.01057371263440564,40,0.28758351303373086,0.018821381637136203,0.04770179173662876,0.20418277998646356,0.04691874618517311,-0.0034966876067205055,-0.015324694030415698,0.2890136857132919,1.0
3,2.0,1.0,1.0,2,11,0.01057371263440564,44,0.3101143789057341,0.019614291442368925,0.039295313841501645,0.16874609916236655,0.04691874618517311,-0.0028816148547965437,-0.01673267658757238,0.31105213004308874,1.0
3,2.0,1.0,1.0,2,12,0.01057371263440564,48,0.33182371977063985,0.020507681736752492,0.03293779316280698,0.14179359721282186,0.04691874618517311,-0.002416235450498294,-0.018091446286254198,0.33248340504759744,1.0
3,2.0,1.0,1.0,2,13,0.01057371263440564,52,0.35271723761492324,0.021460066562109636,0.02801170527132878,0.12081821300974174,0.04691874618517311,-0.0020554708813628753,-0.01940459568074676,0.3532121883022107,1.0
3,2.0,1.0,1.0,2,14,0.01057371263440564,56,0.37281302181379905,0.022444873192989656,0.02411636404278435,0.10417488774819565,0.04691874618517311,-0.0017700720758254684,-0.020674801117164188,0.37320620915560065,1.0
3,2.0,1.0,1.0,2,15,0.01057371263440564,60,0.3921347674369384,0.0234445403919209,0.02098238183151936,0.09074790221620602,0.04691874618517311,-0.0015403687170760794,-0.02190417167484482,0.3924627198940923,1.0
3,2.0,1.0,1.0,2,16,0.01057371263440564,64,0.41070856075084894,0.024447174538457073,0.018423130649518154,0.07975889843221232,0.04691874618517311,-0.0013527277569728713,-0.0230944467814842,0.41099327140375497,1.0
3,2.0,1.0,1.0,2,17,0.01057371263440564,68,0.42856128282900763,0.025444568469630724,0.016305952818450993,0.07065148096417423,0.04691874618517311,-0.0011974541590372145,-0.02424711431059351,0.42881642585493174,1.0
3,2.0,1.0,1.0,2,18,0.01057371263440564,72,0.4457197894184437,0.026430982522064467,0.01453443058022347,0.06301937653903195,0.04691874618517311,-0.001067498163079883,-0.025363484358984584,0.4459541054523689,1.0
3,2.0,1.0,1.0,2,19,0.01057371263440564,76,0.4622104812613468,0.02740236983118749,0.013037106678338092,0.056560326866056373,0.04691874618517311,-0.0009576327478855728,-0.026444737083301917,0.46242969161249214,1.0
3,2.0,1.0,1.0,2,20,0.01057371263440564,80,0.4780590788483656,0.028355869909536535,0.011760103202647889,0.05104569499661589,0.04691874618517311,-0.0008639151953815927,-0.027491954714154943,0.4782670048574822,1.0
3,2.0,1.0,1.0,2,21,0.01057371263440564,84,0.4932905078681067,0.029289469309209948,0.010662169892719012,0.046299950110309185,0.04691874618517311,-0.000783325734964313,-0.028506143574245635,0.493489745501025,1.0
3,2.0,1.0,1.0,2,22,0.01057371263440564,88,0.5079288462685849,0.030201769206517043,0.009711288236463812,0.04218652479059164,0.04691874618517311,-0.0007135196193590598,-0.029488249587157983,0.5081211838622522,1.0
3,2.0,1.0,1.0,2,23,0.01057371263440564,92,0.5219973063454444,0.031091823076983216,0.00888229623726891,0.03859787901445435,0.04691874618517311,-0.0006526536428984042,-0.030439169434084812,0.5221839897257696,1.0
3,2.0,1.0,1.0,2,24,0.01057371263440564,96,0.5355182370244477,0.031959021316624064,0.008155197413028059,0.035448399303205466,0.04691874618517311,-0.0005992625838136534,-0.03135975873281041,0.5357001415376671,1.0
3,2.0,1.0,1.0,2,25,0.01057371263440564,100,0.5485131378444804,0.03280300792308638,0.007513937502025187,0.032669244797834174,0.04691874618517311,-0.0005521697858245633,-0.03225083813726182,0.5486908822517012,1.0
3,2.0,1.0,1.0,2,26,0.01057371263440564,104,0.5610026796659385,0.03362361945836634,0.006945506553105315,0.030204553252435436,0.04691874618517311,-0.0005104215000069079,-0.03311319795835943,0.5611767029297761,1.0
3,2.0,1.0,1.0,2,27,0.01057371263440564,108,0.5730067291334291,0.03442083974655308,0.006439271044806123,0.028008611795125305,0.04691874618517311,-0.00047323803031668055,-0.0339476017162364,0.5731773430408555,1.0
3,2.0,1.0,1.0,2,28,0.01057371263440564,112,0.5845443750898203,0.03519476584704695,0.005986471023014131,0.026043721937048913,0.04691874618517311,-0.0004399769382524843,-0.034754788908794465,0.5847118008480094,1.0
3,2.0,1.0,1.0,2,29,0.01057371263440564,116,0.59563395583438,0.035945582216744126,0.005579837222604804,0.024278570747498635,0.04691874618517311,-0.0004101050186414712,-0.035535477198102655,0.5957983498545618,1.0
3,2.0,1.0,1.0,2,30,0.01057371263440564,120,0.6062930865393646,0.03667354089357039,0.005213296516082333,0.022686975554051504,0.04691874618517311,-0.00038317673450294354,-0.036290364159067445,0.606454558812112,1.0
3,2.0,1.0,1.0,2,31,0.01057371263440564,124,0.6165386863999327,0.03737894615853435,0.004881743133352185,0.021246907386728773,0.04691874618517311,-0.0003588174630330676,-0.03702012869550128,0.6166973137203664,1.0
3,2.0,1.0,1.0,2,32,0.01057371263440564,128,0.6263870052548605,0.03806214256425494,0.004580859379421108,0.01993972460805308,0.04691874618517311,-0.000336710363300019,-0.03772543220095492,0.6265428408204486,1.0
3,2.0,1.0,1.0,2,33,0.01057371263440564,132,0.6358536495193975,0.03872350551930087,0.004306973972429908,0.018749566573596287,0.04691874618517311,-0.00031658599740480575,-0.038406919521896066,0.6360067299416098,1.0
3,2.0,1.0,1.0,2,34,0.01057371263440564,136,0.6449536073374593,0.03936343383081106,0.004056949238952538,0.017662870241043557,0.04691874618517311,-0.000298214064217428,-0.039065219766593634,0.6451039577894454,1.0
3,2.0,1.0,1.0,2,35,0.01057371263440564,140,0.6537012729034521,0.03998234376057597,0.0038280906356935847,0.01666798203971131,0.04691874618517311,-0.00028139676789984414,-0.03970094699267612,0.6538489109108734,1.0
3,2.0,1.0,1.0,2,36,0.01057371263440564,144,0.6621104699319518,0.04058066426036415,0.0036180736844145596,0.015754844134757987,0.04691874618517311,-0.0002659634618445983,-0.04031470079851955,0.6622554081672893,1.0
3,2.0,1.0,1.0,2,37,0.01057371263440564,148,0.670194474271559,0.04115883313304279,0.003424884591162389,0.014914739224723417,0.04691874618517311,-0.0002517662950331512,-0.04090706683800964,0.6703367226108434,1.0
3,2.0,1.0,1.0,2,38,0.01057371263440564,152,0.6779660356711095,0.04171729392576298,0.0032467716960566852,0.014140081716514093,0.04691874618517311,-0.00023867665194821086,-0.04147861727381477,0.6781056027010638,1.0
3,2.0,1.0,1.0,2,39,0.01057371263440564,156,0.6854373987141095,0.04225649340591804,0.0030822055526559576,0.013424245889971303,0.04691874618517311,-0.00022658222482713208,-0.04202991118109091,0.6855742928274848,1.0
3,2.0,1.0,1.0,2,40,0.01057371263440564,160,0.6926203229420721,0.0427768795040422,0.002929845926735954,0.012761423749153972,0.04691874618517311,-0.00021538459314668357,-0.04256149491089552,0.6927545531230342,1.0
3,2.0,1.0,1.0,2,1,0.013698865030640954,4,0.9490121896193883,0.6472884585624196,1.7754758754156221,20.418277998646353,0.04691874618517311,0.6667062453626739,-0.0194177868002543,0.9704494798853773,0.9433986104843408
3,2.0,1.0,1.0,2,2,0.013698865030640954,8,0.7624625743907556,0.012264529744430652,1.703262120963047,5.104569499661588,0.04691874618517311,-0.016928060843056092,0.00466353109862544,0.8602016361601748,0.5680234128894668
3,2.0,1.0,1.0,2,3,0.013698865030640954,12,0.22254200122402223,0.05251675442216186,0.6465033274769314,2.26869755540515,0.04691874618517311,-0.051088350768455776,-0.001428403653706084,0.37298294153454775,1.0
3,2.0,1.0,1.0,2,4,0.013698865030640954,16,0.19147084200675069,0.030872299559814353,0.32996818991952026,1.276142374915397,0.04691874618517311,-0.024664505326011166,-0.006207794233803188,0.26115633738606026,1.0
3,2.0,1.0,1.0,2,5,0.013698865030640954,20,0.21025760073407862,0.023940127281263268,0.20204427626216956,0.8167311199458542,0.04691874618517311,-0.014863750554480692,-0.009076376726782576,0.23944445928707048,1.0
3,2.0,1.0,1.0,2,6,0.013698865030640954,24,0.2383951927132666,0.021463482151364788,0.13703972607761442,0.5671743888512875,0.04691874618517311,-0.010042076013427548,-0.01142140613793724,0.25085664480654707,1.0
3,2.0,1.0,1.0,2,7,0.013698865030640954,28,0.26815829390083623,0.020798548609869127,0.0992782066218363,0.4166995509927826,0.04691874618517311,-0.00726979479536477,-0.013528753814504357,0.2739365765348008,1.0
3,2.0,1.0,1.0,2,8,0.013698865030640954,32,0.29751301262941543,0.0210043634229351,0.07532554959713002,0.31903559372884926,0.04691874618517311,-0.005516868887537385,-0.015487494535397717,0.3004699888704375,1.0
3,2.0,1.0,1.0,2,9,0.013698865030640954,36,0.32583649176504403,0.021668726229922775,0.059150524155571496,0.2520775061561278,0.04691874618517311,-0.004334012982422419,-0.017334713247500355,0.32750345082302534,1.0
3,2.0,1.0,1.0,2,10,0.013698865030640954,40,0.35293577281770405,0.022585967419317787,0.04770179173662876,0.20418277998646356,0.04691874618517311,-0.0034966876067205055,-0.019089279812597282,0.35396543790180146,1.0
3,2.0,1.0,1.0,2,11,0.013698865030640954,44,0.37876884899553664,0.02364393596232711,0.039295313841501645,0.16874609916236655,0.04691874618517311,-0.0028816148547965437,-0.020762321107530568,0.37946144035863205,1.0
3,2.0,1.0,1.0,2,12,0.013698865030640954,48,0.40335195849144456,0.024777421077016776,0.03293779316280698,0.14179359721282186,0.04691874618517311,-0.002416235450498294,-0.02236118562651848,0.4038553911516471,1.0
3,2.0,1.0,1.0,2,13,0.013698865030640954,52,0.4267249128955892,0.02594664890753076,0.02801170527132878,0.12081821300974174,0.04691874618517311,-0.0020554708813628753,-0.023891178026167886,0.4271165378075902,1.0
3,2.0,1.0,1.0,2,14,0.013698865030640954,56,0.44893689762285627,0.027126477013505818,0.02411636404278435,0.10417488774819565,0.04691874618517311,-0.0017700720758254684,-0.02535640493768035,0.44925928519660374,1.0
3,2.0,1.0,1.0,2,15,0.013698865030640954,60,0.470040240172678,0.028300592174459127,0.02098238183151936,0.09074790221620602,0.04691874618517311,-0.0015403687170760794,-0.026760223457383048,0.47031786663804787,1.0
3,2.0,1.0,1.0,2,16,0.013698865030640954,64,0.4900875365806642,0.029458223048571708,0.018423130649518154,0.07975889843221232,0.04691874618517311,-0.0013527277569728713,-0.028105495291598837,0.49033501206116087,1.0
3,2.0,1.0,1.0,2,17,0.013698865030640954,68,0.5091302887315758,0.03059219290070264,0.016305952818450993,0.07065148096417423,0.04691874618517311,-0.0011974541590372145,-0.029394738741665427,0.5093566188728526,1.0
3,2.0,1.0,1.0,2,18,0.013698865030640954,72,0.5272182588620408,0.031697721900087406,0.01453443058022347,0.06301937653903195,0.04691874618517311,-0.001067498163079883,-0.030630223737007523,0.5274291498101606,1.0
3,2.0,1.0,1.0,2,19,0.013698865030640954,76,0.5443991796200882,0.03277166628046596,0.013037106678338092,0.056560326866056373,0.04691874618517311,-0.0009576327478855728,-0.03181403353258039,0.5445983334492712,1.0
3,2.0,1.0,1.0,2,20,0.013698865030640954,80,0.5607186464302599,0.03381202127264307,0.011760103202647889,0.05104569499661589,0.04691874618517311,-0.0008639151953815927,-0.03294810607726148,0.5609085144370296,1.0
3,2.0,1.0,1.0,2,21,0.013698865030640954,84,0.5762201055143338,0.034817588279515366,0.010662169892719012,0.046299950110309185,0.04691874618517311,-0.000783325734964313,-0.03403426254455105,0.576402339779199,1.0
3,2.0,1.0,1.0,2,22,0.013698865030640954,88,0.590944892602761,0.03578774712862123,0.009711288236463812,0.04218652479059164,0.04691874618517311,-0.0007135196193590598,-0.035074227509262174,0.5911206241265152,1.0
3,2.0,1.0,1.0,2,23,0.013698865030640954,92,0.6049322982608905,0.036722297187291364,0.00888229623726891,0.03859787901445435,0.04691874618517311,-0.0006526536428984042,-0.03606964354439296,0.6051023124816596,1.0
3,2.0,1.0,1.0,2,24,0.013698865030640954,96,0.6182196466000883,0.037621344588988526,0.008155197413028059,0.035448399303205466,0.04691874618517311,-0.0005992625838136534,-0.03702208200517487,0.6183844965666314,1.0
3,2.0,1.0,1.0,2,25,0.013698865030640954,100,0.6308423799542724,0.03848522094071061,0.007513937502025187,0.032669244797834174,0.04691874618517311,-0.0005521697858245633,-0.037933051154886044,0.6310024607056512,1.0
3,2.0,1.0,1.0,2,26,0.013698865030640954,104,0.6428341453027924,0.03931442390405522,0.006945506553105315,0.030204553252435436,0.04691874618517311,-0.0005104215000069079,-0.03880400240404831,0.6429897435766532,1.0
3,2.0,1.0,1.0,2,27,0.013698865030640954,108,0.654226880026652,0.04010957321955351,0.006439271044806123,0.028008611795125305,0.04691874618517311,-0.00047323803031668055,-0.03963633518923683,0.6543782079632136,1.0
3,2.0,1.0,1.0,2,28,0.013698865030640954,112,0.6650508956259242,0.040871377795005256,0.005986471023014131,0.026043721937048913,0.04691874618517311,-0.0004399769382524843,-0.04043140085675277,0.665198113901677,1.0
3,2.0,1.0,1.0,2,29,0.013698865030640954,116,0.6753349586372838,0.041600610827616916,0.005579837222604804,0.024278570747498635,0.04691874618517311,-0.0004101050186414712,-0.041190505808975444,0.6754781925028177,1.0
3,2.0,1.0,1.0,2,30,0.013698865030640954,120,0.6851063683540248,0.042298090832339,0.005213296516082333,0.022686975554051504,0.04691874618517311,-0.00038317673450294354,-0.041914914097836056,0.6852457188383932,1.0
3,2.0,1.0,1.0,2,31,0.013698865030640954,124,0.6943910311699238,0.04296466706230219,0.004881743133352185,0.021246907386728773,0.04691874618517311,-0.0003588174630330676,-0.04260584959926912,0.694526582949395,1.0
3,2.0,1.0,1.0,2,32,0.013698865030640954,128,0.7032135315003051,0.04360120823015569,0.004580859379421108,0.01993972460805308,0.04691874618517311,-0.000336710363300019,-0.04326449786685567,0.7033453584389878,1.0
3,2.0,1.0,1.0,2,33,0.013698865030640954,132,0.7115971993140315,0.04420859373487786,0.004306973972429908,0.018749566573596287,0.04691874618517311,-0.00031658599740480575,-0.04389200773747305,0.7117253683632504,1.0
3,2.0,1.0,1.0,2,34,0.013698865030640954,136,0.7195641743575002,0.04478770680773857,0.004056949238952538,0.017662870241043557,0.04691874618517311,-0.000298214064217428,-0.04448949274352114,0.719688748288758,1.0
3,2.0,1.0,1.0,2,35,0.013698865030640954,140,0.7271354671796917,0.04533942914089456,0.0038280906356935847,0.01666798203971131,0.04691874618517311,-0.00028139676789984414,-0.045058032372994716,0.7272565064832011,1.0
3,2.0,1.0,1.0,2,36,0.013698865030640954,144,0.7343310170825329,0.04586463667055493,0.0036180736844145596,0.015754844134757987,0.04691874618517311,-0.0002659634618445983,-0.04559867320871033,0.7344485812659252,1.0
3,2.0,1.0,1.0,2,37,0.013698865030640954,148,0.7411697471281132,0.04636419626583342,0.003424884591162389,0.014914739224723417,0.04691874618517311,-0.0002517662950331512,-0.04611242997080027,0.7412838955827312,1.0
3,2.0,1.0,1.0,2,38,0.013698865030640954,152,0.7476696163366086,0.04683896313299492,0.0032467716960566852,0.014140081716514093,0.04691874618517311,-0.00023867665194821086,-0.04660028648104671,0.7477804088918898,1.0
3,2.0,1.0,1.0,2,39,0.013698865030640954,156,0.7538476692080104,0.047289778788327436,0.0030822055526559576,0.013424245889971303,0.04691874618517311,-0.00022658222482713208,-0.047063196563500304,0.7539551664613046,1.0
3,2.0,1.0,1.0,2,40,0.013698865030640954,160,0.7597200826979469,0.047717469485682604,0.002929845926735954,0.012761423749153972,0.04691874618517311,-0.00021538459314668357,-0.04750208489253592,0.7598243461834641,1.0
3,2.0,1.0,1.0,2,1,0.017747683298777857,4,0.9477057466482068,0.6416006424616509,1.7754758754156221,20.418277998646353,0.04691874618517311,0.6667062453626739,-0.025105602901022928,0.9687182530615412,0.927420720058401
3,2.0,1.0,1.0,2,2,0.017747683298777857,8,0.7659351014620155,0.011022455785685087,1.703262120963047,5.104569499661588,0.04691874618517311,-0.016928060843056092,0.005905605057371005,0.8587478136874669,0.48272825895551513
3,2.0,1.0,1.0,2,3,0.017747683298777857,12,0.2522802165210991,0.05290216235202094,0.6465033274769314,2.26869755540515,0.04691874618517311,-0.051088350768455776,-0.001813811583565167,0.38596102575652613,1.0
3,2.0,1.0,1.0,2,4,0.017747683298777857,16,0.23252512126542935,0.032531363604230035,0.32996818991952026,1.276142374915397,0.04691874618517311,-0.024664505326011166,-0.007866858278218869,0.2887104463051702,1.0
3,2.0,1.0,1.0,2,5,0.017747683298777857,20,0.2596687789279839,0.026315769506089826,0.20204427626216956,0.8167311199458542,0.04691874618517311,-0.014863750554480692,-0.011452018951609133,0.2812563308122168,1.0
3,2.0,1.0,1.0,2,6,0.017747683298777857,24,0.2946313574905559,0.024385192350033613,0.13703972607761442,0.5671743888512875,0.04691874618517311,-0.010042076013427548,-0.014343116336606065,0.30340493202676433,1.0
3,2.0,1.0,1.0,2,7,0.017747683298777857,28,0.33011327574168736,0.024176919396448726,0.0992782066218363,0.4166995509927826,0.04691874618517311,-0.00726979479536477,-0.016907124601083956,0.33409544164287447,1.0
3,2.0,1.0,1.0,2,8,0.017747683298777857,32,0.36427639313837523,0.024776480081767638,0.07532554959713002,0.31903559372884926,0.04691874618517311,-0.005516868887537385,-0.019259611194230253,0.3663079729619194,1.0
3,2.0,1.0,1.0,2,9,0.017747683298777857,36,0.39661975474767286,0.025783658839756918,0.059150524155571496,0.2520775061561278,0.04691874618517311,-0.004334012982422419,-0.0214496458573345,0.39777858198680116,1.0
3,2.0,1.0,1.0,2,10,0.017747683298777857,40,0.42704170429171684,0.02699962989366203,0.04770179173662876,0.20418277998646356,0.04691874618517311,-0.0034966876067205055,-0.023502942286941525,0.42777530329665614,1.0
3,2.0,1.0,1.0,2,11,0.017747683298777857,44,0.4555756394972794,0.028316858513633303,0.039295313841501645,0.16874609916236655,0.04691874618517311,-0.0028816148547965437,-0.02543524365883676,0.45608611222881534,1.0
3,2.0,1.0,1.0,2,12,0.017747683298777857,48,0.48230318476693945,0.02967362996856787,0.03293779316280698,0.14179359721282186,0.04691874618517311,-0.002416235450498294,-0.027257394518069578,0.48268867415962463,1.0
3,2.0,1.0,1.0,2,13,0.017747683298777857,52,0.5073222446867628,0.031033032700217483,0.02801170527132878,0.12081821300974174,0.04691874618517311,-0.0020554708813628753,-0.028977561818854608,0.5076334433691351,1.0
3,2.0,1.0,1.0,2,14,0.017747683298777857,56,0.5307342601401717,0.03237239113570778,0.02411636404278435,0.10417488774819565,0.04691874618517311,-0.0017700720758254684,-0.03060231905988231,0.5309987612089844,1.0
3,2.0,1.0,1.0,2,15,0.017747683298777857,60,0.5526388661682884,0.033677590559645504,0.02098238183151936,0.09074790221620602,0.04691874618517311,-0.0015403687170760794,-0.032137221842569424,0.5528723772615558,1.0
3,2.0,1.0,1.0,2,16,0.017747683298777857,64,0.5731316304067462,0.034939862310022635,0.018423130649518154,0.07975889843221232,0.04691874618517311,-0.0013527277569728713,-0.03358713455304976,0.5733434452562656,1.0
3,2.0,1.0,1.0,2,17,0.017747683298777857,68,0.5923031529823344,0.03615388034892461,0.016305952818450993,0.07065148096417423,0.04691874618517311,-0.0011974541590372145,-0.034956426189887396,0.5924989589848153,1.0
3,2.0,1.0,1.0,2,18,0.017747683298777857,72,0.6102387953740016,0.03731659140951893,0.01453443058022347,0.06301937653903195,0.04691874618517311,-0.001067498163079883,-0.036249093246439046,0.6104221791451373,1.0
3,2.0,1.0,1.0,2,19,0.017747683298777857,76,0.6270187077717833,0.03842647265902985,0.013037106678338092,0.056560326866056373,0.04691874618517311,-0.0009576327478855728,-0.037468839911144275,0.6271919943788331,1.0
3,2.0,1.0,1.0,2,20,0.017747683298777857,80,0.642717998598582,0.03948304745211732,0.011760103202647889,0.05104569499661589,0.04691874618517311,-0.0008639151953815927,-0.03861913225673573,0.6428827355919282,1.0
3,2.0,1.0,1.0,2,21,0.017747683298777857,84,0.6574069693287163,0.040486561755113615,0.010662169892719012,0.046299950110309185,0.04691874618517311,-0.000783325734964313,-0.0397032360201493,0.6575642144077678,1.0
3,2.0,1.0,1.0,2,22,0.017747683298777857,88,0.6711513756758015,0.04143776333749258,0.009711288236463812,0.04218652479059164,0.04691874618517311,-0.0007135196193590598,-0.04072424371813352,0.6713018722050135,1.0
3,2.0,1.0,1.0,2,23,0.017747683298777857,92,0.684012695051511,0.042337748293703736,0.00888229623726891,0.03859787901445435,0.04691874618517311,-0.0006526536428984042,-0.04168509465080533,0.6841569816263158,1.0
3,2.0,1.0,1.0,2,24,0.017747683298777857,96,0.6960483898579942,0.0431878526370794,0.008155197413028059,0.035448399303205466,0.04691874618517311,-0.0005992625838136534,-0.04258859005326575,0.696186870059124,1.0
3,2.0,1.0,1.0,2,25,0.017747683298777857,100,0.7073121612741696,0.04398957465550482,0.007513937502025187,0.032669244797834174,0.04691874618517311,-0.0005521697858245633,-0.04343740486968026,0.7074451488190816,1.0
3,2.0,1.0,1.0,2,26,0.017747683298777857,104,0.7178541909468915,0.04474451863309932,0.006945506553105315,0.030204553252435436,0.04691874618517311,-0.0005104215000069079,-0.04423409713309241,0.7179819393161172,1.0
3,2.0,1.0,1.0,2,27,0.017747683298777857,108,0.7277213695065922,0.045454353649891865,0.006439271044806123,0.028008611795125305,0.04691874618517311,-0.00047323803031668055,-0.044981115619575185,0.727844091590846,1.0
3,2.0,1.0,1.0,2,28,0.017747683298777857,112,0.7369575116612526,0.04612078317743731,0.005986471023014131,0.026043721937048913,0.04691874618517311,-0.0004399769382524843,-0.04568080623918483,0.7370753928899437,1.0
3,2.0,1.0,1.0,2,29,0.017747683298777857,116,0.745603558082985,0.046745522507340334,0.005579837222604804,0.024278570747498635,0.04691874618517311,-0.0004101050186414712,-0.04633541748869886,0.7457167652353873,1.0
3,2.0,1.0,1.0,2,30,0.017747683298777857,120,0.7536977645502514,0.04733028193191101,0.005213296516082333,0.022686975554051504,0.04691874618517311,-0.00038317673450294354,-0.046947105197408065,0.7538064516741863,1.0
3,2.0,1.0,1.0,2,31,0.017747683298777857,124,0.7612758789366196,0.04787675419580656,0.004881743133352185,0.021246907386728773,0.04691874618517311,-0.0003588174630330676,-0.04751793673277349,0.761380191311263,1.0
3,2.0,1.0,1.0,2,32,0.017747683298777857,128,0.7683713066942713,0.04838660515077817,0.004580859379421108,0.01993972460805308,0.04691874618517311,-0.000336710363300019,-0.04804989478747815,0.7684713834616479,1.0
3,2.0,1.0,1.0,2,33,0.017747683298777857,132,0.7750152654975759,0.0488614668346352,0.004306973972429908,0.018749566573596287,0.04691874618517311,-0.00031658599740480575,-0.048544880837230395,0.7751112413838996,1.0
3,2.0,1.0,1.0,2,34,0.017747683298777857,136,0.7812369297049575,0.04930293239992338,0.004056949238952538,0.017662870241043557,0.04691874618517311,-0.000298214064217428,-0.04900471833570595,0.7813289361191164,1.0
3,2.0,1.0,1.0,2,35,0.017747683298777857,140,0.7870635652772418,0.049712552464213175,0.0038280906356935847,0.01666798203971131,0.04691874618517311,-0.00028139676789984414,-0.04943115569631333,0.7871517309839651,1.0
3,2.0,1.0,1.0,2,36,0.017747683298777857,144,0.7925206557631986,0.05009183255996151,0.0036180736844145596,0.015754844134757987,0.04691874618517311,-0.0002659634618445983,-0.04982586909811691,0.792605107267631,1.0
3,2.0,1.0,1.0,2,37,0.017747683298777857,148,0.7976320199318623,0.05044223143935474,0.003424884591162389,0.014914739224723417,0.04691874618517311,-0.0002517662950331512,-0.050190465144321586,0.7977128816706469,1.0
3,2.0,1.0,1.0,2,38,0.017747683298777857,152,0.8024199215987246,0.05076516004692343,0.0032467716960566852,0.014140081716514093,0.04691874618517311,-0.00023867665194821086,-0.050526483394975216,0.8024973160039846,1.0
3,2.0,1.0,1.0,2,39,0.017747683298777857,156,0.8069051721603951,0.05106198101535055,0.0030822055526559576,0.013424245889971303,0.04691874618517311,-0.00022658222482713208,-0.050835398790523414,0.8069792196428998,1.0
3,2.0,1.0,1.0,2,40,0.017747683298777857,160,0.8111072263204999,0.05133400857210853,0.002929845926735954,0.012761423749153972,0.04691874618517311,-0.00021538459314668357,-0.051118623978961844,0.8111780452042231,1.0
3,2.0,1.0,1.0,2,1,0.02299316489133851,4,0.9460382364521654,0.6342665344396622,1.7754758754156221,20.418277998646353,0.04691874618517311,0.6667062453626739,-0.03243971092301168,0.9665137449383159,0.9072018921618246
3,2.0,1.0,1.0,2,2,0.02299316489133851,8,0.770293333477128,0.009501701384556138,1.703262120963047,5.104569499661588,0.04691874618517311,-0.016928060843056092,0.007426359458499954,0.8570313127078742,0.3901427858641767
3,2.0,1.0,1.0,2,3,0.02299316489133851,12,0.28895481516449284,0.05337697101883154,0.6465033274769314,2.26869755540515,0.04691874618517311,-0.051088350768455776,-0.002288620250375767,0.40358117102485014,1.0
3,2.0,1.0,1.0,2,4,0.02299316489133851,16,0.2822627356100694,0.03456752339772551,0.32996818991952026,1.276142374915397,0.04691874618517311,-0.024664505326011166,-0.009903018071714342,0.32525477593589003,1.0
3,2.0,1.0,1.0,2,5,0.02299316489133851,20,0.3184755754411074,0.029198711352566742,0.20204427626216956,0.8167311199458542,0.04691874618517311,-0.014863750554480692,-0.01433496079808605,0.3336573860371841,1.0
3,2.0,1.0,1.0,2,6,0.02299316489133851,24,0.3603855608127171,0.027886751431216883,0.13703972607761442,0.5671743888512875,0.04691874618517311,-0.010042076013427548,-0.017844675417789335,0.36630011571197435,1.0
3,2.0,1.0,1.0,2,7,0.02299316489133851,28,0.401286258586115,0.028172547451697005,0.0992782066218363,0.4166995509927826,0.04691874618517311,-0.00726979479536477,-0.020902752656332235,0.4039299914103363,1.0
3,2.0,1.0,1.0,2,8,0.02299316489133851,32,0.4396347830178262,0.029176722627722834,0.07532554959713002,0.31903559372884926,0.04691874618517311,-0.005516868887537385,-0.02365985374018545,0.44098944899974035,1.0
3,2.0,1.0,1.0,2,9,0.02299316489133851,36,0.4751252689709651,0.030515843295755296,0.059150524155571496,0.2520775061561278,0.04691874618517311,-0.004334012982422419,-0.026181830313332877,0.47591460334450547,1.0
3,2.0,1.0,1.0,2,10,0.02299316489133851,40,0.5078061208990443,0.03200129294170706,0.04770179173662876,0.20418277998646356,0.04691874618517311,-0.0034966876067205055,-0.028504605334986555,0.5083231126956207,1.0
3,2.0,1.0,1.0,2,11,0.02299316489133851,44,0.5378349469152245,0.03353283216556996,0.039295313841501645,0.16874609916236655,0.04691874618517311,-0.0028816148547965437,-0.030651217310773415,0.5382093664689859,1.0
3,2.0,1.0,1.0,2,12,0.02299316489133851,48,0.5653997945507745,0.03505452231482195,0.03293779316280698,0.14179359721282186,0.04691874618517311,-0.002416235450498294,-0.03263828686432366,0.5656936578217979,1.0
3,2.0,1.0,1.0,2,13,0.02299316489133851,52,0.5906912613985118,0.03653432412924809,0.02801170527132878,0.12081821300974174,0.04691874618517311,-0.0020554708813628753,-0.034478853247885216,0.5909361740164016,1.0
3,2.0,1.0,1.0,2,14,0.02299316489133851,56,0.6138921607071082,0.03795383417926304,0.02411636404278435,0.10417488774819565,0.04691874618517311,-0.0017700720758254684,-0.03618376210343757,0.614105143894225,1.0
3,2.0,1.0,1.0,2,15,0.02299316489133851,60,0.6351738217711831,0.039302773484498066,0.02098238183151936,0.09074790221620602,0.04691874618517311,-0.0015403687170760794,-0.037762404767421986,0.6353644968598537,1.0
3,2.0,1.0,1.0,2,16,0.02299316489133851,64,0.6546950675925391,0.04057586790474217,0.018423130649518154,0.07975889843221232,0.04691874618517311,-0.0013527277569728713,-0.0392231401477693,0.6548691165087877,1.0
3,2.0,1.0,1.0,2,17,0.02299316489133851,68,0.6726023150058644,0.041771003863065606,0.016305952818450993,0.07065148096417423,0.04691874618517311,-0.0011974541590372145,-0.04057354970402839,0.6727632345229269,1.0
3,2.0,1.0,1.0,2,18,0.02299316489133851,72,0.6890301456749155,0.04288809758197226,0.01453443058022347,0.06301937653903195,0.04691874618517311,-0.001067498163079883,-0.04182059941889238,0.6891801770375645,1.0
3,2.0,1.0,1.0,2,19,0.02299316489133851,76,0.7041020608981504,0.043928380125198466,0.013037106678338092,0.056560326866056373,0.04691874618517311,-0.0009576327478855728,-0.04297074737731289,0.704242701777573,1.0
3,2.0,1.0,1.0,2,20,0.02299316489133851,80,0.7179312892986175,0.04489393341276575,0.011760103202647889,0.05104569499661589,0.04691874618517311,-0.0008639151953815927,-0.044030018217384156,0.7180635852786826,1.0
3,2.0,1.0,1.0,2,21,0.02299316489133851,84,0.7306215867493027,0.045787382424002765,0.010662169892719012,0.046299950110309185,0.04691874618517311,-0.000783325734964313,-0.04500405668903845,0.7307463021118155,1.0
3,2.0,1.0,1.0,2,22,0.02299316489133851,88,0.7422680008267202,0.04661168724967926,0.009711288236463812,0.04218652479059164,0.04691874618517311,-0.0007135196193590598,-0.0458981676303202,0.742385721091145,1.0
3,2.0,1.0,1.0,2,23,0.02299316489133851,92,0.7529575880194339,0.04737000051358729,0.00888229623726891,0.03859787901445435,0.04691874618517311,-0.0006526536428984042,-0.04671734687068889,0.7530687827855511,1.0
3,2.0,1.0,1.0,2,24,0.02299316489133851,96,0.7627700797882767,0.04806556850543038,0.008155197413028059,0.035448399303205466,0.04691874618517311,-0.0005992625838136534,-0.04746630592161673,0.7628751419080108,1.0
3,2.0,1.0,1.0,2,25,0.02299316489133851,100,0.771778497488851,0.048701662098895177,0.007513937502025187,0.032669244797834174,0.04691874618517311,-0.0005521697858245633,-0.04814949231307061,0.7718777678176754,1.0
3,2.0,1.0,1.0,2,26,0.02299316489133851,104,0.7800497180843764,0.04928152830937341,0.006945506553105315,0.030204553252435436,0.04691874618517311,-0.0005104215000069079,-0.0487711068093665,0.7801435012861264,1.0
3,2.0,1.0,1.0,2,27,0.02299316489133851,108,0.787644993464516,0.04980835636876989,0.006439271044806123,0.028008611795125305,0.04691874618517311,-0.00047323803031668055,-0.04933511833845321,0.7877335681810786,1.0
3,2.0,1.0,1.0,2,28,0.02299316489133851,112,0.794620426534335,0.05028525414613552,0.005986471023014131,0.026043721937048913,0.04691874618517311,-0.0004399769382524843,-0.04984527720788304,0.7947040519630556,1.0
3,2.0,1.0,1.0,2,29,0.02299316489133851,116,0.8010274073029737,0.050715232026179696,0.005579837222604804,0.024278570747498635,0.04691874618517311,-0.0004101050186414712,-0.050305127007538225,0.801106327463377,1.0
3,2.0,1.0,1.0,2,30,0.02299316489133851,120,0.8069130121196526,0.051101192216379154,0.005213296516082333,0.022686975554051504,0.04691874618517311,-0.00038317673450294354,-0.05071801548187621,0.8069874586253007,1.0
3,2.0,1.0,1.0,2,31,0.02299316489133851,124,0.8123203690492727,0.05144592203728593,0.004881743133352185,0.021246907386728773,0.04691874618517311,-0.0003588174630330676,-0.05108710457425286,0.812390562910112,1.0
3,2.0,1.0,1.0,2,32,0.02299316489133851,128,0.8172889921909405,0.051752090153391855,0.004580859379421108,0.01993972460805308,0.04691874618517311,-0.000336710363300019,-0.051415379790091836,0.8173551449879448,1.0
3,2.0,1.0,1.0,2,33,0.02299316489133851,132,0.8218550875430105,0.05202224498380188,0.004306973972429908,0.018749566573596287,0.04691874618517311,-0.00031658599740480575,-0.05170565898639708,0.8219174021985992,1.0
3,2.0,1.0,1.0,2,34,0.02299316489133851,136,0.8260518328189779,0.05225881473164899,0.004056949238952538,0.017662870241043557,0.04691874618517311,-0.000298214064217428,-0.051960600667431564,0.8261105041102216,1.0
3,2.0,1.0,1.0,2,35,0.02299316489133851,140,0.8299096334268903,0.052464108614426755,0.0038280906356935847,0.01666798203971131,0.04691874618517311,-0.00028139676789984414,-0.05218271184652691,0.8299648483381752,1.0
3,2.0,1.0,1.0,2,36,0.02299316489133851,144,0.8334563566437857,0.052640318981371614,0.0036180736844145596,0.015754844134757987,0.04691874618517311,-0.0002659634618445983,-0.052374355519527016,0.8335082946222712,1.0
3,2.0,1.0,1.0,2,37,0.02299316489133851,148,0.8367175458473847,0.05278952408021352,0.003424884591162389,0.014914739224723417,0.04691874618517311,-0.0002517662950331512,-0.05253775778518037,0.8367663790025011,1.0
3,2.0,1.0,1.0,2,38,0.02299316489133851,152,0.8397166165103852,0.05291369129206164,0.0032467716960566852,0.014140081716514093,0.04691874618517311,-0.00023867665194821086,-0.05267501464011343,0.8397625097839054,1.0
3,2.0,1.0,1.0,2,39,0.02299316489133851,156,0.8424750355180103,0.05301468069541418,0.0030822055526559576,0.013424245889971303,0.04691874618517311,-0.00022658222482713208,-0.05278809847058705,0.84251814684133,1.0
3,2.0,1.0,1.0,2,40,0.02299316489133851,160,0.8450124852363043,0.05309424885214391,0.002929845926735954,0.012761423749153972,0.04691874618517311,-0.00021538459314668357,-0.052878864258997224,0.8450529656850632,1.0
3,2.0,1.0,1.0,2,1,0.029788994023613714,4,0.9439194779000766,0.6248231636632375,1.7754758754156221,20.418277998646353,0.04691874618517311,0.6667062453626739,-0.04188308169943633,0.9637209296688514,0.8817846103522664
3,2.0,1.0,1.0,2,2,0.029788994023613714,8,0.7757110015615637,0.0076752859607818885,1.703262120963047,5.104569499661588,0.04691874618517311,-0.016928060843056092,0.009252774882274203,0.8550739329460812,0.29316428403223016
3,2.0,1.0,1.0,2,3,0.029788994023613714,12,0.33351622990646,0.053951571198408044,0.6465033274769314,2.26869755540515,0.04691874618517311,-0.051088350768455776,-0.002863220429952268,0.42739163469800656,1.0
3,2.0,1.0,1.0,2,4,0.029788994023613714,16,0.3413151763401061,0.03702232796824123,0.32996818991952026,1.276142374915397,0.04691874618517311,-0.024664505326011166,-0.012357822642230065,0.37229388723773144,1.0
3,2.0,1.0,1.0,2,5,0.029788994023613714,20,0.3867011220524492,0.03262216417812269,0.20204427626216956,0.8167311199458542,0.04691874618517311,-0.014863750554480692,-0.017758413623642,0.39680279007492814,1.0
3,2.0,1.0,1.0,2,6,0.029788994023613714,24,0.43493700149105263,0.03197483343498872,0.13703972607761442,0.5671743888512875,0.04691874618517311,-0.010042076013427548,-0.021932757421561172,0.4387318535157869,1.0
3,2.0,1.0,1.0,2,7,0.029788994023613714,28,0.48015445960881586,0.03275381790651591,0.0992782066218363,0.4166995509927826,0.04691874618517311,-0.00726979479536477,-0.02548402311115114,0.48183606521788436,1.0
3,2.0,1.0,1.0,2,8,0.029788994023613714,32,0.5212574861753441,0.03412702581221158,0.07532554959713002,0.31903559372884926,0.04691874618517311,-0.005516868887537385,-0.028610156924674196,0.522131358541363,1.0
3,2.0,1.0,1.0,2,9,0.029788994023613714,36,0.5582459188121363,0.035735240071595564,0.059150524155571496,0.2520775061561278,0.04691874618517311,-0.004334012982422419,-0.031401227089173145,0.5587717440125061,1.0
3,2.0,1.0,1.0,2,10,0.029788994023613714,40,0.5914038124241301,0.037405565695719956,0.04770179173662876,0.20418277998646356,0.04691874618517311,-0.0034966876067205055,-0.03390887808899945,0.5917627787914975,1.0
3,2.0,1.0,1.0,2,11,0.029788994023613714,44,0.6210803905952107,0.039049549839450026,0.039295313841501645,0.16874609916236655,0.04691874618517311,-0.0028816148547965437,-0.03616793498465348,0.6213510709541298,1.0
3,2.0,1.0,1.0,2,12,0.029788994023613714,48,0.6476232303280051,0.040620856142168565,0.03293779316280698,0.14179359721282186,0.04691874618517311,-0.002416235450498294,-0.03820462069167027,0.6478425655433561,1.0
3,2.0,1.0,1.0,2,13,0.029788994023613714,52,0.6713571063762496,0.04209564573053454,0.02801170527132878,0.12081821300974174,0.04691874618517311,-0.0020554708813628753,-0.04004017484917166,0.6715437242620852,1.0
3,2.0,1.0,1.0,2,14,0.029788994023613714,56,0.6925781183748249,0.04346270801857531,0.02411636404278435,0.10417488774819565,0.04691874618517311,-0.0017700720758254684,-0.04169263594274984,0.6927420237351603,1.0
3,2.0,1.0,1.0,2,15,0.029788994023613714,60,0.7115532936097161,0.04471816950148687,0.02098238183151936,0.09074790221620602,0.04691874618517311,-0.0015403687170760794,-0.04317780078441079,0.7117001894384838,1.0
3,2.0,1.0,1.0,2,16,0.029788994023613714,64,0.7285221813833659,0.045862508864616486,0.018423130649518154,0.07975889843221232,0.04691874618517311,-0.0013527277569728713,-0.044509781107643615,0.7286555154353536,1.0
3,2.0,1.0,1.0,2,17,0.029788994023613714,68,0.7436991101971087,0.046898802377701734,0.016305952818450993,0.07065148096417423,0.04691874618517311,-0.0011974541590372145,-0.04570134821866452,0.7438210955287223,1.0
3,2.0,1.0,1.0,2,18,0.029788994023613714,72,0.7572755773384832,0.04783165757078625,0.01453443058022347,0.06301937653903195,0.04691874618517311,-0.001067498163079883,-0.04676415940770637,0.7573877242107523,1.0
3,2.0,1.0,1.0,2,19,0.029788994023613714,76,0.7694225565855665,0.048666547797096726,0.013037106678338092,0.056560326866056373,0.04691874618517311,-0.0009576327478855728,-0.047708915049211154,0.7695259604091778,1.0
3,2.0,1.0,1.0,2,20,0.029788994023613714,80,0.780292641523048,0.04940938848423913,0.011760103202647889,0.05104569499661589,0.04691874618517311,-0.0008639151953815927,-0.04854547328885754,0.7803881438964777,1.0
3,2.0,1.0,1.0,2,21,0.029788994023613714,84,0.7900219988616302,0.05006626349173714,0.010662169892719012,0.046299950110309185,0.04691874618517311,-0.000783325734964313,-0.049282937756772824,0.7901102801950353,1.0
3,2.0,1.0,1.0,2,22,0.029788994023613714,88,0.7987321310581671,0.05064324711962766,0.009711288236463812,0.04218652479059164,0.04691874618517311,-0.0007135196193590598,-0.0499297275002686,0.7988137651620302,1.0
3,2.0,1.0,1.0,2,23,0.029788994023613714,92,0.8065314582108003,0.05114628842856711,0.00888229623726891,0.03859787901445435,0.04691874618517311,-0.0006526536428984042,-0.050493634785668706,0.8066069451734916,1.0
3,2.0,1.0,1.0,2,24,0.029788994023613714,96,0.813516733362981,0.05158113692173179,0.008155197413028059,0.035448399303205466,0.04691874618517311,-0.0005992625838136534,-0.050981874337918134,0.8135865197552324,1.0
3,2.0,1.0,1.0,2,25,0.029788994023613714,100,0.8197743064772667,0.051953296113904326,0.007513937502025187,0.032669244797834174,0.04691874618517311,-0.0005521697858245633,-0.05140112632807976,0.8198387980197928,1.0
3,2.0,1.0,1.0,2,26,0.029788994023613714,104,0.8253812520625444,0.05226799613774964,0.006945506553105315,0.030204553252435436,0.04691874618517311,-0.0005104215000069079,-0.051757574637742734,0.8254408217420035,1.0
3,2.0,1.0,1.0,2,27,0.029788994023613714,108,0.8304063745372456,0.05253017946414712,0.006439271044806123,0.028008611795125305,0.04691874618517311,-0.00047323803031668055,-0.05205694143383044,0.8304613679389278,1.0
3,2.0,1.0,1.0,2,28,0.029788994023613714,112,0.8349111042666282,0.05274449570484055,0.005986471023014131,0.026043721937048913,0.04691874618517311,-0.0004399769382524843,-0.052304518766588065,0.8349618431882442,1.0
3,2.0,1.0,1.0,2,29,0.029788994023613714,116,0.8389502960108293,0.05291530271133682,0.005579837222604804,0.024278570747498635,0.04691874618517311,-0.0004101050186414712,-0.05250519769269535,0.8389970810061373,1.0
3,2.0,1.0,1.0,2,30,0.029788994023613714,120,0.8425729403516431,0.05304667201894567,0.005213296516082333,0.022686975554051504,0.04691874618517311,-0.00038317673450294354,-0.052663495284442724,0.8426160526032904,1.0
3,2.0,1.0,1.0,2,31,0.029788994023613714,124,0.8458227975712063,0.05314239725373607,0.004881743133352185,0.021246907386728773,0.04691874618517311,-0.0003588174630330676,-0.052783579790703,0.8458625003401709,1.0
3,2.0,1.0,1.0,2,32,0.029788994023613714,128,0.8487389624507862,0.05320600451346007,0.004580859379421108,0.01993972460805308,0.04691874618517311,-0.000336710363300019,-0.05286929415016005,0.8487755022565557,1.0
3,2.0,1.0,1.0,2,33,0.029788994023613714,132,0.8513563675467456,0.05324076400943589,0.004306973972429908,0.018749566573596287,0.04691874618517311,-0.00031658599740480575,-0.05292417801203109,0.8513899751739452,1.0
3,2.0,1.0,1.0,2,34,0.029788994023613714,136,0.8537062316799822,0.053249702452216094,0.004056949238952538,0.017662870241043557,0.04691874618517311,-0.000298214064217428,-0.052951488387998666,0.8537371230711039,1.0
3,2.0,1.0,1.0,2,35,0.029788994023613714,140,0.8558164596396727,0.05323561580469019,0.0038280906356935847,0.01666798203971131,0.04691874618517311,-0.00028139676789984414,-0.052954219036790345,0.8558448367107168,1.0
3,2.0,1.0,1.0,2,36,0.029788994023613714,144,0.8577119984446311,0.05320108212856163,0.0036180736844145596,0.015754844134757987,0.04691874618517311,-0.0002659634618445983,-0.05293511866671703,0.8577380498461132,1.0
3,2.0,1.0,1.0,2,37,0.029788994023613714,148,0.8594151549188676,0.05314847432514737,0.003424884591162389,0.014914739224723417,0.04691874618517311,-0.0002517662950331512,-0.05289670803011422,0.8594390567557731,1.0
3,2.0,1.0,1.0,2,38,0.029788994023613714,152,0.8609458788150828,0.05307997262695614,0.0032467716960566852,0.014140081716514093,0.04691874618517311,-0.00023867665194821086,-0.05284129597500793,0.8609677953337662,1.0
3,2.0,1.0,1.0,2,39,0.029788994023613714,156,0.8623220152541906,0.052997576737881344,0.0030822055526559576,0.013424245889971303,0.04691874618517311,-0.00022658222482713208,-0.05277099451305421,0.8623420995008166,1.0
3,2.0,1.0,1.0,2,40,0.029788994023613714,160,0.8635595298344643,0.05290311755091512,0.002929845926735954,0.012761423749153972,0.04691874618517311,-0.00021538459314668357,-0.052687732957768435,0.8635779242875392,1.0
3,2.0,1.0,1.0,2,1,0.038593389345594996,4,0.9412433100775829,0.6126867396019838,1.7754758754156221,20.418277998646353,0.04691874618517311,0.6667062453626739,-0.054019505760690034,0.9602063139680838,0.8500969177901797
3,2.0,1.0,1.0,2,2,0.038593389345594996,8,0.7823616121935888,0.005540648014305136,1.703262120963047,5.104569499661588,0.04691874618517311,-0.016928060843056092,0.011387412828750956,0.852955715330532,0.1956756252261395
3,2.0,1.0,1.0,2,3,0.038593389345594996,12,0.3866165311056864,0.054629382570418716,0.6465033274769314,2.26869755540515,0.04691874618517311,-0.051088350768455776,-0.0035410318019629405,0.4591304122267951,1.0
3,2.0,1.0,1.0,2,4,0.038593389345594996,16,0.40959789765498233,0.039910167318558676,0.32996818991952026,1.276142374915397,0.04691874618517311,-0.024664505326011166,-0.01524566199254751,0.4304425681624787,1.0
3,2.0,1.0,1.0,2,5,0.038593389345594996,20,0.4632568789608562,0.03656744259371528,0.20204427626216956,0.8167311199458542,0.04691874618517311,-0.014863750554480692,-0.021703692039234584,0.4695653500030772,1.0
3,2.0,1.0,1.0,2,6,0.038593389345594996,24,0.5161300580165453,0.03657713214481559,0.13703972607761442,0.5671743888512875,0.04691874618517311,-0.010042076013427548,-0.02653505613138804,0.5184273664241423,1.0
3,2.0,1.0,1.0,2,7,0.038593389345594996,28,0.5635349800745073,0.037782988366895864,0.0992782066218363,0.4166995509927826,0.04691874618517311,-0.00726979479536477,-0.030513193571531094,0.564553216644345,1.0
3,2.0,1.0,1.0,2,8,0.038593389345594996,32,0.6050370107914032,0.039417914321528,0.07532554959713002,0.31903559372884926,0.04691874618517311,-0.005516868887537385,-0.03390104543399061,0.6055803236184185,1.0
3,2.0,1.0,1.0,2,9,0.038593389345594996,36,0.6410902753057229,0.04115851479447652,0.059150524155571496,0.2520775061561278,0.04691874618517311,-0.004334012982422419,-0.0368245018120541,0.641431205223113,1.0
3,2.0,1.0,1.0,2,10,0.038593389345594996,40,0.6723204111706618,0.042856438269741365,0.04770179173662876,0.20418277998646356,0.04691874618517311,-0.0034966876067205055,-0.03935975066302086,0.6725633261252485,1.0
3,2.0,1.0,1.0,2,11,0.038593389345594996,44,0.6993431956462955,0.0444421516120144,0.039295313841501645,0.16874609916236655,0.04691874618517311,-0.0028816148547965437,-0.04156053675721785,0.6995324321357039,1.0
3,2.0,1.0,1.0,2,12,0.038593389345594996,48,0.7227171524452588,0.045884828494279856,0.03293779316280698,0.14179359721282186,0.04691874618517311,-0.002416235450498294,-0.04346859304378156,0.7228733431548181,1.0
3,2.0,1.0,1.0,2,13,0.038593389345594996,52,0.7429345673521063,0.047173755617493665,0.02801170527132878,0.12081821300974174,0.04691874618517311,-0.0020554708813628753,-0.04511828473613079,0.7430681604942524,1.0
3,2.0,1.0,1.0,2,14,0.038593389345594996,56,0.7604242653966622,0.04830901060916004,0.02411636404278435,0.10417488774819565,0.04691874618517311,-0.0017700720758254684,-0.04653893853333457,0.7605410068058511,1.0
3,2.0,1.0,1.0,2,15,0.038593389345594996,60,0.7755578199543118,0.049296501769811193,0.02098238183151936,0.09074790221620602,0.04691874618517311,-0.0015403687170760794,-0.047756133052735114,0.7756611428780752,1.0
3,2.0,1.0,1.0,2,16,0.038593389345594996,64,0.7886563925425976,0.05014520658963971,0.018423130649518154,0.07975889843221232,0.04691874618517311,-0.0013527277569728713,-0.04879247883266684,0.7887485254970109,1.0
3,2.0,1.0,1.0,2,17,0.038593389345594996,68,0.7999972413056811,0.05086558232394575,0.016305952818450993,0.07065148096417423,0.04691874618517311,-0.0011974541590372145,-0.04966812816490854,0.8000797494913559,1.0
3,2.0,1.0,1.0,2,18,0.038593389345594996,72,0.809819593213801,0.051468630703336946,0.01453443058022347,0.06301937653903195,0.04691874618517311,-0.001067498163079883,-0.05040113254025706,0.8098936555488061,1.0
3,2.0,1.0,1.0,2,19,0.038593389345594996,76,0.8183298199171888,0.05196534185930031,0.013037106678338092,0.056560326866056373,0.04691874618517311,-0.0009576327478855728,-0.05100770911141474,0.8183963767100427,1.0
3,2.0,1.0,1.0,2,20,0.038593389345594996,80,0.825705948590564,0.05236636506723792,0.011760103202647889,0.05104569499661589,0.04691874618517311,-0.0008639151953815927,-0.05150244987185633,0.8257657832907632,1.0
3,2.0,1.0,1.0,2,21,0.038593389345594996,84,0.8321015704792597,0.052681818609610645,0.010662169892719012,0.046299950110309185,0.04691874618517311,-0.000783325734964313,-0.05189849287464633,0.8321553566304802,1.0
3,2.0,1.0,1.0,2,22,0.038593389345594996,88,0.8376492171278969,0.052921186628793845,0.009711288236463812,0.04218652479059164,0.04691874618517311,-0.0007135196193590598,-0.052207667009434786,0.837697546381434,1.0
3,2.0,1.0,1.0,2,23,0.038593389345594996,92,0.8424632719198568,0.05309327109339548,0.00888229623726891,0.03859787901445435,0.04691874618517311,-0.0006526536428984042,-0.05244061745049708,0.8425066714555166,1.0
3,2.0,1.0,1.0,2,24,0.038593389345594996,96,0.8466424786312127,0.05320617890291274,0.008155197413028059,0.035448399303205466,0.04691874618517311,-0.0005992625838136534,-0.052606916319099084,0.8466814225049988,1.0
3,2.0,1.0,1.0,2,25,0.038593389345594996,100,0.8502721017812764,0.05326733134722218,0.007513937502025187,0.032669244797834174,0.04691874618517311,-0.0005521697858245633,-0.05271516156139762,0.8503070187069297,1.0
3,2.0,1.0,1.0,2,26,0.038593389345594996,104,0.8534257867321706,0.053283487594129875,0.006945506553105315,0.030204553252435436,0.04691874618517311,-0.0005104215000069079,-0.05277306609412297,0.8534570657167382,1.0
3,2.0,1.0,1.0,2,27,0.038593389345594996,108,0.8561671611863317,0.053260776703370594,0.006439271044806123,0.028008611795125305,0.04691874618517311,-0.00047323803031668055,-0.05278753867305391,0.8561951558390282,1.0
3,2.0,1.0,1.0,2,28,0.038593389345594996,112,0.8585512140964195,0.053204734493456154,0.005986471023014131,0.026043721937048913,0.04691874618517311,-0.0004399769382524843,-0.05276475755520367,0.8585762460912101,1.0
3,2.0,1.0,1.0,2,29,0.038593389345594996,116,0.8606254830502924,0.05312034279240342,0.005579837222604804,0.024278570747498635,0.04691874618517311,-0.0004101050186414712,-0.05271023777376195,0.8606478450280073,1.0
3,2.0,1.0,1.0,2,30,0.038593389345594996,120,0.8624310768824225,0.0530120694101886,0.005213296516082333,0.022686975554051504,0.04691874618517311,-0.00038317673450294354,-0.05262889267568566,0.8624510349650296,1.0
3,2.0,1.0,1.0,2,31,0.038593389345594996,124,0.8640035565302551,0.05288390771900266,0.004881743133352185,0.021246907386728773,0.04691874618517311,-0.0003588174630330676,-0.05252509025596959,0.8640213525529697,1.0
3,2.0,1.0,1.0,2,32,0.038593389345594996,128,0.8653736939321035,0.052739415104243056,0.004580859379421108,0.01993972460805308,0.04691874618517311,-0.000336710363300019,-0.05240270474094304,0.8653895474594328,1.0
3,2.0,1.0,1.0,2,33,0.038593389345594996,132,0.8665681259881186,0.052581749811003595,0.004306973972429908,0.018749566573596287,0.04691874618517311,-0.00031658599740480575,-0.05226516381359879,0.8665822361556603,1.0
3,2.0,1.0,1.0,2,34,0.038593389345594996,136,0.8676099182179743,0.05241370589386117,0.004056949238952538,0.017662870241043557,0.04691874618517311,-0.000298214064217428,-0.05211549182964374,0.867622465427457,1.0
3,2.0,1.0,1.0,2,35,0.038593389345594996,140,0.8685190506960402,0.05223774610641481,0.0038280906356935847,0.01666798203971131,0.04691874618517311,-0.00028139676789984414,-0.051956349338514965,0.8685301981821809,1.0
3,2.0,1.0,1.0,2,36,0.038593389345594996,144,0.8693128370804466,0.05205603265753468,0.0036180736844145596,0.015754844134757987,0.04691874618517311,-0.0002659634618445983,-0.05179006919569008,0.8693227323626587,1.0
3,2.0,1.0,1.0,2,37,0.038593389345594996,148,0.8700062860363373,0.051870455824700956,0.003424884591162389,0.014914739224723417,0.04691874618517311,-0.0002517662950331512,-0.051618689529667805,0.8700150622650136,1.0
3,2.0,1.0,1.0,2,38,0.038593389345594996,152,0.870612413051041,0.051682660458940655,0.0032467716960566852,0.014140081716514093,0.04691874618517311,-0.00023867665194821086,-0.051443983806992444,0.87062019025603,1.0
3,2.0,1.0,1.0,2,39,0.038593389345594996,156,0.8711425095197203,0.051494070446051865,0.0030822055526559576,0.013424245889971303,0.04691874618517311,-0.00022658222482713208,-0.05126748822122473,0.8711493957673334,1.0
3,2.0,1.0,1.0,2,40,0.038593389345594996,160,0.8716063750184477,0.05130591120887769,0.002929845926735954,0.012761423749153972,0.04691874618517311,-0.00021538459314668357,-0.051090526615731005,0.8716124674824965,1.0
3,2.0,1.0,1.0,2,1,0.049999999999999996,4,0.9378894832622926,0.5971278086867586,1.7754758754156221,20.418277998646353,0.04691874618517311,0.6667062453626739,-0.06957843667591523,0.9558215652915802,0.811001265208262
3,2.0,1.0,1.0,2,2,0.049999999999999996,8,0.7903921323735559,0.003143155743479273,1.703262120963047,5.104569499661588,0.04691874618517311,-0.016928060843056092,0.013784905099576819,0.8508501181085433,0.1023397007423576
3,2.0,1.0,1.0,2,3,0.049999999999999996,12,0.44829392965708337,0.055399160897699584,0.6465033274769314,2.26869755540515,0.04691874618517311,-0.051088350768455776,-0.004310810129243808,0.5003416172990508,1.0
3,2.0,1.0,1.0,2,4,0.049999999999999996,16,0.48586169661087253,0.043192470742337064,0.32996818991952026,1.276142374915397,0.04691874618517311,-0.024664505326011166,-0.018527965416325898,0.49881888422177534,1.0
3,2.0,1.0,1.0,2,5,0.049999999999999996,20,0.5454845027843614,0.04092571705886583,0.20204427626216956,0.8167311199458542,0.04691874618517311,-0.014863750554480692,-0.026061966504385137,0.5491374668404676,1.0
3,2.0,1.0,1.0,2,6,0.049999999999999996,24,0.6000204707218599,0.0414962604882711,0.13703972607761442,0.5671743888512875,0.04691874618517311,-0.010042076013427548,-0.03145418447484355,0.6013183891813254,1.0
3,2.0,1.0,1.0,2,7,0.049999999999999996,28,0.6464294378654696,0.04296765566094657,0.0992782066218363,0.4166995509927826,0.04691874618517311,-0.00726979479536477,-0.0356978608655818,0.6470124259467165,1.0
3,2.0,1.0,1.0,2,8,0.049999999999999996,32,0.6852005071444494,0.044663565986755055,0.07532554959713002,0.31903559372884926,0.04691874618517311,-0.005516868887537385,-0.03914669709921767,0.6855242758125399,1.0
3,2.0,1.0,1.0,2,9,0.049999999999999996,36,0.717401565348835,0.046313884470149336,0.059150524155571496,0.2520775061561278,0.04691874618517311,-0.004334012982422419,-0.041979871487726916,0.7176143110604318,1.0
3,2.0,1.0,1.0,2,10,0.049999999999999996,40,0.7440932345678866,0.04780783832162398,0.04770179173662876,0.20418277998646356,0.04691874618517311,-0.0034966876067205055,-0.04431115071490348,0.7442501462491427,1.0
3,2.0,1.0,1.0,2,11,0.049999999999999996,44,0.766206030188167,0.04910482496316092,0.039295313841501645,0.16874609916236655,0.04691874618517311,-0.0028816148547965437,-0.046223210108364374,0.7663303009889129,1.0
3,2.0,1.0,1.0,2,12,0.049999999999999996,48,0.7845263337939231,0.05019721112991905,0.03293779316280698,0.14179359721282186,0.04691874618517311,-0.002416235450498294,-0.04778097567942076,0.7846288969108985,1.0
3,2.0,1.0,1.0,2,13,0.049999999999999996,52,0.7997095396269925,0.051093202329205376,0.02801170527132878,0.12081821300974174,0.04691874618517311,-0.0020554708813628753,-0.0490377314478425,0.7997961723946997,1.0
3,2.0,1.0,1.0,2,14,0.049999999999999996,56,0.8122987522862684,0.05180839064182269,0.02411636404278435,0.10417488774819565,0.04691874618517311,-0.0017700720758254684,-0.05003831856599722,0.8123728727920818,1.0
3,2.0,1.0,1.0,2,15,0.049999999999999996,60,0.8227429229296996,0.052361385900004026,0.02098238183151936,0.09074790221620602,0.04691874618517311,-0.0015403687170760794,-0.05082101718292795,0.8228067782588214,1.0
3,2.0,1.0,1.0,2,16,0.049999999999999996,64,0.8314127995333643,0.0527714977521896,0.018423130649518154,0.07975889843221232,0.04691874618517311,-0.0013527277569728713,-0.05141876999521673,0.8314680055351918,1.0
3,2.0,1.0,1.0,2,17,0.049999999999999996,68,0.8386144538349727,0.05305750144669205,0.016305952818450993,0.07065148096417423,0.04691874618517311,-0.0011974541590372145,-0.05186004728765484,0.8386622556916786,1.0
3,2.0,1.0,1.0,2,18,0.049999999999999996,72,0.8446005746300536,0.05323699888628064,0.01453443058022347,0.06301937653903195,0.04691874618517311,-0.001067498163079883,-0.05216950072320076,0.8446419801970385,1.0
3,2.0,1.0,1.0,2,19,0.049999999999999996,76,0.849579827399566,0.053326115816972317,0.013037106678338092,0.056560326866056373,0.04691874618517311,-0.0009576327478855728,-0.052368483069086744,0.8496156796012322,1.0
3,2.0,1.0,1.0,2,20,0.049999999999999996,80,0.8537245837137941,0.053339391919497506,0.011760103202647889,0.05104569499661589,0.04691874618517311,-0.0008639151953815927,-0.05247547672411591,0.8537556023996026,1.0
3,2.0,1.0,1.0,2,21,0.049999999999999996,84,0.857177293213769,0.053289781911707856,0.010662169892719012,0.046299950110309185,0.04691874618517311,-0.000783325734964313,-0.05250645617674354,0.8572041010489154,1.0
3,2.0,1.0,1.0,2,22,0.049999999999999996,88,0.8600557322929064,0.05318871954944793,0.009711288236463812,0.04218652479059164,0.04691874618517311,-0.0007135196193590598,-0.05247519993008887,0.8600788719455481,1.0
3,2.0,1.0,1.0,2,23,0.049999999999999996,92,0.8624573261667111,0.05304621566971013,0.00888229623726891,0.03859787901445435,0.04691874618517311,-0.0006526536428984042,-0.052393562026811724,0.8624772725377371,1.0
3,2.0,1.0,1.0,2,24,0.049999999999999996,96,0.8644627078229588,0.052870972731731,0.008155197413028059,0.035448399303205466,0.04691874618517311,-0.0005992625838136534,-0.052271710147917344,0.8644798773127407,1.0
3,2.0,1.0,1.0,2,25,0.049999999999999996,100,0.8661386490000312,0.05267050513036528,0.007513937502025187,0.032669244797834174,0.04691874618517311,-0.0005521697858245633,-0.05211833534454072,0.8661534069063825,1.0
3,2.0,1.0,1.0,2,26,0.049999999999999996,104,0.8675404745799165,0.052451258756617436,0.006945506553105315,0.030204553252435436,0.04691874618517311,-0.0005104215000069079,-0.05194083725661053,0.8675531412455435,1.0
3,2.0,1.0,1.0,2,27,0.049999999999999996,108,0.8687140520535979,0.05221872591359268,0.006439271044806123,0.028008611795125305,0.04691874618517311,-0.00047323803031668055,-0.051745487883276,0.8687249081233225,1.0
3,2.0,1.0,1.0,2,28,0.049999999999999996,112,0.8696974314207169,0.051977553368804955,0.005986471023014131,0.026043721937048913,0.04691874618517311,-0.0004399769382524843,-0.05153757643055247,0.8697067224257632,1.0
3,2.0,1.0,1.0,2,29,0.049999999999999996,116,0.8705221974638313,0.051731642394730354,0.005579837222604804,0.024278570747498635,0.04691874618517311,-0.0004101050186414712,-0.05132153737608888,0.8705301378693662,1.0
3,2.0,1.0,1.0,2,30,0.049999999999999996,120,0.8712145853006572,0.05148424033645614,0.005213296516082333,0.022686975554051504,0.04691874618517311,-0.00038317673450294354,-0.0511010636019532,0.8712213621061495,1.0
3,2.0,1.0,1.0,2,31,0.049999999999999996,124,0.8717964010496166,0.05123802368345723,0.004881743133352185,0.021246907386728773,0.04691874618517311,-0.0003588174630330676,-0.05087920622042416,0.8718021770040192,1.0
3,2.0,1.0,1.0,2,32,0.049999999999999996,128,0.8722857819964327,0.0509951728971241,0.004580859379421108,0.01993972460805308,0.04691874618517311,-0.000336710363300019,-0.050658462533824083,0.8722906984740607,1.0
3,2.0,1.0,1.0,2,33,0.049999999999999996,132,0.8726978245341346,0.0507574394120668,0.004306973972429908,0.018749566573596287,0.04691874618517311,-0.00031658599740480575,-0.05044085341466199,0.8727020041068512,1.0
3,2.0,1.0,1.0,2,34,0.049999999999999996,136,0.8730451031268798,0.05052620532321972,0.004056949238952538,0.017662870241043557,0.04691874618517311,-0.000298214064217428,-0.05022799125900229,0.8730486518621905,1.0
3,2.0,1.0,1.0,2,35,0.049999999999999996,140,0.8733380994238917,0.05030253631661556,0.0038280906356935847,0.01666798203971131,0.04691874618517311,-0.00028139676789984414,-0.05002113954871572,0.8733411089344751,1.0
3,2.0,1.0,1.0,2,36,0.049999999999999996,144,0.8735855572622073,0.05008722841542554,0.0036180736844145596,0.015754844134757987,0.04691874618517311,-0.0002659634618445983,-0.04982126495358094,0.8735881065296212,1.0
3,2.0,1.0,1.0,2,37,0.049999999999999996,148,0.8737947765137104,0.04988084910550726,0.003424884591162389,0.014914739224723417,0.04691874618517311,-0.0002517662950331512,-0.04962908281047411,0.8737969335070414,1.0
3,2.0,1.0,1.0,2,38,0.049999999999999996,152,0.8739718564447017,0.04968377338384798,0.0032467716960566852,0.014140081716514093,0.04691874618517311,-0.00023867665194821086,-0.04944509673189977,0.873973679553347,1.0
3,2.0,1.0,1.0,2,39,0.049999999999999996,156,0.8741218973760907,0.04949621524409739,0.0030822055526559576,0.013424245889971303,0.04691874618517311,-0.00022658222482713208,-0.04926963301927026,0.8741234366745128,1.0
3,2.0,1.0,1.0,2,40,0.049999999999999996,160,0.8742491678862679,0.049318255079486686,0.002929845926735954,0.012761423749153972,0.04691874618517311,-0.00021538459314668357,-0.04910287048634,0.8742504662473214,1.0
