n_qubits,t,J,g,order,n_steps,p,cnots,infidelity,local_err,trotter_err,bound,z_exact,z_trotter_part,z_noise_part
2,2.0,1.0,1.0,1,1,0.0,2,0.6046843661333748,0.3576948078004714,1.469799918941522,8.0,-0.2959488130631411,-0.3576948078004714,0.0
2,2.0,1.0,1.0,1,2,0.0,4,0.5486664954522443,0.8132062834307121,1.1511560872227782,4.0,-0.2959488130631411,0.8132062834307121,0.0
2,2.0,1.0,1.0,1,3,0.0,6,0.21572181690854653,0.40204337577859606,0.7023427429772855,2.6666666666666665,-0.2959488130631411,0.4020433757785961,-5.551115123125783e-17
2,2.0,1.0,1.0,1,4,0.0,8,0.09880904294235682,0.21415343877297294,0.4880880337976581,2.0,-0.2959488130631411,0.21415343877297296,-2.7755575615628914e-17
2,2.0,1.0,1.0,1,5,0.0,10,0.055704472066973154,0.1324910314986918,0.3751387342717388,1.6000000000000003,-0.2959488130631411,0.1324910314986916,1.942890293094024e-16
2,2.0,1.0,1.0,1,6,0.0,12,0.035672272320797616,0.09017660898143631,0.30558629279403954,1.3333333333333333,-0.2959488130631411,0.09017660898143609,2.220446049250313e-16
2,2.0,1.0,1.0,1,7,0.0,14,0.024803231963381744,0.06542218903874392,0.25828813833992026,1.1428571428571428,-0.2959488130631411,0.06542218903874378,1.3877787807814457e-16
2,2.0,1.0,1.0,1,8,0.0,16,0.018255075898708673,0.04967189613257489,0.22393258178575295,1.0,-0.2959488130631411,0.049671896132574944,-5.551115123125783e-17
2,2.0,1.0,1.0,1,9,0.0,18,0.014004902994142143,0.03901970709873237,0.1977903724020773,0.8888888888888888,-0.2959488130631411,0.03901970709873209,2.7755575615628914e-16
2,2.0,1.0,1.0,1,10,0.0,20,0.011088869445864513,0.031473837863132736,0.1772000450972843,0.8000000000000002,-0.2959488130631411,0.03147383786313279,-5.551115123125783e-17
2,2.0,1.0,1.0,1,11,0.0,22,0.009000594243552817,0.025930455976899858,0.16054550427667144,0.7272727272727273,-0.2959488130631411,0.025930455976899414,4.440892098500626e-16
2,2.0,1.0,1.0,1,12,0.0,24,0.007453288338828079,0.021736948364797837,0.14678658061738914,0.6666666666666666,-0.2959488130631411,0.021736948364797393,4.440892098500626e-16
2,2.0,1.0,1.0,1,13,0.0,26,0.00627458825224847,0.018487009845903346,0.135222324062234,0.6153846153846154,-0.2959488130631411,0.018487009845903235,1.1102230246251565e-16
2,2.0,1.0,1.0,1,14,0.0,28,0.005355794732998076,0.01591676524673441,0.12536251494862632,0.5714285714285714,-0.2959488130631411,0.015916765246734577,-1.6653345369377348e-16
2,2.0,1.0,1.0,1,15,0.0,30,0.004625577138221093,0.013848699780943385,0.11685365135234317,0.5333333333333333,-0.2959488130631411,0.013848699780943441,-5.551115123125783e-17
2,2.0,1.0,1.0,1,16,0.0,32,0.004035536912848414,0.012159782669856234,0.109434185752953,0.5,-0.2959488130631411,0.012159782669856622,-3.885780586188048e-16
2,2.0,1.0,1.0,1,17,0.0,34,0.003551887254050423,0.010762536378982779,0.10290632641555666,0.47058823529411764,-0.2959488130631411,0.010762536378982834,-5.551115123125783e-17
2,2.0,1.0,1.0,1,18,0.0,36,0.0031504559244253105,0.009593367346984072,0.09711764969516717,0.4444444444444444,-0.2959488130631411,0.009593367346984294,-2.220446049250313e-16
2,2.0,1.0,1.0,1,19,0.0,38,0.002813575694401327,0.008605137651718164,0.0919487491548651,0.4210526315789473,-0.2959488130631411,0.008605137651718275,-1.1102230246251565e-16
2,2.0,1.0,1.0,1,20,0.0,40,0.0025280888995806716,0.007762301677682382,0.08730472342021936,0.4000000000000001,-0.2959488130631411,0.007762301677682604,-2.220446049250313e-16
2,2.0,1.0,1.0,1,21,0.0,42,0.0022840319081888216,0.007037642365141983,0.08310917595457021,0.3809523809523809,-0.2959488130631411,0.007037642365141983,0.0
2,2.0,1.0,1.0,1,22,0.0,44,0.002073746887436556,0.0064100323096886735,0.07929990042624077,0.36363636363636365,-0.2959488130631411,0.006410032309688785,-1.1102230246251565e-16
2,2.0,1.0,1.0,1,23,0.0,46,0.001891269196742762,0.005862867457875842,0.07582572266570506,0.34782608695652173,-0.2959488130631411,0.005862867457876397,-5.551115123125783e-16
2,2.0,1.0,1.0,1,24,0.0,48,0.0017318967534901697,0.0053829518255480435,0.07264415217002507,0.3333333333333333,-0.2959488130631411,0.005382951825548654,-6.106226635438361e-16
2,2.0,1.0,1.0,1,25,0.0,50,0.0015918820742963913,0.004959690582993115,0.06971961045058317,0.32,-0.2959488130631411,0.004959690582992893,2.220446049250313e-16
2,2.0,1.0,1.0,1,26,0.0,52,0.0014682085911372766,0.004584497710098889,0.06702207708930816,0.3076923076923077,-0.2959488130631411,0.0045844977100997775,-8.881784197001252e-16
2,2.0,1.0,1.0,1,27,0.0,54,0.0013584258618299927,0.0042503553629778534,0.06452604272617328,0.2962962962962963,-0.2959488130631411,0.0042503553629781865,-3.3306690738754696e-16
2,2.0,1.0,1.0,1,28,0.0,56,0.0012605265853814496,0.003951482088458413,0.06220969060689584,0.2857142857142857,-0.2959488130631411,0.00395148208845858,-1.6653345369377348e-16
2,2.0,1.0,1.0,1,29,0.0,58,0.0011728537189671373,0.0036830801889414233,0.060054250421711745,0.27586206896551724,-0.2959488130631411,0.0036830801889420894,-6.661338147750939e-16
2,2.0,1.0,1.0,1,30,0.0,60,0.0010940295560618596,0.0034411413589928164,0.0580434834846855,0.26666666666666666,-0.2959488130631411,0.0034411413589923168,4.996003610813204e-16
2,2.0,1.0,1.0,1,31,0.0,62,0.0010229010221540769,0.0032222957158484777,0.0561632690779836,0.25806451612903225,-0.2959488130631411,0.0032222957158480336,4.440892098500626e-16
2,2.0,1.0,1.0,1,32,0.0,64,0.0009584970816678418,0.0030236934890978673,0.05440126946837501,0.25,-0.2959488130631411,0.003023693489097423,4.440892098500626e-16
2,2.0,1.0,1.0,1,33,0.0,66,0.0008999952839781056,0.002842911533769088,0.05274665665050571,0.24242424242424246,-0.2959488130631411,0.002842911533769532,-4.440892098500626e-16
2,2.0,1.0,1.0,1,34,0.0,68,0.00084669527307768,0.0026778788853915603,0.051189887923827934,0.23529411764705882,-0.2959488130631411,0.0026778788853926705,-1.1102230246251565e-15
2,2.0,1.0,1.0,1,35,0.0,70,0.0007979976511254261,0.0025268170479777474,0.049722520402530675,0.22857142857142854,-0.2959488130631411,0.002526817047978358,-6.106226635438361e-16
2,2.0,1.0,1.0,1,36,0.0,72,0.0007533869934812643,0.0023881917731867763,0.04833705679005373,0.2222222222222222,-0.2959488130631411,0.002388191773187609,-8.326672684688674e-16
2,2.0,1.0,1.0,1,37,0.0,74,0.0007124181083354442,0.002260673870124741,0.04702681643071946,0.21621621621621626,-0.2959488130631411,0.0022606738701250184,-2.7755575615628914e-16
2,2.0,1.0,1.0,1,38,0.0,76,0.0006747048510358233,0.0021431071626749065,0.04578582692803776,0.21052631578947364,-0.2959488130631411,0.0021431071626755727,-6.661338147750939e-16
2,2.0,1.0,1.0,1,39,0.0,78,0.0006399109640068401,0.002034482141915095,0.04460873259750681,0.2051282051282051,-0.2959488130631411,0.002034482141915428,-3.3306690738754696e-16
2,2.0,1.0,1.0,1,40,0.0,80,0.0006077425336292741,0.0019339141851694164,0.043490716776982616,0.20000000000000004,-0.2959488130631411,0.0019339141851694719,-5.551115123125783e-17
2,2.0,1.0,1.0,1,1,0.001,2,0.6049748520854743,0.35638817420236485,1.469799918941522,8.0,-0.2959488130631411,-0.3576948078004714,0.0013066335981065658
2,2.0,1.0,1.0,1,2,0.001,4,0.5494706222745407,0.8111403550255514,1.1511560872227782,4.0,-0.2959488130631411,0.8132062834307121,-0.002065928405160733
2,2.0,1.0,1.0,1,3,0.001,6,0.21891948251190163,0.4014083977004436,0.7023427429772855,2.6666666666666665,-0.2959488130631411,0.4020433757785961,-0.0006349780781524927
2,2.0,1.0,1.0,1,4,0.001,8,0.10400037367316717,0.21480551607163406,0.4880880337976581,2.0,-0.2959488130631411,0.21415343877297296,0.0006520772986610968
2,2.0,1.0,1.0,1,5,0.001,10,0.06261626721738278,0.13411827329481468,0.3751387342717388,1.6000000000000003,-0.2959488130631411,0.1324910314986916,0.0016272417961230856
2,2.0,1.0,1.0,1,6,0.001,12,0.04419721622199391,0.09263233963313772,0.30558629279403954,1.3333333333333333,-0.2959488130631411,0.09017660898143609,0.0024557306517016264
2,2.0,1.0,1.0,1,7,0.001,14,0.03489025705715465,0.06862866753369412,0.25828813833992026,1.1428571428571428,-0.2959488130631411,0.06542218903874378,0.0032064784949503433
2,2.0,1.0,1.0,1,8,0.001,16,0.029875593742009987,0.053582911041355596,0.22393258178575295,1.0,-0.2959488130631411,0.049671896132574944,0.003911014908780652
2,2.0,1.0,1.0,1,9,0.001,18,0.027140805816552316,0.043605329723023056,0.1977903724020773,0.8888888888888888,-0.2959488130631411,0.03901970709873209,0.004585622624290964
2,2.0,1.0,1.0,1,10,0.001,20,0.025727537732233796,0.036713387346025306,0.1772000450972843,0.8000000000000002,-0.2959488130631411,0.03147383786313279,0.005239549482892514
2,2.0,1.0,1.0,1,11,0.001,22,0.025132546045598003,0.03180889945248633,0.16054550427667144,0.7272727272727273,-0.2959488130631411,0.025930455976899414,0.005878443475586914
2,2.0,1.0,1.0,1,12,0.001,24,0.02507096158198263,0.02824290274555835,0.14678658061738914,0.6666666666666666,-0.2959488130631411,0.021736948364797393,0.006505954380760959
2,2.0,1.0,1.0,1,13,0.001,26,0.02537166081499931,0.02561155891432859,0.135222324062234,0.6153846153846154,-0.2959488130631411,0.018487009845903235,0.0071245490684253565
2,2.0,1.0,1.0,1,14,0.001,28,0.025926781251614184,0.023652722150268368,0.12536251494862632,0.5714285714285714,-0.2959488130631411,0.015916765246734577,0.007735956903533792
2,2.0,1.0,1.0,1,15,0.001,30,0.02666557784907997,0.02219012726567221,0.11685365135234317,0.5333333333333333,-0.2959488130631411,0.013848699780943441,0.00834142748472877
2,2.0,1.0,1.0,1,16,0.001,32,0.027540074666347447,0.02110166972879618,0.109434185752953,0.5,-0.2959488130631411,0.012159782669856622,0.008941887058939557
2,2.0,1.0,1.0,1,17,0.001,34,0.028516798031095414,0.020300573692878132,0.10290632641555666,0.47058823529411764,-0.2959488130631411,0.010762536378982834,0.009538037313895298
2,2.0,1.0,1.0,1,18,0.001,36,0.029571813091059274,0.019723787279478155,0.09711764969516717,0.4444444444444444,-0.2959488130631411,0.009593367346984294,0.010130419932493862
2,2.0,1.0,1.0,1,19,0.001,38,0.030687636245828487,0.019324597677950917,0.0919487491548651,0.4210526315789473,-0.2959488130631411,0.008605137651718275,0.010719460026232641
2,2.0,1.0,1.0,1,20,0.001,40,0.03185125445295045,0.01906779778811557,0.08730472342021936,0.4000000000000001,-0.2959488130631411,0.007762301677682604,0.011305496110432967
2,2.0,1.0,1.0,1,21,0.001,42,0.03305281983913999,0.01892644362315904,0.08310917595457021,0.3809523809523809,-0.2959488130631411,0.007037642365141983,0.011888801258017057
2,2.0,1.0,1.0,1,22,0.001,44,0.03428476859950669,0.01887963063509035,0.07929990042624077,0.36363636363636365,-0.2959488130631411,0.006410032309688785,0.012469598325401565
2,2.0,1.0,1.0,1,23,0.001,46,0.03554121350622885,0.018910938563931057,0.07582572266570506,0.34782608695652173,-0.2959488130631411,0.005862867457876397,0.01304807110605466
2,2.0,1.0,1.0,1,24,0.001,48,0.036817517008102985,0.019007324456300212,0.07264415217002507,0.3333333333333333,-0.2959488130631411,0.005382951825548654,0.013624372630751558
2,2.0,1.0,1.0,1,25,0.001,50,0.03810998604072324,0.01915832201590939,0.06971961045058317,0.32,-0.2959488130631411,0.004959690582992893,0.014198631432916498
2,2.0,1.0,1.0,1,26,0.001,52,0.03941565042557582,0.019355454049416132,0.06702207708930816,0.3076923076923077,-0.2959488130631411,0.0045844977100997775,0.014770956339316355
2,2.0,1.0,1.0,1,27,0.001,54,0.04073209966804214,0.019591795539451284,0.06452604272617328,0.2962962962962963,-0.2959488130631411,0.0042503553629781865,0.015341440176473098
2,2.0,1.0,1.0,1,28,0.001,56,0.04205736119713388,0.019861644757617036,0.06220969060689584,0.2857142857142857,-0.2959488130631411,0.00395148208845858,0.015910162669158456
2,2.0,1.0,1.0,1,29,0.001,58,0.04338980843712559,0.02016027291852901,0.060054250421711745,0.27586206896551724,-0.2959488130631411,0.0036830801889420894,0.01647719272958692
2,2.0,1.0,1.0,1,30,0.001,60,0.04472809063751071,0.020483731640874636,0.0580434834846855,0.26666666666666666,-0.2959488130631411,0.0034411413589923168,0.01704259028188232
2,2.0,1.0,1.0,1,31,0.001,62,0.04607107876632188,0.020828703444321472,0.0561632690779836,0.25806451612903225,-0.2959488130631411,0.0032222957158480336,0.01760640772847344
2,2.0,1.0,1.0,1,32,0.001,64,0.04741782339612122,0.021192384626996186,0.05440126946837501,0.25,-0.2959488130631411,0.003023693489097423,0.018168691137898763
2,2.0,1.0,1.0,1,33,0.001,66,0.04876752163714926,0.02157239274775724,0.05274665665050571,0.24242424242424246,-0.2959488130631411,0.002842911533769532,0.01872948121398771
2,2.0,1.0,1.0,1,34,0.001,68,0.0501194909621393,0.021966692977386015,0.051189887923827934,0.23529411764705882,-0.2959488130631411,0.0026778788853926705,0.019288814091993345
2,2.0,1.0,1.0,1,35,0.001,70,0.05147314832817551,0.022373539044730772,0.049722520402530675,0.22857142857142854,-0.2959488130631411,0.002526817047978358,0.019846721996752414
2,2.0,1.0,1.0,1,36,0.001,72,0.05282799340483435,0.022791425563198853,0.04833705679005373,0.2222222222222222,-0.2959488130631411,0.002388191773187609,0.020403233790011244
2,2.0,1.0,1.0,1,37,0.001,74,0.05418359501069281,0.023219049298246086,0.04702681643071946,0.21621621621621626,-0.2959488130631411,0.0022606738701250184,0.020958375428121068
2,2.0,1.0,1.0,1,38,0.001,76,0.05553958007528592,0.023655277509463057,0.04578582692803776,0.21052631578947364,-0.2959488130631411,0.0021431071626755727,0.021512170346787485
2,2.0,1.0,1.0,1,39,0.001,78,0.05689562460290354,0.024099121928033318,0.04460873259750681,0.2051282051282051,-0.2959488130631411,0.002034482141915428,0.02206463978611789
2,2.0,1.0,1.0,1,40,0.001,80,0.05825144623398193,0.024549717251658054,0.043490716776982616,0.20000000000000004,-0.2959488130631411,0.0019339141851694719,0.022615803066488582
2,2.0,1.0,1.0,1,1,0.002,2,0.6052650474063059,0.3550828478915003,1.469799918941522,8.0,-0.2959488130631411,-0.3576948078004714,0.0026119599089711176
2,2.0,1.0,1.0,1,2,0.002,4,0.5502723379239681,0.8090806213030972,1.1511560872227782,4.0,-0.2959488130631411,0.8132062834307121,-0.004125662127614782
2,2.0,1.0,1.0,1,3,0.002,6,0.2221011837710436,0.4007765897500857,0.7023427429772855,2.6666666666666665,-0.2959488130631411,0.4020433757785961,-0.001266786028510436
2,2.0,1.0,1.0,1,4,0.002,8,0.10915545587346942,0.21545304023255846,0.4880880337976581,2.0,-0.2959488130631411,0.21415343877297296,0.0012996014595854921
2,2.0,1.0,1.0,1,5,0.002,10,0.06946607362706936,0.13573092110086732,0.3751387342717388,1.6000000000000003,-0.2959488130631411,0.1324910314986916,0.0032398896021757218
2,2.0,1.0,1.0,1,6,0.002,12,0.05262880684237814,0.0950611785520859,0.30558629279403954,1.3333333333333333,-0.2959488130631411,0.09017660898143609,0.0048845695706498105
2,2.0,1.0,1.0,1,7,0.002,14,0.04484687004939936,0.0717936904364212,0.25828813833992026,1.1428571428571428,-0.2959488130631411,0.06542218903874378,0.00637150139767742
2,2.0,1.0,1.0,1,8,0.002,16,0.04132293291713596,0.05743564073752844,0.22393258178575295,1.0,-0.2959488130631411,0.049671896132574944,0.007763744604953493
2,2.0,1.0,1.0,1,9,0.002,18,0.04005506622957966,0.0481135790246951,0.1977903724020773,0.8888888888888888,-0.2959488130631411,0.03901970709873209,0.009093871925963004
2,2.0,1.0,1.0,1,10,0.002,20,0.040090424162697924,0.041854227530215116,0.1772000450972843,0.8000000000000002,-0.2959488130631411,0.03147383786313279,0.010380389667082324
2,2.0,1.0,1.0,1,11,0.002,22,0.04092892765293543,0.037565061976215286,0.16054550427667144,0.7272727272727273,-0.2959488130631411,0.025930455976899414,0.011634605999315872
2,2.0,1.0,1.0,1,12,0.002,24,0.04228765700401926,0.0346007817604132,0.14678658061738914,0.6666666666666666,-0.2959488130631411,0.021736948364797393,0.012863833395615809
2,2.0,1.0,1.0,1,13,0.002,26,0.04399675977192152,0.03256002868564162,0.135222324062234,0.6153846153846154,-0.2959488130631411,0.018487009845903235,0.014073018839738383
2,2.0,1.0,1.0,1,14,0.002,28,0.04594924220351071,0.031182399683545248,0.12536251494862632,0.5714285714285714,-0.2959488130631411,0.015916765246734577,0.015265634436810671
2,2.0,1.0,1.0,1,15,0.002,30,0.048074977314544465,0.03029289257296952,0.11685365135234317,0.5333333333333333,-0.2959488130631411,0.013848699780943441,0.01644419279202608
2,2.0,1.0,1.0,1,16,0.002,32,0.05032644449151902,0.029770342459004617,0.109434185752953,0.5,-0.2959488130631411,0.012159782669856622,0.017610559789147995
2,2.0,1.0,1.0,1,17,0.002,34,0.05267051602616235,0.02952868852828494,0.10290632641555666,0.47058823529411764,-0.2959488130631411,0.010762536378982834,0.018766152149302107
2,2.0,1.0,1.0,1,18,0.002,36,0.05508352731948907,0.029505433873247833,0.09711764969516717,0.4444444444444444,-0.2959488130631411,0.009593367346984294,0.01991206652626354
2,2.0,1.0,1.0,1,19,0.002,38,0.05754821124742682,0.029654304018368605,0.0919487491548651,0.4210526315789473,-0.2959488130631411,0.008605137651718275,0.02104916636665033
2,2.0,1.0,1.0,1,20,0.002,40,0.06005173217861559,0.02994044353502845,0.08730472342021936,0.4000000000000001,-0.2959488130631411,0.007762301677682604,0.022178141857345846
2,2.0,1.0,1.0,1,21,0.002,42,0.06258439070411581,0.030337194597122086,0.08310917595457021,0.3809523809523809,-0.2959488130631411,0.007037642365141983,0.023299552231980103
2,2.0,1.0,1.0,1,22,0.002,44,0.06513874965200728,0.03082388853238094,0.07929990042624077,0.36363636363636365,-0.2959488130631411,0.006410032309688785,0.024413856222692154
2,2.0,1.0,1.0,1,23,0.002,46,0.06770903169915465,0.03138430182562463,0.07582572266570506,0.34782608695652173,-0.2959488130631411,0.005862867457876397,0.02552143436774823
2,2.0,1.0,1.0,1,24,0.002,48,0.07029069619580397,0.03200555743834971,0.07264415217002507,0.3333333333333333,-0.2959488130631411,0.005382951825548654,0.026622605612801054
2,2.0,1.0,1.0,1,25,0.002,50,0.0728801367383306,0.0326773304254403,0.06971961045058317,0.32,-0.2959488130631411,0.004959690582992893,0.027717639842447406
2,2.0,1.0,1.0,1,26,0.002,52,0.0754744616467532,0.03339126517258534,0.06702207708930816,0.3076923076923077,-0.2959488130631411,0.0045844977100997775,0.02880676746248556
2,2.0,1.0,1.0,1,27,0.002,54,0.07807133234696395,0.034140542176568756,0.06452604272617328,0.2962962962962963,-0.2959488130631411,0.0042503553629781865,0.02989018681359057
2,2.0,1.0,1.0,1,28,0.002,56,0.08066884283246822,0.03491955205757458,0.06220969060689584,0.2857142857142857,-0.2959488130631411,0.00395148208845858,0.030968069969115997
2,2.0,1.0,1.0,1,29,0.002,58,0.0832654286889577,0.03572364750316376,0.060054250421711745,0.27586206896551724,-0.2959488130631411,0.0036830801889420894,0.03204056731422167
2,2.0,1.0,1.0,1,30,0.002,60,0.08585979767491692,0.03654895255451768,0.0580434834846855,0.26666666666666666,-0.2959488130631411,0.0034411413589923168,0.03310781119552536
2,2.0,1.0,1.0,1,31,0.002,62,0.08845087621171777,0.03739221457036784,0.0561632690779836,0.25806451612903225,-0.2959488130631411,0.0032222957158480336,0.03416991885451981
2,2.0,1.0,1.0,1,32,0.002,64,0.09103776774818084,0.03825068829289302,0.05440126946837501,0.25,-0.2959488130631411,0.003023693489097423,0.0352269948037956
2,2.0,1.0,1.0,1,33,0.002,66,0.09361972008055952,0.03912204429970645,0.05274665665050571,0.24242424242424246,-0.2959488130631411,0.002842911533769532,0.03627913276593692
2,2.0,1.0,1.0,1,34,0.002,68,0.09619609949237029,0.040004296151717245,0.051189887923827934,0.23529411764705882,-0.2959488130631411,0.0026778788853926705,0.037326417266324574
2,2.0,1.0,1.0,1,35,0.002,70,0.09876637013460676,0.0408957419979063,0.049722520402530675,0.22857142857142854,-0.2959488130631411,0.002526817047978358,0.03836892494992794
2,2.0,1.0,1.0,1,36,0.002,72,0.10133007746709433,0.04179491744958885,0.04833705679005373,0.2222222222222222,-0.2959488130631411,0.002388191773187609,0.039406725676401244
2,2.0,1.0,1.0,1,37,0.002,74,0.10388683487209538,0.04270055730603428,0.04702681643071946,0.21621621621621626,-0.2959488130631411,0.0022606738701250184,0.04043988343590926
2,2.0,1.0,1.0,1,38,0.002,76,0.10643631276417564,0.04361156428170315,0.04578582692803776,0.21052631578947364,-0.2959488130631411,0.0021431071626755727,0.04146845711902758
2,2.0,1.0,1.0,1,39,0.002,78,0.10897822967823367,0.0445269833091248,0.04460873259750681,0.2051282051282051,-0.2959488130631411,0.002034482141915428,0.04249250116720937
2,2.0,1.0,1.0,1,40,0.002,80,0.11151234493573914,0.04544598031005981,0.043490716776982616,0.20000000000000004,-0.2959488130631411,0.0019339141851694719,0.043512066124890336
2,2.0,1.0,1.0,1,1,0.005,2,0.6061338895811945,0.35117471268235684,1.469799918941522,8.0,-0.2959488130631411,-0.3576948078004714,0.006520095118114577
2,2.0,1.0,1.0,1,2,0.005,4,0.5526630660584361,0.8029384643384665,1.1511560872227782,4.0,-0.2959488130631411,0.8132062834307121,-0.010267819092245611
2,2.0,1.0,1.0,1,3,0.005,6,0.23155113877924016,0.3989000601143927,0.7023427429772855,2.6666666666666665,-0.2959488130631411,0.4020433757785961,-0.0031433156642033944
2,2.0,1.0,1.0,1,4,0.005,8,0.12440537751549108,0.21736856598592763,0.4880880337976581,2.0,-0.2959488130631411,0.21415343877297296,0.003215127212954666
2,2.0,1.0,1.0,1,5,0.005,10,0.08964848984581697,0.14048246111373186,0.3751387342717388,1.6000000000000003,-0.2959488130631411,0.1324910314986916,0.007991429615040263
2,2.0,1.0,1.0,1,6,0.005,12,0.07737272000594142,0.10218901267076852,0.30558629279403954,1.3333333333333333,-0.2959488130631411,0.09017660898143609,0.01201240368933243
2,2.0,1.0,1.0,1,7,0.005,14,0.07394973033355812,0.08104495082044721,0.25828813833992026,1.1428571428571428,-0.2959488130631411,0.06542218903874378,0.015622761781703437
2,2.0,1.0,1.0,1,8,0.005,16,0.07464983473675313,0.06865218131150425,0.22393258178575295,1.0,-0.2959488130631411,0.049671896132574944,0.0189802851789293
2,2.0,1.0,1.0,1,9,0.005,18,0.07750296388249556,0.06118629500249412,0.1977903724020773,0.8888888888888888,-0.2959488130631411,0.03901970709873209,0.022166587903762025
2,2.0,1.0,1.0,1,10,0.005,20,0.08157324730916293,0.05670197872684407,0.1772000450972843,0.8000000000000002,-0.2959488130631411,0.03147383786313279,0.02522814086371128
2,2.0,1.0,1.0,1,11,0.005,22,0.08637057206299192,0.054123885197368604,0.16054550427667144,0.7272727272727273,-0.2959488130631411,0.025930455976899414,0.02819342922046919
2,2.0,1.0,1.0,1,12,0.005,24,0.09161835139441987,0.05281790060724528,0.14678658061738914,0.6666666666666666,-0.2959488130631411,0.021736948364797393,0.03108095224244789
2,2.0,1.0,1.0,1,13,0.005,26,0.09715103462789809,0.052390305717034014,0.135222324062234,0.6153846153846154,-0.2959488130631411,0.018487009845903235,0.03390329587113078
2,2.0,1.0,1.0,1,14,0.005,28,0.10286472279729297,0.05258612305961935,0.12536251494862632,0.5714285714285714,-0.2959488130631411,0.015916765246734577,0.03666935781288477
2,2.0,1.0,1.0,1,15,0.005,30,0.10869162951218658,0.05323433505779318,0.11685365135234317,0.5333333333333333,-0.2959488130631411,0.013848699780943441,0.03938563527684974
2,2.0,1.0,1.0,1,16,0.005,32,0.11458608314659124,0.054216789239961816,0.109434185752953,0.5,-0.2959488130631411,0.012159782669856622,0.04205700657010519
2,2.0,1.0,1.0,1,17,0.005,34,0.12051647272588939,0.05544976120417616,0.10290632641555666,0.47058823529411764,-0.2959488130631411,0.010762536378982834,0.04468722482519333
2,2.0,1.0,1.0,1,18,0.005,36,0.12646041863619728,0.05687260801021354,0.09711764969516717,0.4444444444444444,-0.2959488130631411,0.009593367346984294,0.04727924066322925
2,2.0,1.0,1.0,1,19,0.005,38,0.13240177251659713,0.05844055697084477,0.0919487491548651,0.4210526315789473,-0.2959488130631411,0.008605137651718275,0.049835419319126495
2,2.0,1.0,1.0,1,20,0.005,40,0.138328695247256,0.060119992189090254,0.08730472342021936,0.4000000000000001,-0.2959488130631411,0.007762301677682604,0.05235769051140765
2,2.0,1.0,1.0,1,21,0.005,42,0.14423239193998127,0.061885296588851724,0.08310917595457021,0.3809523809523809,-0.2959488130631411,0.007037642365141983,0.05484765422370974
2,2.0,1.0,1.0,1,22,0.005,44,0.15010625924988308,0.06371668916646117,0.07929990042624077,0.36363636363636365,-0.2959488130631411,0.006410032309688785,0.05730665685677239
2,2.0,1.0,1.0,1,23,0.005,46,0.15594529827789072,0.06559871448150612,0.07582572266570506,0.34782608695652173,-0.2959488130631411,0.005862867457876397,0.05973584702362972
2,2.0,1.0,1.0,1,24,0.005,48,0.161745702572468,0.06751916890599069,0.07264415217002507,0.3333333333333333,-0.2959488130631411,0.005382951825548654,0.062136217080442036
2,2.0,1.0,1.0,1,25,0.005,50,0.1675045640063162,0.06946832506645656,0.06971961045058317,0.32,-0.2959488130631411,0.004959690582992893,0.06450863448346367
2,2.0,1.0,1.0,1,26,0.005,52,0.1732196595152674,0.07143836348273841,0.06702207708930816,0.3076923076923077,-0.2959488130631411,0.0045844977100997775,0.06685386577263863
2,2.0,1.0,1.0,1,27,0.005,54,0.17888929426624733,0.07342295049617503,0.06452604272617328,0.2962962962962963,-0.2959488130631411,0.0042503553629781865,0.06917259513319685
2,2.0,1.0,1.0,1,28,0.005,56,0.1845121848230291,0.0754169210054832,0.06220969060689584,0.2857142857142857,-0.2959488130631411,0.00395148208845858,0.07146543891702462
2,2.0,1.0,1.0,1,29,0.005,58,0.19008737107114793,0.07741603730557606,0.060054250421711745,0.27586206896551724,-0.2959488130631411,0.0036830801889420894,0.07373295711663397
2,2.0,1.0,1.0,1,30,0.005,60,0.1956141490943919,0.07941680387379485,0.0580434834846855,0.26666666666666666,-0.2959488130631411,0.0034411413589923168,0.07597566251480253
2,2.0,1.0,1.0,1,31,0.005,62,0.20109201950096856,0.08141632375885927,0.0561632690779836,0.25806451612903225,-0.2959488130631411,0.0032222957158480336,0.07819402804301123
2,2.0,1.0,1.0,1,32,0.005,64,0.20652064727068586,0.08341218623538116,0.05440126946837501,0.25,-0.2959488130631411,0.003023693489097423,0.08038849274628374
2,2.0,1.0,1.0,1,33,0.005,66,0.21189983028316628,0.08540237818793173,0.05274665665050571,0.24242424242424246,-0.2959488130631411,0.002842911533769532,0.0825594666541622
2,2.0,1.0,1.0,1,34,0.005,68,0.21722947445099194,0.08738521367131591,0.051189887923827934,0.23529411764705882,-0.2959488130631411,0.0026778788853926705,0.08470733478592324
2,2.0,1.0,1.0,1,35,0.005,70,0.22250957392345871,0.08935927751329614,0.049722520402530675,0.22857142857142854,-0.2959488130631411,0.002526817047978358,0.08683246046531778
2,2.0,1.0,1.0,1,36,0.005,72,0.22774019521630007,0.0913233798538226,0.04833705679005373,0.2222222222222222,-0.2959488130631411,0.002388191773187609,0.088935188080635
2,2.0,1.0,1.0,1,37,0.005,74,0.23292146440517514,0.09327651926627162,0.04702681643071946,0.21621621621621626,-0.2959488130631411,0.0022606738701250184,0.0910158453961466
2,2.0,1.0,1.0,1,38,0.005,76,0.2380535567278278,0.09521785266107458,0.04578582692803776,0.21052631578947364,-0.2959488130631411,0.0021431071626755727,0.093074745498399
2,2.0,1.0,1.0,1,39,0.005,78,0.2431366880931477,0.09714667058546284,0.04460873259750681,0.2051282051282051,-0.2959488130631411,0.002034482141915428,0.09511218844354741
2,2.0,1.0,1.0,1,40,0.005,80,0.24817110811013077,0.09906237684363456,0.043490716776982616,0.20000000000000004,-0.2959488130631411,0.0019339141851694719,0.09712846265846509
2,2.0,1.0,1.0,1,1,0.01,2,0.6075761472473208,0.3446872997452854,1.469799918941522,8.0,-0.2959488130631411,-0.3576948078004714,0.013007508055186023
2,2.0,1.0,1.0,1,2,0.01,4,0.556599838852109,0.7928242752409231,1.1511560872227782,4.0,-0.2959488130631411,0.8132062834307121,-0.02038200818978897
2,2.0,1.0,1.0,1,3,0.01,6,0.24698769636136364,0.3958347378191214,0.7023427429772855,2.6666666666666665,-0.2959488130631411,0.4020433757785961,-0.006208637959474739
2,2.0,1.0,1.0,1,4,0.01,8,0.14911699931562028,0.22047256540814264,0.4880880337976581,2.0,-0.2959488130631411,0.21415343877297296,0.006319126635169675
2,2.0,1.0,1.0,1,5,0.01,10,0.12209156977859603,0.1481205253955486,0.3751387342717388,1.6000000000000003,-0.2959488130631411,0.1324910314986916,0.015629493896857
2,2.0,1.0,1.0,1,6,0.01,12,0.11683070873779622,0.11355544434543391,0.30558629279403954,1.3333333333333333,-0.2959488130631411,0.09017660898143609,0.02337883536399782
2,2.0,1.0,1.0,1,7,0.01,14,0.11998834433459216,0.09567977371017744,0.25828813833992026,1.1428571428571428,-0.2959488130631411,0.06542218903874378,0.030257584671433663
2,2.0,1.0,1.0,1,8,0.01,16,0.1269500979147261,0.08625441830132363,0.22393258178575295,1.0,-0.2959488130631411,0.049671896132574944,0.03658252216874869
2,2.0,1.0,1.0,1,9,0.01,18,0.1358019631888201,0.08153793841877421,0.1977903724020773,0.8888888888888888,-0.2959488130631411,0.03901970709873209,0.04251823132004212
2,2.0,1.0,1.0,1,10,0.01,20,0.14563946005195982,0.07963289602619877,0.1772000450972843,0.8000000000000002,-0.2959488130631411,0.03147383786313279,0.04815905816306598
2,2.0,1.0,1.0,1,11,0.01,22,0.15599220951537662,0.07949383828573298,0.16054550427667144,0.7272727272727273,-0.2959488130631411,0.025930455976899414,0.05356338230883356
2,2.0,1.0,1.0,1,12,0.01,24,0.16659728011953656,0.08050654501966609,0.14678658061738914,0.6666666666666666,-0.2959488130631411,0.021736948364797393,0.058769596654868694
2,2.0,1.0,1.0,1,13,0.01,26,0.17729934432252714,0.08229125327296855,0.135222324062234,0.6153846153846154,-0.2959488130631411,0.018487009845903235,0.06380424342706531
2,2.0,1.0,1.0,1,14,0.01,28,0.18800265618057332,0.08460322554096922,0.12536251494862632,0.5714285714285714,-0.2959488130631411,0.015916765246734577,0.06868646029423464
2,2.0,1.0,1.0,1,15,0.01,30,0.1986462610950691,0.08727925393542352,0.11685365135234317,0.5333333333333333,-0.2959488130631411,0.013848699780943441,0.07343055415448008
2,2.0,1.0,1.0,1,16,0.01,32,0.20919043293845774,0.09020734646746409,0.109434185752953,0.5,-0.2959488130631411,0.012159782669856622,0.07804756379760747
2,2.0,1.0,1.0,1,17,0.01,34,0.21960888449705418,0.0933087837914437,0.10290632641555666,0.47058823529411764,-0.2959488130631411,0.010762536378982834,0.08254624741246086
2,2.0,1.0,1.0,1,18,0.01,36,0.22988410561147288,0.09652709560593226,0.09711764969516717,0.4444444444444444,-0.2959488130631411,0.009593367346984294,0.08693372825894796
2,2.0,1.0,1.0,1,19,0.01,38,0.24000447276083303,0.0998210670639012,0.0919487491548651,0.4210526315789473,-0.2959488130631411,0.008605137651718275,0.09121592941218293
2,2.0,1.0,1.0,1,20,0.01,40,0.2499624011497137,0.10316017574555003,0.08730472342021936,0.4000000000000001,-0.2959488130631411,0.007762301677682604,0.09539787406786743
2,2.0,1.0,1.0,1,21,0.01,42,0.25975313115008236,0.1065215400681278,0.08310917595457021,0.3809523809523809,-0.2959488130631411,0.007037642365141983,0.09948389770298582
2,2.0,1.0,1.0,1,22,0.01,44,0.2693739122461155,0.10988783329750934,0.07929990042624077,0.36363636363636365,-0.2959488130631411,0.006410032309688785,0.10347780098782056
2,2.0,1.0,1.0,1,23,0.01,46,0.27882344263065173,0.11324582944101008,0.07582572266570506,0.34782608695652173,-0.2959488130631411,0.005862867457876397,0.10738296198313368
2,2.0,1.0,1.0,1,24,0.01,48,0.28810147708434386,0.11658537162677002,0.07264415217002507,0.3333333333333333,-0.2959488130631411,0.005382951825548654,0.11120241980122136
2,2.0,1.0,1.0,1,25,0.01,50,0.2972085479599651,0.11989862849162397,0.06971961045058317,0.32,-0.2959488130631411,0.004959690582992893,0.11493893790863108
2,2.0,1.0,1.0,1,26,0.01,52,0.306145763629738,0.12317955038004175,0.06702207708930816,0.3076923076923077,-0.2959488130631411,0.0045844977100997775,0.11859505266994197
2,2.0,1.0,1.0,1,27,0.01,54,0.3149146608983828,0.12642346639775442,0.06452604272617328,0.2962962962962963,-0.2959488130631411,0.0042503553629781865,0.12217311103477624
2,2.0,1.0,1.0,1,28,0.01,56,0.32351709560091924,0.12962678221984048,0.06220969060689584,0.2857142857142857,-0.2959488130631411,0.00395148208845858,0.1256753001313819
2,2.0,1.0,1.0,1,29,0.01,58,0.3319551606058724,0.13278675094160014,0.060054250421711745,0.27586206896551724,-0.2959488130631411,0.0036830801889420894,0.12910367075265805
2,2.0,1.0,1.0,1,30,0.01,60,0.34023112374550046,0.1359012975399601,0.0580434834846855,0.26666666666666666,-0.2959488130631411,0.0034411413589923168,0.1324601561809678
2,2.0,1.0,1.0,1,31,0.01,62,0.34834738041032465,0.13896888313422862,0.0561632690779836,0.25806451612903225,-0.2959488130631411,0.0032222957158480336,0.13574658741838058
2,2.0,1.0,1.0,1,32,0.01,64,0.35630641705525634,0.14198839910701871,0.05440126946837501,0.25,-0.2959488130631411,0.003023693489097423,0.1389647056179213
2,2.0,1.0,1.0,1,33,0.01,66,0.36411078290843113,0.14495908384939526,0.05274665665050571,0.24242424242424246,-0.2959488130631411,0.002842911533769532,0.14211617231562573
2,2.0,1.0,1.0,1,34,0.01,68,0.37176306790517766,0.14788045680539402,0.051189887923827934,0.23529411764705882,-0.2959488130631411,0.0026778788853926705,0.14520257792000135
2,2.0,1.0,1.0,1,35,0.01,70,0.37926588538789274,0.1507522658577804,0.049722520402530675,0.22857142857142854,-0.2959488130631411,0.002526817047978358,0.14822544880980204
2,2.0,1.0,1.0,1,36,0.01,72,0.3866218584846941,0.15357444508519197,0.04833705679005373,0.2222222222222222,-0.2959488130631411,0.002388191773187609,0.15118625331200436
2,2.0,1.0,1.0,1,37,0.01,74,0.39383360934926215,0.15634708064255526,0.04702681643071946,0.21621621621621626,-0.2959488130631411,0.0022606738701250184,0.15408640677243024
2,2.0,1.0,1.0,1,38,0.01,76,0.40090375064166694,0.15907038304892412,0.04578582692803776,0.21052631578947364,-0.2959488130631411,0.0021431071626755727,0.15692727588624855
2,2.0,1.0,1.0,1,39,0.01,78,0.40783487877591784,0.16174466456287867,0.04460873259750681,0.2051282051282051,-0.2959488130631411,0.002034482141915428,0.15971018242096324
2,2.0,1.0,1.0,1,40,0.01,80,0.41462956856893307,0.16437032062282958,0.043490716776982616,0.20000000000000004,-0.2959488130631411,0.0019339141851694719,0.1624364064376601
2,2.0,1.0,1.0,1,1,0.02,2,0.6104388652344932,0.33181052041427234,1.469799918941522,8.0,-0.2959488130631411,-0.3576948078004714,0.02588428738619908
2,2.0,1.0,1.0,1,2,0.02,4,0.5642963858639349,0.7730506342523321,1.1511560872227782,4.0,-0.2959488130631411,0.8132062834307121,-0.04015564917837994
2,2.0,1.0,1.0,1,3,0.02,6,0.27671374224657486,0.3899318730957247,0.7023427429772855,2.6666666666666665,-0.2959488130631411,0.4020433757785961,-0.012111502682871422
2,2.0,1.0,1.0,1,4,0.02,8,0.19599081309571376,0.22636033319882926,0.4880880337976581,2.0,-0.2959488130631411,0.21415343877297296,0.01220689442585629
2,2.0,1.0,1.0,1,5,0.02,10,0.18271000418229066,0.1623919046726649,0.3751387342717388,1.6000000000000003,-0.2959488130631411,0.1324910314986916,0.029900873173973302
2,2.0,1.0,1.0,1,6,0.02,12,0.1894550858626518,0.13447592324045704,0.30558629279403954,1.3333333333333333,-0.2959488130631411,0.09017660898143609,0.04429931425902095
2,2.0,1.0,1.0,1,7,0.02,14,0.20346129978555916,0.12221428057173983,0.25828813833992026,1.1428571428571428,-0.2959488130631411,0.06542218903874378,0.05679209153299605
2,2.0,1.0,1.0,1,8,0.02,16,0.22036469188035668,0.11769414195425015,0.22393258178575295,1.0,-0.2959488130631411,0.049671896132574944,0.06802224582167521
2,2.0,1.0,1.0,1,9,0.02,18,0.23838380473367915,0.1173483139817702,0.1977903724020773,0.8888888888888888,-0.2959488130631411,0.03901970709873209,0.07832860688303811
2,2.0,1.0,1.0,1,10,0.02,20,0.2566970388234897,0.11938321128988427,0.1772000450972843,0.8000000000000002,-0.2959488130631411,0.03147383786313279,0.08790937342675148
2,2.0,1.0,1.0,1,11,0.02,22,0.27489289522102034,0.12282095509750796,0.16054550427667144,0.7272727272727273,-0.2959488130631411,0.025930455976899414,0.09689049912060854
2,2.0,1.0,1.0,1,12,0.02,24,0.2927543360195739,0.1270945387444133,0.14678658061738914,0.6666666666666666,-0.2959488130631411,0.021736948364797393,0.1053575903796159
2,2.0,1.0,1.0,1,13,0.02,26,0.3101641864625454,0.1318591692027346,0.135222324062234,0.6153846153846154,-0.2959488130631411,0.018487009845903235,0.11337215935683137
2,2.0,1.0,1.0,1,14,0.02,28,0.32705983184907716,0.13689728140091434,0.12536251494862632,0.5714285714285714,-0.2959488130631411,0.015916765246734577,0.12098051615417976
2,2.0,1.0,1.0,1,15,0.02,30,0.3434099402601659,0.1420676247716932,0.11685365135234317,0.5333333333333333,-0.2959488130631411,0.013848699780943441,0.12821892499074977
2,2.0,1.0,1.0,1,16,0.02,32,0.35920179449967116,0.14727652462811275,0.109434185752953,0.5,-0.2959488130631411,0.012159782669856622,0.13511674195825613
2,2.0,1.0,1.0,1,17,0.02,34,0.3744340612211332,0.15246094042893343,0.10290632641555666,0.47058823529411764,-0.2959488130631411,0.010762536378982834,0.1416984040499506
2,2.0,1.0,1.0,1,18,0.02,36,0.38911249550822824,0.15757810235989472,0.09711764969516717,0.4444444444444444,-0.2959488130631411,0.009593367346984294,0.14798473501291043
2,2.0,1.0,1.0,1,19,0.02,38,0.4032473020203333,0.16259896695358028,0.0919487491548651,0.4210526315789473,-0.2959488130631411,0.008605137651718275,0.153993829301862
2,2.0,1.0,1.0,1,20,0.02,40,0.4168514672805541,0.1675039685254266,0.08730472342021936,0.4000000000000001,-0.2959488130631411,0.007762301677682604,0.159741666847744
2,2.0,1.0,1.0,1,21,0.02,42,0.42993968041805963,0.172280193466348,0.08310917595457021,0.3809523809523809,-0.2959488130631411,0.007037642365141983,0.165242551101206
2,2.0,1.0,1.0,1,22,0.02,44,0.44252762093059694,0.17691946039550605,0.07929990042624077,0.36363636363636365,-0.2959488130631411,0.006410032309688785,0.17050942808581726
2,2.0,1.0,1.0,1,23,0.02,46,0.4546314812438873,0.1814169909663788,0.07582572266570506,0.34782608695652173,-0.2959488130631411,0.005862867457876397,0.1755541235085024
2,2.0,1.0,1.0,1,24,0.02,48,0.46626764287934686,0.18577047410944242,0.07264415217002507,0.3333333333333333,-0.2959488130631411,0.005382951825548654,0.18038752228389376
2,2.0,1.0,1.0,1,25,0.02,50,0.47745245512039525,0.18997939742071468,0.06971961045058317,0.32,-0.2959488130631411,0.004959690582992893,0.1850197068377218
2,2.0,1.0,1.0,1,26,0.02,52,0.4882020832748889,0.19404456311285462,0.06702207708930816,0.3076923076923077,-0.2959488130631411,0.0045844977100997775,0.18946006540275484
2,2.0,1.0,1.0,1,27,0.02,54,0.49853240492115447,0.19796773349177005,0.06452604272617328,0.2962962962962963,-0.2959488130631411,0.0042503553629781865,0.19371737812879186
2,2.0,1.0,1.0,1,28,0.02,56,0.5084589396796151,0.20175136864005078,0.06220969060689584,0.2857142857142857,-0.2959488130631411,0.00395148208845858,0.1977998865515922
2,2.0,1.0,1.0,1,29,0.02,58,0.517996802676912,0.2053984305996533,0.060054250421711745,0.27586206896551724,-0.2959488130631411,0.0036830801889420894,0.2017153504107112
2,2.0,1.0,1.0,1,30,0.02,60,0.5271606749135136,0.2089122360860164,0.0580434834846855,0.26666666666666666,-0.2959488130631411,0.0034411413589923168,0.20547109472702407
2,2.0,1.0,1.0,1,31,0.02,62,0.5359647857830837,0.21229634500650052,0.0561632690779836,0.25806451612903225,-0.2959488130631411,0.0032222957158480336,0.20907404929065249
2,2.0,1.0,1.0,1,32,0.02,64,0.5444229043763131,0.215554475656421,0.05440126946837501,0.25,-0.2959488130631411,0.003023693489097423,0.21253078216732357
2,2.0,1.0,1.0,1,33,0.02,66,0.5525483371558814,0.21869043997270382,0.05274665665050571,0.24242424242424246,-0.2959488130631411,0.002842911533769532,0.2158475284389343
2,2.0,1.0,1.0,1,34,0.02,68,0.5603539302553995,0.22170809399241537,0.051189887923827934,0.23529411764705882,-0.2959488130631411,0.0026778788853926705,0.2190302151070227
2,2.0,1.0,1.0,1,35,0.02,70,0.5678520751257248,0.22461129992373802,0.049722520402530675,0.22857142857142854,-0.2959488130631411,0.002526817047978358,0.22208448287575966
2,2.0,1.0,1.0,1,36,0.02,72,0.5750547165884847,0.22740389714560294,0.04833705679005373,0.2222222222222222,-0.2959488130631411,0.002388191773187609,0.22501570537241533
2,2.0,1.0,1.0,1,37,0.02,74,0.5819733625993857,0.2300896801138635,0.04702681643071946,0.21621621621621626,-0.2959488130631411,0.0022606738701250184,0.22782900624373847
2,2.0,1.0,1.0,1,38,0.02,76,0.5886190952008497,0.2326723816383292,0.04578582692803776,0.21052631578947364,-0.2959488130631411,0.0021431071626755727,0.23052927447565363
2,2.0,1.0,1.0,1,39,0.02,78,0.5950025822736611,0.235155660355796,0.04460873259750681,0.2051282051282051,-0.2959488130631411,0.002034482141915428,0.23312117821388056
2,2.0,1.0,1.0,1,40,0.02,80,0.6011340897939206,0.23754309149404423,0.043490716776982616,0.20000000000000004,-0.2959488130631411,0.0019339141851694719,0.23560917730887476
2,2.0,1.0,1.0,2,1,0.0,2,0.9798058191661821,1.0095738046109874,1.86187861626067,10.666666666666666,-0.2959488130631411,1.0095738046109872,1.1102230246251565e-16
2,2.0,1.0,1.0,2,2,0.0,4,0.36106776470288326,0.3259394984052586,0.927161577989269,2.6666666666666665,-0.2959488130631411,0.32593949840525854,5.551115123125783e-17
2,2.0,1.0,1.0,2,3,0.0,6,0.06546089814807643,0.030817274783916215,0.3723145878239691,1.1851851851851847,-0.2959488130631411,0.03081727478391605,1.6653345369377348e-16
2,2.0,1.0,1.0,2,4,0.0,8,0.018418045987416143,0.0049739356109737565,0.19591093370690885,0.6666666666666666,-0.2959488130631411,0.0049739356109742006,-4.440892098500626e-16
2,2.0,1.0,1.0,2,5,0.0,10,0.007080208349427464,0.0005728149800947602,0.12122376870437948,0.42666666666666675,-0.2959488130631411,0.0005728149800947047,5.551115123125783e-17
2,2.0,1.0,1.0,2,6,0.0,12,0.0032929521544475815,0.00042287580560002036,0.08261223519058486,0.29629629629629617,-0.2959488130631411,-0.0004228758055998538,-1.6653345369377348e-16
2,2.0,1.0,1.0,2,7,0.0,14,0.0017381740222475184,0.0006370996598665246,0.060000972441956894,0.2176870748299319,-0.2959488130631411,-0.0006370996598665246,0.0
2,2.0,1.0,1.0,2,8,0.0,16,0.0010040346793998012,0.0006392160546230263,0.045594607805346556,0.16666666666666666,-0.2959488130631411,-0.0006392160546229153,-1.1102230246251565e-16
2,2.0,1.0,1.0,2,9,0.0,18,0.0006204888129524022,0.0005833768971432174,0.03583969858857737,0.13168724279835387,-0.2959488130631411,-0.0005833768971434949,2.7755575615628914e-16
2,2.0,1.0,1.0,2,10,0.0,20,0.0004041455970049679,0.0005164498598735912,0.02892279677885189,0.10666666666666669,-0.2959488130631411,-0.0005164498598734801,-1.1102230246251565e-16
2,2.0,1.0,1.0,2,11,0.0,22,0.0002745468819314034,0.0004530350710478248,0.023837592942125802,0.0881542699724518,-0.2959488130631411,-0.0004530350710476583,-1.6653345369377348e-16
2,2.0,1.0,1.0,2,12,0.0,24,0.00019305009593928446,0.00039713082143338907,0.019988361312726202,0.07407407407407404,-0.2959488130631411,-0.00039713082143322254,-1.6653345369377348e-16
2,2.0,1.0,1.0,2,13,0.0,26,0.00013970894540782375,0.00034914448705286594,0.01700378673043368,0.0631163708086785,-0.2959488130631411,-0.00034914448705297696,1.1102230246251565e-16
2,2.0,1.0,1.0,2,14,0.0,28,0.0001036036641967053,0.000308329837162058,0.014642480656845295,0.05442176870748298,-0.2959488130631411,-0.0003083298371622245,1.6653345369377348e-16
2,2.0,1.0,1.0,2,15,0.0,30,7.845586730637066e-05,0.0002736620981977911,0.012741920279782906,0.047407407407407405,-0.2959488130631411,-0.00027366209819768006,-1.1102230246251565e-16
2,2.0,1.0,1.0,2,16,0.0,32,6.050286083880696e-05,0.00024414606521078186,0.011189386197347719,0.041666666666666664,-0.2959488130631411,-0.00024414606521067084,-1.1102230246251565e-16
2,2.0,1.0,1.0,2,17,0.0,34,4.74079166208341e-05,0.00021891172040994222,0.009904684859292644,0.03690888119953864,-0.2959488130631411,-0.00021891172041021978,2.7755575615628914e-16
2,2.0,1.0,1.0,2,18,0.0,36,3.767433874579673e-05,0.00019723042073999109,0.008829488516872534,0.032921810699588466,-0.2959488130631411,-0.00019723042073993557,-5.551115123125783e-17
2,2.0,1.0,1.0,2,19,0.0,38,3.0317170291782602e-05,0.00017850320181345136,0.007920543826146322,0.02954755309325946,-0.2959488130631411,-0.00017850320181345136,0.0
2,2.0,1.0,1.0,2,20,0.0,40,2.467252434734668e-05,0.0001622412974954246,0.007145222363112229,0.026666666666666672,-0.2959488130631411,-0.00016224129749559113,1.6653345369377348e-16
2,2.0,1.0,1.0,2,21,0.0,42,2.0283285018130037e-05,0.0001480464682604432,0.006478532749439517,0.024187452758881324,-0.2959488130631411,-0.00014804646826077628,3.3306690738754696e-16
2,2.0,1.0,1.0,2,22,0.0,44,1.6828637231958155e-05,0.0001355936991132567,0.005901069885197567,0.02203856749311295,-0.2959488130631411,-0.0001355936991128126,-4.440892098500626e-16
2,2.0,1.0,1.0,2,23,0.0,46,1.4079513487974538e-05,0.00012461683223358166,0.0053975795736767975,0.0201638311279143,-0.2959488130631411,-0.0001246168322333041,-2.7755575615628914e-16
2,2.0,1.0,1.0,2,24,0.0,48,1.1869782168827392e-05,0.00011489695558347668,0.004955936036251345,0.01851851851851851,-0.2959488130631411,-0.0001148969555840873,6.106226635438361e-16
2,2.0,1.0,1.0,2,25,0.0,50,1.0077230865324083e-05,0.00010625313858853014,0.00456640186036809,0.017066666666666667,-0.2959488130631411,-0.0001062531385888632,3.3306690738754696e-16
2,2.0,1.0,1.0,2,26,0.0,52,8.610779085538312e-06,9.85350799173057e-05,0.0042210845576475696,0.015779092702169626,-0.2959488130631411,-9.853507991786081e-05,5.551115123125783e-16
2,2.0,1.0,1.0,2,27,0.0,54,7.401732589396026e-06,9.161727911127793e-05,0.003913532188925763,0.014631915866483764,-0.2959488130631411,-9.161727911088935e-05,-3.885780586188048e-16
2,2.0,1.0,1.0,2,28,0.0,56,6.397708062766405e-06,8.539440973642787e-05,0.003638428799900663,0.013605442176870744,-0.2959488130631411,-8.539440973598378e-05,-4.440892098500626e-16
2,2.0,1.0,1.0,2,29,0.0,58,5.55835195847898e-06,7.977763564676055e-05,0.0033913624582595234,0.012683313515655964,-0.2959488130631411,-7.977763564698259e-05,2.220446049250313e-16
2,2.0,1.0,1.0,2,30,0.0,60,4.852283260747825e-06,7.469166700990737e-05,0.0031686467562148904,0.011851851851851851,-0.2959488130631411,-7.46916670100739e-05,1.6653345369377348e-16
2,2.0,1.0,1.0,2,31,0.0,62,4.25488359190318e-06,7.00723972004158e-05,0.002967182137960845,0.01109954908081859,-0.2959488130631411,-7.00723972004158e-05,0.0
2,2.0,1.0,1.0,2,32,0.0,64,3.7466813131992183e-06,6.586499723321149e-05,0.0027843472070658536,0.010416666666666666,-0.2959488130631411,-6.586499723332251e-05,1.1102230246251565e-16
2,2.0,1.0,1.0,2,33,0.0,66,3.3121574375405416e-06,6.202237176827774e-05,0.0026179128257068723,0.009794918885827977,-0.2959488130631411,-6.202237176827774e-05,0.0
2,2.0,1.0,1.0,2,34,0.0,68,2.9388543741903916e-06,5.850390208977929e-05,0.002465973700743102,0.00922722029988466,-0.2959488130631411,-5.850390208911316e-05,-6.661338147750939e-16
2,2.0,1.0,1.0,2,35,0.0,70,2.6167047708636204e-06,5.52744177579334e-05,0.0023268935019214233,0.008707482993197277,-0.2959488130631411,-5.527441775726727e-05,-6.661338147750939e-16
2,2.0,1.0,1.0,2,36,0.0,72,2.3375211748444258e-06,5.230335152495158e-05,0.0021992605363465407,0.008230452674897117,-0.2959488130631411,-5.2303351525617714e-05,6.661338147750939e-16
2,2.0,1.0,1.0,2,37,0.0,74,2.094605401348204e-06,4.9564041502303535e-05,0.0020818517200636728,0.0077915753591429274,-0.2959488130631411,-4.956404150258109e-05,2.7755575615628914e-16
2,2.0,1.0,1.0,2,38,0.0,76,1.8824466672118234e-06,4.703315247983619e-05,0.001973603117521951,0.007386888273314865,-0.2959488130631411,-4.703315248022477e-05,3.885780586188048e-16
2,2.0,1.0,1.0,2,39,0.0,78,1.6964870374058805e-06,4.4690193901408826e-05,0.0018735857149208349,0.007012930089853165,-0.2959488130631411,-4.4690193900853714e-05,-5.551115123125783e-16
2,2.0,1.0,1.0,2,40,0.0,80,1.5329375617767482e-06,4.251711671937608e-05,0.0017809853908134006,0.006666666666666668,-0.2959488130631411,-4.251711671920955e-05,-1.6653345369377348e-16
2,2.0,1.0,1.0,2,1,0.001,2,0.979346437333669,1.0081472682528831,1.86187861626067,10.666666666666666,-0.2959488130631411,1.0095738046109872,-0.0014265363581041912
2,2.0,1.0,1.0,2,2,0.001,4,0.3626211616059998,0.32581971548806926,0.927161577989269,2.6666666666666665,-0.2959488130631411,0.32593949840525854,-0.00011978291718928169
2,2.0,1.0,1.0,2,3,0.001,6,0.06955787835317817,0.03240409233917263,0.3723145878239691,1.1851851851851847,-0.2959488130631411,0.03081727478391605,0.001586817555256581
2,2.0,1.0,1.0,2,4,0.001,8,0.024250258242224376,0.007293603608263977,0.19591093370690885,0.6666666666666666,-0.2959488130631411,0.0049739356109742006,0.002319667997289776
2,2.0,1.0,1.0,2,5,0.001,10,0.014476063869858113,0.0035133184241767923,0.12122376870437948,0.42666666666666675,-0.2959488130631411,0.0005728149800947047,0.0029405034440820876
2,2.0,1.0,1.0,2,6,0.001,12,0.012204317969958356,0.003114088984661978,0.08261223519058486,0.29629629629629617,-0.2959488130631411,-0.0004228758055998538,0.0035369647902618317
2,2.0,1.0,1.0,2,7,0.001,14,0.0121460193795625,0.0034882214611806073,0.060000972441956894,0.2176870748299319,-0.2959488130631411,-0.0006370996598665246,0.004125321121047132
2,2.0,1.0,1.0,2,8,0.001,16,0.01289850868652509,0.004070767398566433,0.045594607805346556,0.16666666666666666,-0.2959488130631411,-0.0006392160546229153,0.004709983453189348
2,2.0,1.0,1.0,2,9,0.001,18,0.01399527415609414,0.004709074162491833,0.03583969858857737,0.13168724279835387,-0.2959488130631411,-0.0005833768971434949,0.005292451059635328
2,2.0,1.0,1.0,2,10,0.001,20,0.015254490391803488,0.005356863537241685,0.02892279677885189,0.10666666666666669,-0.2959488130631411,-0.0005164498598734801,0.005873313397115165
2,2.0,1.0,1.0,2,11,0.001,22,0.0165964693835029,0.005999791059435766,0.023837592942125802,0.0881542699724518,-0.2959488130631411,-0.0004530350710476583,0.0064528261304834245
2,2.0,1.0,1.0,2,12,0.001,24,0.01798297984905095,0.006633977019059267,0.019988361312726202,0.07407407407407404,-0.2959488130631411,-0.00039713082143322254,0.00703110784049249
2,2.0,1.0,1.0,2,13,0.001,26,0.01939431039373396,0.00725907153750649,0.01700378673043368,0.0631163708086785,-0.2959488130631411,-0.00034914448705297696,0.0076082160245594666
2,2.0,1.0,1.0,2,14,0.001,28,0.020819683303668346,0.007875849465570017,0.014642480656845295,0.05442176870748298,-0.2959488130631411,-0.0003083298371622245,0.008184179302732242
2,2.0,1.0,1.0,2,15,0.001,30,0.022252910555883854,0.00848534996725775,0.012741920279782906,0.047407407407407405,-0.2959488130631411,-0.00027366209819768006,0.00875901206545543
2,2.0,1.0,1.0,2,16,0.001,32,0.02369028966113551,0.009088575444526625,0.011189386197347719,0.041666666666666664,-0.2959488130631411,-0.00024414606521067084,0.009332721509737296
2,2.0,1.0,1.0,2,17,0.001,34,0.0251295257874804,0.009686399443231852,0.009904684859292644,0.03690888119953864,-0.2959488130631411,-0.00021891172041021978,0.009905311163642072
2,2.0,1.0,1.0,2,18,0.001,36,0.02656915263313453,0.010279552286622584,0.008829488516872534,0.032921810699588466,-0.2959488130631411,-0.00019723042073993557,0.01047678270736252
2,2.0,1.0,1.0,2,19,0.001,38,0.02800820819040495,0.010868633732147692,0.007920543826146322,0.02954755309325946,-0.2959488130631411,-0.00017850320181345136,0.011047136933961144
2,2.0,1.0,1.0,2,20,0.001,40,0.029446046574558515,0.011454132963868935,0.007145222363112229,0.026666666666666672,-0.2959488130631411,-0.00016224129749559113,0.011616374261364526
2,2.0,1.0,1.0,2,21,0.001,42,0.030882225306944067,0.012036448536162758,0.006478532749439517,0.024187452758881324,-0.2959488130631411,-0.00014804646826077628,0.012184495004423535
2,2.0,1.0,1.0,2,22,0.001,44,0.03231643587246347,0.012615905817229656,0.005901069885197567,0.02203856749311295,-0.2959488130631411,-0.0001355936991128126,0.012751499516342468
2,2.0,1.0,1.0,2,23,0.001,46,0.03374845984904684,0.013192771426021876,0.0053975795736767975,0.0201638311279143,-0.2959488130631411,-0.0001246168322333041,0.01331738825825518
2,2.0,1.0,1.0,2,24,0.001,48,0.035178140558808635,0.0137672648736053,0.004955936036251345,0.01851851851851851,-0.2959488130631411,-0.0001148969555840873,0.013882161829189388
2,2.0,1.0,1.0,2,25,0.001,50,0.03660536437094386,0.014339567835811362,0.00456640186036809,0.017066666666666667,-0.2959488130631411,-0.0001062531385888632,0.014445820974400225
2,2.0,1.0,1.0,2,26,0.001,52,0.03803004813877875,0.014909831502286697,0.0042210845576475696,0.015779092702169626,-0.2959488130631411,-9.853507991786081e-05,0.015008366582204558
2,2.0,1.0,1.0,2,27,0.001,54,0.039452130614029524,0.015478182395940177,0.003913532188925763,0.014631915866483764,-0.2959488130631411,-9.161727911088935e-05,0.015569799675051066
2,2.0,1.0,1.0,2,28,0.001,56,0.04087156648704782,0.016044726988316993,0.003638428799900663,0.013605442176870744,-0.2959488130631411,-8.539440973598378e-05,0.016130121398052977
2,2.0,1.0,1.0,2,29,0.001,58,0.042288322190281225,0.016609555371146556,0.0033913624582595234,0.012683313515655964,-0.2959488130631411,-7.977763564698259e-05,0.01668933300679354
2,2.0,1.0,1.0,2,30,0.001,60,0.04370237290372625,0.017172744188366063,0.0031686467562148904,0.011851851851851851,-0.2959488130631411,-7.46916670100739e-05,0.017247435855376136
2,2.0,1.0,1.0,2,31,0.001,62,0.04511370039198237,0.01773435898801412,0.002967182137960845,0.01109954908081859,-0.2959488130631411,-7.00723972004158e-05,0.017804431385214536
2,2.0,1.0,1.0,2,32,0.001,64,0.04652229142388553,0.01829445611754249,0.0027843472070658536,0.010416666666666666,-0.2959488130631411,-6.586499723332251e-05,0.018360321114775813
2,2.0,1.0,1.0,2,33,0.001,66,0.047928136605551175,0.01885308425858956,0.0026179128257068723,0.009794918885827977,-0.2959488130631411,-6.202237176827774e-05,0.018915106630357836
2,2.0,1.0,1.0,2,34,0.001,68,0.04933122951004443,0.01941028567578207,0.002465973700743102,0.00922722029988466,-0.2959488130631411,-5.850390208911316e-05,0.01946878957787118
2,2.0,1.0,1.0,2,35,0.001,70,0.05073156602247475,0.019966097237803015,0.0023268935019214233,0.008707482993197277,-0.2959488130631411,-5.527441775726727e-05,0.020021371655560283
2,2.0,1.0,1.0,2,36,0.001,72,0.05212914384239209,0.020520551256068276,0.0021992605363465407,0.008230452674897117,-0.2959488130631411,-5.2303351525617714e-05,0.020572854607593893
2,2.0,1.0,1.0,2,37,0.001,74,0.053523962103200984,0.02107367617691308,0.0020818517200636728,0.0077915753591429274,-0.2959488130631411,-4.956404150258109e-05,0.021123240218415662
2,2.0,1.0,1.0,2,38,0.001,76,0.054916021078278865,0.02162549715531842,0.001973603117521951,0.007386888273314865,-0.2959488130631411,-4.703315248022477e-05,0.021672530307798643
2,2.0,1.0,1.0,2,39,0.001,78,0.056305321952816234,0.02217603653258271,0.0018735857149208349,0.007012930089853165,-0.2959488130631411,-4.4690193900853714e-05,0.022220726726483564
2,2.0,1.0,1.0,2,40,0.001,80,0.0576918666450813,0.0227253142356435,0.0017809853908134006,0.006666666666666668,-0.2959488130631411,-4.251711671920955e-05,0.02276783135236271
2,2.0,1.0,1.0,2,1,0.002,2,0.978887515112794,1.006722159144762,1.86187861626067,10.666666666666666,-0.2959488130631411,1.0095738046109872,-0.0028516454662252944
2,2.0,1.0,1.0,2,2,0.002,4,0.36416990065122157,0.3257002917397474,0.927161577989269,2.6666666666666665,-0.2959488130631411,0.32593949840525854,-0.000239206665511138
2,2.0,1.0,1.0,2,3,0.002,6,0.07363440438628666,0.0339829877084355,0.3723145878239691,1.1851851851851847,-0.2959488130631411,0.03081727478391605,0.003165712924519448
2,2.0,1.0,1.0,2,4,0.002,8,0.030041747003421326,0.009597074495308167,0.19591093370690885,0.6666666666666666,-0.2959488130631411,0.0049739356109742006,0.004623138884333966
2,2.0,1.0,1.0,2,5,0.002,10,0.02180558933271204,0.006427449832973442,0.12122376870437948,0.42666666666666675,-0.2959488130631411,0.0005728149800947047,0.005854634852878737
2,2.0,1.0,1.0,2,6,0.002,12,0.021018098951475217,0.006612321875791138,0.08261223519058486,0.29629629629629617,-0.2959488130631411,-0.0004228758055998538,0.007035197681390992
2,2.0,1.0,1.0,2,7,0.002,14,0.02241930484703769,0.0075602075511477795,0.060000972441956894,0.2176870748299319,-0.2959488130631411,-0.0006370996598665246,0.008197307211014304
2,2.0,1.0,1.0,2,8,0.002,16,0.02461572130177625,0.008710558742200392,0.045594607805346556,0.16666666666666666,-0.2959488130631411,-0.0006392160546229153,0.009349774796823307
2,2.0,1.0,1.0,2,9,0.002,18,0.02714438641924255,0.009912225566042154,0.03583969858857737,0.13168724279835387,-0.2959488130631411,-0.0005833768971434949,0.01049560246318565
2,2.0,1.0,1.0,2,10,0.002,20,0.02982506549934394,0.01111952798478838,0.02892279677885189,0.10666666666666669,-0.2959488130631411,-0.0005164498598734801,0.01163597784466186
2,2.0,1.0,1.0,2,11,0.002,22,0.032578869998382,0.012318388167443017,0.023837592942125802,0.0881542699724518,-0.2959488130631411,-0.0004530350710476583,0.012771423238490676
2,2.0,1.0,1.0,2,12,0.002,24,0.035368011227002505,0.013505057013478039,0.019988361312726202,0.07407407407407404,-0.2959488130631411,-0.00039713082143322254,0.013902187834911262
2,2.0,1.0,1.0,2,13,0.002,26,0.03817304499678775,0.014679254703141853,0.01700378673043368,0.0631163708086785,-0.2959488130631411,-0.00034914448705297696,0.01502839919019483
2,2.0,1.0,1.0,2,14,0.002,28,0.040983368466864234,0.015841797543169667,0.014642480656845295,0.05442176870748298,-0.2959488130631411,-0.0003083298371622245,0.01615012738033189
2,2.0,1.0,1.0,2,15,0.002,30,0.043792917046114876,0.01699375206271564,0.012741920279782906,0.047407407407407405,-0.2959488130631411,-0.00027366209819768006,0.01726741416091332
2,2.0,1.0,1.0,2,16,0.002,32,0.0465980816189403,0.018136140898756425,0.011189386197347719,0.041666666666666664,-0.2959488130631411,-0.00024414606521067084,0.018380286963967096
2,2.0,1.0,1.0,2,17,0.002,34,0.04939664242900477,0.019269854182432045,0.009904684859292644,0.03690888119953864,-0.2959488130631411,-0.00021891172041021978,0.019488765902842264
2,2.0,1.0,1.0,2,18,0.002,36,0.05218719670389915,0.020395636966827946,0.008829488516872534,0.032921810699588466,-0.2959488130631411,-0.00019723042073993557,0.02059286738756788
2,2.0,1.0,1.0,2,19,0.002,38,0.05496883844180944,0.021514102827694004,0.007920543826146322,0.02954755309325946,-0.2959488130631411,-0.00017850320181345136,0.021692606029507455
2,2.0,1.0,1.0,2,20,0.002,40,0.05774097271584899,0.02262575435700881,0.007145222363112229,0.026666666666666672,-0.2959488130631411,-0.00016224129749559113,0.0227879956545044
2,2.0,1.0,1.0,2,21,0.002,42,0.06050320452447555,0.023731003371555703,0.006478532749439517,0.024187452758881324,-0.2959488130631411,-0.00014804646826077628,0.02387904983981648
2,2.0,1.0,1.0,2,22,0.002,44,0.06325527036666867,0.02483018849304852,0.005901069885197567,0.02203856749311295,-0.2959488130631411,-0.0001355936991128126,0.024965782192161334
2,2.0,1.0,1.0,2,23,0.002,46,0.06599699504734668,0.025923589651341505,0.0053975795736767975,0.0201638311279143,-0.2959488130631411,-0.0001246168322333041,0.02604820648357481
2,2.0,1.0,1.0,2,24,0.002,48,0.06872826378671326,0.027011439753485134,0.004955936036251345,0.01851851851851851,-0.2959488130631411,-0.0001148969555840873,0.02712633670906922
2,2.0,1.0,1.0,2,25,0.002,50,0.07144900383953434,0.028093933963152462,0.00456640186036809,0.017066666666666667,-0.2959488130631411,-0.0001062531385888632,0.028200187101741325
2,2.0,1.0,1.0,2,26,0.002,52,0.07415917215437251,0.029171237045435283,0.0042210845576475696,0.015779092702169626,-0.2959488130631411,-9.853507991786081e-05,0.029269772125353144
2,2.0,1.0,1.0,2,27,0.002,54,0.07685874694630335,0.030243489176615457,0.003913532188925763,0.014631915866483764,-0.2959488130631411,-9.161727911088935e-05,0.030335106455726346
2,2.0,1.0,1.0,2,28,0.002,56,0.07954772185180814,0.03131081054758472,0.003638428799900663,0.013605442176870744,-0.2959488130631411,-8.539440973598378e-05,0.031396204957320706
2,2.0,1.0,1.0,2,29,0.002,58,0.08222610181628642,0.03237330502287222,0.0033913624582595234,0.012683313515655964,-0.2959488130631411,-7.977763564698259e-05,0.032453082658519206
2,2.0,1.0,1.0,2,30,0.002,60,0.084893900161914,0.03343106306053306,0.0031686467562148904,0.011851851851851851,-0.2959488130631411,-7.46916670100739e-05,0.033505754727543136
2,2.0,1.0,1.0,2,31,0.002,62,0.0875511364715631,0.034484164052737076,0.002967182137960845,0.01109954908081859,-0.2959488130631411,-7.00723972004158e-05,0.03455423644993749
2,2.0,1.0,1.0,2,32,0.002,64,0.09019783504403855,0.035532678210816626,0.0027843472070658536,0.010416666666666666,-0.2959488130631411,-6.586499723332251e-05,0.03559854320804995
2,2.0,1.0,1.0,2,33,0.002,66,0.0928340237544456,0.03657666809084342,0.0026179128257068723,0.009794918885827977,-0.2959488130631411,-6.202237176827774e-05,0.0366386904626117
2,2.0,1.0,1.0,2,34,0.002,68,0.09545973320506207,0.03761618983429338,0.002465973700743102,0.00922722029988466,-0.2959488130631411,-5.850390208911316e-05,0.03767469373638249
2,2.0,1.0,1.0,2,35,0.002,70,0.09807499608702375,0.03865129418195862,0.0023268935019214233,0.008707482993197277,-0.2959488130631411,-5.527441775726727e-05,0.038706568599715885
2,2.0,1.0,1.0,2,36,0.002,72,0.10067984669585772,0.039682027306332635,0.0021992605363465407,0.008230452674897117,-0.2959488130631411,-5.2303351525617714e-05,0.03973433065785825
2,2.0,1.0,1.0,2,37,0.002,74,0.1032743205613853,0.04070843149832787,0.0020818517200636728,0.0077915753591429274,-0.2959488130631411,-4.956404150258109e-05,0.04075799553983045
2,2.0,1.0,1.0,2,38,0.002,76,0.1058584541622909,0.041730545736206714,0.001973603117521951,0.007386888273314865,-0.2959488130631411,-4.703315248022477e-05,0.04177757888868694
2,2.0,1.0,1.0,2,39,0.002,78,0.10843228470484079,0.042748406159089036,0.0018735857149208349,0.007012930089853165,-0.2959488130631411,-4.4690193900853714e-05,0.04279309635298989
2,2.0,1.0,1.0,2,40,0.002,80,0.11099584994981715,0.04376204646264509,0.0017809853908134006,0.006666666666666668,-0.2959488130631411,-4.251711671920955e-05,0.0438045635793643
2,2.0,1.0,1.0,2,1,0.005,2,0.9775135061199994,1.0024553953202975,1.86187861626067,10.666666666666666,-0.2959488130631411,1.0095738046109872,-0.007118409290689742
2,2.0,1.0,1.0,2,2,0.005,4,0.36878826379656604,0.3253441683246188,0.927161577989269,2.6666666666666665,-0.2959488130631411,0.32593949840525854,-0.0005953300806397221
2,2.0,1.0,1.0,2,3,0.005,6,0.08574207398346445,0.0386724569536428,0.3723145878239691,1.1851851851851847,-0.2959488130631411,0.03081727478391605,0.007855182169726749
2,2.0,1.0,1.0,2,4,0.005,8,0.04717430597478556,0.01641127243962892,0.19591093370690885,0.6666666666666666,-0.2959488130631411,0.0049739356109742006,0.01143733682865472
2,2.0,1.0,1.0,2,5,0.005,10,0.04340146003762002,0.01501370898991744,0.12122376870437948,0.42666666666666675,-0.2959488130631411,0.0005728149800947047,0.014440894009822736
2,2.0,1.0,1.0,2,6,0.005,12,0.04688361366492466,0.01687847150060312,0.08261223519058486,0.29629629629629617,-0.2959488130631411,-0.0004228758055998538,0.017301347306202974
2,2.0,1.0,1.0,2,7,0.005,14,0.05244778861477095,0.019462492228444705,0.060000972441956894,0.2176870748299319,-0.2959488130631411,-0.0006370996598665246,0.02009959188831123
2,2.0,1.0,1.0,2,8,0.005,16,0.05872831187449068,0.022218489992179624,0.045594607805346556,0.16666666666666666,-0.2959488130631411,-0.0006392160546229153,0.02285770604680254
2,2.0,1.0,1.0,2,9,0.005,18,0.06527329156044204,0.02499997159261541,0.03583969858857737,0.13168724279835387,-0.2959488130631411,-0.0005833768971434949,0.025583348489758906
2,2.0,1.0,1.0,2,10,0.005,20,0.0719077341366452,0.02776322918561208,0.02892279677885189,0.10666666666666669,-0.2959488130631411,-0.0005164498598734801,0.028279679045485562
2,2.0,1.0,1.0,2,11,0.005,22,0.07855563756539619,0.030495173844683088,0.023837592942125802,0.0881542699724518,-0.2959488130631411,-0.0004530350710476583,0.030948208915730746
2,2.0,1.0,1.0,2,12,0.005,24,0.08518103566928692,0.0331926415950598,0.019988361312726202,0.07407407407407404,-0.2959488130631411,-0.00039713082143322254,0.033589772416493024
2,2.0,1.0,1.0,2,13,0.005,26,0.09176578148891823,0.035855757248451525,0.01700378673043368,0.0631163708086785,-0.2959488130631411,-0.00034914448705297696,0.0362049017355045
2,2.0,1.0,1.0,2,14,0.005,28,0.09830029041577482,0.03848565557395239,0.014642480656845295,0.05442176870748298,-0.2959488130631411,-0.0003083298371622245,0.03879398541111462
2,2.0,1.0,1.0,2,15,0.005,30,0.10477935825197193,0.041083678144481606,0.012741920279782906,0.047407407407407405,-0.2959488130631411,-0.00027366209819768006,0.041357340242679286
2,2.0,1.0,1.0,2,16,0.005,32,0.11120014174911386,0.04365109967708153,0.011189386197347719,0.041666666666666664,-0.2959488130631411,-0.00024414606521067084,0.0438952457422922
2,2.0,1.0,1.0,2,17,0.005,34,0.11756112730145052,0.04618904962068299,0.009904684859292644,0.03690888119953864,-0.2959488130631411,-0.00021891172041021978,0.04640796134109321
2,2.0,1.0,1.0,2,18,0.005,36,0.12386157855895796,0.048698504829974454,0.008829488516872534,0.032921810699588466,-0.2959488130631411,-0.00019723042073993557,0.04889573525071439
2,2.0,1.0,1.0,2,19,0.005,38,0.13010122813409508,0.051180305920334346,0.007920543826146322,0.02954755309325946,-0.2959488130631411,-0.00017850320181345136,0.0513588091221478
2,2.0,1.0,1.0,2,20,0.005,40,0.1362800992561053,0.053635179222593754,0.007145222363112229,0.026666666666666672,-0.2959488130631411,-0.00016224129749559113,0.053797420520089345
2,2.0,1.0,1.0,2,21,0.005,42,0.14239839929140008,0.056063757765784816,0.006478532749439517,0.024187452758881324,-0.2959488130631411,-0.00014804646826077628,0.05621180423404559
2,2.0,1.0,1.0,2,22,0.005,44,0.14845645436818933,0.05846659926036474,0.005901069885197567,0.02203856749311295,-0.2959488130631411,-0.0001355936991128126,0.05860219295947755
2,2.0,1.0,1.0,2,23,0.005,46,0.15445466822447051,0.060844200802448845,0.0053975795736767975,0.0201638311279143,-0.2959488130631411,-0.0001246168322333041,0.06096881763468215
2,2.0,1.0,1.0,2,24,0.005,48,0.16039349571882655,0.06319701063400829,0.004955936036251345,0.01851851851851851,-0.2959488130631411,-0.0001148969555840873,0.06331190758959238
2,2.0,1.0,1.0,2,25,0.005,50,0.16627342543384238,0.06552543745454675,0.00456640186036809,0.017066666666666667,-0.2959488130631411,-0.0001062531385888632,0.06563169059313562
2,2.0,1.0,1.0,2,26,0.005,52,0.17209496804234947,0.06782985776777894,0.0042210845576475696,0.015779092702169626,-0.2959488130631411,-9.853507991786081e-05,0.0679283928476968
2,2.0,1.0,1.0,2,27,0.005,54,0.17785864839969634,0.07011062167880383,0.003913532188925763,0.014631915866483764,-0.2959488130631411,-9.161727911088935e-05,0.07020223895791472
2,2.0,1.0,1.0,2,28,0.005,56,0.18356500008926424,0.07236805747930558,0.003638428799900663,0.013605442176870744,-0.2959488130631411,-8.539440973598378e-05,0.07245345188904156
2,2.0,1.0,1.0,2,29,0.005,58,0.18921456161048145,0.07460247528753916,0.0033913624582595234,0.012683313515655964,-0.2959488130631411,-7.977763564698259e-05,0.07468225292318614
2,2.0,1.0,1.0,2,30,0.005,60,0.19480787368332697,0.07681416995086504,0.0031686467562148904,0.011851851851851851,-0.2959488130631411,-7.46916670100739e-05,0.07688886161787511
2,2.0,1.0,1.0,2,31,0.005,62,0.20034547732294472,0.07900342337183874,0.002967182137960845,0.01109954908081859,-0.2959488130631411,-7.00723972004158e-05,0.07907349576903916
2,2.0,1.0,1.0,2,32,0.005,64,0.20582791245214538,0.0811705063820905,0.0027843472070658536,0.010416666666666666,-0.2959488130631411,-6.586499723332251e-05,0.08123637137932382
2,2.0,1.0,1.0,2,33,0.005,66,0.21125571689438682,0.08331568026009223,0.0026179128257068723,0.009794918885827977,-0.2959488130631411,-6.202237176827774e-05,0.0833777026318605
2,2.0,1.0,1.0,2,34,0.005,68,0.2166294256388308,0.08543919796719873,0.002465973700743102,0.00922722029988466,-0.2959488130631411,-5.850390208911316e-05,0.08549770186928785
2,2.0,1.0,1.0,2,35,0.005,70,0.2219495703023111,0.0875413051598325,0.0023268935019214233,0.008707482993197277,-0.2959488130631411,-5.527441775726727e-05,0.08759657957758976
2,2.0,1.0,1.0,2,36,0.005,72,0.2272166787345673,0.08962224102278654,0.0021992605363465407,0.008230452674897117,-0.2959488130631411,-5.2303351525617714e-05,0.08967454437431216
2,2.0,1.0,1.0,2,37,0.005,74,0.23243127472957925,0.09168223895909722,0.0020818517200636728,0.0077915753591429274,-0.2959488130631411,-4.956404150258109e-05,0.0917318030005998
2,2.0,1.0,1.0,2,38,0.005,76,0.23759387781520847,0.09372152716416476,0.001973603117521951,0.007386888273314865,-0.2959488130631411,-4.703315248022477e-05,0.09376856031664499
2,2.0,1.0,1.0,2,39,0.005,78,0.24270500310186705,0.09574032910614488,0.0018735857149208349,0.007012930089853165,-0.2959488130631411,-4.4690193900853714e-05,0.09578501930004574
2,2.0,1.0,1.0,2,40,0.005,80,0.24776516117537573,0.0977388639300148,0.0017809853908134006,0.006666666666666668,-0.2959488130631411,-4.251711671920955e-05,0.097781381046734
2,2.0,1.0,1.0,2,1,0.01,2,0.9752326833647752,0.9953726672791849,1.86187861626067,10.666666666666666,-0.2959488130631411,1.0095738046109872,-0.014201137331802283
2,2.0,1.0,1.0,2,2,0.01,4,0.3763932466132084,0.32475774573994454,0.927161577989269,2.6666666666666665,-0.2959488130631411,0.32593949840525854,-0.0011817526653140065
2,2.0,1.0,1.0,2,3,0.01,6,0.1055200241176244,0.04633273279309924,0.3723145878239691,1.1851851851851847,-0.2959488130631411,0.03081727478391605,0.015515458009183192
2,2.0,1.0,1.0,2,4,0.01,8,0.0749366333956778,0.027453288682339705,0.19591093370690885,0.6666666666666666,-0.2959488130631411,0.0049739356109742006,0.022479353071365504
2,2.0,1.0,1.0,2,5,0.01,10,0.07811665726194661,0.028816055008998864,0.12122376870437948,0.42666666666666675,-0.2959488130631411,0.0005728149800947047,0.02824324002890416
2,2.0,1.0,1.0,2,6,0.01,12,0.08813016918589112,0.03324943164492972,0.08261223519058486,0.29629629629629617,-0.2959488130631411,-0.0004228758055998538,0.03367230745052957
2,2.0,1.0,1.0,2,7,0.01,14,0.09995067182695772,0.0382910432587627,0.060000972441956894,0.2176870748299319,-0.2959488130631411,-0.0006370996598665246,0.03892814291862923
2,2.0,1.0,1.0,2,8,0.01,16,0.11226156480906746,0.04341663085710773,0.045594607805346556,0.16666666666666666,-0.2959488130631411,-0.0006392160546229153,0.044055846911730645
2,2.0,1.0,1.0,2,9,0.01,18,0.12463248536566895,0.04848861982835212,0.03583969858857737,0.13168724279835387,-0.2959488130631411,-0.0005833768971434949,0.049071996725495615
2,2.0,1.0,1.0,2,10,0.01,20,0.1369003502896673,0.05346781776182036,0.02892279677885189,0.10666666666666669,-0.2959488130631411,-0.0005164498598734801,0.05398426762169384
2,2.0,1.0,1.0,2,11,0.01,22,0.14899714302453482,0.05834402480286888,0.023837592942125802,0.0881542699724518,-0.2959488130631411,-0.0004530350710476583,0.058797059873916535
2,2.0,1.0,1.0,2,12,0.01,24,0.16089306963504657,0.06311628283614856,0.019988361312726202,0.07407407407407404,-0.2959488130631411,-0.00039713082143322254,0.06351341365758179
2,2.0,1.0,1.0,2,13,0.01,26,0.1725752225619529,0.06778660173554757,0.01700378673043368,0.0631163708086785,-0.2959488130631411,-0.00034914448705297696,0.06813574622260055
2,2.0,1.0,1.0,2,14,0.01,28,0.18403872628087004,0.07235783334443985,0.014642480656845295,0.05442176870748298,-0.2959488130631411,-0.0003083298371622245,0.07266616318160207
2,2.0,1.0,1.0,2,15,0.01,30,0.1952827537931311,0.07683293758029841,0.012741920279782906,0.047407407407407405,-0.2959488130631411,-0.00027366209819768006,0.07710659967849609
2,2.0,1.0,1.0,2,16,0.01,32,0.20630861141598722,0.08121474204591778,0.011189386197347719,0.041666666666666664,-0.2959488130631411,-0.00024414606521067084,0.08145888811112845
2,2.0,1.0,1.0,2,17,0.01,34,0.21711876539393415,0.0855058804042968,0.009904684859292644,0.03690888119953864,-0.2959488130631411,-0.00021891172041021978,0.08572479212470702
2,2.0,1.0,1.0,2,18,0.01,36,0.22771632337030434,0.08970879390788261,0.008829488516872534,0.032921810699588466,-0.2959488130631411,-0.00019723042073993557,0.08990602432862255
2,2.0,1.0,1.0,2,19,0.01,38,0.23810474686610028,0.09382575263840204,0.007920543826146322,0.02954755309325946,-0.2959488130631411,-0.00017850320181345136,0.09400425584021549
2,2.0,1.0,1.0,2,20,0.01,40,0.2482876862947414,0.09785888029558393,0.007145222363112229,0.026666666666666672,-0.2959488130631411,-0.00016224129749559113,0.09802112159307952
2,2.0,1.0,1.0,2,21,0.01,42,0.2582688834922382,0.10181017692833066,0.006478532749439517,0.024187452758881324,-0.2959488130631411,-0.00014804646826077628,0.10195822339659144
2,2.0,1.0,1.0,2,22,0.01,44,0.268052112713994,0.105681538081346,0.005901069885197567,0.02203856749311295,-0.2959488130631411,-0.0001355936991128126,0.10581713178045882
2,2.0,1.0,1.0,2,23,0.01,46,0.2776411442078872,0.10947477034364078,0.0053975795736767975,0.0201638311279143,-0.2959488130631411,-0.0001246168322333041,0.10959938717587409
2,2.0,1.0,1.0,2,24,0.01,48,0.2870397213927922,0.11319160377778575,0.004955936036251345,0.01851851851851851,-0.2959488130631411,-0.0001148969555840873,0.11330650073336984
2,2.0,1.0,1.0,2,25,0.01,50,0.2962515464326616,0.11683370180428937,0.00456640186036809,0.017066666666666667,-0.2959488130631411,-0.0001062531385888632,0.11693995494287823
2,2.0,1.0,1.0,2,26,0.01,52,0.3052802711019511,0.12040266906816405,0.0042210845576475696,0.015779092702169626,-0.2959488130631411,-9.853507991786081e-05,0.12050120414808191
2,2.0,1.0,1.0,2,27,0.01,54,0.3141294910498058,0.12390005772715262,0.003913532188925763,0.014631915866483764,-0.2959488130631411,-9.161727911088935e-05,0.12399167500626351
2,2.0,1.0,1.0,2,28,0.01,56,0.32280274228433703,0.1273273725122172,0.003638428799900663,0.013605442176870744,-0.2959488130631411,-8.539440973598378e-05,0.1274127669219532
2,2.0,1.0,1.0,2,29,0.01,58,0.33130349912878765,0.13068607483396272,0.0033913624582595234,0.012683313515655964,-0.2959488130631411,-7.977763564698259e-05,0.1307658524696097
2,2.0,1.0,1.0,2,30,0.01,60,0.3396351731659467,0.1339775861462461,0.0031686467562148904,0.011851851851851851,-0.2959488130631411,-7.46916670100739e-05,0.13405227781325618
2,2.0,1.0,1.0,2,31,0.01,62,0.3478011128534836,0.13720329072951515,0.002967182137960845,0.01109954908081859,-0.2959488130631411,-7.00723972004158e-05,0.13727336312671556
2,2.0,1.0,1.0,2,32,0.01,64,0.35580460359836696,0.1403645380185985,0.0027843472070658536,0.010416666666666666,-0.2959488130631411,-6.586499723332251e-05,0.14043040301583182
2,2.0,1.0,1.0,2,33,0.01,66,0.36364886814738384,0.14346264457099017,0.0026179128257068723,0.009794918885827977,-0.2959488130631411,-6.202237176827774e-05,0.14352466694275845
2,2.0,1.0,1.0,2,34,0.01,68,0.3713370671958006,0.14649889574967473,0.002465973700743102,0.00922722029988466,-0.2959488130631411,-5.850390208911316e-05,0.14655739965176384
2,2.0,1.0,1.0,2,35,0.01,70,0.3788723001465263,0.14947454717791092,0.0023268935019214233,0.008707482993197277,-0.2959488130631411,-5.527441775726727e-05,0.1495298215956682
2,2.0,1.0,1.0,2,36,0.01,72,0.38625760597197467,0.1523908260105108,0.0021992605363465407,0.008230452674897117,-0.2959488130631411,-5.2303351525617714e-05,0.1524431293620364
2,2.0,1.0,1.0,2,37,0.01,74,0.39349596414553956,0.15524893205659884,0.0020818517200636728,0.0077915753591429274,-0.2959488130631411,-4.956404150258109e-05,0.15529849609810142
2,2.0,1.0,1.0,2,38,0.01,76,0.40059029561836756,0.15805003878116924,0.001973603117521951,0.007386888273314865,-0.2959488130631411,-4.703315248022477e-05,0.15809707193364947
2,2.0,1.0,1.0,2,39,0.01,78,0.40754346382458506,0.16079529420710575,0.0018735857149208349,0.007012930089853165,-0.2959488130631411,-4.4690193900853714e-05,0.1608399844010066
2,2.0,1.0,1.0,2,40,0.01,80,0.4143582757022869,0.1634858217348249,0.0017809853908134006,0.006666666666666668,-0.2959488130631411,-4.251711671920955e-05,0.1635283388515441
2,2.0,1.0,1.0,2,1,0.02,2,0.9707055087272013,0.9813142549456926,1.86187861626067,10.666666666666666,-0.2959488130631411,1.0095738046109872,-0.02825954966529476
2,2.0,1.0,1.0,2,2,0.02,4,0.3912612897643112,0.32361126631928877,0.927161577989269,2.6666666666666665,-0.2959488130631411,0.32593949840525854,-0.0023282320859697725
2,2.0,1.0,1.0,2,3,0.02,6,0.14360625222098777,0.0610840599517376,0.3723145878239691,1.1851851851851847,-0.2959488130631411,0.03081727478391605,0.030266785167821553
2,2.0,1.0,1.0,2,4,0.02,8,0.12759712553796532,0.048398146826570565,0.19591093370690885,0.6666666666666666,-0.2959488130631411,0.0049739356109742006,0.043424211215596364
2,2.0,1.0,1.0,2,5,0.02,10,0.14298044054375536,0.05460511722221573,0.12122376870437948,0.42666666666666675,-0.2959488130631411,0.0005728149800947047,0.05403230224212102
2,2.0,1.0,1.0,2,6,0.02,12,0.1640464918249539,0.06338099236631334,0.08261223519058486,0.29629629629629617,-0.2959488130631411,-0.0004228758055998538,0.06380386817191319
2,2.0,1.0,1.0,2,7,0.02,14,0.18607850473857157,0.07242922998446771,0.060000972441956894,0.2176870748299319,-0.2959488130631411,-0.0006370996598665246,0.07306632964433424
2,2.0,1.0,1.0,2,8,0.02,16,0.2078784275679736,0.08127907363268272,0.045594607805346556,0.16666666666666666,-0.2959488130631411,-0.0006392160546229153,0.08191828968730563
2,2.0,1.0,1.0,2,9,0.02,18,0.22907982555351003,0.08981881108533835,0.03583969858857737,0.13168724279835387,-0.2959488130631411,-0.0005833768971434949,0.09040218798248184
2,2.0,1.0,1.0,2,10,0.02,20,0.24956383200598986,0.09802624018726686,0.02892279677885189,0.10666666666666669,-0.2959488130631411,-0.0005164498598734801,0.09854269004714034
2,2.0,1.0,1.0,2,11,0.02,22,0.26929800936019843,0.10590463377744391,0.023837592942125802,0.0881542699724518,-0.2959488130631411,-0.0004530350710476583,0.10635766884849157
2,2.0,1.0,1.0,2,12,0.02,24,0.2882836240712321,0.11346480801479725,0.019988361312726202,0.07407407407407404,-0.2959488130631411,-0.00039713082143322254,0.11386193883623047
2,2.0,1.0,1.0,2,13,0.02,26,0.3065360468450795,0.12071955351381564,0.01700378673043368,0.0631163708086785,-0.2959488130631411,-0.00034914448705297696,0.12106869800086861
2,2.0,1.0,1.0,2,14,0.02,28,0.32407671245046044,0.1276818139407367,0.014642480656845295,0.05442176870748298,-0.2959488130631411,-0.0003083298371622245,0.1279901437778989
2,2.0,1.0,1.0,2,15,0.02,30,0.3409295569085514,0.13436409781397723,0.012741920279782906,0.047407407407407405,-0.2959488130631411,-0.00027366209819768006,0.13463775991217491
2,2.0,1.0,1.0,2,16,0.02,32,0.35711934117756616,0.14077831548989567,0.011189386197347719,0.041666666666666664,-0.2959488130631411,-0.00024414606521067084,0.14102246155510634
2,2.0,1.0,1.0,2,17,0.02,34,0.3726708267111667,0.14693576353562193,0.009904684859292644,0.03690888119953864,-0.2959488130631411,-0.00021891172041021978,0.14715467525603215
2,2.0,1.0,1.0,2,18,0.02,36,0.38760835858079135,0.15284715698554852,0.008829488516872534,0.032921810699588466,-0.2959488130631411,-0.00019723042073993557,0.15304438740628845
2,2.0,1.0,1.0,2,19,0.02,38,0.4019556532817914,0.15852267345443494,0.007920543826146322,0.02954755309325946,-0.2959488130631411,-0.00017850320181345136,0.1587011766562484
2,2.0,1.0,1.0,2,20,0.02,40,0.4157356935908555,0.16397199652026317,0.007145222363112229,0.026666666666666672,-0.2959488130631411,-0.00016224129749559113,0.16413423781775877
2,2.0,1.0,1.0,2,21,0.02,42,0.4289706813078302,0.1692043545614969,0.006478532749439517,0.024187452758881324,-0.2959488130631411,-0.00014804646826077628,0.16935240102975768
2,2.0,1.0,1.0,2,22,0.02,44,0.44168202212281393,0.1742285544498337,0.005901069885197567,0.02203856749311295,-0.2959488130631411,-0.0001355936991128126,0.17436414814894652
2,2.0,1.0,1.0,2,23,0.02,46,0.45389032863687095,0.17905301058087225,0.0053975795736767975,0.0201638311279143,-0.2959488130631411,-0.0001246168322333041,0.17917762741310556
2,2.0,1.0,1.0,2,24,0.02,48,0.46561543372494574,0.18368576999470743,0.004955936036251345,0.01851851851851851,-0.2959488130631411,-0.0001148969555840873,0.1838006669502915
2,2.0,1.0,1.0,2,25,0.02,50,0.47687640975660317,0.18813453431628685,0.00456640186036809,0.017066666666666667,-0.2959488130631411,-0.0001062531385888632,0.1882407874548757
2,2.0,1.0,1.0,2,26,0.02,52,0.4876915910408419,0.19240667913457427,0.0042210845576475696,0.015779092702169626,-0.2959488130631411,-9.853507991786081e-05,0.19250521421449213
2,2.0,1.0,1.0,2,27,0.02,54,0.4980785979186996,0.19650927131718315,0.003913532188925763,0.014631915866483764,-0.2959488130631411,-9.161727911088935e-05,0.19660088859629404
2,2.0,1.0,1.0,2,28,0.02,56,0.5080543615458818,0.20044908464891892,0.003638428799900663,0.013605442176870744,-0.2959488130631411,-8.539440973598378e-05,0.2005344790586549
2,2.0,1.0,1.0,2,29,0.02,58,0.5176351487775969,0.20423261409485344,0.0033913624582595234,0.012683313515655964,-0.2959488130631411,-7.977763564698259e-05,0.20431239173050042
2,2.0,1.0,1.0,2,30,0.02,60,0.5268365867930435,0.20786608891994884,0.0031686467562148904,0.011851851851851851,-0.2959488130631411,-7.46916670100739e-05,0.20794078058695892
2,2.0,1.0,1.0,2,31,0.02,62,0.5356736872371121,0.2113554848449291,0.002967182137960845,0.01109954908081859,-0.2959488130631411,-7.00723972004158e-05,0.21142555724212952
2,2.0,1.0,1.0,2,32,0.02,64,0.544160869744606,0.21470653537820567,0.0027843472070658536,0.010416666666666666,-0.2959488130631411,-6.586499723332251e-05,0.214772400375439
2,2.0,1.0,1.0,2,33,0.02,66,0.552311984768666,0.21792474243367072,0.0026179128257068723,0.009794918885827977,-0.2959488130631411,-6.202237176827774e-05,0.217986764805439
2,2.0,1.0,1.0,2,34,0.02,68,0.5601403356711947,0.22101538632138423,0.002465973700743102,0.00922722029988466,-0.2959488130631411,-5.850390208911316e-05,0.22107389022347335
2,2.0,1.0,1.0,2,35,0.02,70,0.5676587000567727,0.2239835351809255,0.0023268935019214233,0.008707482993197277,-0.2959488130631411,-5.527441775726727e-05,0.22403880959868278
2,2.0,1.0,1.0,2,36,0.02,72,0.5748793503465703,0.2268340539139556,0.0021992605363465407,0.008230452674897117,-0.2959488130631411,-5.2303351525617714e-05,0.22688635726548123
2,2.0,1.0,1.0,2,37,0.02,74,0.581814073599342,0.22957161266250353,0.0020818517200636728,0.0077915753591429274,-0.2959488130631411,-4.956404150258109e-05,0.2296211767040061
2,2.0,1.0,1.0,2,38,0.02,76,0.5884741905925449,0.23220069487160144,0.001973603117521951,0.007386888273314865,-0.2959488130631411,-4.703315248022477e-05,0.23224772802408167
2,2.0,1.0,1.0,2,39,0.02,78,0.5948705741812491,0.23472560496884065,0.0018735857149208349,0.007012930089853165,-0.2959488130631411,-4.4690193900853714e-05,0.2347702951627415
2,2.0,1.0,1.0,2,40,0.02,80,0.6010136669547534,0.2371504756886585,0.0017809853908134006,0.006666666666666668,-0.2959488130631411,-4.251711671920955e-05,0.2371929928053777
3,2.0,1.0,1.0,1,1,0.0,4,0.6636821040712494,0.7005623670487847,1.6777864892456666,11.313708498984761,0.04691874618517311,-0.7005623670487847,0.0
3,2.0,1.0,1.0,1,2,0.0,8,0.9089022148808962,0.4703387241823983,1.7033501434403746,5.656854249492381,0.04691874618517311,0.4703387241823983,0.0
3,2.0,1.0,1.0,1,3,0.0,12,0.19826802984753866,0.059175816530282144,0.6526387921935846,3.7712361663282534,0.04691874618517311,0.05917581653028209,5.551115123125783e-17
3,2.0,1.0,1.0,1,4,0.0,16,0.05356092636646248,0.034481010790794187,0.35035434275303906,2.8284271247461903,0.04691874618517311,0.034481010790794187,0.0
3,2.0,1.0,1.0,1,5,0.0,20,0.022439689377169003,0.02517590616258908,0.2295037483563492,2.2627416997969525,0.04691874618517311,0.025175906162588912,1.6653345369377348e-16
3,2.0,1.0,1.0,1,6,0.0,24,0.011940764915329471,0.018921249525542805,0.16756468167965607,1.8856180831641267,0.04691874618517311,0.01892124952554297,-1.6653345369377348e-16
3,2.0,1.0,1.0,1,7,0.0,28,0.0073323489923123875,0.014580206944191043,0.13088327137806227,1.6162440712835373,0.04691874618517311,0.014580206944190988,5.551115123125783e-17
3,2.0,1.0,1.0,1,8,0.0,32,0.0049442492116351655,0.01150948788490741,0.10699200938316435,1.4142135623730951,0.04691874618517311,0.011509487884907299,1.1102230246251565e-16
3,2.0,1.0,1.0,1,9,0.0,36,0.003558349256558513,0.00928415484859152,0.09034190662160209,1.2570787221094177,0.04691874618517311,0.009284154848591797,-2.7755575615628914e-16
3,2.0,1.0,1.0,1,10,0.0,40,0.0026855673651564604,0.007631214464143832,0.07813656676637712,1.1313708498984762,0.04691874618517311,0.007631214464143887,-5.551115123125783e-17
3,2.0,1.0,1.0,1,11,0.0,44,0.002101079780367998,0.006375001463715058,0.06883291447570457,1.02851895445316,0.04691874618517311,0.006375001463715113,-5.551115123125783e-17
3,2.0,1.0,1.0,1,12,0.0,48,0.0016905309207257968,0.00540049479335486,0.061517955127291066,0.9428090415820634,0.04691874618517311,0.00540049479335486,0.0
3,2.0,1.0,1.0,1,13,0.0,52,0.00139099849074098,0.004630655902613523,0.05562063017868301,0.870285269152674,0.04691874618517311,0.004630655902613301,2.220446049250313e-16
3,2.0,1.0,1.0,1,14,0.0,56,0.0011656171917395763,0.004012663054043242,0.050767160041576075,0.8081220356417687,0.04691874618517311,0.004012663054043686,-4.440892098500626e-16
3,2.0,1.0,1.0,1,15,0.0,60,0.0009916518459380796,0.0035094774406299045,0.04670345718102508,0.7542472332656507,0.04691874618517311,0.003509477440630071,-1.6653345369377348e-16
3,2.0,1.0,1.0,1,16,0.0,64,0.0008544709295914554,0.003094581452238343,0.0432511808278811,0.7071067811865476,0.04691874618517311,0.0030945814522390647,-7.216449660063518e-16
3,2.0,1.0,1.0,1,17,0.0,68,0.0007443134245809224,0.0027486253529171445,0.04028167833853512,0.6655122646461624,0.04691874618517311,0.002748625352918088,-9.43689570931383e-16
3,2.0,1.0,1.0,1,18,0.0,72,0.0006544644954018519,0.0024572432328270333,0.03769991540925974,0.6285393610547089,0.04691874618517311,0.002457243232827089,-5.551115123125783e-17
3,2.0,1.0,1.0,1,19,0.0,76,0.0005801807973881967,0.002209600304487913,0.0354342243689991,0.5954583420518295,0.04691874618517311,0.002209600304487469,4.440892098500626e-16
3,2.0,1.0,1.0,1,20,0.0,80,0.0005180333945430382,0.0019974073041418294,0.0334295672935753,0.5656854249492381,0.04691874618517311,0.00199740730414133,4.996003610813204e-16
3,2.0,1.0,1.0,1,21,0.0,84,0.00046549276519147753,0.0018142393410373048,0.03164299159172412,0.538748023761179,0.04691874618517311,0.0018142393410374713,-1.6653345369377348e-16
3,2.0,1.0,1.0,1,22,0.0,88,0.0004206591191315834,0.001655057029726792,0.03004049250095191,0.51425947722658,0.04691874618517311,0.0016550570297274025,-6.106226635438361e-16
3,2.0,1.0,1.0,1,23,0.0,92,0.0003820826592598747,0.0015158644684955536,0.028594801475390355,0.4919003695210766,0.04691874618517311,0.0015158644684948874,6.661338147750939e-16
3,2.0,1.0,1.0,1,24,0.0,96,0.0003486410588549038,0.0013934613640725346,0.027283797855765585,0.4714045207910317,0.04691874618517311,0.0013934613640715354,9.992007221626409e-16
3,2.0,1.0,1.0,1,25,0.0,100,0.00031945423535351125,0.0012852609464572562,0.026089348765814292,0.4525483399593905,0.04691874618517311,0.001285260946456812,4.440892098500626e-16
3,2.0,1.0,1.0,1,26,0.0,104,0.00029382397670207894,0.001189154530911729,0.024996448714440078,0.435142634576337,0.04691874618517311,0.001189154530911174,5.551115123125783e-16
3,2.0,1.0,1.0,1,27,0.0,108,0.00027119046083612375,0.0011034096037070285,0.023992572515947327,0.41902624070313926,0.04691874618517311,0.0011034096037061958,8.326672684688674e-16
3,2.0,1.0,1.0,1,28,0.0,112,0.0002511004670726624,0.0010265923047946823,0.02306718239474735,0.4040610178208843,0.04691874618517311,0.001026592304793572,1.1102230246251565e-15
3,2.0,1.0,1.0,1,29,0.0,116,0.00023318381420533996,0.0009575078743200849,0.022211348116427068,0.3901278792753366,0.04691874618517311,0.0009575078743206955,-6.106226635438361e-16
3,2.0,1.0,1.0,1,30,0.0,120,0.00021713567493408803,0.0008951544713492465,0.02141745105615878,0.37712361663282534,0.04691874618517311,0.0008951544713484139,8.326672684688674e-16
3,2.0,1.0,1.0,1,31,0.0,124,0.00020270314641079867,0.0008386870489380249,0.020678951352946714,0.3649583386769278,0.04691874618517311,0.0008386870489365816,1.4432899320127035e-15
3,2.0,1.0,1.0,1,32,0.0,128,0.00018967494298172127,0.0007873888643887827,0.01999020300657252,0.3535533905932738,0.04691874618517311,0.0007873888643889493,-1.6653345369377348e-16
3,2.0,1.0,1.0,1,33,0.0,132,0.00017787340656194583,0.0007406488386431098,0.019346305785641855,0.3428396514843868,0.04691874618517311,0.0007406488386430543,5.551115123125783e-17
3,2.0,1.0,1.0,1,34,0.0,136,0.00016714825648433962,0.0006979434343257207,0.018742985671403953,0.3327561323230812,0.04691874618517311,0.0006979434343237223,1.9984014443252818e-15
3,2.0,1.0,1.0,1,35,0.0,140,0.00015737165787010898,0.0006588220523644495,0.018176497620486877,0.32324881425670743,0.04691874618517311,0.0006588220523658928,-1.4432899320127035e-15
3,2.0,1.0,1.0,1,36,0.0,144,0.0001484342994723109,0.0006228951889017953,0.017643545930123666,0.31426968052735443,0.04691874618517311,0.0006228951889019618,-1.6653345369377348e-16
3,2.0,1.0,1.0,1,37,0.0,148,0.0001402422508904877,0.0005898247729062556,0.017141218594845534,0.30577590537796656,0.04691874618517311,0.0005898247729066441,-3.885780586188048e-16
3,2.0,1.0,1.0,1,38,0.0,152,0.00013271442662743382,0.0005593162380926331,0.01666693286599713,0.29772917102591473,0.04691874618517311,0.0005593162380934102,-7.771561172376096e-16
3,2.0,1.0,1.0,1,39,0.0,156,0.00012578052642853166,0.0005311119828065314,0.01621838984313495,0.29009508971755793,0.04691874618517311,0.0005311119828060318,4.996003610813204e-16
3,2.0,1.0,1.0,1,40,0.0,160,0.00011937935199890504,0.0005049859473506557,0.015793536394327654,0.28284271247461906,0.04691874618517311,0.0005049859473509888,-3.3306690738754696e-16
3,2.0,1.0,1.0,1,1,0.001,4,0.6645308595881776,0.6992557334506785,1.6777864892456666,11.313708498984761,0.04691874618517311,-0.7005623670487847,0.0013066335981062327
3,2.0,1.0,1.0,1,2,0.001,8,0.9085425342252595,0.46827279577723757,1.7033501434403746,5.656854249492381,0.04691874618517311,0.4703387241823983,-0.002065928405160733
3,2.0,1.0,1.0,1,3,0.001,12,0.20587449600402385,0.058123713196034266,0.6526387921935846,3.7712361663282534,0.04691874618517311,0.05917581653028209,-0.0010521033342478225
3,2.0,1.0,1.0,1,4,0.001,16,0.06578399080317887,0.03338460801575244,0.35035434275303906,2.8284271247461903,0.04691874618517311,0.034481010790794187,-0.0010964027750417493
3,2.0,1.0,1.0,1,5,0.001,20,0.038226944506471905,0.023941013292707702,0.2295037483563492,2.2627416997969525,0.04691874618517311,0.025175906162588912,-0.00123489286988121
3,2.0,1.0,1.0,1,6,0.001,24,0.031060143257272133,0.017552849051882313,0.16756468167965607,1.8856180831641267,0.04691874618517311,0.01892124952554297,-0.001368400473660658
3,2.0,1.0,1.0,1,7,0.001,28,0.029700021280337552,0.01307796563736452,0.13088327137806227,1.6162440712835373,0.04691874618517311,0.014580206944190988,-0.0015022413068264684
3,2.0,1.0,1.0,1,8,0.001,32,0.030518623866002015,0.00987016210478242,0.10699200938316435,1.4142135623730951,0.04691874618517311,0.011509487884907299,-0.0016393257801248784
3,2.0,1.0,1.0,1,9,0.001,36,0.0323131522607355,0.00750404804987076,0.09034190662160209,1.2570787221094177,0.04691874618517311,0.009284154848591797,-0.0017801067987210373
3,2.0,1.0,1.0,1,10,0.001,40,0.03460113437293377,0.005707002024154473,0.07813656676637712,1.1313708498984762,0.04691874618517311,0.007631214464143887,-0.0019242124399894145
3,2.0,1.0,1.0,1,11,0.001,44,0.037160981886747324,0.004303916127448515,0.06883291447570457,1.02851895445316,0.04691874618517311,0.006375001463715113,-0.002071085336266598
3,2.0,1.0,1.0,1,12,0.001,48,0.03988008419164102,0.0031803042902274203,0.061517955127291066,0.9428090415820634,0.04691874618517311,0.00540049479335486,-0.0022201905031274394
3,2.0,1.0,1.0,1,13,0.001,52,0.04269653698195497,0.0022595852877116407,0.05562063017868301,0.870285269152674,0.04691874618517311,0.004630655902613301,-0.0023710706149016603
3,2.0,1.0,1.0,1,14,0.001,56,0.045574109685553754,0.001489312411489363,0.050767160041576075,0.8081220356417687,0.04691874618517311,0.004012663054043686,-0.002523350642554323
3,2.0,1.0,1.0,1,15,0.001,60,0.04849048670094547,0.0008327498958922708,0.04670345718102508,0.7542472332656507,0.04691874618517311,0.003509477440630071,-0.0026767275447378003
3,2.0,1.0,1.0,1,16,0.001,64,0.051431328870020554,0.0002636242367413666,0.0432511808278811,0.7071067811865476,0.04691874618517311,0.0030945814522390647,-0.002830957215497698
3,2.0,1.0,1.0,1,17,0.001,68,0.05438708896416533,0.0002372172099723291,0.04028167833853512,0.6655122646461624,0.04691874618517311,0.002748625352918088,-0.0029858425628904173
3,2.0,1.0,1.0,1,18,0.001,72,0.057351215551059154,0.0006839804281071893,0.03769991540925974,0.6285393610547089,0.04691874618517311,0.002457243232827089,-0.003141223660934278
3,2.0,1.0,1.0,1,19,0.001,76,0.060319095312096005,0.0010873696300599534,0.0354342243689991,0.5954583420518295,0.04691874618517311,0.002209600304487469,-0.0032969699345474224
3,2.0,1.0,1.0,1,20,0.001,80,0.06328740658661447,0.001455566754485882,0.0334295672935753,0.5656854249492381,0.04691874618517311,0.00199740730414133,-0.0034529740586272117
3,2.0,1.0,1.0,1,21,0.001,84,0.0662537112216397,0.0017949078792565132,0.03164299159172412,0.538748023761179,0.04691874618517311,0.0018142393410374713,-0.0036091472202939845
3,2.0,1.0,1.0,1,22,0.001,88,0.06921618941721652,0.0021103584083814186,0.03004049250095191,0.51425947722658,0.04691874618517311,0.0016550570297274025,-0.003765415438108821
3,2.0,1.0,1.0,1,23,0.001,92,0.07217346305654959,0.002405852223916538,0.028594801475390355,0.4919003695210766,0.04691874618517311,0.0015158644684948874,-0.0039217166924114255
3,2.0,1.0,1.0,1,24,0.001,96,0.07512447530774635,0.0026845373124428917,0.027283797855765585,0.4714045207910317,0.04691874618517311,0.0013934613640715354,-0.004077998676514427
3,2.0,1.0,1.0,1,25,0.001,100,0.07806840689715466,0.002948956077314435,0.026089348765814292,0.4525483399593905,0.04691874618517311,0.001285260946456812,-0.004234217023771247
3,2.0,1.0,1.0,1,26,0.001,104,0.08100461681290283,0.0032011793699251445,0.024996448714440078,0.435142634576337,0.04691874618517311,0.001189154530911174,-0.0043903339008363185
3,2.0,1.0,1.0,1,27,0.001,108,0.08393259961060329,0.0034429072804504357,0.023992572515947327,0.41902624070313926,0.04691874618517311,0.0011034096037061958,-0.0045463168841566315
3,2.0,1.0,1.0,1,28,0.001,112,0.08685195420706693,0.003675545751984699,0.02306718239474735,0.4040610178208843,0.04691874618517311,0.001026592304793572,-0.004702138056778271
3,2.0,1.0,1.0,1,29,0.001,116,0.08976236075547361,0.003900265403330161,0.022211348116427068,0.3901278792753366,0.04691874618517311,0.0009575078743206955,-0.004857773277650856
3,2.0,1.0,1.0,1,30,0.001,120,0.09266356329198511,0.004118047115422019,0.02141745105615878,0.37712361663282534,0.04691874618517311,0.0008951544713484139,-0.005013201586770433
3,2.0,1.0,1.0,1,31,0.001,124,0.09555535656163638,0.0043297176691304284,0.020678951352946714,0.3649583386769278,0.04691874618517311,0.0008386870489365816,-0.00516840471806701
3,2.0,1.0,1.0,1,32,0.001,128,0.09843757590946445,0.004535977833781291,0.01999020300657252,0.3535533905932738,0.04691874618517311,0.0007873888643889493,-0.00532336669817024
3,2.0,1.0,1.0,1,33,0.001,132,0.10131008944654563,0.004737424675481217,0.019346305785641855,0.3428396514843868,0.04691874618517311,0.0007406488386430543,-0.005478073514124271
3,2.0,1.0,1.0,1,34,0.001,136,0.10417279192311302,0.0049345694024351405,0.018742985671403953,0.3327561323230812,0.04691874618517311,0.0006979434343237223,-0.005632512836758863
3,2.0,1.0,1.0,1,35,0.001,140,0.10702559989540739,0.0051278517368649745,0.018176497620486877,0.32324881425670743,0.04691874618517311,0.0006588220523658928,-0.005786673789230867
3,2.0,1.0,1.0,1,36,0.001,144,0.10986844788282901,0.005317651563504888,0.017643545930123666,0.31426968052735443,0.04691874618517311,0.0006228951889019618,-0.00594054675240685
3,2.0,1.0,1.0,1,37,0.001,148,0.11270128528951373,0.005504298427633114,0.017141218594845534,0.30577590537796656,0.04691874618517311,0.0005898247729066441,-0.006094123200539758
3,2.0,1.0,1.0,1,38,0.001,152,0.11552407392101194,0.0056880793237509275,0.01666693286599713,0.29772917102591473,0.04691874618517311,0.0005593162380934102,-0.006247395561844338
3,2.0,1.0,1.0,1,39,0.001,156,0.11833678596793051,0.005869245116938648,0.01621838984313495,0.29009508971755793,0.04691874618517311,0.0005311119828060318,-0.00640035709974468
3,2.0,1.0,1.0,1,40,0.001,160,0.12113940235855436,0.006048015863988454,0.015793536394327654,0.28284271247461906,0.04691874618517311,0.0005049859473509888,-0.006553001811339443
3,2.0,1.0,1.0,1,1,0.002,4,0.6653770606016809,0.6979504071398137,1.6777864892456666,11.313708498984761,0.04691874618517311,-0.7005623670487847,0.0026119599089710066
3,2.0,1.0,1.0,1,2,0.002,8,0.9081858406019676,0.4662130620547835,1.7033501434403746,5.656854249492381,0.04691874618517311,0.4703387241823983,-0.004125662127614782
3,2.0,1.0,1.0,1,3,0.002,12,0.2134023407996699,0.05708019281474508,0.6526387921935846,3.7712361663282534,0.04691874618517311,0.05917581653028209,-0.0020956237155370094
3,2.0,1.0,1.0,1,4,0.002,16,0.07783542722799475,0.03229943696999282,0.35035434275303906,2.8284271247461903,0.04691874618517311,0.034481010790794187,-0.0021815738208013635
3,2.0,1.0,1.0,1,5,0.002,20,0.05373413063890897,0.02272184135367189,0.2295037483563492,2.2627416997969525,0.04691874618517311,0.025175906162588912,-0.0024540648089170225
3,2.0,1.0,1.0,1,6,0.002,24,0.04976970120444335,0.016205280364523567,0.16756468167965607,1.8856180831641267,0.04691874618517311,0.01892124952554297,-0.0027159691610194048
3,2.0,1.0,1.0,1,7,0.002,28,0.051505864264236534,0.011602307531506484,0.13088327137806227,1.6162440712835373,0.04691874618517311,0.014580206944190988,-0.0029778994126845038
3,2.0,1.0,1.0,1,8,0.002,32,0.05535675342077062,0.00826387724849681,0.10699200938316435,1.4142135623730951,0.04691874618517311,0.011509487884907299,-0.0032456106364104897
3,2.0,1.0,1.0,1,9,0.002,36,0.06013498428939956,0.005764187734503268,0.09034190662160209,1.2570787221094177,0.04691874618517311,0.009284154848591797,-0.003519967114088529
3,2.0,1.0,1.0,1,10,0.002,40,0.06536487789922885,0.003831012649902543,0.07813656676637712,1.1313708498984762,0.04691874618517311,0.007631214464143887,-0.003800201814241344
3,2.0,1.0,1.0,1,11,0.002,44,0.07082829989844752,0.0022898138288798275,0.06883291447570457,1.02851895445316,0.04691874618517311,0.006375001463715113,-0.004085187634835286
3,2.0,1.0,1.0,1,12,0.002,48,0.07641461856324039,0.0010266462753465988,0.061517955127291066,0.9428090415820634,0.04691874618517311,0.00540049479335486,-0.004373848518008261
3,2.0,1.0,1.0,1,13,0.002,52,0.0820631883684022,3.4611551595953305e-05,0.05562063017868301,0.870285269152674,0.04691874618517311,0.004630655902613301,-0.004665267454209254
3,2.0,1.0,1.0,1,14,0.002,56,0.08773865707446382,0.0009460312624104961,0.050767160041576075,0.8081220356417687,0.04691874618517311,0.004012663054043686,-0.004958694316454182
3,2.0,1.0,1.0,1,15,0.002,60,0.09341937299303638,0.001744046962521728,0.04670345718102508,0.7542472332656507,0.04691874618517311,0.003509477440630071,-0.005253524403151799
3,2.0,1.0,1.0,1,16,0.002,64,0.09909153326350362,0.002454690376717694,0.0432511808278811,0.7071067811865476,0.04691874618517311,0.0030945814522390647,-0.005549271828956759
3,2.0,1.0,1.0,1,17,0.002,68,0.10474604732565229,0.003096920016165905,0.04028167833853512,0.6655122646461624,0.04691874618517311,0.002748625352918088,-0.005845545369083993
3,2.0,1.0,1.0,1,18,0.002,72,0.11037676859302181,0.003684785330636431,0.03769991540925974,0.6285393610547089,0.04691874618517311,0.002457243232827089,-0.00614202856346352
3,2.0,1.0,1.0,1,19,0.002,76,0.1159794535467964,0.004228863651200787,0.0354342243689991,0.5954583420518295,0.04691874618517311,0.002209600304487469,-0.006438463955688256
3,2.0,1.0,1.0,1,20,0.002,80,0.1215511257627867,0.004737233499157556,0.0334295672935753,0.5656854249492381,0.04691874618517311,0.00199740730414133,-0.006734640803298886
3,2.0,1.0,1.0,1,21,0.002,84,0.12708967451606656,0.005216146200966831,0.03164299159172412,0.538748023761179,0.04691874618517311,0.0018142393410374713,-0.007030385542004303
3,2.0,1.0,1.0,1,22,0.002,88,0.13259359409965032,0.005670497352218529,0.03004049250095191,0.51425947722658,0.04691874618517311,0.0016550570297274025,-0.007325554381945931
3,2.0,1.0,1.0,1,23,0.002,92,0.13806181019051111,0.006104163069869051,0.028594801475390355,0.4919003695210766,0.04691874618517311,0.0015158644684948874,-0.007620027538363938
3,2.0,1.0,1.0,1,24,0.002,96,0.14349356155781812,0.006520243348170696,0.027283797855765585,0.4714045207910317,0.04691874618517311,0.0013934613640715354,-0.007913704712242231
3,2.0,1.0,1.0,1,25,0.002,100,0.14888831782777556,0.006921240582029697,0.026089348765814292,0.4525483399593905,0.04691874618517311,0.001285260946456812,-0.00820650152848651
3,2.0,1.0,1.0,1,26,0.002,104,0.1542457212630831,0.007309192179638713,0.024996448714440078,0.435142634576337,0.04691874618517311,0.001189154530911174,-0.008498346710549887
3,2.0,1.0,1.0,1,27,0.002,108,0.15956554485831176,0.007685770220719534,0.023992572515947327,0.41902624070313926,0.04691874618517311,0.0011034096037061958,-0.00878917982442573
3,2.0,1.0,1.0,1,28,0.002,112,0.1648476617227207,0.008052357160631629,0.02306718239474735,0.4040610178208843,0.04691874618517311,0.001026592304793572,-0.009078949465425201
3,2.0,1.0,1.0,1,29,0.002,116,0.1700920224016672,0.008410103917148637,0.022211348116427068,0.3901278792753366,0.04691874618517311,0.0009575078743206955,-0.009367611791469332
3,2.0,1.0,1.0,1,30,0.002,120,0.17529863786625755,0.008759974857923292,0.02141745105615878,0.37712361663282534,0.04691874618517311,0.0008951544713484139,-0.009655129329271706
3,2.0,1.0,1.0,1,31,0.002,124,0.1804675666066664,0.009102782947891797,0.020678951352946714,0.3649583386769278,0.04691874618517311,0.0008386870489365816,-0.009941469996828378
3,2.0,1.0,1.0,1,32,0.002,128,0.1855989047346216,0.009439217433981073,0.01999020300657252,0.3535533905932738,0.04691874618517311,0.0007873888643889493,-0.010226606298370022
3,2.0,1.0,1.0,1,33,0.002,132,0.19069277831872888,0.009769865819075574,0.019346305785641855,0.3428396514843868,0.04691874618517311,0.0007406488386430543,-0.010510514657718628
3,2.0,1.0,1.0,1,34,0.002,136,0.1957493373949124,0.010095231429006146,0.018742985671403953,0.3327561323230812,0.04691874618517311,0.0006979434343237223,-0.010793174863329869
3,2.0,1.0,1.0,1,35,0.002,140,0.20076875124616156,0.01041574755163821,0.018176497620486877,0.32324881425670743,0.04691874618517311,0.0006588220523658928,-0.011074569604004103
3,2.0,1.0,1.0,1,36,0.002,144,0.20575120465359809,0.010731788889634164,0.017643545930123666,0.31426968052735443,0.04691874618517311,0.0006228951889019618,-0.011354684078536126
3,2.0,1.0,1.0,1,37,0.002,148,0.2106968948971948,0.011043680893197239,0.017141218594845534,0.30577590537796656,0.04691874618517311,0.0005898247729066441,-0.011633505666103883
3,2.0,1.0,1.0,1,38,0.002,152,0.21560602933992878,0.01135170740854663,0.01666693286599713,0.29772917102591473,0.04691874618517311,0.0005593162380934102,-0.01191102364664004
3,2.0,1.0,1.0,1,39,0.002,156,0.2204788234696552,0.011656116979880948,0.01621838984313495,0.29009508971755793,0.04691874618517311,0.0005311119828060318,-0.01218722896268698
3,2.0,1.0,1.0,1,40,0.002,160,0.22531549930253425,0.011957128068377676,0.015793536394327654,0.28284271247461906,0.04691874618517311,0.0005049859473509888,-0.012462114015728665
3,2.0,1.0,1.0,1,1,0.005,4,0.6679003878069076,0.6940422719306704,1.6777864892456666,11.313708498984761,0.04691874618517311,-0.7005623670487847,0.006520095118114355
3,2.0,1.0,1.0,1,2,0.005,8,0.9071334821529702,0.4600709050901529,1.7033501434403746,5.656854249492381,0.04691874618517311,0.4703387241823983,-0.01026781909224539
3,2.0,1.0,1.0,1,3,0.005,12,0.23552153115379781,0.05400055491525091,0.6526387921935846,3.7712361663282534,0.04691874618517311,0.05917581653028209,-0.005175261615031179
3,2.0,1.0,1.0,1,4,0.005,16,0.1129824722167676,0.02911042857894386,0.35035434275303906,2.8284271247461903,0.04691874618517311,0.034481010790794187,-0.005370582211850328
3,2.0,1.0,1.0,1,5,0.005,20,0.09862234516026724,0.019157127608672497,0.2295037483563492,2.2627416997969525,0.04691874618517311,0.025175906162588912,-0.006018778553916415
3,2.0,1.0,1.0,1,6,0.005,24,0.10352338727091959,0.012285170762249942,0.16756468167965607,1.8856180831641267,0.04691874618517311,0.01892124952554297,-0.00663607876329303
3,2.0,1.0,1.0,1,7,0.005,28,0.11368797611085268,0.007331310319719009,0.13088327137806227,1.6162440712835373,0.04691874618517311,0.014580206944190988,-0.007248896624471979
3,2.0,1.0,1.0,1,8,0.005,32,0.1256579652252332,0.0036383186829289094,0.10699200938316435,1.4142135623730951,0.04691874618517311,0.011509487884907299,-0.00787116920197839
3,2.0,1.0,1.0,1,9,0.005,36,0.13829505421758925,0.000779363283867629,0.09034190662160209,1.2570787221094177,0.04691874618517311,0.009284154848591797,-0.008504791564724168
3,2.0,1.0,1.0,1,10,0.005,40,0.15114722463667163,0.0015165040116593698,0.07813656676637712,1.1313708498984762,0.04691874618517311,0.007631214464143887,-0.009147718475803257
3,2.0,1.0,1.0,1,11,0.005,44,0.16401012129162595,0.0034220839422796634,0.06883291447570457,1.02851895445316,0.04691874618517311,0.006375001463715113,-0.009797085405994777
3,2.0,1.0,1.0,1,12,0.005,48,0.17678248754123416,0.005049707301583661,0.061517955127291066,0.9428090415820634,0.04691874618517311,0.00540049479335486,-0.010450202094938521
3,2.0,1.0,1.0,1,13,0.005,52,0.18941086495710735,0.006474147525037499,0.05562063017868301,0.870285269152674,0.04691874618517311,0.004630655902613301,-0.0111048034276508
3,2.0,1.0,1.0,1,14,0.005,56,0.20186589694775048,0.007746395155543984,0.050767160041576075,0.8081220356417687,0.04691874618517311,0.004012663054043686,-0.01175905820958767
3,2.0,1.0,1.0,1,15,0.005,60,0.2141312233279684,0.008902031795424203,0.04670345718102508,0.7542472332656507,0.04691874618517311,0.003509477440630071,-0.012411509236054274
3,2.0,1.0,1.0,1,16,0.005,64,0.2261978838105012,0.009966421539246428,0.0432511808278811,0.7071067811865476,0.04691874618517311,0.0030945814522390647,-0.013061002991485493
3,2.0,1.0,1.0,1,17,0.005,68,0.23806132309346506,0.010958001564532582,0.04028167833853512,0.6655122646461624,0.04691874618517311,0.002748625352918088,-0.01370662691745067
3,2.0,1.0,1.0,1,18,0.005,72,0.2497197051422193,0.011890414944078498,0.03769991540925974,0.6285393610547089,0.04691874618517311,0.002457243232827089,-0.014347658176905587
3,2.0,1.0,1.0,1,19,0.005,76,0.26117292266047776,0.012773922965548468,0.0354342243689991,0.5954583420518295,0.04691874618517311,0.002209600304487469,-0.014983523270035937
3,2.0,1.0,1.0,1,20,0.005,80,0.27242199310922177,0.013616359345938356,0.0334295672935753,0.5656854249492381,0.04691874618517311,0.00199740730414133,-0.015613766650079686
3,2.0,1.0,1.0,1,21,0.005,84,0.2834686784121667,0.014423787089141882,0.03164299159172412,0.538748023761179,0.04691874618517311,0.0018142393410374713,-0.016238026430179353
3,2.0,1.0,1.0,1,22,0.005,88,0.294315238704586,0.015200958525896757,0.03004049250095191,0.51425947722658,0.04691874618517311,0.0016550570297274025,-0.01685601555562416
3,2.0,1.0,1.0,1,23,0.005,92,0.3049642689200498,0.015951642684319367,0.028594801475390355,0.4919003695210766,0.04691874618517311,0.0015158644684948874,-0.017467507152814254
3,2.0,1.0,1.0,1,24,0.005,96,0.31541858799037237,0.01667886170105709,0.027283797855765585,0.4714045207910317,0.04691874618517311,0.0013934613640715354,-0.018072323065128626
3,2.0,1.0,1.0,1,25,0.005,100,0.3256811622887126,0.01738506387932859,0.026089348765814292,0.4525483399593905,0.04691874618517311,0.001285260946456812,-0.0186703248257854
3,2.0,1.0,1.0,1,26,0.005,104,0.3357550518542901,0.0180722519714433,0.024996448714440078,0.435142634576337,0.04691874618517311,0.001189154530911174,-0.019261406502354472
3,2.0,1.0,1.0,1,27,0.005,108,0.34564337207644513,0.018742079382901067,0.023992572515947327,0.41902624070313926,0.04691874618517311,0.0011034096037061958,-0.019845488986607263
3,2.0,1.0,1.0,1,28,0.005,112,0.35534926605877737,0.019395923102524693,0.02306718239474735,0.4040610178208843,0.04691874618517311,0.001026592304793572,-0.020422515407318265
3,2.0,1.0,1.0,1,29,0.005,116,0.3648758844826775,0.020034939546880848,0.022211348116427068,0.3901278792753366,0.04691874618517311,0.0009575078743206955,-0.020992447421201543
3,2.0,1.0,1.0,1,30,0.005,120,0.37422637081528753,0.02066010772355964,0.02141745105615878,0.37712361663282534,0.04691874618517311,0.0008951544713484139,-0.021555262194908054
3,2.0,1.0,1.0,1,31,0.005,124,0.3834038503778947,0.02127226288555678,0.020678951352946714,0.3649583386769278,0.04691874618517311,0.0008386870489365816,-0.022110949934493362
3,2.0,1.0,1.0,1,32,0.005,128,0.39241142223729963,0.02187212298681518,0.01999020300657252,0.3535533905932738,0.04691874618517311,0.0007873888643889493,-0.022659511851204128
3,2.0,1.0,1.0,1,33,0.005,132,0.4012521531848292,0.022460309638632076,0.019346305785641855,0.3428396514843868,0.04691874618517311,0.0007406488386430543,-0.02320095847727513
3,2.0,1.0,1.0,1,34,0.005,136,0.40992907327511907,0.023037364829738893,0.018742985671403953,0.3327561323230812,0.04691874618517311,0.0006979434343237223,-0.023735308264062616
3,2.0,1.0,1.0,1,35,0.005,140,0.41844517254089975,0.023603764356953355,0.018176497620486877,0.32324881425670743,0.04691874618517311,0.0006588220523658928,-0.024262586409319248
3,2.0,1.0,1.0,1,36,0.005,144,0.4268033986022254,0.024159928682463472,0.017643545930123666,0.31426968052735443,0.04691874618517311,0.0006228951889019618,-0.024782823871365434
3,2.0,1.0,1.0,1,37,0.005,148,0.4350066549609073,0.02470623176374101,0.017141218594845534,0.30577590537796656,0.04691874618517311,0.0005898247729066441,-0.025296056536647654
3,2.0,1.0,1.0,1,38,0.005,152,0.44305779982345816,0.02524300827556164,0.01666693286599713,0.29772917102591473,0.04691874618517311,0.0005593162380934102,-0.02580232451365505
3,2.0,1.0,1.0,1,39,0.005,156,0.45095964533414046,0.02577055954876506,0.01621838984313495,0.29009508971755793,0.04691874618517311,0.0005311119828060318,-0.02630167153157109
3,2.0,1.0,1.0,1,40,0.005,160,0.4587149571277406,0.02628915847873048,0.015793536394327654,0.28284271247461906,0.04691874618517311,0.0005049859473509888,-0.026794144426081468
3,2.0,1.0,1.0,1,1,0.01,4,0.6720553200402908,0.6875548589935989,1.6777864892456666,11.313708498984761,0.04691874618517311,-0.7005623670487847,0.013007508055185801
3,2.0,1.0,1.0,1,2,0.01,8,0.9054374435827308,0.44995671599260934,1.7033501434403746,5.656854249492381,0.04691874618517311,0.4703387241823983,-0.02038200818978897
3,2.0,1.0,1.0,1,3,0.01,12,0.27088240276251896,0.049034168967646063,0.6526387921935846,3.7712361663282534,0.04691874618517311,0.05917581653028209,-0.010141647562636025
3,2.0,1.0,1.0,1,4,0.01,16,0.16833424279716103,0.02401185792754057,0.35035434275303906,2.8284271247461903,0.04691874618517311,0.034481010790794187,-0.010469152863253617
3,2.0,1.0,1.0,1,5,0.01,20,0.16826277767990372,0.013516287347758615,0.2295037483563492,2.2627416997969525,0.04691874618517311,0.025175906162588912,-0.011659618814830297
3,2.0,1.0,1.0,1,6,0.01,24,0.1856752933154323,0.006146211277431701,0.16756468167965607,1.8856180831641267,0.04691874618517311,0.01892124952554297,-0.01277503824811127
3,2.0,1.0,1.0,1,7,0.01,28,0.20730649494710618,0.0007122042226528347,0.13088327137806227,1.6162440712835373,0.04691874618517311,0.014580206944190988,-0.013868002721538153
3,2.0,1.0,1.0,1,8,0.01,32,0.22992683486434928,0.0034556682556654006,0.10699200938316435,1.4142135623730951,0.04691874618517311,0.011509487884907299,-0.0149651561405727
3,2.0,1.0,1.0,1,9,0.01,36,0.25249922653634693,0.006785538046012951,0.09034190662160209,1.2570787221094177,0.04691874618517311,0.009284154848591797,-0.016069692894604748
3,2.0,1.0,1.0,1,10,0.01,40,0.2746311173445374,0.009546171015804295,0.07813656676637712,1.1313708498984762,0.04691874618517311,0.007631214464143887,-0.017177385479948182
3,2.0,1.0,1.0,1,11,0.01,44,0.29616082142568223,0.011907630329866359,0.06883291447570457,1.02851895445316,0.04691874618517311,0.006375001463715113,-0.018282631793581472
3,2.0,1.0,1.0,1,12,0.01,48,0.31702174812689377,0.013979832279657822,0.061517955127291066,0.9428090415820634,0.04691874618517311,0.00540049479335486,-0.019380327073012682
3,2.0,1.0,1.0,1,13,0.01,52,0.33719067355776766,0.015835645710938095,0.05562063017868301,0.870285269152674,0.04691874618517311,0.004630655902613301,-0.020466301613551396
3,2.0,1.0,1.0,1,14,0.01,56,0.3566656678312884,0.017524639188285784,0.050767160041576075,0.8081220356417687,0.04691874618517311,0.004012663054043686,-0.02153730224232947
3,2.0,1.0,1.0,1,15,0.01,60,0.3754558009041524,0.019081374064186085,0.04670345718102508,0.7542472332656507,0.04691874618517311,0.003509477440630071,-0.022590851504816156
3,2.0,1.0,1.0,1,16,0.01,64,0.3935759871793114,0.020530513028179043,0.0432511808278811,0.7071067811865476,0.04691874618517311,0.0030945814522390647,-0.023625094480418107
3,2.0,1.0,1.0,1,17,0.01,68,0.4110442501984921,0.02189004016094498,0.04028167833853512,0.6655122646461624,0.04691874618517311,0.002748625352918088,-0.024638665513863067
3,2.0,1.0,1.0,1,18,0.01,72,0.4278802017861534,0.023173337523832327,0.03769991540925974,0.6285393610547089,0.04691874618517311,0.002457243232827089,-0.025630580756659416
3,2.0,1.0,1.0,1,19,0.01,76,0.444104164129699,0.024390553821036748,0.0354342243689991,0.5954583420518295,0.04691874618517311,0.002209600304487469,-0.026600154125524217
3,2.0,1.0,1.0,1,20,0.01,80,0.4597366481081617,0.025549525029683884,0.0334295672935753,0.5656854249492381,0.04691874618517311,0.00199740730414133,-0.027546932333825214
3,2.0,1.0,1.0,1,21,0.01,84,0.4747980368906807,0.02665640545437145,0.03164299159172412,0.538748023761179,0.04691874618517311,0.0018142393410374713,-0.028470644795408923
3,2.0,1.0,1.0,1,22,0.01,88,0.48930839186225517,0.02771610788486356,0.03004049250095191,0.51425947722658,0.04691874618517311,0.0016550570297274025,-0.029371164914590964
3,2.0,1.0,1.0,1,23,0.01,92,0.5032873335915329,0.028732615568673348,0.028594801475390355,0.4919003695210766,0.04691874618517311,0.0015158644684948874,-0.030248480037168235
3,2.0,1.0,1.0,1,24,0.01,96,0.5167539699878538,0.029709206623585532,0.027283797855765585,0.4714045207910317,0.04691874618517311,0.0013934613640715354,-0.031102667987657068
3,2.0,1.0,1.0,1,25,0.01,100,0.5297268547583607,0.0306486176839183,0.026089348765814292,0.4525483399593905,0.04691874618517311,0.001285260946456812,-0.03193387863037511
3,2.0,1.0,1.0,1,26,0.01,104,0.5422239656561257,0.03155316475072506,0.024996448714440078,0.435142634576337,0.04691874618517311,0.001189154530911174,-0.032742319281636234
3,2.0,1.0,1.0,1,27,0.01,108,0.5542626958276742,0.032424833488066046,0.023992572515947327,0.41902624070313926,0.04691874618517311,0.0011034096037061958,-0.03352824309177224
3,2.0,1.0,1.0,1,28,0.01,112,0.5658598539103061,0.03326534742745604,0.02306718239474735,0.4040610178208843,0.04691874618517311,0.001026592304793572,-0.034291939732249616
3,2.0,1.0,1.0,1,29,0.01,116,0.5770316699997251,0.0340762200097523,0.022211348116427068,0.3901278792753366,0.04691874618517311,0.0009575078743206955,-0.035033727884072996
3,2.0,1.0,1.0,1,30,0.01,120,0.5877938055503183,0.034858794671888294,0.02141745105615878,0.37712361663282534,0.04691874618517311,0.0008951544713484139,-0.03575394914323671
3,2.0,1.0,1.0,1,31,0.01,124,0.5981613658854932,0.03561427599961067,0.020678951352946714,0.3649583386769278,0.04691874618517311,0.0008386870489365816,-0.036452963048547254
3,2.0,1.0,1.0,1,32,0.01,128,0.6081489144039767,0.03634375413971952,0.01999020300657252,0.3535533905932738,0.04691874618517311,0.0007873888643889493,-0.03713114300410847
3,2.0,1.0,1.0,1,33,0.01,132,0.617770487843743,0.037048224080958786,0.019346305785641855,0.3428396514843868,0.04691874618517311,0.0007406488386430543,-0.03778887291960184
3,2.0,1.0,1.0,1,34,0.01,136,0.6270396121540158,0.03772860099563924,0.018742985671403953,0.3327561323230812,0.04691874618517311,0.0006979434343237223,-0.03842654442996296
3,2.0,1.0,1.0,1,35,0.01,140,0.6359693186565757,0.03838573253313446,0.018176497620486877,0.32324881425670743,0.04691874618517311,0.0006588220523658928,-0.03904455458550035
3,2.0,1.0,1.0,1,36,0.01,144,0.6445721602697991,0.03902040873723875,0.017643545930123666,0.31426968052735443,0.04691874618517311,0.0006228951889019618,-0.03964330392614071
3,2.0,1.0,1.0,1,37,0.01,148,0.6528602276338851,0.03963337009823109,0.017141218594845534,0.30577590537796656,0.04691874618517311,0.0005898247729066441,-0.040223194871137735
3,2.0,1.0,1.0,1,38,0.01,152,0.6608451650225887,0.04022531413092789,0.01666693286599713,0.29772917102591473,0.04691874618517311,0.0005593162380934102,-0.0407846303690213
3,2.0,1.0,1.0,1,39,0.01,156,0.668538185960638,0.04079690078067859,0.01621838984313495,0.29009508971755793,0.04691874618517311,0.0005311119828060318,-0.04132801276348462
3,2.0,1.0,1.0,1,40,0.01,160,0.6759500884905535,0.0413487568918367,0.015793536394327654,0.28284271247461906,0.04691874618517311,0.0005049859473509888,-0.04185374283918769
3,2.0,1.0,1.0,1,1,0.02,4,0.6801776719539118,0.6746780796625858,1.6777864892456666,11.313708498984761,0.04691874618517311,-0.7005623670487847,0.025884287386198968
3,2.0,1.0,1.0,1,2,0.02,8,0.9022538182418178,0.43018307500401815,1.7033501434403746,5.656854249492381,0.04691874618517311,0.4703387241823983,-0.04015564917838016
3,2.0,1.0,1.0,1,3,0.02,12,0.3362747824750254,0.03970033719485894,0.6526387921935846,3.7712361663282534,0.04691874618517311,0.05917581653028209,-0.01947547933542315
3,2.0,1.0,1.0,1,4,0.02,16,0.26786373653963236,0.014588138016641883,0.35035434275303906,2.8284271247461903,0.04691874618517311,0.034481010790794187,-0.019892872774152304
3,2.0,1.0,1.0,1,5,0.02,20,0.29002795335087905,0.0032956142590852,0.2295037483563492,2.2627416997969525,0.04691874618517311,0.025175906162588912,-0.021880291903503712
3,2.0,1.0,1.0,1,6,0.02,24,0.32535695831873745,0.004754036845930287,0.16756468167965607,1.8856180831641267,0.04691874618517311,0.01892124952554297,-0.02367528637147326
3,2.0,1.0,1.0,1,7,0.02,28,0.36211192428794525,0.010802934483483462,0.13088327137806227,1.6162440712835373,0.04691874618517311,0.014580206944190988,-0.02538314142767445
3,2.0,1.0,1.0,1,8,0.02,32,0.39762488725683,0.015544553181753407,0.10699200938316435,1.4142135623730951,0.04691874618517311,0.011509487884907299,-0.027054041066660706
3,2.0,1.0,1.0,1,9,0.02,36,0.43116949178120323,0.019409711116998712,0.09034190662160209,1.2570787221094177,0.04691874618517311,0.009284154848591797,-0.02869386596559051
3,2.0,1.0,1.0,1,10,0.02,40,0.4625743039902722,0.022664194827755113,0.07813656676637712,1.1313708498984762,0.04691874618517311,0.007631214464143887,-0.030295409291899
3,2.0,1.0,1.0,1,11,0.02,44,0.4918565196136876,0.02547466046303573,0.06883291447570457,1.02851895445316,0.04691874618517311,0.006375001463715113,-0.031849661926750844
3,2.0,1.0,1.0,1,12,0.02,48,0.519103391140689,0.027948594379397257,0.061517955127291066,0.9428090415820634,0.04691874618517311,0.00540049479335486,-0.03334908917275212
3,2.0,1.0,1.0,1,13,0.02,52,0.5444279513563728,0.0301575939173854,0.05562063017868301,0.870285269152674,0.04691874618517311,0.004630655902613301,-0.0347882498199987
3,2.0,1.0,1.0,1,14,0.02,56,0.5679507314389994,0.03215095329791218,0.050767160041576075,0.8081220356417687,0.04691874618517311,0.004012663054043686,-0.03616361635195586
3,2.0,1.0,1.0,1,15,0.02,60,0.5897917018932947,0.03396373422802035,0.04670345718102508,0.7542472332656507,0.04691874618517311,0.003509477440630071,-0.03747321166865042
3,2.0,1.0,1.0,1,16,0.02,64,0.6100666153119734,0.03562167336358121,0.0432511808278811,0.7071067811865476,0.04691874618517311,0.0030945814522390647,-0.03871625481582028
3,2.0,1.0,1.0,1,17,0.02,68,0.6288853827066895,0.03714424048877557,0.04028167833853512,0.6655122646461624,0.04691874618517311,0.002748625352918088,-0.03989286584169366
3,2.0,1.0,1.0,1,18,0.02,72,0.6463514404919908,0.0385465904697144,0.03769991540925974,0.6285393610547089,0.04691874618517311,0.002457243232827089,-0.04100383370254149
3,2.0,1.0,1.0,1,19,0.02,76,0.6625616179157661,0.03984083769919124,0.0354342243689991,0.5954583420518295,0.04691874618517311,0.002209600304487469,-0.042050438003678706
3,2.0,1.0,1.0,1,20,0.02,80,0.6776062617786678,0.04103690600891016,0.0334295672935753,0.5656854249492381,0.04691874618517311,0.00199740730414133,-0.04303431331305149
3,2.0,1.0,1.0,1,21,0.02,84,0.6915694923978013,0.042143106759018056,0.03164299159172412,0.538748023761179,0.04691874618517311,0.0018142393410374713,-0.04395734610005553
3,2.0,1.0,1.0,1,22,0.02,88,0.7045295231511772,0.04316653934040009,0.03004049250095191,0.51425947722658,0.04691874618517311,0.0016550570297274025,-0.04482159637012749
3,2.0,1.0,1.0,1,23,0.02,92,0.7165590063282283,0.04411337346660632,0.028594801475390355,0.4919003695210766,0.04691874618517311,0.0015158644684948874,-0.04562923793510121
3,2.0,1.0,1.0,1,24,0.02,96,0.727725384427649,0.04498905140619418,0.027283797855765585,0.4714045207910317,0.04691874618517311,0.0013934613640715354,-0.04638251277026571
3,2.0,1.0,1.0,1,25,0.02,100,0.7380912351956768,0.045798435118234795,0.026089348765814292,0.4525483399593905,0.04691874618517311,0.001285260946456812,-0.04708369606469161
3,2.0,1.0,1.0,1,26,0.02,104,0.7477146039359404,0.04654591490301413,0.024996448714440078,0.435142634576337,0.04691874618517311,0.001189154530911174,-0.0477350694339253
3,2.0,1.0,1.0,1,27,0.02,108,0.7566493196831298,0.04723549079760679,0.023992572515947327,0.41902624070313926,0.04691874618517311,0.0011034096037061958,-0.04833890040131299
3,2.0,1.0,1.0,1,28,0.02,112,0.7649452936489793,0.04787083441888243,0.02306718239474735,0.4040610178208843,0.04691874618517311,0.001026592304793572,-0.048897426723676
3,2.0,1.0,1.0,1,29,0.02,116,0.7726487994356992,0.04845533660916339,0.022211348116427068,0.3901278792753366,0.04691874618517311,0.0009575078743206955,-0.049412844483484084
3,2.0,1.0,1.0,1,30,0.02,120,0.77980273516186,0.048992144654843445,0.02141745105615878,0.37712361663282534,0.04691874618517311,0.0008951544713484139,-0.04988729912619186
3,2.0,1.0,1.0,1,31,0.02,124,0.7864468680294396,0.04948419176371839,0.020678951352946714,0.3649583386769278,0.04691874618517311,0.0008386870489365816,-0.05032287881265497
3,2.0,1.0,1.0,1,32,0.02,128,0.792618062079913,0.04993422073517331,0.01999020300657252,0.3535533905932738,0.04691874618517311,0.0007873888643889493,-0.05072160959956226
3,2.0,1.0,1.0,1,33,0.02,132,0.7983504900036908,0.05034480323039532,0.019346305785641855,0.3428396514843868,0.04691874618517311,0.0007406488386430543,-0.051085452069038376
3,2.0,1.0,1.0,1,34,0.02,136,0.8036758299190148,0.05071835567621326,0.018742985671403953,0.3327561323230812,0.04691874618517311,0.0006979434343237223,-0.05141629911053698
3,2.0,1.0,1.0,1,35,0.02,140,0.8086234480475517,0.05105715256860689,0.018176497620486877,0.32324881425670743,0.04691874618517311,0.0006588220523658928,-0.051715974620972785
3,2.0,1.0,1.0,1,36,0.02,144,0.8132205681999548,0.05136333774845006,0.017643545930123666,0.31426968052735443,0.04691874618517311,0.0006228951889019618,-0.05198623293735202
3,2.0,1.0,1.0,1,37,0.02,148,0.8174924289549516,0.05163893408086752,0.017141218594845534,0.30577590537796656,0.04691874618517311,0.0005898247729066441,-0.05222875885377416
3,2.0,1.0,1.0,1,38,0.02,152,0.8214624293768877,0.051885851865709265,0.01666693286599713,0.29772917102591473,0.04691874618517311,0.0005593162380934102,-0.052445168103802675
3,2.0,1.0,1.0,1,39,0.02,156,0.825152264073052,0.05210589622956768,0.01621838984313495,0.29009508971755793,0.04691874618517311,0.0005311119828060318,-0.052637008212373715
3,2.0,1.0,1.0,1,40,0.02,160,0.8285820483462383,0.05230077369217738,0.015793536394327654,0.28284271247461906,0.04691874618517311,0.0005049859473509888,-0.05280575963952837
3,2.0,1.0,1.0,2,1,0.0,4,0.9535594331436631,0.6667062453626736,1.7754758754156221,20.418277998646353,0.04691874618517311,0.6667062453626739,-2.220446049250313e-16
3,2.0,1.0,1.0,2,2,0.0,8,0.7499797901228789,0.016928060843055898,1.703262120963047,5.104569499661588,0.04691874618517311,-0.016928060843056092,1.942890293094024e-16
3,2.0,1.0,1.0,2,3,0.0,12,0.11197038455011799,0.051088350768455804,0.6465033274769314,2.26869755540515,0.04691874618517311,-0.051088350768455776,-2.7755575615628914e-17
3,2.0,1.0,1.0,2,4,0.0,16,0.033463216979650046,0.024664505326011,0.32996818991952026,1.276142374915397,0.04691874618517311,-0.024664505326011166,1.6653345369377348e-16
3,2.0,1.0,1.0,2,5,0.0,20,0.013356555680780868,0.014863750554481081,0.20204427626216956,0.8167311199458542,0.04691874618517311,-0.014863750554480692,-3.885780586188048e-16
3,2.0,1.0,1.0,2,6,0.0,24,0.006337719566337663,0.01004207601342788,0.13703972607761442,0.5671743888512875,0.04691874618517311,-0.010042076013427548,-3.3306690738754696e-16
3,2.0,1.0,1.0,2,7,0.0,28,0.0033846841202493927,0.007269794795364715,0.0992782066218363,0.4166995509927826,0.04691874618517311,-0.00726979479536477,5.551115123125783e-17
3,2.0,1.0,1.0,2,8,0.0,32,0.001969631173164954,0.0055168688875372185,0.07532554959713002,0.31903559372884926,0.04691874618517311,-0.005516868887537385,1.6653345369377348e-16
3,2.0,1.0,1.0,2,9,0.0,36,0.0012232919078705162,0.0043340129824229745,0.059150524155571496,0.2520775061561278,0.04691874618517311,-0.004334012982422419,-5.551115123125783e-16
3,2.0,1.0,1.0,2,10,0.0,40,0.0007995713819831662,0.003496687606720117,0.04770179173662876,0.20418277998646356,0.04691874618517311,-0.0034966876067205055,3.885780586188048e-16
3,2.0,1.0,1.0,2,11,0.0,44,0.0005445665334942174,0.002881614854796377,0.039295313841501645,0.16874609916236655,0.04691874618517311,-0.0028816148547965437,1.6653345369377348e-16
3,2.0,1.0,1.0,2,12,0.0,48,0.0003836591833634717,0.0024162354504983496,0.03293779316280698,0.14179359721282186,0.04691874618517311,-0.002416235450498294,-5.551115123125783e-17
3,2.0,1.0,1.0,2,13,0.0,52,0.00027806748224001865,0.002055470881363153,0.02801170527132878,0.12081821300974174,0.04691874618517311,-0.0020554708813628753,-2.7755575615628914e-16
3,2.0,1.0,1.0,2,14,0.0,56,0.00020644984287010448,0.0017700720758254684,0.02411636404278435,0.10417488774819565,0.04691874618517311,-0.0017700720758254684,0.0
3,2.0,1.0,1.0,2,15,0.0,60,0.00015648668379919517,0.0015403687170760794,0.02098238183151936,0.09074790221620602,0.04691874618517311,-0.0015403687170760794,0.0
3,2.0,1.0,1.0,2,16,0.0,64,0.00012077146827804697,0.0013527277569738705,0.018423130649518154,0.07975889843221232,0.04691874618517311,-0.0013527277569728713,-9.992007221626409e-16
3,2.0,1.0,1.0,2,17,0.0,68,9.469289390540148e-05,0.001197454159037159,0.016305952818450993,0.07065148096417423,0.04691874618517311,-0.0011974541590372145,5.551115123125783e-17
3,2.0,1.0,1.0,2,18,0.0,72,7.52912742671974e-05,0.001067498163079883,0.01453443058022347,0.06301937653903195,0.04691874618517311,-0.001067498163079883,0.0
3,2.0,1.0,1.0,2,19,0.0,76,6.061554841685357e-05,0.0009576327478851288,0.013037106678338092,0.056560326866056373,0.04691874618517311,-0.0009576327478855728,4.440892098500626e-16
3,2.0,1.0,1.0,2,20,0.0,80,4.9348770040813505e-05,0.0008639151953810931,0.011760103202647889,0.05104569499661589,0.04691874618517311,-0.0008639151953815927,4.996003610813204e-16
3,2.0,1.0,1.0,2,21,0.0,84,4.058306707155346e-05,0.0007833257349635359,0.010662169892719012,0.046299950110309185,0.04691874618517311,-0.000783325734964313,7.771561172376096e-16
3,2.0,1.0,1.0,2,22,0.0,88,3.36806160808889e-05,0.0007135196193593374,0.009711288236463812,0.04218652479059164,0.04691874618517311,-0.0007135196193590598,-2.7755575615628914e-16
3,2.0,1.0,1.0,2,23,0.0,92,2.8185596398833113e-05,0.0006526536428979046,0.00888229623726891,0.03859787901445435,0.04691874618517311,-0.0006526536428984042,4.996003610813204e-16
3,2.0,1.0,1.0,2,24,0.0,96,2.376716944296753e-05,0.0005992625838144305,0.008155197413028059,0.035448399303205466,0.04691874618517311,-0.0005992625838136534,-7.771561172376096e-16
3,2.0,1.0,1.0,2,25,0.0,100,2.018179533336273e-05,0.0005521697858245078,0.007513937502025187,0.032669244797834174,0.04691874618517311,-0.0005521697858245633,5.551115123125783e-17
3,2.0,1.0,1.0,2,26,0.0,104,1.72478658538866e-05,0.0005104215000058532,0.006945506553105315,0.030204553252435436,0.04691874618517311,-0.0005104215000069079,1.0547118733938987e-15
3,2.0,1.0,1.0,2,27,0.0,108,1.482833841515152e-05,0.0004732380303170136,0.006439271044806123,0.028008611795125305,0.04691874618517311,-0.00047323803031668055,-3.3306690738754696e-16
3,2.0,1.0,1.0,2,28,0.0,112,1.2818662071811815e-05,0.0004399769382514296,0.005986471023014131,0.026043721937048913,0.04691874618517311,-0.0004399769382524843,1.0547118733938987e-15
3,2.0,1.0,1.0,2,29,0.0,116,1.113826278742458e-05,0.00041010501864219284,0.005579837222604804,0.024278570747498635,0.04691874618517311,-0.0004101050186414712,-7.216449660063518e-16
3,2.0,1.0,1.0,2,30,0.0,120,9.724459042237399e-06,0.00038317673450238843,0.005213296516082333,0.022686975554051504,0.04691874618517311,-0.00038317673450294354,5.551115123125783e-16
3,2.0,1.0,1.0,2,31,0.0,124,8.528061056334302e-06,0.0003588174630326235,0.004881743133352185,0.021246907386728773,0.04691874618517311,-0.0003588174630330676,4.440892098500626e-16
3,2.0,1.0,1.0,2,32,0.0,128,7.510151046496993e-06,0.0003367103632989643,0.004580859379421108,0.01993972460805308,0.04691874618517311,-0.000336710363300019,1.0547118733938987e-15
3,2.0,1.0,1.0,2,33,0.0,132,6.639703014954534e-06,0.0003165859974049168,0.004306973972429908,0.018749566573596287,0.04691874618517311,-0.00031658599740480575,-1.1102230246251565e-16
3,2.0,1.0,1.0,2,34,0.0,136,5.891805465507716e-06,0.0002982140642187048,0.004056949238952538,0.017662870241043557,0.04691874618517311,-0.000298214064217428,-1.27675647831893e-15
3,2.0,1.0,1.0,2,35,0.0,140,5.24632195331165e-06,0.0002813967679001217,0.0038280906356935847,0.01666798203971131,0.04691874618517311,-0.00028139676789984414,-2.7755575615628914e-16
3,2.0,1.0,1.0,2,36,0.0,144,4.686873001258363e-06,0.000265963461845764,0.0036180736844145596,0.015754844134757987,0.04691874618517311,-0.0002659634618445983,-1.1657341758564144e-15
3,2.0,1.0,1.0,2,37,0.0,148,4.200055879310938e-06,0.00025176629503442793,0.003424884591162389,0.014914739224723417,0.04691874618517311,-0.0002517662950331512,-1.27675647831893e-15
3,2.0,1.0,1.0,2,38,0.0,152,3.7748420002037264e-06,0.00023867665194632348,0.0032467716960566852,0.014140081716514093,0.04691874618517311,-0.00023867665194821086,1.887379141862766e-15
3,2.0,1.0,1.0,2,39,0.0,156,3.402108169625606e-06,0.00022658222482596635,0.0030822055526559576,0.013424245889971303,0.04691874618517311,-0.00022658222482713208,1.1657341758564144e-15
3,2.0,1.0,1.0,2,40,0.0,160,3.0742694204777266e-06,0.00021538459314662806,0.002929845926735954,0.012761423749153972,0.04691874618517311,-0.00021538459314668357,5.551115123125783e-17
3,2.0,1.0,1.0,2,1,0.001,4,0.9532207800483143,0.6652797090045696,1.7754758754156221,20.418277998646353,0.04691874618517311,0.6667062453626739,-0.0014265363581043022
3,2.0,1.0,1.0,2,2,0.001,8,0.7509306120904422,0.01656276578102743,1.703262120963047,5.104569499661588,0.04691874618517311,-0.016928060843056092,0.0003652950620286616
3,2.0,1.0,1.0,2,3,0.001,12,0.12059042124097585,0.05119919242093918,0.6465033274769314,2.26869755540515,0.04691874618517311,-0.051088350768455776,-0.00011084165248340105
3,2.0,1.0,1.0,2,4,0.001,16,0.046072684301091016,0.025149851568996795,0.32996818991952026,1.276142374915397,0.04691874618517311,-0.024664505326011166,-0.00048534624298562923
3,2.0,1.0,1.0,2,5,0.001,20,0.02943864660939488,0.015583134656487307,0.20204427626216956,0.8167311199458542,0.04691874618517311,-0.014863750554480692,-0.000719384102006615
3,2.0,1.0,1.0,2,6,0.001,24,0.02573092986313874,0.010960744812927303,0.13703972607761442,0.5671743888512875,0.04691874618517311,-0.010042076013427548,-0.0009186687994997556
3,2.0,1.0,1.0,2,7,0.001,28,0.02601958143702332,0.008374643720946429,0.0992782066218363,0.4166995509927826,0.04691874618517311,-0.00726979479536477,-0.0011048489255816585
3,2.0,1.0,1.0,2,8,0.001,32,0.027808203300544565,0.006801417961671885,0.07532554959713002,0.31903559372884926,0.04691874618517311,-0.005516868887537385,-0.0012845490741345
3,2.0,1.0,1.0,2,9,0.001,36,0.030240324934460272,0.005794446755264693,0.059150524155571496,0.2520775061561278,0.04691874618517311,-0.004334012982422419,-0.0014604337728422734
3,2.0,1.0,1.0,2,10,0.001,40,0.032975771610443294,0.005130473405374925,0.04770179173662876,0.20418277998646356,0.04691874618517311,-0.0034966876067205055,-0.001633785798654419
3,2.0,1.0,1.0,2,11,0.001,44,0.03586366332609825,0.0046869187959703296,0.039295313841501645,0.16874609916236655,0.04691874618517311,-0.0028816148547965437,-0.001805303941173786
3,2.0,1.0,1.0,2,12,0.001,48,0.038831054586486946,0.004391639688792415,0.03293779316280698,0.14179359721282186,0.04691874618517311,-0.002416235450498294,-0.0019754042382941206
3,2.0,1.0,1.0,2,13,0.001,52,0.0418401540332487,0.0041998222928089635,0.02801170527132878,0.12081821300974174,0.04691874618517311,-0.0020554708813628753,-0.002144351411446088
3,2.0,1.0,1.0,2,14,0.001,56,0.04487024257083949,0.004082394866503747,0.02411636404278435,0.10417488774819565,0.04691874618517311,-0.0017700720758254684,-0.0023123227906782784
3,2.0,1.0,1.0,2,15,0.001,60,0.0479094134740623,0.004019810847118721,0.02098238183151936,0.09074790221620602,0.04691874618517311,-0.0015403687170760794,-0.0024794421300426417
3,2.0,1.0,1.0,2,16,0.001,64,0.050950548006734486,0.003998526485059162,0.018423130649518154,0.07975889843221232,0.04691874618517311,-0.0013527277569728713,-0.0026457987280862905
3,2.0,1.0,1.0,2,17,0.001,68,0.05398924505596803,0.004008912998227476,0.016305952818450993,0.07065148096417423,0.04691874618517311,-0.0011974541590372145,-0.0028114588391902617
3,2.0,1.0,1.0,2,18,0.001,72,0.05702270527288711,0.0040439709574448535,0.01453443058022347,0.06301937653903195,0.04691874618517311,-0.001067498163079883,-0.0029764727943649705
3,2.0,1.0,1.0,2,19,0.001,76,0.06004910492874438,0.004098512361736917,0.013037106678338092,0.056560326866056373,0.04691874618517311,-0.0009576327478855728,-0.003140879613851344
3,2.0,1.0,1.0,2,20,0.001,80,0.06306723196146846,0.004168625286780581,0.011760103202647889,0.05104569499661589,0.04691874618517311,-0.0008639151953815927,-0.003304710091398988
3,2.0,1.0,1.0,2,21,0.001,84,0.06607626774181707,0.004251314648695048,0.010662169892719012,0.046299950110309185,0.04691874618517311,-0.000783325734964313,-0.003467988913730735
3,2.0,1.0,1.0,2,22,0.001,88,0.06907565254847126,0.004344255771326244,0.009711288236463812,0.04218652479059164,0.04691874618517311,-0.0007135196193590598,-0.0036307361519671844
3,2.0,1.0,1.0,2,23,0.001,92,0.07206500056647225,0.004445621976114034,0.00888229623726891,0.03859787901445435,0.04691874618517311,-0.0006526536428984042,-0.0037929683332156294
3,2.0,1.0,1.0,2,24,0.001,96,0.0750440449683456,0.004553961808644258,0.008155197413028059,0.035448399303205466,0.04691874618517311,-0.0005992625838136534,-0.0039546992248306045
3,2.0,1.0,1.0,2,25,0.001,100,0.07801260170901869,0.004668110203679965,0.007513937502025187,0.032669244797834174,0.04691874618517311,-0.0005521697858245633,-0.0041159404178554015
3,2.0,1.0,1.0,2,26,0.001,104,0.0809705452162901,0.004787123267538551,0.006945506553105315,0.030204553252435436,0.04691874618517311,-0.0005104215000069079,-0.004276701767531643
3,2.0,1.0,1.0,2,27,0.001,108,0.08391779179311354,0.004910229760648754,0.006439271044806123,0.028008611795125305,0.04691874618517311,-0.00047323803031668055,-0.004436991730332074
3,2.0,1.0,1.0,2,28,0.001,112,0.08685428810985196,0.0050367945631693,0.005986471023014131,0.026043721937048913,0.04691874618517311,-0.0004399769382524843,-0.004596817624916816
3,2.0,1.0,1.0,2,29,0.001,116,0.08978000311236722,0.005166290855123545,0.005579837222604804,0.024278570747498635,0.04691874618517311,-0.0004101050186414712,-0.004756185836482074
3,2.0,1.0,1.0,2,30,0.001,120,0.09269492225723286,0.005298278712804916,0.005213296516082333,0.022686975554051504,0.04691874618517311,-0.00038317673450294354,-0.004915101978301972
3,2.0,1.0,1.0,2,31,0.001,124,0.0955990433552818,0.005432388483741057,0.004881743133352185,0.021246907386728773,0.04691874618517311,-0.0003588174630330676,-0.00507357102070799
3,2.0,1.0,1.0,2,32,0.001,128,0.09849237354065432,0.005568307758179292,0.004580859379421108,0.01993972460805308,0.04691874618517311,-0.000336710363300019,-0.005231597394879273
3,2.0,1.0,1.0,2,33,0.001,132,0.10137492703787376,0.005705771074473398,0.004306973972429908,0.018749566573596287,0.04691874618517311,-0.00031658599740480575,-0.005389185077068592
3,2.0,1.0,1.0,2,34,0.001,136,0.10424672350055175,0.0058445517216246246,0.004056949238952538,0.017662870241043557,0.04691874618517311,-0.000298214064217428,-0.0055463376574071965
3,2.0,1.0,1.0,2,35,0.001,140,0.10710778676410704,0.005984455164454283,0.0038280906356935847,0.01666798203971131,0.04691874618517311,-0.00028139676789984414,-0.005703058396554439
3,2.0,1.0,1.0,2,36,0.001,144,0.10995814390148684,0.0061253137344307595,0.0036180736844145596,0.015754844134757987,0.04691874618517311,-0.0002659634618445983,-0.005859350272586161
3,2.0,1.0,1.0,2,37,0.001,148,0.11279782450252318,0.006266982315080494,0.003424884591162389,0.014914739224723417,0.04691874618517311,-0.0002517662950331512,-0.006015216020047343
3,2.0,1.0,1.0,2,38,0.001,152,0.11562686011978962,0.006409334814626966,0.0032467716960566852,0.014140081716514093,0.04691874618517311,-0.00023867665194821086,-0.006170658162678755
3,2.0,1.0,1.0,2,39,0.001,156,0.11844528383953223,0.006552261265799608,0.0030822055526559576,0.013424245889971303,0.04691874618517311,-0.00022658222482713208,-0.006325679040972476
3,2.0,1.0,1.0,2,40,0.001,160,0.12125312994722448,0.006695665428613717,0.002929845926735954,0.012761423749153972,0.04691874618517311,-0.00021538459314668357,-0.006480280835467034
3,2.0,1.0,1.0,2,1,0.002,4,0.9528831922262626,0.6638545998964483,1.7754758754156221,20.418277998646353,0.04691874618517311,0.6667062453626739,-0.0028516454662255164
3,2.0,1.0,1.0,2,2,0.002,8,0.7518750558950814,0.01620147361009923,1.703262120963047,5.104569499661588,0.04691874618517311,-0.016928060843056092,0.0007265872329568629
3,2.0,1.0,1.0,2,3,0.002,12,0.12912083787841255,0.051308992333078396,0.6465033274769314,2.26869755540515,0.04691874618517311,-0.051088350768455776,-0.00022064156462262008
3,2.0,1.0,1.0,2,4,0.002,16,0.05850389990713878,0.025630003909881682,0.32996818991952026,1.276142374915397,0.04691874618517311,-0.024664505326011166,-0.0009654985838705166
3,2.0,1.0,1.0,2,5,0.002,20,0.04523334274366253,0.016293285332316887,0.20204427626216956,0.8167311199458542,0.04691874618517311,-0.014863750554480692,-0.0014295347778361944
3,2.0,1.0,1.0,2,6,0.002,24,0.04470554139217664,0.011865518621769544,0.13703972607761442,0.5671743888512875,0.04691874618517311,-0.010042076013427548,-0.0018234426083419963
3,2.0,1.0,1.0,2,7,0.002,28,0.04808223499104691,0.009460169757767034,0.0992782066218363,0.4166995509927826,0.04691874618517311,-0.00726979479536477,-0.002190374962402264
3,2.0,1.0,1.0,2,8,0.002,32,0.05289844412982747,0.008060412204742073,0.07532554959713002,0.31903559372884926,0.04691874618517311,-0.005516868887537385,-0.0025435433172046884
3,2.0,1.0,1.0,2,9,0.002,36,0.058310633172338644,0.007222279019488298,0.059150524155571496,0.2520775061561278,0.04691874618517311,-0.004334012982422419,-0.0028882660370658786
3,2.0,1.0,1.0,2,10,0.002,40,0.06398474259851317,0.0067237943856345295,0.04770179173662876,0.20418277998646356,0.04691874618517311,-0.0034966876067205055,-0.003227106778914024
3,2.0,1.0,1.0,2,11,0.002,44,0.06977313720846601,0.006443079489628467,0.039295313841501645,0.16874609916236655,0.04691874618517311,-0.0028816148547965437,-0.0035614646348319234
3,2.0,1.0,1.0,2,12,0.002,48,0.07560477869993654,0.006308410145189736,0.03293779316280698,0.14179359721282186,0.04691874618517311,-0.002416235450498294,-0.0038921746946914415
3,2.0,1.0,1.0,2,13,0.002,52,0.0814431067603627,0.006275241023386002,0.02801170527132878,0.12081821300974174,0.04691874618517311,-0.0020554708813628753,-0.004219770142023127
3,2.0,1.0,1.0,2,14,0.002,56,0.08726826792899722,0.006314681831127378,0.02411636404278435,0.10417488774819565,0.04691874618517311,-0.0017700720758254684,-0.004544609755301909
3,2.0,1.0,1.0,2,15,0.002,60,0.09306901218633801,0.006407314085170757,0.02098238183151936,0.09074790221620602,0.04691874618517311,-0.0015403687170760794,-0.004866945368094677
3,2.0,1.0,1.0,2,16,0.002,64,0.09883875208037107,0.006539687777804448,0.018423130649518154,0.07975889843221232,0.04691874618517311,-0.0013527277569728713,-0.005186960020831577
3,2.0,1.0,1.0,2,17,0.002,68,0.10457353917159451,0.006702244893207254,0.016305952818450993,0.07065148096417423,0.04691874618517311,-0.0011974541590372145,-0.00550479073417004
3,2.0,1.0,1.0,2,18,0.002,72,0.11027097554687215,0.00688804088512196,0.01453443058022347,0.06301937653903195,0.04691874618517311,-0.001067498163079883,-0.005820542722042077
3,2.0,1.0,1.0,2,19,0.002,76,0.11592960428198862,0.007091931347527003,0.013037106678338092,0.056560326866056373,0.04691874618517311,-0.0009576327478855728,-0.00613429859964143
3,2.0,1.0,1.0,2,20,0.002,80,0.12154855589397262,0.0073100397366314684,0.011760103202647889,0.05104569499661589,0.04691874618517311,-0.0008639151953815927,-0.006446124541249876
3,2.0,1.0,1.0,2,21,0.002,84,0.12712733681762978,0.007539400247209005,0.010662169892719012,0.046299950110309185,0.04691874618517311,-0.000783325734964313,-0.006756074512244692
3,2.0,1.0,1.0,2,22,0.002,88,0.13266569932075645,0.007777712866743447,0.009711288236463812,0.04218652479059164,0.04691874618517311,-0.0007135196193590598,-0.007064193247384387
3,2.0,1.0,1.0,2,23,0.002,92,0.13816355950969017,0.008023172033789883,0.00888229623726891,0.03859787901445435,0.04691874618517311,-0.0006526536428984042,-0.007370518390891478
3,2.0,1.0,1.0,2,24,0.002,96,0.14362094449071217,0.00827434464661625,0.008155197413028059,0.035448399303205466,0.04691874618517311,-0.0005992625838136534,-0.007675082062802596
3,2.0,1.0,1.0,2,25,0.002,100,0.1490379576323939,0.008530081810162016,0.007513937502025187,0.032669244797834174,0.04691874618517311,-0.0005521697858245633,-0.007977912024337452
3,2.0,1.0,1.0,2,26,0.002,104,0.15441475531016313,0.008789454057808899,0.006945506553105315,0.030204553252435436,0.04691874618517311,-0.0005104215000069079,-0.00827903255780199
3,2.0,1.0,1.0,2,27,0.002,108,0.15975153107865314,0.009051703170140701,0.006439271044806123,0.028008611795125305,0.04691874618517311,-0.00047323803031668055,-0.00857846513982402
3,2.0,1.0,1.0,2,28,0.002,112,0.16504850473566668,0.009316205900927688,0.005986471023014131,0.026043721937048913,0.04691874618517311,-0.0004399769382524843,-0.008876228962675203
3,2.0,1.0,1.0,2,29,0.002,116,0.17030591466118494,0.009582446361076524,0.005579837222604804,0.024278570747498635,0.04691874618517311,-0.0004101050186414712,-0.009172341342435053
3,2.0,1.0,1.0,2,30,0.002,120,0.17552401238223891,0.009849994776259474,0.005213296516082333,0.022686975554051504,0.04691874618517311,-0.00038317673450294354,-0.00946681804175653
3,2.0,1.0,1.0,2,31,0.002,124,0.18070305867220582,0.010118490990513707,0.004881743133352185,0.021246907386728773,0.04691874618517311,-0.0003588174630330676,-0.009759673527480639
3,2.0,1.0,1.0,2,32,0.002,128,0.18584332072109233,0.010387631541287246,0.004580859379421108,0.01993972460805308,0.04691874618517311,-0.000336710363300019,-0.010050921177987227
3,2.0,1.0,1.0,2,33,0.002,132,0.19094507006308759,0.010657159448828779,0.004306973972429908,0.018749566573596287,0.04691874618517311,-0.00031658599740480575,-0.010340573451423973
3,2.0,1.0,1.0,2,34,0.002,136,0.19600858104500252,0.010926856087383363,0.004056949238952538,0.017662870241043557,0.04691874618517311,-0.000298214064217428,-0.010628642023165935
3,2.0,1.0,1.0,2,35,0.002,140,0.20103412968526202,0.011196534666832458,0.0038280906356935847,0.01666798203971131,0.04691874618517311,-0.00028139676789984414,-0.010915137898932614
3,2.0,1.0,1.0,2,36,0.002,144,0.20602199281783173,0.011466034970291139,0.0036180736844145596,0.015754844134757987,0.04691874618517311,-0.0002659634618445983,-0.01120007150844654
3,2.0,1.0,1.0,2,37,0.002,148,0.21097244744573718,0.01173521907844921,0.003424884591162389,0.014914739224723417,0.04691874618517311,-0.0002517662950331512,-0.01148345278341606
3,2.0,1.0,1.0,2,38,0.002,152,0.21588577025008893,0.012003967874824384,0.0032467716960566852,0.014140081716514093,0.04691874618517311,-0.00023867665194821086,-0.011765291222876173
3,2.0,1.0,1.0,2,39,0.002,156,0.22076223721547228,0.012272178173022008,0.0030822055526559576,0.013424245889971303,0.04691874618517311,-0.00022658222482713208,-0.012045595948194876
3,2.0,1.0,1.0,2,40,0.002,160,0.2256021233430472,0.012539760342732187,0.002929845926735954,0.012761423749153972,0.04691874618517311,-0.00021538459314668357,-0.012324375749585503
3,2.0,1.0,1.0,2,1,0.005,4,0.9518767985954728,0.6595878360719839,1.7754758754156221,20.418277998646353,0.04691874618517311,0.6667062453626739,-0.007118409290689964
3,2.0,1.0,1.0,2,2,0.005,8,0.7546704870541461,0.015141389372326425,1.703262120963047,5.104569499661588,0.04691874618517311,-0.016928060843056092,0.0017866714707296671
3,2.0,1.0,1.0,2,3,0.005,12,0.15418283896503393,0.051632158251315785,0.6465033274769314,2.26869755540515,0.04691874618517311,-0.051088350768455776,-0.0005438074828600092
3,2.0,1.0,1.0,2,4,0.005,16,0.09475155249419553,0.027039618005173127,0.32996818991952026,1.276142374915397,0.04691874618517311,-0.024664505326011166,-0.0023751126791619614
3,2.0,1.0,1.0,2,5,0.005,20,0.0909416722357157,0.018369068295979507,0.20204427626216956,0.8167311199458542,0.04691874618517311,-0.014863750554480692,-0.0035053177414988146
3,2.0,1.0,1.0,2,6,0.005,24,0.09920402266267647,0.014497809850248233,0.13703972607761442,0.5671743888512875,0.04691874618517311,-0.010042076013427548,-0.004455733836820686
3,2.0,1.0,1.0,2,7,0.005,28,0.11097555093491018,0.012603012381384615,0.0992782066218363,0.4166995509927826,0.04691874618517311,-0.00726979479536477,-0.005333217586019845
3,2.0,1.0,1.0,2,8,0.005,32,0.12388785216582798,0.011687433235319178,0.07532554959713002,0.31903559372884926,0.04691874618517311,-0.005516868887537385,-0.006170564347781793
3,2.0,1.0,1.0,2,9,0.005,36,0.1371392637134834,0.011315050129012016,0.059150524155571496,0.2520775061561278,0.04691874618517311,-0.004334012982422419,-0.006981037146589597
3,2.0,1.0,1.0,2,10,0.005,40,0.15041741508811568,0.011267764814834214,0.04770179173662876,0.20418277998646356,0.04691874618517311,-0.0034966876067205055,-0.007771077208113708
3,2.0,1.0,1.0,2,11,0.005,44,0.16358783669915045,0.011425854160897975,0.039295313841501645,0.16874609916236655,0.04691874618517311,-0.0028816148547965437,-0.008544239306101431
3,2.0,1.0,1.0,2,12,0.005,48,0.17658864913232564,0.01171891443635037,0.03293779316280698,0.14179359721282186,0.04691874618517311,-0.002416235450498294,-0.009302678985852075
3,2.0,1.0,1.0,2,13,0.005,52,0.18939039024642945,0.0121032729259129,0.02801170527132878,0.12081821300974174,0.04691874618517311,-0.0020554708813628753,-0.010047802044550025
3,2.0,1.0,1.0,2,14,0.005,56,0.20197915726179327,0.012550652763020365,0.02411636404278435,0.10417488774819565,0.04691874618517311,-0.0017700720758254684,-0.010780580687194896
3,2.0,1.0,1.0,2,15,0.005,60,0.2143489631629708,0.013042089620485309,0.02098238183151936,0.09074790221620602,0.04691874618517311,-0.0015403687170760794,-0.01150172090340923
3,2.0,1.0,1.0,2,16,0.005,64,0.2264980414986657,0.013564484934937504,0.018423130649518154,0.07975889843221232,0.04691874618517311,-0.0013527277569728713,-0.012211757177964633
3,2.0,1.0,1.0,2,17,0.005,68,0.23842696098192406,0.014108563210895375,0.016305952818450993,0.07065148096417423,0.04691874618517311,-0.0011974541590372145,-0.01291110905185816
3,2.0,1.0,1.0,2,18,0.005,72,0.2501376182870523,0.014667614600004986,0.01453443058022347,0.06301937653903195,0.04691874618517311,-0.001067498163079883,-0.013600116436925103
3,2.0,1.0,1.0,2,19,0.005,76,0.2616326783292029,0.015236695250231247,0.013037106678338092,0.056560326866056373,0.04691874618517311,-0.0009576327478855728,-0.014279062502345674
3,2.0,1.0,1.0,2,20,0.005,80,0.2729152524269084,0.01581210417942741,0.011760103202647889,0.05104569499661589,0.04691874618517311,-0.0008639151953815927,-0.014948188984045818
3,2.0,1.0,1.0,2,21,0.005,84,0.28398870770167095,0.016391032443197007,0.010662169892719012,0.046299950110309185,0.04691874618517311,-0.000783325734964313,-0.015607706708232694
3,2.0,1.0,1.0,2,22,0.005,88,0.29485655128757937,0.01697132261765749,0.009711288236463812,0.04218652479059164,0.04691874618517311,-0.0007135196193590598,-0.016257802998298432
3,2.0,1.0,1.0,2,23,0.005,92,0.3055223584425256,0.017551300640276712,0.00888229623726891,0.03859787901445435,0.04691874618517311,-0.0006526536428984042,-0.016898646997378308
3,2.0,1.0,1.0,2,24,0.005,96,0.3159897270999399,0.018129656147678752,0.008155197413028059,0.035448399303205466,0.04691874618517311,-0.0005992625838136534,-0.0175303935638651
3,2.0,1.0,1.0,2,25,0.005,100,0.32626224871937404,0.018705355955224823,0.007513937502025187,0.032669244797834174,0.04691874618517311,-0.0005521697858245633,-0.01815318616940026
3,2.0,1.0,1.0,2,26,0.005,104,0.3363434893966547,0.019277580586553933,0.006945506553105315,0.030204553252435436,0.04691874618517311,-0.0005104215000069079,-0.018767159086547025
3,2.0,1.0,1.0,2,27,0.005,108,0.3462369775548543,0.01984567709249202,0.006439271044806123,0.028008611795125305,0.04691874618517311,-0.00047323803031668055,-0.01937243906217534
3,2.0,1.0,1.0,2,28,0.005,112,0.3559461959283806,0.020409123551064445,0.005986471023014131,0.026043721937048913,0.04691874618517311,-0.0004399769382524843,-0.01996914661281196
3,2.0,1.0,1.0,2,29,0.005,116,0.3654745763908067,0.02096750205701725,0.005579837222604804,0.024278570747498635,0.04691874618517311,-0.0004101050186414712,-0.02055739703837578
3,2.0,1.0,1.0,2,30,0.005,120,0.37482549669187404,0.021520477957900908,0.005213296516082333,0.022686975554051504,0.04691874618517311,-0.00038317673450294354,-0.021137301223397964
3,2.0,1.0,1.0,2,31,0.005,124,0.3840022784918311,0.022067783739168845,0.004881743133352185,0.021246907386728773,0.04691874618517311,-0.0003588174630330676,-0.021708966276135777
3,2.0,1.0,1.0,2,32,0.005,128,0.39300818628602285,0.02260920640596739,0.004580859379421108,0.01993972460805308,0.04691874618517311,-0.000336710363300019,-0.022272496042667372
3,2.0,1.0,1.0,2,33,0.005,132,0.4018464269461701,0.023144577521079346,0.004306973972429908,0.018749566573596287,0.04691874618517311,-0.00031658599740480575,-0.02282799152367454
3,2.0,1.0,1.0,2,34,0.005,136,0.41052014969119743,0.023673765278981518,0.004056949238952538,0.017662870241043557,0.04691874618517311,-0.000298214064217428,-0.02337555121476409
3,2.0,1.0,1.0,2,35,0.005,140,0.41903244635878767,0.02419666815419083,0.0038280906356935847,0.01666798203971131,0.04691874618517311,-0.00028139676789984414,-0.023915271386290987
3,2.0,1.0,1.0,2,36,0.005,144,0.4273863518879044,0.024713209776683953,0.0036180736844145596,0.015754844134757987,0.04691874618517311,-0.0002659634618445983,-0.024447246314839355
3,2.0,1.0,1.0,2,37,0.005,148,0.4355848449489894,0.0252233347709149,0.003424884591162389,0.014914739224723417,0.04691874618517311,-0.0002517662950331512,-0.02497156847588175
3,2.0,1.0,1.0,2,38,0.005,152,0.44363084867688696,0.025727005356977972,0.0032467716960566852,0.014140081716514093,0.04691874618517311,-0.00023867665194821086,-0.02548832870502976
3,2.0,1.0,1.0,2,39,0.005,156,0.4515272314744021,0.02622419855854663,0.0030822055526559576,0.013424245889971303,0.04691874618517311,-0.00022658222482713208,-0.025997616333719498
3,2.0,1.0,1.0,2,40,0.005,160,0.4592768078632863,0.026714903897064546,0.002929845926735954,0.012761423749153972,0.04691874618517311,-0.00021538459314668357,-0.026499519303917862
3,2.0,1.0,1.0,2,1,0.01,4,0.9502205781632744,0.6525051080308716,1.7754758754156221,20.418277998646353,0.04691874618517311,0.6667062453626739,-0.014201137331802283
3,2.0,1.0,1.0,2,2,0.01,8,0.7592053903258448,0.013452551539835253,1.703262120963047,5.104569499661588,0.04691874618517311,-0.016928060843056092,0.003475509303220839
3,2.0,1.0,1.0,2,3,0.01,12,0.194238424655913,0.052150097824275654,0.6465033274769314,2.26869755540515,0.04691874618517311,-0.051088350768455776,-0.0010617470558198783
3,2.0,1.0,1.0,2,4,0.01,16,0.15181443522862526,0.02928808762863533,0.32996818991952026,1.276142374915397,0.04691874618517311,-0.024664505326011166,-0.004623582302624163
3,2.0,1.0,1.0,2,5,0.01,20,0.16181639068800668,0.02165085479266632,0.20204427626216956,0.8167311199458542,0.04691874618517311,-0.014863750554480692,-0.006787104238185626
3,2.0,1.0,1.0,2,6,0.01,24,0.18244240303162984,0.018619534581039154,0.13703972607761442,0.5671743888512875,0.04691874618517311,-0.010042076013427548,-0.008577458567611607
3,2.0,1.0,1.0,2,7,0.01,28,0.205600204592298,0.017475100652163678,0.0992782066218363,0.4166995509927826,0.04691874618517311,-0.00726979479536477,-0.010205305856798907
3,2.0,1.0,1.0,2,8,0.01,32,0.2291007945153688,0.01725264378702107,0.07532554959713002,0.31903559372884926,0.04691874618517311,-0.005516868887537385,-0.011735774899483686
3,2.0,1.0,1.0,2,9,0.01,36,0.2522323734338128,0.017529593023435708,0.059150524155571496,0.2520775061561278,0.04691874618517311,-0.004334012982422419,-0.013195580041013288
3,2.0,1.0,1.0,2,10,0.01,40,0.27473889419073183,0.018094686106361724,0.04770179173662876,0.20418277998646356,0.04691874618517311,-0.0034966876067205055,-0.014597998499641218
3,2.0,1.0,1.0,2,11,0.01,44,0.2965275273288335,0.018832224882533055,0.039295313841501645,0.16874609916236655,0.04691874618517311,-0.0028816148547965437,-0.01595061002773651
3,2.0,1.0,1.0,2,12,0.01,48,0.31757064808068913,0.019674460301352448,0.03293779316280698,0.14179359721282186,0.04691874618517311,-0.002416235450498294,-0.017258224850854154
3,2.0,1.0,1.0,2,13,0.01,52,0.3378688178582272,0.02057963456274181,0.02801170527132878,0.12081821300974174,0.04691874618517311,-0.0020554708813628753,-0.018524163681378936
3,2.0,1.0,1.0,2,14,0.01,56,0.35743542168926556,0.021520953509161833,0.02411636404278435,0.10417488774819565,0.04691874618517311,-0.0017700720758254684,-0.019750881433336365
3,2.0,1.0,1.0,2,15,0.01,60,0.3762897934400321,0.022480666435935104,0.02098238183151936,0.09074790221620602,0.04691874618517311,-0.0015403687170760794,-0.020940297718859024
3,2.0,1.0,1.0,2,16,0.01,64,0.3944539467307935,0.02344671175834323,0.018423130649518154,0.07975889843221232,0.04691874618517311,-0.0013527277569728713,-0.02209398400137036
3,2.0,1.0,1.0,2,17,0.01,68,0.41195094344446304,0.024410729591063607,0.016305952818450993,0.07065148096417423,0.04691874618517311,-0.0011974541590372145,-0.023213275432026392
3,2.0,1.0,1.0,2,18,0.01,72,0.42880404898280666,0.02536683887321725,0.01453443058022347,0.06301937653903195,0.04691874618517311,-0.001067498163079883,-0.024299340710137368
3,2.0,1.0,1.0,2,19,0.01,76,0.44503628396907446,0.026310860123365587,0.013037106678338092,0.056560326866056373,0.04691874618517311,-0.0009576327478855728,-0.025353227375480014
3,2.0,1.0,1.0,2,20,0.01,80,0.4606701840088936,0.02723980731100148,0.011760103202647889,0.05104569499661589,0.04691874618517311,-0.0008639151953815927,-0.026375892115619887
3,2.0,1.0,1.0,2,21,0.01,84,0.4757276724747641,0.028151547340972194,0.010662169892719012,0.046299950110309185,0.04691874618517311,-0.000783325734964313,-0.02736822160600788
3,2.0,1.0,1.0,2,22,0.01,88,0.4902299964863752,0.029044566803993616,0.009711288236463812,0.04218652479059164,0.04691874618517311,-0.0007135196193590598,-0.028331047184634556
3,2.0,1.0,1.0,2,23,0.01,92,0.5041976990591057,0.02991780904697,0.00888229623726891,0.03859787901445435,0.04691874618517311,-0.0006526536428984042,-0.029265155404071597
3,2.0,1.0,1.0,2,24,0.01,96,0.5176506123147898,0.03077055834609116,0.008155197413028059,0.035448399303205466,0.04691874618517311,-0.0005992625838136534,-0.030171295762277506
3,2.0,1.0,1.0,2,25,0.01,100,0.5306078630854454,0.03160235624863983,0.007513937502025187,0.032669244797834174,0.04691874618517311,-0.0005521697858245633,-0.031050186462815266
3,2.0,1.0,1.0,2,26,0.01,104,0.5430878858176891,0.032412940273378266,0.006945506553105315,0.030204553252435436,0.04691874618517311,-0.0005104215000069079,-0.03190251877337136
3,2.0,1.0,1.0,2,27,0.01,108,0.5551084397254762,0.03320219840123717,0.006439271044806123,0.028008611795125305,0.04691874618517311,-0.00047323803031668055,-0.03272896037092049
3,2.0,1.0,1.0,2,28,0.01,112,0.5666866283294607,0.03397013488169079,0.005986471023014131,0.026043721937048913,0.04691874618517311,-0.0004399769382524843,-0.033530157943438305
3,2.0,1.0,1.0,2,29,0.01,116,0.5778389202315858,0.03471684425770455,0.005579837222604804,0.024278570747498635,0.04691874618517311,-0.0004101050186414712,-0.03430673923906308
3,2.0,1.0,1.0,2,30,0.01,120,0.5885811704048063,0.03544249143404862,0.005213296516082333,0.022686975554051504,0.04691874618517311,-0.00038317673450294354,-0.03505931469954568
3,2.0,1.0,1.0,2,31,0.01,124,0.598928641544984,0.03614729624064661,0.004881743133352185,0.021246907386728773,0.04691874618517311,-0.0003588174630330676,-0.03578847877761354
3,2.0,1.0,1.0,2,32,0.01,128,0.6088960251991925,0.03683152137491774,0.004580859379421108,0.01993972460805308,0.04691874618517311,-0.000336710363300019,-0.03649481101161772
3,2.0,1.0,1.0,2,33,0.01,132,0.6184974624918895,0.03749546290947248,0.004306973972429908,0.018749566573596287,0.04691874618517311,-0.00031658599740480575,-0.03717887691206767
3,2.0,1.0,1.0,2,34,0.01,136,0.627746564338701,0.038139442765416864,0.004056949238952538,0.017662870241043557,0.04691874618517311,-0.000298214064217428,-0.037841228701199436
3,2.0,1.0,1.0,2,35,0.01,140,0.6366564310825888,0.03876380270479665,0.0038280906356935847,0.01666798203971131,0.04691874618517311,-0.00028139676789984414,-0.03848240593689681
3,2.0,1.0,1.0,2,36,0.01,144,0.6452396715165177,0.03936889950671099,0.0036180736844145596,0.015754844134757987,0.04691874618517311,-0.0002659634618445983,-0.03910293604486639
3,2.0,1.0,1.0,2,37,0.01,148,0.6535084212760818,0.03995510107267339,0.003424884591162389,0.014914739224723417,0.04691874618517311,-0.0002517662950331512,-0.03970333477764024
3,2.0,1.0,1.0,2,38,0.01,152,0.6614743605983551,0.04052278326680138,0.0032467716960566852,0.014140081716514093,0.04691874618517311,-0.00023867665194821086,-0.04028410661485317
3,2.0,1.0,1.0,2,39,0.01,156,0.6691487314517623,0.0410723273409533,0.0030822055526559576,0.013424245889971303,0.04691874618517311,-0.00022658222482713208,-0.04084574511612617
3,2.0,1.0,1.0,2,40,0.01,160,0.6765423540473123,0.04160411782857816,0.002929845926735954,0.012761423749153972,0.04691874618517311,-0.00021538459314668357,-0.04138873323543148
3,2.0,1.0,1.0,2,1,0.02,4,0.9469862967998419,0.6384466956973789,1.7754758754156221,20.418277998646353,0.04691874618517311,0.6667062453626739,-0.02825954966529498
3,2.0,1.0,1.0,2,2,0.02,8,0.7678256546894747,0.010357393443951174,1.703262120963047,5.104569499661588,0.04691874618517311,-0.016928060843056092,0.006570667399104918
3,2.0,1.0,1.0,2,3,0.02,12,0.2682786789741147,0.05310940756177701,0.6465033274769314,2.26869755540515,0.04691874618517311,-0.051088350768455776,-0.0020210567933212353
3,2.0,1.0,1.0,2,4,0.02,16,0.2543452061378395,0.03342109079629718,0.32996818991952026,1.276142374915397,0.04691874618517311,-0.024664505326011166,-0.008756585470286016
3,2.0,1.0,1.0,2,5,0.02,20,0.2856133862088235,0.02758009353329599,0.20204427626216956,0.8167311199458542,0.04691874618517311,-0.014863750554480692,-0.012716342978815298
3,2.0,1.0,1.0,2,6,0.02,24,0.3238036930746564,0.02592702226828819,0.13703972607761442,0.5671743888512875,0.04691874618517311,-0.010042076013427548,-0.015884946254860643
3,2.0,1.0,1.0,2,7,0.02,28,0.36186536678542236,0.02594382926657507,0.0992782066218363,0.4166995509927826,0.04691874618517311,-0.00726979479536477,-0.0186740344712103
3,2.0,1.0,1.0,2,8,0.02,32,0.3980813540330913,0.02673098633754256,0.07532554959713002,0.31903559372884926,0.04691874618517311,-0.005516868887537385,-0.021214117450005177
3,2.0,1.0,1.0,2,9,0.02,36,0.43202954061406307,0.027895295259050185,0.059150524155571496,0.2520775061561278,0.04691874618517311,-0.004334012982422419,-0.023561282276627765
3,2.0,1.0,1.0,2,10,0.02,40,0.46366862687891086,0.02924211709412905,0.04770179173662876,0.20418277998646356,0.04691874618517311,-0.0034966876067205055,-0.025745429487408544
3,2.0,1.0,1.0,2,11,0.02,44,0.4930820704608804,0.030666860068304602,0.039295313841501645,0.16874609916236655,0.04691874618517311,-0.0028816148547965437,-0.02778524521350806
3,2.0,1.0,1.0,2,12,0.02,48,0.520394635142359,0.03211011262959096,0.03293779316280698,0.14179359721282186,0.04691874618517311,-0.002416235450498294,-0.029693877179092665
3,2.0,1.0,1.0,2,13,0.02,52,0.5457420937017292,0.03353689271281879,0.02801170527132878,0.12081821300974174,0.04691874618517311,-0.0020554708813628753,-0.031481421831455914
3,2.0,1.0,1.0,2,14,0.02,56,0.5692594300138298,0.03492621140602087,0.02411636404278435,0.10417488774819565,0.04691874618517311,-0.0017700720758254684,-0.0331561393301954
3,2.0,1.0,1.0,2,15,0.02,60,0.5910761213591628,0.03626546802279135,0.02098238183151936,0.09074790221620602,0.04691874618517311,-0.0015403687170760794,-0.03472509930571527
3,2.0,1.0,1.0,2,16,0.02,64,0.611314336835258,0.037547275771237676,0.018423130649518154,0.07975889843221232,0.04691874618517311,-0.0013527277569728713,-0.036194548014264805
3,2.0,1.0,1.0,2,17,0.02,68,0.6300884031481558,0.03876758316469431,0.016305952818450993,0.07065148096417423,0.04691874618517311,-0.0011974541590372145,-0.037570129005657094
3,2.0,1.0,1.0,2,18,0.02,72,0.6475048394491767,0.039924520305225225,0.01453443058022347,0.06301937653903195,0.04691874618517311,-0.001067498163079883,-0.03885702214214534
3,2.0,1.0,1.0,2,19,0.02,76,0.663662648667391,0.041017667604368535,0.013037106678338092,0.056560326866056373,0.04691874618517311,-0.0009576327478855728,-0.04006003485648296
3,2.0,1.0,1.0,2,20,0.02,80,0.6786537191691127,0.042047579511164515,0.011760103202647889,0.05104569499661589,0.04691874618517311,-0.0008639151953815927,-0.04118366431578292
3,2.0,1.0,1.0,2,21,0.02,84,0.6925632661265695,0.04301546697454041,0.010662169892719012,0.046299950110309185,0.04691874618517311,-0.000783325734964313,-0.042232141239576096
3,2.0,1.0,1.0,2,22,0.02,88,0.7054702778217621,0.04392298141924826,0.009711288236463812,0.04218652479059164,0.04691874618517311,-0.0007135196193590598,-0.0432094617998892
3,2.0,1.0,1.0,2,23,0.02,92,0.7174479497557661,0.044772065217567325,0.00888229623726891,0.03859787901445435,0.04691874618517311,-0.0006526536428984042,-0.04411941157466892
3,2.0,1.0,1.0,2,24,0.02,96,0.7285640983849825,0.04556484666224532,0.008155197413028059,0.035448399303205466,0.04691874618517311,-0.0005992625838136534,-0.04496558407843167
3,2.0,1.0,1.0,2,25,0.02,100,0.7388815509516871,0.04630356530004685,0.007513937502025187,0.032669244797834174,0.04691874618517311,-0.0005521697858245633,-0.04575139551422229
3,2.0,1.0,1.0,2,26,0.02,104,0.7484585103219477,0.04699051834116069,0.006945506553105315,0.030204553252435436,0.04691874618517311,-0.0005104215000069079,-0.046480096841153784
3,2.0,1.0,1.0,2,27,0.02,108,0.7573488950342654,0.04762802193025596,0.006439271044806123,0.028008611795125305,0.04691874618517311,-0.00047323803031668055,-0.04715478389993928
3,2.0,1.0,1.0,2,28,0.02,112,0.7656026554318669,0.048218383046758156,0.005986471023014131,0.026043721937048913,0.04691874618517311,-0.0004399769382524843,-0.04777840610850567
3,2.0,1.0,1.0,2,29,0.02,116,0.7732660670819622,0.04876387910501473,0.005579837222604804,0.024278570747498635,0.04691874618517311,-0.0004101050186414712,-0.04835377408637326
3,2.0,1.0,1.0,2,30,0.02,120,0.7803820028275809,0.04926674319669859,0.005213296516082333,0.022686975554051504,0.04691874618517311,-0.00038317673450294354,-0.048883566462195646
3,2.0,1.0,1.0,2,31,0.02,124,0.7869901848556644,0.04972915351025457,0.004881743133352185,0.021246907386728773,0.04691874618517311,-0.0003588174630330676,-0.049370336047221505
3,2.0,1.0,1.0,2,32,0.02,128,0.7931274181451089,0.05015322587058435,0.004580859379421108,0.01993972460805308,0.04691874618517311,-0.000336710363300019,-0.04981651550728433
3,2.0,1.0,1.0,2,33,0.02,132,0.7988278066077844,0.050541008627884534,0.004306973972429908,0.018749566573596287,0.04691874618517311,-0.00031658599740480575,-0.05022442263047973
3,2.0,1.0,1.0,2,34,0.02,136,0.8041229531685057,0.05089447932660701,0.004056949238952538,0.017662870241043557,0.04691874618517311,-0.000298214064217428,-0.050596265262389584
3,2.0,1.0,1.0,2,35,0.02,140,0.8090421449562644,0.051215542730423516,0.0038280906356935847,0.01666798203971131,0.04691874618517311,-0.00028139676789984414,-0.05093414596252367
3,2.0,1.0,1.0,2,36,0.02,144,0.8136125247033736,0.05150602988403226,0.0036180736844145596,0.015754844134757987,0.04691874618517311,-0.0002659634618445983,-0.05124006642218766
3,2.0,1.0,1.0,2,37,0.02,148,0.8178592493745027,0.05176769796943306,0.003424884591162389,0.014914739224723417,0.04691874618517311,-0.0002517662950331512,-0.05151593167439991
3,2.0,1.0,1.0,2,38,0.02,152,0.8218056369756932,0.05200223077117018,0.0032467716960566852,0.014140081716514093,0.04691874618517311,-0.00023867665194821086,-0.05176355411922197
3,2.0,1.0,1.0,2,39,0.02,156,0.8254733024251139,0.05221123960741046,0.0030822055526559576,0.013424245889971303,0.04691874618517311,-0.00022658222482713208,-0.05198465738258333
3,2.0,1.0,1.0,2,40,0.02,160,0.8288822833029457,0.05239626461572797,0.002929845926735954,0.012761423749153972,0.04691874618517311,-0.00021538459314668357,-0.05218088002258128
4,2.0,1.0,1.0,1,1,0.0,6,0.7716383157632002,0.7122154169354393,1.9378367009008897,17.88854381999832,0.058571796071826915,-0.7122154169354392,-1.1102230246251565e-16
4,2.0,1.0,1.0,1,2,0.0,12,0.9124403928022066,0.45868567429574403,1.9794547822139053,8.94427190999916,0.058571796071826915,0.4586856742957439,1.1102230246251565e-16
4,2.0,1.0,1.0,1,3,0.0,18,0.5694698925029398,0.047522766643628145,1.367663700412042,5.962847939999439,0.058571796071826915,0.047522766643628284,-1.3877787807814457e-16
4,2.0,1.0,1.0,1,4,0.0,24,0.2715235603962449,0.022827960904140535,0.8976523830325339,4.47213595499958,0.058571796071826915,0.022827960904140285,2.498001805406602e-16
4,2.0,1.0,1.0,1,5,0.0,30,0.14982798164409794,0.013522856275934886,0.6564718918544042,3.5777087639996643,0.058571796071826915,0.013522856275934941,-5.551115123125783e-17
4,2.0,1.0,1.0,1,6,0.0,36,0.09362662460381888,0.009018551022961951,0.516909481864952,2.9814239699997196,0.058571796071826915,0.009018551022962007,-5.551115123125783e-17
4,2.0,1.0,1.0,1,7,0.0,42,0.06382001391244208,0.006478276947628536,0.42689979050349847,2.5555062599997598,0.058571796071826915,0.006478276947628786,-2.498001805406602e-16
4,2.0,1.0,1.0,1,8,0.0,48,0.046262455540591274,0.004893236592469236,0.3641575836523822,2.23606797749979,0.058571796071826915,0.0048932365924686805,5.551115123125783e-16
4,2.0,1.0,1.0,1,9,0.0,54,0.035082292093027156,0.0038327873921492894,0.31789891412496085,1.987615979999813,0.058571796071826915,0.003832787392149567,-2.7755575615628914e-16
4,2.0,1.0,1.0,1,10,0.0,60,0.027530506806237254,0.003086302512160244,0.28234079069317636,1.7888543819998322,0.058571796071826915,0.003086302512160216,2.7755575615628914e-17
4,2.0,1.0,1.0,1,11,0.0,66,0.02219044031611217,0.00254002497494743,0.25412081137281867,1.6262312563634835,0.058571796071826915,0.002540024974946875,5.551115123125783e-16
4,2.0,1.0,1.0,1,12,0.0,72,0.018274217175284657,0.0021277848817448375,0.23115485960677426,1.4907119849998598,0.058571796071826915,0.0021277848817456146,-7.771561172376096e-16
4,2.0,1.0,1.0,1,13,0.0,78,0.015315936716470802,0.0018088193246161566,0.21208308634768186,1.376041832307563,0.058571796071826915,0.0018088193246167672,-6.106226635438361e-16
4,2.0,1.0,1.0,1,14,0.0,84,0.013025921377709637,0.0015568412274291898,0.19598026939368543,1.2777531299998799,0.058571796071826915,0.0015568412274291343,5.551115123125783e-17
4,2.0,1.0,1.0,1,15,0.0,90,0.011216402295656125,0.0013542522822624636,0.18219469091585264,1.1925695879998879,0.058571796071826915,0.0013542522822610203,1.4432899320127035e-15
4,2.0,1.0,1.0,1,16,0.0,96,0.009761325015686495,0.0011888971535115589,0.1702537319261622,1.118033988749895,0.058571796071826915,0.0011888971535116977,-1.3877787807814457e-16
4,2.0,1.0,1.0,1,17,0.0,102,0.008573499022562991,0.00105215435212333,0.15980607544525233,1.0522672835293128,0.058571796071826915,0.0010521543521224974,8.326672684688674e-16
4,2.0,1.0,1.0,1,18,0.0,108,0.007591042748915422,0.0009377676135867152,0.15058496944446342,0.9938079899999065,0.058571796071826915,0.0009377676135875479,-8.326672684688674e-16
4,2.0,1.0,1.0,1,19,0.0,114,0.006769042229832989,0.0008411058142670236,0.1423841075662148,0.9415023063157008,0.058571796071826915,0.0008411058142681338,-1.1102230246251565e-15
4,2.0,1.0,1.0,1,20,0.0,120,0.006074251513536688,0.0007586803103264983,0.13504134133598228,0.8944271909999161,0.058571796071826915,0.0007586803103274142,-9.159339953157541e-16
4,2.0,1.0,1.0,1,21,0.0,126,0.00548162990200618,0.0006878219803418961,0.12842740569247185,0.8518354199999197,0.058571796071826915,0.0006878219803418406,5.551115123125783e-17
4,2.0,1.0,1.0,1,22,0.0,132,0.004972022587822811,0.0006264601833789463,0.1224379424112211,0.8131156281817418,0.058571796071826915,0.0006264601833797789,-8.326672684688674e-16
4,2.0,1.0,1.0,1,23,0.0,138,0.00453057246905364,0.000572968395926271,0.11698774605574043,0.7777627747825355,0.058571796071826915,0.0005729683959276033,-1.3322676295501878e-15
4,2.0,1.0,1.0,1,24,0.0,144,0.004145610921231335,0.0005260544527879996,0.11200654042244727,0.7453559924999299,0.058571796071826915,0.0005260544527891375,-1.1379786002407855e-15
4,2.0,1.0,1.0,1,25,0.0,150,0.0038078691625911265,0.00048468122480832543,0.10743582954742895,0.7155417527999327,0.058571796071826915,0.00048468122480907483,-7.494005416219807e-16
4,2.0,1.0,1.0,1,26,0.0,156,0.003509908438500964,0.0004480084423934827,0.10322651647112313,0.6880209161537815,0.058571796071826915,0.00044800844239320514,2.7755575615628914e-16
4,2.0,1.0,1.0,1,27,0.0,162,0.003245702227358205,0.0004153494512060818,0.09933707931736066,0.6625386599999377,0.058571796071826915,0.00041534945120660915,-5.273559366969494e-16
4,2.0,1.0,1.0,1,28,0.0,168,0.003010325778805334,0.0003861386701281,0.09573215780533116,0.6388765649999399,0.058571796071826915,0.0003861386701287661,-6.661338147750939e-16
4,2.0,1.0,1.0,1,29,0.0,174,0.0027997225590814523,0.00035990682489378534,0.09238144603631808,0.6168463386206317,0.058571796071826915,0.0003599068248948123,-1.0269562977782698e-15
4,2.0,1.0,1.0,1,30,0.0,180,0.0026105265551035206,0.00033626190221303087,0.08925881661140246,0.5962847939999439,0.058571796071826915,0.0003362619022144464,-1.4155343563970746e-15
4,2.0,1.0,1.0,1,31,0.0,186,0.002439925659497133,0.000314874361353662,0.08634162143110463,0.577049800645107,0.058571796071826915,0.0003148743613546612,-9.992007221626409e-16
4,2.0,1.0,1.0,1,32,0.0,192,0.0022855556192895587,0.0002954655483272395,0.08361012883262549,0.5590169943749475,0.058571796071826915,0.00029546554832607375,1.1657341758564144e-15
4,2.0,1.0,1.0,1,33,0.0,198,0.0021454169684349544,0.00027779854331039244,0.08104706693931747,0.5420770854544946,0.058571796071826915,0.00027779854331083653,-4.440892098500626e-16
4,2.0,1.0,1.0,1,34,0.0,204,0.002017809417114824,0.000261670873869968,0.0786372504885102,0.5261336417646564,0.058571796071826915,0.0002616708738700235,-5.551115123125783e-17
4,2.0,1.0,1.0,1,35,0.0,210,0.0019012796233308649,0.0002469086713868529,0.0763672738121792,0.5111012519999518,0.058571796071826915,0.00024690867138663086,2.220446049250313e-16
4,2.0,1.0,1.0,1,36,0.0,216,0.0017945793128810728,0.0002333619527714048,0.07422525664521094,0.49690399499995325,0.058571796071826915,0.00023336195277232075,-9.159339953157541e-16
4,2.0,1.0,1.0,1,37,0.0,222,0.00169663146671728,0.00022090078635378374,0.07220063242447142,0.48347415729725196,0.058571796071826915,0.00022090078635458865,-8.049116928532385e-16
4,2.0,1.0,1.0,1,38,0.0,228,0.0016065028456233588,0.00020941215741401842,0.07028397099556236,0.4707511531578504,0.058571796071826915,0.00020941215741401842,0.0
4,2.0,1.0,1.0,1,39,0.0,234,0.0015233815289046326,0.00019879739109368577,0.06846682935873634,0.4586806107691876,0.058571796071826915,0.00019879739109227024,1.4155343563970746e-15
4,2.0,1.0,1.0,1,40,0.0,240,0.0014465584471617943,0.00018897002217987957,0.06674162540076085,0.44721359549995804,0.058571796071826915,0.00018897002217990733,-2.7755575615628914e-17
4,2.0,1.0,1.0,1,1,0.001,6,0.7725359714598997,0.7109087833373331,1.9378367009008897,17.88854381999832,0.058571796071826915,-0.7122154169354392,0.0013066335981061217
4,2.0,1.0,1.0,1,2,0.001,12,0.9126415173248805,0.4566197458905832,1.9794547822139053,8.94427190999916,0.058571796071826915,0.4586856742957439,-0.002065928405160733
4,2.0,1.0,1.0,1,3,0.001,18,0.5752473123871856,0.046470663309380336,1.367663700412042,5.962847939999439,0.058571796071826915,0.047522766643628284,-0.0010521033342479474
4,2.0,1.0,1.0,1,4,0.001,24,0.28545224117462875,0.02173155812909873,0.8976523830325339,4.47213595499958,0.058571796071826915,0.022827960904140285,-0.001096402775041555
4,2.0,1.0,1.0,1,5,0.001,30,0.1703716145509664,0.012191848904117342,0.6564718918544042,3.5777087639996643,0.058571796071826915,0.013522856275934941,-0.0013310073718175996
4,2.0,1.0,1.0,1,6,0.001,36,0.11996135362138916,0.007426077570169776,0.516909481864952,2.9814239699997196,0.058571796071826915,0.009018551022962007,-0.0015924734527922313
4,2.0,1.0,1.0,1,7,0.001,42,0.09552886450473341,0.004618715326634715,0.42689979050349847,2.5555062599997598,0.058571796071826915,0.006478276947628786,-0.0018595616209940713
4,2.0,1.0,1.0,1,8,0.001,48,0.08311276035132253,0.0027658890189844187,0.3641575836523822,2.23606797749979,0.058571796071826915,0.0048932365924686805,-0.0021273475734842617
4,2.0,1.0,1.0,1,9,0.001,54,0.0769286217066617,0.0014383156723027923,0.31789891412496085,1.987615979999813,0.058571796071826915,0.003832787392149567,-0.0023944717198467746
4,2.0,1.0,1.0,1,10,0.001,60,0.07427275519216014,0.0004257630202339213,0.28234079069317636,1.7888543819998322,0.058571796071826915,0.003086302512160216,-0.002660539491926295
4,2.0,1.0,1.0,1,11,0.001,66,0.07375399034227104,0.00038542521018172793,0.25412081137281867,1.6262312563634835,0.058571796071826915,0.002540024974946875,-0.002925450185128603
4,2.0,1.0,1.0,1,12,0.001,72,0.07459977017923003,0.0010614124153781324,0.23115485960677426,1.4907119849998598,0.058571796071826915,0.0021277848817456146,-0.003189197297123747
4,2.0,1.0,1.0,1,13,0.001,78,0.07635392250021211,0.001642984095925365,0.21208308634768186,1.376041832307563,0.058571796071826915,0.0018088193246167672,-0.003451803420542132
4,2.0,1.0,1.0,1,14,0.001,84,0.07873324136530013,0.00215645673771675,0.19598026939368543,1.2777531299998799,0.058571796071826915,0.0015568412274291343,-0.003713297965145884
4,2.0,1.0,1.0,1,15,0.001,90,0.08155443664722861,0.002619457303777911,0.18219469091585264,1.1925695879998879,0.058571796071826915,0.0013542522822610203,-0.0039737095860389315
4,2.0,1.0,1.0,1,16,0.001,96,0.08469466137505188,0.0030441667386852944,0.1702537319261622,1.118033988749895,0.058571796071826915,0.0011888971535116977,-0.004233063892196992
4,2.0,1.0,1.0,1,17,0.001,102,0.08806909221125303,0.003439228713237763,0.15980607544525233,1.0522672835293128,0.058571796071826915,0.0010521543521224974,-0.0044913830653602604
4,2.0,1.0,1.0,1,18,0.001,108,0.09161764198539801,0.003810918519913137,0.15058496944446342,0.9938079899999065,0.058571796071826915,0.0009377676135875479,-0.004748686133500685
4,2.0,1.0,1.0,1,19,0.001,114,0.0952967901132089,0.004163883609562713,0.1423841075662148,0.9415023063157008,0.058571796071826915,0.0008411058142681338,-0.005004989423830847
4,2.0,1.0,1.0,1,20,0.001,120,0.09907439658799566,0.004501626709832091,0.13504134133598228,0.8944271909999161,0.058571796071826915,0.0007586803103274142,-0.005260307020159505
4,2.0,1.0,1.0,1,21,0.001,126,0.10292631630448223,0.004826829186149129,0.12842740569247185,0.8518354199999197,0.058571796071826915,0.0006878219803418406,-0.005514651166490969
4,2.0,1.0,1.0,1,22,0.001,132,0.106834133228908,0.005141572420920337,0.1224379424112211,0.8131156281817418,0.058571796071826915,0.0006264601833797789,-0.005768032604300116
4,2.0,1.0,1.0,1,23,0.001,138,0.11078361016441118,0.0054474924515375,0.11698774605574043,0.7777627747825355,0.058571796071826915,0.0005729683959276033,-0.006020460847465103
4,2.0,1.0,1.0,1,24,0.001,144,0.11476360692761078,0.005745889951188854,0.11200654042244727,0.7453559924999299,0.058571796071826915,0.0005260544527891375,-0.0062719444039779915
4,2.0,1.0,1.0,1,25,0.001,150,0.11876531183502081,0.006037809729205673,0.10743582954742895,0.7155417527999327,0.058571796071826915,0.00048468122480907483,-0.006522490954014748
4,2.0,1.0,1.0,1,26,0.001,156,0.12278168688525881,0.006324099050623477,0.10322651647112313,0.6880209161537815,0.058571796071826915,0.00044800844239320514,-0.0067721074930166825
4,2.0,1.0,1.0,1,27,0.001,162,0.12680706129816555,0.006605450995704476,0.09933707931736066,0.6625386599999377,0.058571796071826915,0.00041534945120660915,-0.007020800446911085
4,2.0,1.0,1.0,1,28,0.001,168,0.13083682972500288,0.006882437095110522,0.09573215780533116,0.6388765649999399,0.058571796071826915,0.0003861386701287661,-0.007268575765239288
4,2.0,1.0,1.0,1,29,0.001,174,0.1348672254060621,0.007155532171892104,0.09238144603631808,0.6168463386206317,0.058571796071826915,0.0003599068248948123,-0.007515438996786916
4,2.0,1.0,1.0,1,30,0.001,180,0.13889514772527545,0.007425133449062732,0.08925881661140246,0.5962847939999439,0.058571796071826915,0.0003362619022144464,-0.007761395351277178
4,2.0,1.0,1.0,1,31,0.001,186,0.142918029742644,0.007691575388602573,0.08634162143110463,0.577049800645107,0.058571796071826915,0.0003148743613546612,-0.008006449749957234
4,2.0,1.0,1.0,1,32,0.001,192,0.14693373544862243,0.00795514131897379,0.08361012883262549,0.5590169943749475,0.058571796071826915,0.00029546554832607375,-0.008250606867299864
4,2.0,1.0,1.0,1,33,0.001,198,0.15094047935366994,0.00821607262222826,0.08104706693931747,0.5420770854544946,0.058571796071826915,0.00027779854331083653,-0.008493871165539096
4,2.0,1.0,1.0,1,34,0.001,204,0.15493676302987736,0.008474576049534027,0.0786372504885102,0.5261336417646564,0.058571796071826915,0.0002616708738700235,-0.00873624692340405
4,2.0,1.0,1.0,1,35,0.001,210,0.15892132463885822,0.00873082958879473,0.0763672738121792,0.5111012519999518,0.058571796071826915,0.00024690867138663086,-0.008977738260181362
4,2.0,1.0,1.0,1,36,0.001,216,0.16289309849462685,0.008984987203134731,0.07422525664521094,0.49690399499995325,0.058571796071826915,0.00023336195277232075,-0.009218349155907052
4,2.0,1.0,1.0,1,37,0.001,222,0.16685118244403152,0.00923718268206783,0.07220063242447142,0.48347415729725196,0.058571796071826915,0.00022090078635458865,-0.009458083468422418
4,2.0,1.0,1.0,1,38,0.001,228,0.17079481138383845,0.009487532790417613,0.07028397099556236,0.4707511531578504,0.058571796071826915,0.00020941215741401842,-0.009696944947831632
4,2.0,1.0,1.0,1,39,0.001,234,0.17472333562969067,0.009736139857718151,0.06846682935873634,0.4586806107691876,0.058571796071826915,0.00019879739109227024,-0.009934937248810422
4,2.0,1.0,1.0,1,40,0.001,240,0.1786362031471188,0.00998309391894428,0.06674162540076085,0.44721359549995804,0.058571796071826915,0.00018897002217990733,-0.010172063941124188
4,2.0,1.0,1.0,1,1,0.002,6,0.7734295215126619,0.7096034570264685,1.9378367009008897,17.88854381999832,0.058571796071826915,-0.7122154169354392,0.0026119599089706735
4,2.0,1.0,1.0,1,2,0.002,12,0.9128413807814714,0.45456001216812925,1.9794547822139053,8.94427190999916,0.058571796071826915,0.4586856742957439,-0.004125662127614671
4,2.0,1.0,1.0,1,3,0.002,18,0.5809378291784629,0.045427142928091246,1.367663700412042,5.962847939999439,0.058571796071826915,0.047522766643628284,-0.002095623715537037
4,2.0,1.0,1.0,1,4,0.002,24,0.29909634113888495,0.02064638708333913,0.8976523830325339,4.47213595499958,0.058571796071826915,0.022827960904140285,-0.0021815738208011554
4,2.0,1.0,1.0,1,5,0.002,30,0.19038611752977808,0.01087971283383829,0.6564718918544042,3.5777087639996643,0.058571796071826915,0.013522856275934941,-0.0026431434420966515
4,2.0,1.0,1.0,1,6,0.002,36,0.14547871193721074,0.005862453220711994,0.516909481864952,2.9814239699997196,0.058571796071826915,0.009018551022962007,-0.003156097802250013
4,2.0,1.0,1.0,1,7,0.002,42,0.12608740523725914,0.00279996516512912,0.42689979050349847,2.5555062599997598,0.058571796071826915,0.006478276947628786,-0.003678311782499666
4,2.0,1.0,1.0,1,8,0.002,48,0.1184344550619727,0.0006931923249120509,0.3641575836523822,2.23606797749979,0.058571796071826915,0.0048932365924686805,-0.00420004426755663
4,2.0,1.0,1.0,1,9,0.002,54,0.11682266786468043,0.0008858377374925397,0.31789891412496085,1.987615979999813,0.058571796071826915,0.003832787392149567,-0.004718625129642107
4,2.0,1.0,1.0,1,10,0.002,60,0.11859399833789508,0.0021469933035481725,0.28234079069317636,1.7888543819998322,0.058571796071826915,0.003086302512160216,-0.005233295815708389
4,2.0,1.0,1.0,1,11,0.002,66,0.1223832671257169,0.0032038536220255764,0.25412081137281867,1.6262312563634835,0.058571796071826915,0.002540024974946875,-0.0057438785969724515
4,2.0,1.0,1.0,1,12,0.002,72,0.12743383233486938,0.00412259633193332,0.23115485960677426,1.4907119849998598,0.058571796071826915,0.0021277848817456146,-0.006250381213678935
4,2.0,1.0,1.0,1,13,0.002,78,0.13329989768907735,0.004944048869563955,0.21208308634768186,1.376041832307563,0.058571796071826915,0.0018088193246167672,-0.006752868194180722
4,2.0,1.0,1.0,1,14,0.002,84,0.13970540339181436,0.005694575722399675,0.19598026939368543,1.2777531299998799,0.058571796071826915,0.0015568412274291343,-0.0072514169498288095
4,2.0,1.0,1.0,1,15,0.002,90,0.1464722260899678,0.006391850646742109,0.18219469091585264,1.1925695879998879,0.058571796071826915,0.0013542522822610203,-0.007746102929003129
4,2.0,1.0,1.0,1,16,0.002,96,0.15348141984572083,0.007048098025764338,0.1702537319261622,1.118033988749895,0.058571796071826915,0.0011888971535116977,-0.008236995179276035
4,2.0,1.0,1.0,1,17,0.002,102,0.16065122267107712,0.007672001307876236,0.15980607544525233,1.0522672835293128,0.058571796071826915,0.0010521543521224974,-0.008724155659998734
4,2.0,1.0,1.0,1,18,0.002,108,0.16792403351802443,0.008269872216159851,0.15058496944446342,0.9938079899999065,0.058571796071826915,0.0009377676135875479,-0.0092076398297474
4,2.0,1.0,1.0,1,19,0.002,114,0.17525841249287133,0.008846391761116235,0.1423841075662148,0.9415023063157008,0.058571796071826915,0.0008411058142681338,-0.009687497575384368
4,2.0,1.0,1.0,1,20,0.002,120,0.18262400714353055,0.009405093830117756,0.13504134133598228,0.8944271909999161,0.058571796071826915,0.0007586803103274142,-0.01016377414044517
4,2.0,1.0,1.0,1,21,0.002,126,0.18999824301910606,0.009948688960557117,0.12842740569247185,0.8518354199999197,0.058571796071826915,0.0006878219803418406,-0.010636510940898958
4,2.0,1.0,1.0,1,22,0.002,132,0.19736411081216465,0.010479286061919946,0.1224379424112211,0.8131156281817418,0.058571796071826915,0.0006264601833797789,-0.011105746245299725
4,2.0,1.0,1.0,1,23,0.002,138,0.20470865370511615,0.010998547332614017,0.11698774605574043,0.7777627747825355,0.058571796071826915,0.0005729683959276033,-0.01157151572854162
4,2.0,1.0,1.0,1,24,0.002,144,0.21202191271247517,0.01150779846530442,0.11200654042244727,0.7453559924999299,0.058571796071826915,0.0005260544527891375,-0.012033852918093557
4,2.0,1.0,1.0,1,25,0.002,150,0.21929617814005153,0.012008108327542427,0.10743582954742895,0.7155417527999327,0.058571796071826915,0.00048468122480907483,-0.012492789552351502
4,2.0,1.0,1.0,1,26,0.002,156,0.22652544968028132,0.012500347426168734,0.10322651647112313,0.6880209161537815,0.058571796071826915,0.00044800844239320514,-0.01294835586856194
4,2.0,1.0,1.0,1,27,0.002,162,0.2337050412453816,0.012985231383568857,0.09933707931736066,0.6625386599999377,0.058571796071826915,0.00041534945120660915,-0.013400580834775466
4,2.0,1.0,1.0,1,28,0.002,168,0.24083128784311114,0.0134633536673191,0.09573215780533116,0.6388765649999399,0.058571796071826915,0.0003861386701287661,-0.013849492337447866
4,2.0,1.0,1.0,1,29,0.002,174,0.24790132546412158,0.013935210509011142,0.09238144603631808,0.6168463386206317,0.058571796071826915,0.0003599068248948123,-0.014295117333905955
4,2.0,1.0,1.0,1,30,0.002,180,0.2549129239221568,0.01440122007464828,0.08925881661140246,0.5962847939999439,0.058571796071826915,0.0003362619022144464,-0.014737481976862726
4,2.0,1.0,1.0,1,31,0.002,186,0.2618643585818524,0.014861737355320398,0.08634162143110463,0.577049800645107,0.058571796071826915,0.0003148743613546612,-0.01517661171667506
4,2.0,1.0,1.0,1,32,0.002,192,0.2687543109764603,0.015317065837433946,0.08361012883262549,0.5590169943749475,0.058571796071826915,0.00029546554832607375,-0.01561253138576002
4,2.0,1.0,1.0,1,33,0.002,198,0.2755817911191787,0.015767466725352397,0.08104706693931747,0.5420770854544946,0.058571796071826915,0.00027779854331083653,-0.016045265268663234
4,2.0,1.0,1.0,1,34,0.002,204,0.2823460762671952,0.016213166286642294,0.0786372504885102,0.5261336417646564,0.058571796071826915,0.0002616708738700235,-0.016474837160512318
4,2.0,1.0,1.0,1,35,0.002,210,0.28904666227985876,0.01665436174468299,0.0763672738121792,0.5111012519999518,0.058571796071826915,0.00024690867138663086,-0.01690127041606962
4,2.0,1.0,1.0,1,36,0.002,216,0.295683224701337,0.017091226038294882,0.07422525664521094,0.49690399499995325,0.058571796071826915,0.00023336195277232075,-0.017324587991067203
4,2.0,1.0,1.0,1,37,0.002,222,0.3022555874130136,0.017523911690873487,0.07220063242447142,0.48347415729725196,0.058571796071826915,0.00022090078635458865,-0.017744812477228075
4,2.0,1.0,1.0,1,38,0.002,228,0.3087636972233767,0.01795255397468294,0.07028397099556236,0.4707511531578504,0.058571796071826915,0.00020941215741401842,-0.01816196613209696
4,2.0,1.0,1.0,1,39,0.002,234,0.31520760314851626,0.018377273513452308,0.06846682935873634,0.4586806107691876,0.058571796071826915,0.00019879739109227024,-0.018576070904544578
4,2.0,1.0,1.0,1,40,0.002,240,0.32158743942331247,0.018798178434521737,0.06674162540076085,0.44721359549995804,0.058571796071826915,0.00018897002217990733,-0.018987148456701644
4,2.0,1.0,1.0,1,1,0.005,6,0.776085690528687,0.7056953218173247,1.9378367009008897,17.88854381999832,0.058571796071826915,-0.7122154169354392,0.006520095118114466
4,2.0,1.0,1.0,1,2,0.005,12,0.9134334452675787,0.44841785520349864,1.9794547822139053,8.94427190999916,0.058571796071826915,0.4586856742957439,-0.010267819092245278
4,2.0,1.0,1.0,1,3,0.005,18,0.5975003521901388,0.042347505028596646,1.367663700412042,5.962847939999439,0.058571796071826915,0.047522766643628284,-0.005175261615031637
4,2.0,1.0,1.0,1,4,0.005,24,0.3383771414455592,0.01745737869229,0.8976523830325339,4.47213595499958,0.058571796071826915,0.022827960904140285,-0.005370582211850286
4,2.0,1.0,1.0,1,5,0.005,30,0.24738707979283792,0.00705428698189986,0.6564718918544042,3.5777087639996643,0.058571796071826915,0.013522856275934941,-0.006468569294035081
4,2.0,1.0,1.0,1,6,0.005,36,0.21737371032314967,0.0013401403044467214,0.516909481864952,2.9814239699997196,0.058571796071826915,0.009018551022962007,-0.0076784107185152856
4,2.0,1.0,1.0,1,7,0.005,42,0.21126852629258464,0.0024193035906493743,0.42689979050349847,2.5555062599997598,0.058571796071826915,0.006478276947628786,-0.00889758053827816
4,2.0,1.0,1.0,1,8,0.005,48,0.21584735424786616,0.005209451146813246,0.3641575836523822,2.23606797749979,0.058571796071826915,0.0048932365924686805,-0.010102687739281926
4,2.0,1.0,1.0,1,9,0.005,54,0.2256809114579208,0.007454794955730204,0.31789891412496085,1.987615979999813,0.058571796071826915,0.003832787392149567,-0.011287582347879771
4,2.0,1.0,1.0,1,10,0.005,60,0.23825604075201734,0.009364450025498378,0.28234079069317636,1.7888543819998322,0.058571796071826915,0.003086302512160216,-0.012450752537658594
4,2.0,1.0,1.0,1,11,0.005,66,0.2522942427368591,0.011052058281146332,0.25412081137281867,1.6262312563634835,0.058571796071826915,0.002540024974946875,-0.013592083256093207
4,2.0,1.0,1.0,1,12,0.005,72,0.2670956029029933,0.01258411228861503,0.23115485960677426,1.4907119849998598,0.058571796071826915,0.0021277848817456146,-0.014711897170360644
4,2.0,1.0,1.0,1,13,0.005,78,0.2822544602930954,0.014001825014315822,0.21208308634768186,1.376041832307563,0.058571796071826915,0.0018088193246167672,-0.01581064433893259
4,2.0,1.0,1.0,1,14,0.005,84,0.297525094324811,0.01533195608768688,0.19598026939368543,1.2777531299998799,0.058571796071826915,0.0015568412274291343,-0.016888797315116014
4,2.0,1.0,1.0,1,15,0.005,90,0.31275360466346935,0.01659256401885245,0.18219469091585264,1.1925695879998879,0.058571796071826915,0.0013542522822610203,-0.017946816301113472
4,2.0,1.0,1.0,1,16,0.005,96,0.32784125443639867,0.01779624204745084,0.1702537319261622,1.118033988749895,0.058571796071826915,0.0011888971535116977,-0.018985139200962536
4,2.0,1.0,1.0,1,17,0.005,102,0.34272373455306093,0.01895202618022987,0.15980607544525233,1.0522672835293128,0.058571796071826915,0.0010521543521224974,-0.020004180532352367
4,2.0,1.0,1.0,1,18,0.005,108,0.3573589242223788,0.020066565659498173,0.15058496944446342,0.9938079899999065,0.058571796071826915,0.0009377676135875479,-0.02100433327308572
4,2.0,1.0,1.0,1,19,0.005,114,0.37171939697542844,0.02114486561773425,0.1423841075662148,0.9415023063157008,0.058571796071826915,0.0008411058142681338,-0.021985971432002385
4,2.0,1.0,1.0,1,20,0.005,120,0.38578768406898334,0.022190772238210657,0.13504134133598228,0.8944271909999161,0.058571796071826915,0.0007586803103274142,-0.02294945254853807
4,2.0,1.0,1.0,1,21,0.005,126,0.39955319632973674,0.023207297891278858,0.12842740569247185,0.8518354199999197,0.058571796071826915,0.0006878219803418406,-0.0238951198716207
4,2.0,1.0,1.0,1,22,0.005,132,0.41301017425099995,0.024196843993216782,0.1224379424112211,0.8131156281817418,0.058571796071826915,0.0006264601833797789,-0.02482330417659656
4,2.0,1.0,1.0,1,23,0.005,138,0.4261562930256878,0.025161356856200218,0.11698774605574043,0.7777627747825355,0.058571796071826915,0.0005729683959276033,-0.02573432525212782
4,2.0,1.0,1.0,1,24,0.005,144,0.4389916948808621,0.02610243865643795,0.11200654042244727,0.7453559924999299,0.058571796071826915,0.0005260544527891375,-0.02662849310922709
4,2.0,1.0,1.0,1,25,0.005,150,0.451518306271925,0.027021427739682705,0.10743582954742895,0.7155417527999327,0.058571796071826915,0.00048468122480907483,-0.02750610896449178
4,2.0,1.0,1.0,1,26,0.005,156,0.46373934870326095,0.02791945760050414,0.10322651647112313,0.6880209161537815,0.058571796071826915,0.00044800844239320514,-0.028367466042897346
4,2.0,1.0,1.0,1,27,0.005,162,0.4756589834969236,0.02879750078617095,0.09933707931736066,0.6625386599999377,0.058571796071826915,0.00041534945120660915,-0.02921285023737756
4,2.0,1.0,1.0,1,28,0.005,168,0.4872820507173027,0.02965640198479856,0.09573215780533116,0.6388765649999399,0.058571796071826915,0.0003861386701287661,-0.030042540654927327
4,2.0,1.0,1.0,1,29,0.005,174,0.49861387525186407,0.030496903247788032,0.09238144603631808,0.6168463386206317,0.058571796071826915,0.0003599068248948123,-0.030856810072682844
4,2.0,1.0,1.0,1,30,0.005,180,0.5096601214324452,0.03131966342004758,0.08925881661140246,0.5962847939999439,0.058571796071826915,0.0003362619022144464,-0.031655925322262024
4,2.0,1.0,1.0,1,31,0.005,186,0.5204266831721387,0.03212527325542201,0.08634162143110463,0.577049800645107,0.058571796071826915,0.0003148743613546612,-0.032440147616776674
4,2.0,1.0,1.0,1,32,0.005,192,0.5309196003800802,0.03291426728337661,0.08361012883262549,0.5590169943749475,0.058571796071826915,0.00029546554832607375,-0.033209732831702685
4,2.0,1.0,1.0,1,33,0.005,198,0.5411449950198662,0.03368713320513843,0.08104706693931747,0.5420770854544946,0.058571796071826915,0.00027779854331083653,-0.033964931748449265
4,2.0,1.0,1.0,1,34,0.005,204,0.5511090219914233,0.034444319393673734,0.0786372504885102,0.5261336417646564,0.058571796071826915,0.0002616708738700235,-0.03470599026754376
4,2.0,1.0,1.0,1,35,0.005,210,0.560817831296011,0.03518624092560044,0.0763672738121792,0.5111012519999518,0.058571796071826915,0.00024690867138663086,-0.03543314959698707
4,2.0,1.0,1.0,1,36,0.005,216,0.5702775388580864,0.03591328446731763,0.07422525664521094,0.49690399499995325,0.058571796071826915,0.00023336195277232075,-0.03614664642008995
4,2.0,1.0,1.0,1,37,0.005,222,0.5794942040372468,0.03662581225997122,0.07220063242447142,0.48347415729725196,0.058571796071826915,0.00022090078635458865,-0.03684671304632581
4,2.0,1.0,1.0,1,38,0.005,228,0.5884738123445423,0.03732416539058356,0.07028397099556236,0.4707511531578504,0.058571796071826915,0.00020941215741401842,-0.037533577547997576
4,2.0,1.0,1.0,1,39,0.005,234,0.5972222622315493,0.038008666493884596,0.06846682935873634,0.4586806107691876,0.058571796071826915,0.00019879739109227024,-0.03820746388497687
4,2.0,1.0,1.0,1,40,0.005,240,0.6057453550838239,0.03867962199719814,0.06674162540076085,0.44721359549995804,0.058571796071826915,0.00018897002217990733,-0.03886859201937805
4,2.0,1.0,1.0,1,1,0.01,6,0.7804319448796009,0.6992079088802535,1.9378367009008897,17.88854381999832,0.058571796071826915,-0.7122154169354392,0.01300750805518569
4,2.0,1.0,1.0,1,2,0.01,12,0.9143953809263422,0.43830366610595495,1.9794547822139053,8.94427190999916,0.058571796071826915,0.4586856742957439,-0.02038200818978897
4,2.0,1.0,1.0,1,3,0.01,18,0.6234796468872885,0.037381119080991995,1.367663700412042,5.962847939999439,0.058571796071826915,0.047522766643628284,-0.010141647562636288
4,2.0,1.0,1.0,1,4,0.01,24,0.398660234112415,0.012358808040887181,0.8976523830325339,4.47213595499958,0.058571796071826915,0.022827960904140285,-0.010469152863253103
4,2.0,1.0,1.0,1,5,0.01,30,0.33299244911571546,0.0010354010885867057,0.6564718918544042,3.5777087639996643,0.058571796071826915,0.013522856275934941,-0.012487455187348236
4,2.0,1.0,1.0,1,6,0.01,36,0.32304951316884933,0.005661392282220817,0.516909481864952,2.9814239699997196,0.058571796071826915,0.009018551022962007,-0.014679943305182824
4,2.0,1.0,1.0,1,7,0.01,42,0.3338231410624829,0.010373304014304086,0.42689979050349847,2.5555062599997598,0.058571796071826915,0.006478276947628786,-0.01685158096193287
4,2.0,1.0,1.0,1,8,0.01,48,0.35304669475001205,0.014066392771901776,0.3641575836523822,2.23606797749979,0.058571796071826915,0.0048932365924686805,-0.018959629364370456
4,2.0,1.0,1.0,1,9,0.01,54,0.37578110436378553,0.017161575422462716,0.31789891412496085,1.987615979999813,0.058571796071826915,0.003832787392149567,-0.020994362814612283
4,2.0,1.0,1.0,1,10,0.01,60,0.3998010382049205,0.019868520686892877,0.28234079069317636,1.7888543819998322,0.058571796071826915,0.003086302512160216,-0.022954823199053093
4,2.0,1.0,1.0,1,11,0.01,66,0.4240185108603747,0.02230259083711081,0.25412081137281867,1.6262312563634835,0.058571796071826915,0.002540024974946875,-0.024842615812057683
4,2.0,1.0,1.0,1,12,0.01,72,0.4478725019788907,0.02453230305951465,0.23115485960677426,1.4907119849998598,0.058571796071826915,0.0021277848817456146,-0.026660087941260263
4,2.0,1.0,1.0,1,13,0.01,78,0.471066267723776,0.026600927549539757,0.21208308634768186,1.376041832307563,0.058571796071826915,0.0018088193246167672,-0.028409746874156525
4,2.0,1.0,1.0,1,14,0.01,84,0.4934441070414072,0.028537226531956755,0.19598026939368543,1.2777531299998799,0.058571796071826915,0.0015568412274291343,-0.03009406775938589
4,2.0,1.0,1.0,1,15,0.01,90,0.5149293160303108,0.030361180880691466,0.18219469091585264,1.1925695879998879,0.058571796071826915,0.0013542522822610203,-0.031715433162952486
4,2.0,1.0,1.0,1,16,0.01,96,0.535491072275458,0.03208722160662357,0.1702537319261622,1.118033988749895,0.058571796071826915,0.0011888971535116977,-0.03327611876013527
4,2.0,1.0,1.0,1,17,0.01,102,0.5551258820210864,0.033726140669051816,0.15980607544525233,1.0522672835293128,0.058571796071826915,0.0010521543521224974,-0.03477829502117431
4,2.0,1.0,1.0,1,18,0.01,108,0.5738467575674657,0.03528626627695408,0.15058496944446342,0.9938079899999065,0.058571796071826915,0.0009377676135875479,-0.03622403389054163
4,2.0,1.0,1.0,1,19,0.01,114,0.5916766883407711,0.0367742106193374,0.1423841075662148,0.9415023063157008,0.058571796071826915,0.0008411058142681338,-0.037615316433605536
4,2.0,1.0,1.0,1,20,0.01,120,0.6086445917492218,0.0381953597418381,0.13504134133598228,0.8944271909999161,0.058571796071826915,0.0007586803103274142,-0.03895404005216552
4,2.0,1.0,1.0,1,21,0.01,126,0.6247827454308971,0.0395542028894129,0.12842740569247185,0.8518354199999197,0.058571796071826915,0.0006878219803418406,-0.04024202486975474
4,2.0,1.0,1.0,1,22,0.01,132,0.640125130817498,0.04085455907438909,0.1224379424112211,0.8131156281817418,0.058571796071826915,0.0006264601833797789,-0.04148101925776887
4,2.0,1.0,1.0,1,23,0.01,138,0.6547063518052135,0.04209973620089237,0.11698774605574043,0.7777627747825355,0.058571796071826915,0.0005729683959276033,-0.042672704596819974
4,2.0,1.0,1.0,1,24,0.01,144,0.6685609244839322,0.043292644942966606,0.11200654042244727,0.7453559924999299,0.058571796071826915,0.0005260544527891375,-0.04381869939575574
4,2.0,1.0,1.0,1,25,0.01,150,0.6817228108851282,0.04443588165914874,0.10743582954742895,0.7155417527999327,0.058571796071826915,0.00048468122480907483,-0.044920562883957814
4,2.0,1.0,1.0,1,26,0.01,156,0.6942251158309976,0.04553178973291348,0.10322651647112313,0.6880209161537815,0.058571796071826915,0.00044800844239320514,-0.04597979817530669
4,2.0,1.0,1.0,1,27,0.01,162,0.7060998942829475,0.0465825056325134,0.09933707931736066,0.6625386599999377,0.058571796071826915,0.00041534945120660915,-0.04699785508372001
4,2.0,1.0,1.0,1,28,0.01,168,0.7173780343643232,0.04758999398373303,0.09573215780533116,0.6388765649999399,0.058571796071826915,0.0003861386701287661,-0.047976132653861796
4,2.0,1.0,1.0,1,29,0.01,174,0.7280891926216918,0.04855607463230377,0.09238144603631808,0.6168463386206317,0.058571796071826915,0.0003599068248948123,-0.04891598145719858
4,2.0,1.0,1.0,1,30,0.01,180,0.7382617655223538,0.04948244379057461,0.08925881661140246,0.5962847939999439,0.058571796071826915,0.0003362619022144464,-0.04981870569278905
4,2.0,1.0,1.0,1,31,0.01,186,0.7479228861195651,0.05037069076259948,0.08634162143110463,0.577049800645107,0.058571796071826915,0.0003148743613546612,-0.05068556512395414
4,2.0,1.0,1.0,1,32,0.01,192,0.757098438142668,0.05122231132705654,0.08361012883262549,0.5590169943749475,0.058571796071826915,0.00029546554832607375,-0.051517776875382615
4,2.0,1.0,1.0,1,33,0.01,198,0.7658130820428776,0.05203871856699555,0.08104706693931747,0.5420770854544946,0.058571796071826915,0.00027779854331083653,-0.05231651711030639
4,2.0,1.0,1.0,1,34,0.01,204,0.7740902890998943,0.05282125172951876,0.0786372504885102,0.5261336417646564,0.058571796071826915,0.0002616708738700235,-0.05308292260338878
4,2.0,1.0,1.0,1,35,0.01,210,0.7819523807975751,0.05357118355073916,0.0763672738121792,0.5111012519999518,0.058571796071826915,0.00024690867138663086,-0.05381809222212579
4,2.0,1.0,1.0,1,36,0.01,216,0.7894205714582581,0.05428972637423406,0.07422525664521094,0.49690399499995325,0.058571796071826915,0.00023336195277232075,-0.05452308832700638
4,2.0,1.0,1.0,1,37,0.01,222,0.7965150126839138,0.05497803731265624,0.07220063242447142,0.48347415729725196,0.058571796071826915,0.00022090078635458865,-0.05519893809901083
4,2.0,1.0,1.0,1,38,0.01,228,0.8032548385553323,0.055637222644093653,0.07028397099556236,0.4707511531578504,0.058571796071826915,0.00020941215741401842,-0.05584663480150767
4,2.0,1.0,1.0,1,39,0.01,234,0.809658210833472,0.05626834159135536,0.06846682935873634,0.4586806107691876,0.058571796071826915,0.00019879739109227024,-0.05646713898244763
4,2.0,1.0,1.0,1,40,0.01,240,0.8157423636215189,0.05687240959971654,0.06674162540076085,0.44721359549995804,0.058571796071826915,0.00018897002217990733,-0.057061379621896446
4,2.0,1.0,1.0,1,1,0.02,6,0.7888285822119471,0.6863311295492402,1.9378367009008897,17.88854381999832,0.058571796071826915,-0.7122154169354392,0.025884287386198968
4,2.0,1.0,1.0,1,2,0.02,12,0.9162280275401031,0.4185300251173639,1.9794547822139053,8.94427190999916,0.058571796071826915,0.4586856742957439,-0.04015564917837999
4,2.0,1.0,1.0,1,3,0.02,18,0.669849847634842,0.028047287308205313,1.367663700412042,5.962847939999439,0.058571796071826915,0.047522766643628284,-0.01947547933542297
4,2.0,1.0,1.0,1,4,0.02,24,0.5019743159077626,0.002935088129987877,0.8976523830325339,4.47213595499958,0.058571796071826915,0.022827960904140285,-0.019892872774152408
4,2.0,1.0,1.0,1,5,0.02,30,0.4739403591581661,0.009757798897168116,0.6564718918544042,3.5777087639996643,0.058571796071826915,0.013522856275934941,-0.023280655173103057
4,2.0,1.0,1.0,1,6,0.02,36,0.4902757410006314,0.017838965027887156,0.516909481864952,2.9814239699997196,0.058571796071826915,0.009018551022962007,-0.026857516050849163
4,2.0,1.0,1.0,1,7,0.02,42,0.5202894914766009,0.023798451426435913,0.42689979050349847,2.5555062599997598,0.058571796071826915,0.006478276947628786,-0.0302767283740647
4,2.0,1.0,1.0,1,8,0.02,48,0.553823465096666,0.02857955549867329,0.3641575836523822,2.23606797749979,0.058571796071826915,0.0048932365924686805,-0.03347279209114197
4,2.0,1.0,1.0,1,9,0.02,54,0.5871168266568032,0.03260722988892113,0.31789891412496085,1.987615979999813,0.058571796071826915,0.003832787392149567,-0.0364400172810707
4,2.0,1.0,1.0,1,10,0.02,60,0.6187033130900099,0.036101429223531656,0.28234079069317636,1.7888543819998322,0.058571796071826915,0.003086302512160216,-0.03918773173569187
4,2.0,1.0,1.0,1,11,0.02,66,0.6480379601903656,0.03918895175535231,0.25412081137281867,1.6262312563634835,0.058571796071826915,0.002540024974946875,-0.04172897673029918
4,2.0,1.0,1.0,1,12,0.02,72,0.674976485643722,0.04194949123853383,0.23115485960677426,1.4907119849998598,0.058571796071826915,0.0021277848817456146,-0.044077276120279445
4,2.0,1.0,1.0,1,13,0.02,78,0.6995566914049676,0.04443684284111557,0.21208308634768186,1.376041832307563,0.058571796071826915,0.0018088193246167672,-0.04624566216573234
4,2.0,1.0,1.0,1,14,0.02,84,0.7218991708534588,0.0466895577077502,0.19598026939368543,1.2777531299998799,0.058571796071826915,0.0015568412274291343,-0.04824639893517933
4,2.0,1.0,1.0,1,15,0.02,90,0.7421595174899428,0.04873668224007707,0.18219469091585264,1.1925695879998879,0.058571796071826915,0.0013542522822610203,-0.05009093452233809
4,2.0,1.0,1.0,1,16,0.02,96,0.7605044242039981,0.05060103175271438,0.1702537319261622,1.118033988749895,0.058571796071826915,0.0011888971535116977,-0.05178992890622608
4,2.0,1.0,1.0,1,17,0.02,102,0.7770995239618974,0.052301150243419095,0.15980607544525233,1.0522672835293128,0.058571796071826915,0.0010521543521224974,-0.05335330459554159
4,2.0,1.0,1.0,1,18,0.02,108,0.7921032688367478,0.053852533792109254,0.15058496944446342,0.9938079899999065,0.058571796071826915,0.0009377676135875479,-0.0547903014056968
4,2.0,1.0,1.0,1,19,0.02,114,0.8056640212731148,0.05526842315167595,0.1423841075662148,0.9415023063157008,0.058571796071826915,0.0008411058142681338,-0.05610952896594408
4,2.0,1.0,1.0,1,20,0.02,120,0.817918892404392,0.056560334742609956,0.13504134133598228,0.8944271909999161,0.058571796071826915,0.0007586803103274142,-0.05731901505293737
4,2.0,1.0,1.0,1,21,0.02,126,0.8289935389475241,0.05773842750751129,0.12842740569247185,0.8518354199999197,0.058571796071826915,0.0006878219803418406,-0.05842624948785313
4,2.0,1.0,1.0,1,22,0.02,132,0.8390024814434285,0.05881176371076345,0.1224379424112211,0.8131156281817418,0.058571796071826915,0.0006264601833797789,-0.05943822389414323
4,2.0,1.0,1.0,1,23,0.02,138,0.8480496957814279,0.05978849936687684,0.11698774605574043,0.7777627747825355,0.058571796071826915,0.0005729683959276033,-0.06036146776280445
4,2.0,1.0,1.0,1,24,0.02,144,0.8562293350973187,0.06067602681955374,0.11200654042244727,0.7453559924999299,0.058571796071826915,0.0005260544527891375,-0.061202081272342876
4,2.0,1.0,1.0,1,25,0.02,150,0.8636264991645537,0.061481084037503464,0.10743582954742895,0.7155417527999327,0.058571796071826915,0.00048468122480907483,-0.06196576526231254
4,2.0,1.0,1.0,1,26,0.02,156,0.8703180034300984,0.062209840259175066,0.10322651647112313,0.6880209161537815,0.058571796071826915,0.00044800844239320514,-0.06265784870156826
4,2.0,1.0,1.0,1,27,0.02,162,0.8763731206461494,0.06286796448744536,0.09933707931736066,0.6625386599999377,0.058571796071826915,0.00041534945120660915,-0.06328331393865197
4,2.0,1.0,1.0,1,28,0.02,168,0.8818542805495942,0.0634606813059963,0.09573215780533116,0.6388765649999399,0.058571796071826915,0.0003861386701287661,-0.06384681997612507
4,2.0,1.0,1.0,1,29,0.02,174,0.886817720602266,0.06399281714835903,0.09238144603631808,0.6168463386206317,0.058571796071826915,0.0003599068248948123,-0.06435272397325384
4,2.0,1.0,1.0,1,30,0.02,180,0.8913140853747011,0.06446883924884657,0.08925881661140246,0.5962847939999439,0.058571796071826915,0.0003362619022144464,-0.06480510115106101
4,2.0,1.0,1.0,1,31,0.02,186,0.8953889748884156,0.0648928888880816,0.08634162143110463,0.577049800645107,0.058571796071826915,0.0003148743613546612,-0.06520776324943627
4,2.0,1.0,1.0,1,32,0.02,192,0.8990834438235294,0.0652688101177014,0.08361012883262549,0.5590169943749475,0.058571796071826915,0.00029546554832607375,-0.06556427566602747
4,2.0,1.0,1.0,1,33,0.02,198,0.9024344543778504,0.06560017484724266,0.08104706693931747,0.5420770854544946,0.058571796071826915,0.00027779854331083653,-0.0658779733905535
4,2.0,1.0,1.0,1,34,0.02,204,0.9054752859967742,0.06589030496081671,0.0786372504885102,0.5261336417646564,0.058571796071826915,0.0002616708738700235,-0.06615197583468674
4,2.0,1.0,1.0,1,35,0.02,210,0.9082359053485811,0.06614229197532334,0.0763672738121792,0.5111012519999518,0.058571796071826915,0.00024690867138663086,-0.06638920064670997
4,2.0,1.0,1.0,1,36,0.02,216,0.9107432999039968,0.06635901463774505,0.07422525664521094,0.49690399499995325,0.058571796071826915,0.00023336195277232075,-0.06659237659051737
4,2.0,1.0,1.0,1,37,0.02,222,0.913021778360609,0.06654315477442033,0.07220063242447142,0.48347415729725196,0.058571796071826915,0.00022090078635458865,-0.06676405556077492
4,2.0,1.0,1.0,1,38,0.02,228,0.9150932409761278,0.06669721164163793,0.07028397099556236,0.4707511531578504,0.058571796071826915,0.00020941215741401842,-0.06690662379905195
4,2.0,1.0,1.0,1,39,0.02,234,0.9169774226677878,0.06682351497870342,0.06846682935873634,0.4586806107691876,0.058571796071826915,0.00019879739109227024,-0.0670223123697957
4,2.0,1.0,1.0,1,40,0.02,240,0.9186921115165889,0.06692423692767098,0.06674162540076085,0.44721359549995804,0.058571796071826915,0.00018897002217990733,-0.06711320694985089
4,2.0,1.0,1.0,2,1,0.0,6,0.9508142163439619,0.6550531954760196,1.9986418100798182,31.155302682473486,0.058571796071826915,0.6550531954760196,0.0
4,2.0,1.0,1.0,2,2,0.0,12,0.9166733926169361,0.028581110729709522,1.9494636171173487,7.788825670618372,0.058571796071826915,-0.028581110729709543,2.0816681711721685e-17
4,2.0,1.0,1.0,2,3,0.0,18,0.2581493580574161,0.06274140065510928,1.0056900199814502,3.4617002980526084,0.058571796071826915,-0.06274140065510966,3.885780586188048e-16
4,2.0,1.0,1.0,2,4,0.0,24,0.0827137267637661,0.03631755521266439,0.5312178848986073,1.947206417654593,0.058571796071826915,-0.03631755521266415,-2.3592239273284576e-16
4,2.0,1.0,1.0,2,5,0.0,30,0.0326183223717984,0.023291472107575567,0.3269310902367711,1.2462121072989396,0.058571796071826915,-0.023291472107575206,-3.608224830031759e-16
4,2.0,1.0,1.0,2,6,0.0,36,0.015282474242896638,0.016147878433160318,0.22190344610085305,0.8654250745131521,0.058571796071826915,-0.01614787843315993,-3.885780586188048e-16
4,2.0,1.0,1.0,2,7,0.0,42,0.00808820144494038,0.011842148279772646,0.16073267590130424,0.6358225037239486,0.058571796071826915,-0.011842148279772702,5.551115123125783e-17
4,2.0,1.0,1.0,2,8,0.0,48,0.004677144939733369,0.009053226894176897,0.12191512653514122,0.4868016044136482,0.058571796071826915,-0.009053226894177618,7.216449660063518e-16
4,2.0,1.0,1.0,2,9,0.0,54,0.0028918552529415553,0.007145009269076602,0.09570677353266412,0.3846333664502899,0.058571796071826915,-0.007145009269076741,1.3877787807814457e-16
4,2.0,1.0,1.0,2,10,0.0,60,0.0018839844412257278,0.005782392489118521,0.07716254342752717,0.3115530268247349,0.058571796071826915,-0.005782392489118493,-2.7755575615628914e-17
4,2.0,1.0,1.0,2,11,0.0,66,0.001279970630959637,0.004775595949800815,0.06355065487509248,0.25748184035102056,0.058571796071826915,-0.004775595949800121,-6.938893903907228e-16
4,2.0,1.0,1.0,2,12,0.0,72,0.0009000605751243729,0.004010689482315033,0.053259620325829725,0.21635626862828802,0.058571796071826915,-0.0040106894823137285,-1.304512053934559e-15
4,2.0,1.0,1.0,2,13,0.0,78,0.0006513751803950418,0.0034159417273871284,0.0452877872909928,0.1843509034465887,0.058571796071826915,-0.0034159417273864623,-6.661338147750939e-16
4,2.0,1.0,1.0,2,14,0.0,84,0.0004830374955617778,0.0029443686012058934,0.03898542526180495,0.15895562593098714,0.058571796071826915,-0.002944368601204811,-1.0824674490095276e-15
4,2.0,1.0,1.0,2,15,0.0,90,0.0003657856580179253,0.0025641530168084847,0.03391585631056446,0.1384680119221044,0.058571796071826915,-0.0025641530168093174,8.326672684688674e-16
4,2.0,1.0,1.0,2,16,0.0,96,0.00028207929688961464,0.002253127263897703,0.02977665420198047,0.12170040110341206,0.058571796071826915,-0.0022531272638979805,2.7755575615628914e-16
4,2.0,1.0,1.0,2,17,0.0,102,0.00022102413999391946,0.0019954626119306484,0.026352914702016218,0.10780381551028888,0.058571796071826915,-0.0019954626119305374,-1.1102230246251565e-16
4,2.0,1.0,1.0,2,18,0.0,108,0.00017564184767171476,0.0017796119592264903,0.023488484155813935,0.09615834161257247,0.058571796071826915,-0.0017796119592276005,1.1102230246251565e-15
4,2.0,1.0,1.0,2,19,0.0,114,0.0001413399015052219,0.0015969914151538755,0.021067661700531776,0.08630277751377696,0.058571796071826915,-0.0015969914151541809,3.0531133177191805e-16
4,2.0,1.0,1.0,2,20,0.0,120,0.00011502277426767016,0.0014411123573040974,0.01900322899135048,0.07788825670618373,0.058571796071826915,-0.0014411123573045415,4.440892098500626e-16
4,2.0,1.0,1.0,2,21,0.0,126,9.455904904409618e-05,0.001306996265725835,0.01722842221083578,0.07064694485821651,0.058571796071826915,-0.001306996265726862,1.0269562977782698e-15
4,2.0,1.0,1.0,2,22,0.0,132,7.845285101004684e-05,0.0011907717348440539,0.01569142793538152,0.06437046008775514,0.058571796071826915,-0.0011907717348441094,5.551115123125783e-17
4,2.0,1.0,1.0,2,23,0.0,138,6.56361086387447e-05,0.0010893916074755372,0.014351534292070476,0.05889471206516727,0.058571796071826915,-0.0010893916074744825,-1.0547118733938987e-15
4,2.0,1.0,1.0,2,24,0.0,144,5.533420983439008e-05,0.001000430982579792,0.013176391484845567,0.054089067157072006,0.058571796071826915,-0.0010004309825799584,1.6653345369377348e-16
4,2.0,1.0,1.0,2,25,0.0,150,4.697732909242358e-05,0.0009219407084914422,0.012140030439604804,0.04984848429195759,0.058571796071826915,-0.0009219407084922193,7.771561172376096e-16
4,2.0,1.0,1.0,2,26,0.0,156,4.01408015939797e-05,0.0008523396006899775,0.011221408750562885,0.04608772586164717,0.058571796071826915,-0.0008523396006920037,2.0261570199409107e-15
4,2.0,1.0,1.0,2,27,0.0,162,3.45043432929959e-05,0.000790334111849561,0.010403329319574196,0.04273704071669887,0.058571796071826915,-0.0007903341118489227,-6.38378239159465e-16
4,2.0,1.0,1.0,2,28,0.0,168,2.9823722454525026e-05,0.0007348577436009363,0.009671626305604098,0.039738906482746784,0.058571796071826915,-0.000734857743600853,-8.326672684688674e-17
4,2.0,1.0,1.0,2,29,0.0,174,2.5910797187833623e-05,0.0006850248432087036,0.009014545398327014,0.03704554421221579,0.058571796071826915,-0.0006850248432078432,-8.604228440844963e-16
4,2.0,1.0,1.0,2,30,0.0,180,2.261926045510343e-05,0.0006400950099264557,0.008422267120936532,0.0346170029805261,0.058571796071826915,-0.0006400950099269553,4.996003610813204e-16
4,2.0,1.0,1.0,2,31,0.0,186,1.983433592567252e-05,0.0005994454151502793,0.007886536620586103,0.03241966980486315,0.058571796071826915,-0.000599445415152472,2.192690473634684e-15
4,2.0,1.0,1.0,2,32,0.0,192,1.746524340140443e-05,0.0005625490871734584,0.007400373588021383,0.030425100275853014,0.058571796071826915,-0.0005625490871730976,-3.608224830031759e-16
4,2.0,1.0,1.0,2,33,0.0,198,1.5439631406821697e-05,0.000528957735637936,0.006957843070414635,0.02860909337233562,0.058571796071826915,-0.0005289577356385744,6.38378239159465e-16
4,2.0,1.0,1.0,2,34,0.0,204,1.3699421972046544e-05,0.0004982880623998487,0.006553872987819937,0.02695095387757222,0.058571796071826915,-0.0004982880623994046,-4.440892098500626e-16
4,2.0,1.0,1.0,2,35,0.0,210,1.2197680498315933e-05,0.00047021077274470024,0.006184107779411282,0.025432900148957945,0.058571796071826915,-0.00047021077274450596,-1.942890293094024e-16
4,2.0,1.0,1.0,2,36,0.0,216,1.0896237404356413e-05,0.00044444169494956,0.005844790225930572,0.02403958540314312,0.058571796071826915,-0.0004444416949498098,2.498001805406602e-16
4,2.0,1.0,1.0,2,37,0.0,222,9.763865888023915e-06,0.0004207345581277444,0.00553266541249454,0.022757708314443747,0.058571796071826915,-0.00042073455812666194,-1.0824674490095276e-15
4,2.0,1.0,1.0,2,38,0.0,228,8.77487526929066e-06,0.00039887508368324776,0.005244902213094082,0.02157569437844424,0.058571796071826915,-0.0003988750836834143,1.6653345369377348e-16
4,2.0,1.0,1.0,2,39,0.0,234,7.908016895319392e-06,0.00037867612420669494,0.00497902873480571,0.02048343371628763,0.058571796071826915,-0.00037867612420669494,0.0
4,2.0,1.0,1.0,2,40,0.0,240,7.14562746917391e-06,0.00035997364283626987,0.0047328789545901945,0.01947206417654593,0.058571796071826915,-0.0003599736428384903,2.220446049250313e-15
4,2.0,1.0,1.0,2,1,0.001,6,0.9506775590173012,0.6536266591179155,1.9986418100798182,31.155302682473486,0.058571796071826915,0.6550531954760196,-0.0014265363581040802
4,2.0,1.0,1.0,2,2,0.001,12,0.9171622742016003,0.028215815667681034,1.9494636171173487,7.788825670618372,0.058571796071826915,-0.028581110729709543,0.0003652950620285089
4,2.0,1.0,1.0,2,3,0.001,18,0.2690576728295271,0.0628522423075931,1.0056900199814502,3.4617002980526084,0.058571796071826915,-0.06274140065510966,-0.00011084165248344269
4,2.0,1.0,1.0,2,4,0.001,24,0.10078794598377372,0.0368898062332641,0.5312178848986073,1.947206417654593,0.058571796071826915,-0.03631755521266415,-0.0005722510205999481
4,2.0,1.0,1.0,2,5,0.001,30,0.05641364892686773,0.024245267102294327,0.3269310902367711,1.2462121072989396,0.058571796071826915,-0.023291472107575206,-0.0009537949947191204
4,2.0,1.0,1.0,2,6,0.001,36,0.04425175649446311,0.01744187141983769,0.22190344610085305,0.8654250745131521,0.058571796071826915,-0.01614787843315993,-0.001293992986677761
4,2.0,1.0,1.0,2,7,0.001,42,0.04200865889994143,0.013453095594578524,0.16073267590130424,0.6358225037239486,0.058571796071826915,-0.011842148279772702,-0.0016109473148058218
4,2.0,1.0,1.0,2,8,0.001,48,0.043436148966098154,0.010966795963722381,0.12191512653514122,0.4868016044136482,0.058571796071826915,-0.009053226894177618,-0.0019135690695447627
4,2.0,1.0,1.0,2,9,0.001,54,0.04642090373217844,0.00935161759318226,0.09570677353266412,0.3846333664502899,0.058571796071826915,-0.007145009269076741,-0.002206608324105519
4,2.0,1.0,1.0,2,10,0.001,60,0.05013443796971695,0.008275199813182088,0.07716254342752717,0.3115530268247349,0.058571796071826915,-0.005782392489118493,-0.002492807324063595
4,2.0,1.0,1.0,2,11,0.001,66,0.05421308737799202,0.007549453361870878,0.06355065487509248,0.25748184035102056,0.058571796071826915,-0.004775595949800121,-0.002773857412070757
4,2.0,1.0,1.0,2,12,0.001,72,0.05848244973768146,0.007061548410939311,0.053259620325829725,0.21635626862828802,0.058571796071826915,-0.0040106894823137285,-0.0030508589286255827
4,2.0,1.0,1.0,2,13,0.001,78,0.06285274568251675,0.006740501151041162,0.0452877872909928,0.1843509034465887,0.058571796071826915,-0.0034159417273864623,-0.0033245594236546994
4,2.0,1.0,1.0,2,14,0.001,84,0.06727500624335525,0.006539853833536752,0.03898542526180495,0.15895562593098714,0.058571796071826915,-0.002944368601204811,-0.003595485232331941
4,2.0,1.0,1.0,2,15,0.001,90,0.07172121075491467,0.0064281712033126825,0.03391585631056446,0.1384680119221044,0.058571796071826915,-0.0025641530168093174,-0.003864018186503365
4,2.0,1.0,1.0,2,16,0.001,96,0.07617466913981996,0.006383569684725171,0.02977665420198047,0.12170040110341206,0.058571796071826915,-0.0022531272638979805,-0.004130442420827191
4,2.0,1.0,1.0,2,17,0.001,102,0.08062509890151381,0.006390436667746691,0.026352914702016218,0.10780381551028888,0.058571796071826915,-0.0019954626119305374,-0.004394974055816153
4,2.0,1.0,1.0,2,18,0.001,108,0.08506598279578315,0.006437392613959869,0.023488484155813935,0.09615834161257247,0.058571796071826915,-0.0017796119592276005,-0.004657780654732269
4,2.0,1.0,1.0,2,19,0.001,114,0.08949309125389393,0.00651598576239118,0.021067661700531776,0.08630277751377696,0.058571796071826915,-0.0015969914151541809,-0.004918994347236999
4,2.0,1.0,1.0,2,20,0.001,120,0.0939036260030639,0.006619833262202529,0.01900322899135048,0.07788825670618373,0.058571796071826915,-0.0014411123573045415,-0.005178720904897988
4,2.0,1.0,1.0,2,21,0.001,126,0.09829570780915176,0.006744042422288071,0.01722842221083578,0.07064694485821651,0.058571796071826915,-0.001306996265726862,-0.005437046156561209
4,2.0,1.0,1.0,2,22,0.001,132,0.10266806135160744,0.006884812347252245,0.01569142793538152,0.06437046008775514,0.058571796071826915,-0.0011907717348441094,-0.0056940406124081355
4,2.0,1.0,1.0,2,23,0.001,138,0.10701981644831338,0.007039154462719438,0.014351534292070476,0.05889471206516727,0.058571796071826915,-0.0010893916074744825,-0.0059497628552449555
4,2.0,1.0,1.0,2,24,0.001,144,0.11135037981190798,0.007204693049384064,0.013176391484845567,0.054089067157072006,0.058571796071826915,-0.0010004309825799584,-0.006204262066804106
4,2.0,1.0,1.0,2,25,0.001,150,0.11565935060603205,0.007379520644854642,0.012140030439604804,0.04984848429195759,0.058571796071826915,-0.0009219407084922193,-0.006457579936362423
4,2.0,1.0,1.0,2,26,0.001,156,0.11994646380127527,0.007562091721925901,0.011221408750562885,0.04608772586164717,0.058571796071826915,-0.0008523396006920037,-0.006709752121233897
4,2.0,1.0,1.0,2,27,0.001,162,0.12421155153046981,0.0077511434893206554,0.010403329319574196,0.04273704071669887,0.058571796071826915,-0.0007903341118489227,-0.006960809377471733
4,2.0,1.0,1.0,2,28,0.001,168,0.12845451631116045,0.007945636188216587,0.009671626305604098,0.039738906482746784,0.058571796071826915,-0.000734857743600853,-0.007210778444615734
4,2.0,1.0,1.0,2,29,0.001,174,0.13267531222456874,0.008144707588055827,0.009014545398327014,0.03704554421221579,0.058571796071826915,-0.0006850248432078432,-0.007459682744847984
4,2.0,1.0,1.0,2,30,0.001,180,0.13687393151108806,0.008347637950365305,0.008422267120936532,0.0346170029805261,0.058571796071826915,-0.0006400950099269553,-0.00770754294043835
4,2.0,1.0,1.0,2,31,0.001,186,0.14105039490698912,0.008553822797166072,0.007886536620586103,0.03241966980486315,0.058571796071826915,-0.000599445415152472,-0.0079543773820136
4,2.0,1.0,1.0,2,32,0.001,192,0.14520474459812938,0.008762751558956894,0.007400373588021383,0.030425100275853014,0.058571796071826915,-0.0005625490871730976,-0.008200202471783796
4,2.0,1.0,1.0,2,33,0.001,198,0.14933703902819384,0.008973990695644307,0.006957843070414635,0.02860909337233562,0.058571796071826915,-0.0005289577356385744,-0.008445032960005733
4,2.0,1.0,1.0,2,34,0.001,204,0.15344734903535495,0.009187170251033439,0.006553872987819937,0.02695095387757222,0.058571796071826915,-0.0004982880623994046,-0.008688882188634034
4,2.0,1.0,1.0,2,35,0.001,210,0.15753575495097583,0.009401973065501945,0.006184107779411282,0.025432900148957945,0.058571796071826915,-0.00047021077274450596,-0.00893176229275744
4,2.0,1.0,1.0,2,36,0.001,216,0.16160234440223098,0.009618126063149962,0.005844790225930572,0.02403958540314312,0.058571796071826915,-0.0004444416949498098,-0.009173684368200152
4,2.0,1.0,1.0,2,37,0.001,222,0.16564721063421883,0.009835393169818324,0.00553266541249454,0.022757708314443747,0.058571796071826915,-0.00042073455812666194,-0.009414658611691662
4,2.0,1.0,1.0,2,38,0.001,228,0.1696704512193582,0.010053569522413208,0.005244902213094082,0.02157569437844424,0.058571796071826915,-0.0003988750836834143,-0.009654694438729794
4,2.0,1.0,1.0,2,39,0.001,234,0.17367216705734545,0.010272476707396672,0.00497902873480571,0.02048343371628763,0.058571796071826915,-0.00037867612420669494,-0.009893800583189977
4,2.0,1.0,1.0,2,40,0.001,240,0.17765246159532722,0.010491958824701358,0.0047328789545901945,0.01947206417654593,0.058571796071826915,-0.0003599736428384903,-0.010131985181862868
4,2.0,1.0,1.0,2,1,0.002,6,0.9505416719572851,0.6522015500097945,1.9986418100798182,31.155302682473486,0.058571796071826915,0.6550531954760196,-0.0028516454662250723
4,2.0,1.0,1.0,2,2,0.002,12,0.9176441446550079,0.027854523496752708,1.9494636171173487,7.788825670618372,0.058571796071826915,-0.028581110729709543,0.0007265872329568351
4,2.0,1.0,1.0,2,3,0.002,18,0.279797483712373,0.06296204221973178,1.0056900199814502,3.4617002980526084,0.058571796071826915,-0.06274140065510966,-0.00022064156462212048
4,2.0,1.0,1.0,2,4,0.002,24,0.11848837199569417,0.037454357629634144,0.5312178848986073,1.947206417654593,0.058571796071826915,-0.03631755521266415,-0.0011368024169699925
4,2.0,1.0,1.0,2,5,0.002,30,0.07959078417640231,0.025182854534033988,0.3269310902367711,1.2462121072989396,0.058571796071826915,-0.023291472107575206,-0.001891382426458782
4,2.0,1.0,1.0,2,6,0.002,36,0.07231594608351322,0.018709349245895124,0.22190344610085305,0.8654250745131521,0.058571796071826915,-0.01614787843315993,-0.002561470812735195
4,2.0,1.0,1.0,2,7,0.002,42,0.07469188354139977,0.01502541564896337,0.16073267590130424,0.6358225037239486,0.058571796071826915,-0.011842148279772702,-0.0031832673691906677
4,2.0,1.0,1.0,2,8,0.002,48,0.08057990322336339,0.012827823221349927,0.12191512653514122,0.4868016044136482,0.058571796071826915,-0.009053226894177618,-0.003774596327172308
4,2.0,1.0,1.0,2,9,0.002,54,0.08791091092376269,0.011489976655458756,0.09570677353266412,0.3846333664502899,0.058571796071826915,-0.007145009269076741,-0.004344967386382015
4,2.0,1.0,1.0,2,10,0.002,60,0.09587671957627675,0.010682271092692208,0.07716254342752717,0.3115530268247349,0.058571796071826915,-0.005782392489118493,-0.004899878603573715
4,2.0,1.0,1.0,2,11,0.002,66,0.10412414647218349,0.010218324182929173,0.06355065487509248,0.25748184035102056,0.058571796071826915,-0.004775595949800121,-0.005442728233129052
4,2.0,1.0,1.0,2,12,0.002,72,0.11248479519678045,0.009986423002792066,0.053259620325829725,0.21635626862828802,0.058571796071826915,-0.0040106894823137285,-0.005975733520478338
4,2.0,1.0,1.0,2,13,0.002,78,0.12087267493250076,0.00991634834300284,0.0452877872909928,0.1843509034465887,0.058571796071826915,-0.0034159417273864623,-0.0065004066156163776
4,2.0,1.0,1.0,2,14,0.002,84,0.12924142898606972,0.009962186059144396,0.03898542526180495,0.15895562593098714,0.058571796071826915,-0.002944368601204811,-0.007017817457939585
4,2.0,1.0,1.0,2,15,0.002,90,0.1375649876994537,0.010092900070764438,0.03391585631056446,0.1384680119221044,0.058571796071826915,-0.0025641530168093174,-0.0075287470539551204
4,2.0,1.0,1.0,2,16,0.002,96,0.14582822101883242,0.010286908271595674,0.02977665420198047,0.12170040110341206,0.058571796071826915,-0.0022531272638979805,-0.008033781007697693
4,2.0,1.0,1.0,2,17,0.002,102,0.1540221646063369,0.010528831451171117,0.026352914702016218,0.10780381551028888,0.058571796071826915,-0.0019954626119305374,-0.00853336883924058
4,2.0,1.0,1.0,2,18,0.002,108,0.1621414633849294,0.010807474829305358,0.023488484155813935,0.09615834161257247,0.058571796071826915,-0.0017796119592276005,-0.009027862870077757
4,2.0,1.0,1.0,2,19,0.002,114,0.17018294529009692,0.011114535868319814,0.021067661700531776,0.08630277751377696,0.058571796071826915,-0.0015969914151541809,-0.009517544453165633
4,2.0,1.0,1.0,2,20,0.002,120,0.17814479659208726,0.011443754470628786,0.01900322899135048,0.07788825670618373,0.058571796071826915,-0.0014411123573045415,-0.010002642113324245
4,2.0,1.0,1.0,2,21,0.002,126,0.18602606979728975,0.01179034063714432,0.01722842221083578,0.07064694485821651,0.058571796071826915,-0.001306996265726862,-0.010483344371417458
4,2.0,1.0,1.0,2,22,0.002,132,0.19382638168248767,0.012150580723293336,0.01569142793538152,0.06437046008775514,0.058571796071826915,-0.0011907717348441094,-0.010959808988449227
4,2.0,1.0,1.0,2,23,0.002,138,0.20154572331757503,0.012521561353257438,0.014351534292070476,0.05889471206516727,0.058571796071826915,-0.0010893916074744825,-0.011432169745782955
4,2.0,1.0,1.0,2,24,0.002,144,0.20918433783493706,0.012900972478995715,0.013176391484845567,0.054089067157072006,0.058571796071826915,-0.0010004309825799584,-0.011900541496415756
4,2.0,1.0,1.0,2,25,0.002,150,0.21674264018089917,0.013286964690079894,0.012140030439604804,0.04984848429195759,0.058571796071826915,-0.0009219407084922193,-0.012365023981587675
4,2.0,1.0,1.0,2,26,0.002,156,0.2242211634562773,0.013678044352326668,0.011221408750562885,0.04608772586164717,0.058571796071826915,-0.0008523396006920037,-0.012825704751634665
4,2.0,1.0,1.0,2,27,0.002,162,0.23162052243511055,0.014072995539415184,0.010403329319574196,0.04273704071669887,0.058571796071826915,-0.0007903341118489227,-0.013282661427566261
4,2.0,1.0,1.0,2,28,0.002,168,0.2389413883842081,0.01447082121456117,0.009671626305604098,0.039738906482746784,0.058571796071826915,-0.000734857743600853,-0.013735963470960316
4,2.0,1.0,1.0,2,29,0.002,174,0.2461844714424002,0.014870698426005108,0.009014545398327014,0.03704554421221579,0.058571796071826915,-0.0006850248432078432,-0.014185673582797265
4,2.0,1.0,1.0,2,30,0.002,180,0.253350508134348,0.015271943828965573,0.008422267120936532,0.0346170029805261,0.058571796071826915,-0.0006400950099269553,-0.014631848819038618
4,2.0,1.0,1.0,2,31,0.002,186,0.26044025242239965,0.015673986903005588,0.007886536620586103,0.03241966980486315,0.058571796071826915,-0.000599445415152472,-0.015074541487853116
4,2.0,1.0,1.0,2,32,0.002,192,0.2674544692273475,0.01607634896403337,0.007400373588021383,0.030425100275853014,0.058571796071826915,-0.0005625490871730976,-0.015513799876860274
4,2.0,1.0,1.0,2,33,0.002,198,0.27439392969429754,0.016478626582519723,0.006957843070414635,0.02860909337233562,0.058571796071826915,-0.0005289577356385744,-0.01594966884688115
4,2.0,1.0,1.0,2,34,0.002,204,0.28125940770533386,0.016880478382438696,0.006553872987819937,0.02695095387757222,0.058571796071826915,-0.0004982880623994046,-0.01638219032003929
4,2.0,1.0,1.0,2,35,0.002,210,0.2880516772926227,0.017281614456262445,0.006184107779411282,0.025432900148957945,0.058571796071826915,-0.00047021077274450596,-0.01681140368351794
4,2.0,1.0,1.0,2,36,0.002,216,0.294771510708433,0.017681787820546996,0.005844790225930572,0.02403958540314312,0.058571796071826915,-0.0004444416949498098,-0.017237346125597186
4,2.0,1.0,1.0,2,37,0.002,222,0.30141967697848093,0.018080787474991894,0.00553266541249454,0.022757708314443747,0.058571796071826915,-0.00042073455812666194,-0.017660052916865232
4,2.0,1.0,1.0,2,38,0.002,228,0.307996940814385,0.018478432730499705,0.005244902213094082,0.02157569437844424,0.058571796071826915,-0.0003988750836834143,-0.01807955764681629
4,2.0,1.0,1.0,2,39,0.002,234,0.31450406179461843,0.018874568548126677,0.00497902873480571,0.02048343371628763,0.058571796071826915,-0.00037867612420669494,-0.018495892423919982
4,2.0,1.0,1.0,2,40,0.002,240,0.3209417937481138,0.01926906168842238,0.0047328789545901945,0.01947206417654593,0.058571796071826915,-0.0003599736428384903,-0.01890908804558389
4,2.0,1.0,1.0,2,1,0.005,6,0.9501386017881004,0.6479347861853301,1.9986418100798182,31.155302682473486,0.058571796071826915,0.6550531954760196,-0.00711840929068952
4,2.0,1.0,1.0,2,2,0.005,12,0.9190484881499744,0.02679443925897975,1.9494636171173487,7.788825670618372,0.058571796071826915,-0.028581110729709543,0.001786671470729792
4,2.0,1.0,1.0,2,3,0.005,18,0.311030595134574,0.06328520813796946,1.0056900199814502,3.4617002980526084,0.058571796071826915,-0.06274140065510966,-0.0005438074828598011
4,2.0,1.0,1.0,2,4,0.005,24,0.1694213009237313,0.03910263598512931,0.5312178848986073,1.947206417654593,0.058571796071826915,-0.03631755521266415,-0.0027850807724651566
4,2.0,1.0,1.0,2,5,0.005,30,0.14556877536498636,0.027900687266047525,0.3269310902367711,1.2462121072989396,0.058571796071826915,-0.023291472107575206,-0.0046092151584723184
4,2.0,1.0,1.0,2,6,0.005,36,0.15135325136873834,0.022357368980360393,0.22190344610085305,0.8654250745131521,0.058571796071826915,-0.01614787843315993,-0.0062094905472004636
4,2.0,1.0,1.0,2,7,0.005,42,0.1657583721447916,0.019518690484479045,0.16073267590130424,0.6358225037239486,0.058571796071826915,-0.011842148279772702,-0.007676542204706344
4,2.0,1.0,1.0,2,8,0.005,48,0.18297683704977707,0.018108340474719237,0.12191512653514122,0.4868016044136482,0.058571796071826915,-0.009053226894177618,-0.009055113580541618
4,2.0,1.0,1.0,2,9,0.005,54,0.20107918511224,0.017514222288192438,0.09570677353266412,0.3846333664502899,0.058571796071826915,-0.007145009269076741,-0.010369213019115697
4,2.0,1.0,1.0,2,10,0.005,60,0.2193267355661641,0.01741523748059362,0.07716254342752717,0.3115530268247349,0.058571796071826915,-0.005782392489118493,-0.011632844991475128
4,2.0,1.0,1.0,2,11,0.005,66,0.23740694394869877,0.01763037078835114,0.06355065487509248,0.25748184035102056,0.058571796071826915,-0.004775595949800121,-0.01285477483855102
4,2.0,1.0,1.0,2,12,0.005,72,0.25517875561795844,0.018051507842248238,0.053259620325829725,0.21635626862828802,0.058571796071826915,-0.0040106894823137285,-0.01404081835993451
4,2.0,1.0,1.0,2,13,0.005,78,0.27257679339494834,0.01861096963705272,0.0452877872909928,0.1843509034465887,0.058571796071826915,-0.0034159417273864623,-0.015195027909666259
4,2.0,1.0,1.0,2,14,0.005,84,0.2895716088876257,0.01926471632336249,0.03898542526180495,0.15895562593098714,0.058571796071826915,-0.002944368601204811,-0.01632034772215768
4,2.0,1.0,1.0,2,15,0.005,90,0.30615183090250664,0.019983149137443867,0.03391585631056446,0.1384680119221044,0.058571796071826915,-0.0025641530168093174,-0.01741899612063455
4,2.0,1.0,1.0,2,16,0.005,96,0.32231560480925014,0.020745826088323288,0.02977665420198047,0.12170040110341206,0.058571796071826915,-0.0022531272638979805,-0.018492698824425308
4,2.0,1.0,1.0,2,17,0.005,102,0.33806625540363355,0.02153829959004787,0.026352914702016218,0.10780381551028888,0.058571796071826915,-0.0019954626119305374,-0.01954283697811733
4,2.0,1.0,1.0,2,18,0.005,108,0.35340998487242925,0.022350156197290583,0.023488484155813935,0.09615834161257247,0.058571796071826915,-0.0017796119592276005,-0.020570544238062982
4,2.0,1.0,1.0,2,19,0.005,114,0.36835460153417376,0.02317376371618224,0.021067661700531776,0.08630277751377696,0.058571796071826915,-0.0015969914151541809,-0.021576772301028058
4,2.0,1.0,1.0,2,20,0.005,120,0.3829087937063085,0.024003448613390113,0.01900322899135048,0.07788825670618373,0.058571796071826915,-0.0014411123573045415,-0.02256233625608557
4,2.0,1.0,1.0,2,21,0.005,126,0.39708170294700296,0.024834942940021337,0.01722842221083578,0.07064694485821651,0.058571796071826915,-0.001306996265726862,-0.023527946674294475
4,2.0,1.0,1.0,2,22,0.005,132,0.4108826672590363,0.025665004500230126,0.01569142793538152,0.06437046008775514,0.058571796071826915,-0.0011907717348441094,-0.024474232765386017
4,2.0,1.0,1.0,2,23,0.005,138,0.4243210636629713,0.02649115099272413,0.014351534292070476,0.05889471206516727,0.058571796071826915,-0.0010893916074744825,-0.025401759385249648
4,2.0,1.0,1.0,2,24,0.005,144,0.4374062104028369,0.02731147070995367,0.013176391484845567,0.054089067157072006,0.058571796071826915,-0.0010004309825799584,-0.02631103972737371
4,2.0,1.0,1.0,2,25,0.005,150,0.45014730577856843,0.02812448563985291,0.012140030439604804,0.04984848429195759,0.058571796071826915,-0.0009219407084922193,-0.027202544931360692
4,2.0,1.0,1.0,2,26,0.005,156,0.4625533899429124,0.028929051054803298,0.011221408750562885,0.04608772586164717,0.058571796071826915,-0.0008523396006920037,-0.028076711454111294
4,2.0,1.0,1.0,2,27,0.005,162,0.4746333213612862,0.02972428090564208,0.010403329319574196,0.04273704071669887,0.058571796071826915,-0.0007903341118489227,-0.028933946793793158
4,2.0,1.0,1.0,2,28,0.005,168,0.48639576278332264,0.03050949172850652,0.009671626305604098,0.039738906482746784,0.058571796071826915,-0.000734857743600853,-0.029774633984905666
4,2.0,1.0,1.0,2,29,0.005,174,0.4978491734688614,0.031284160008653514,0.009014545398327014,0.03704554421221579,0.058571796071826915,-0.0006850248432078432,-0.03059913516544567
4,2.0,1.0,1.0,2,30,0.005,180,0.5090018055719966,0.032047889445396896,0.008422267120936532,0.0346170029805261,0.058571796071826915,-0.0006400950099269553,-0.03140779443546994
4,2.0,1.0,1.0,2,31,0.005,186,0.5198617033132228,0.032800385584188796,0.007886536620586103,0.03241966980486315,0.058571796071826915,-0.000599445415152472,-0.032200940169036324
4,2.0,1.0,1.0,2,32,0.005,192,0.5304367040300542,0.03354143598750231,0.007400373588021383,0.030425100275853014,0.058571796071826915,-0.0005625490871730976,-0.03297888690032921
4,2.0,1.0,1.0,2,33,0.005,198,0.5407344404956425,0.03427089461077572,0.006957843070414635,0.02860909337233562,0.058571796071826915,-0.0005289577356385744,-0.03374193687513714
4,2.0,1.0,1.0,2,34,0.005,204,0.5507623440894711,0.034988669399538,0.006553872987819937,0.02695095387757222,0.058571796071826915,-0.0004982880623994046,-0.034490381337138595
4,2.0,1.0,1.0,2,35,0.005,210,0.5605276485343634,0.03569471237510885,0.006184107779411282,0.025432900148957945,0.058571796071826915,-0.00047021077274450596,-0.035224501602364344
4,2.0,1.0,1.0,2,36,0.005,216,0.5700373940015755,0.03638901165817397,0.005844790225930572,0.02403958540314312,0.058571796071826915,-0.0004444416949498098,-0.03594456996322416
4,2.0,1.0,1.0,2,37,0.005,222,0.5792984314449209,0.03707158501257886,0.00553266541249454,0.022757708314443747,0.058571796071826915,-0.00042073455812666194,-0.0366508504544522
4,2.0,1.0,1.0,2,38,0.005,228,0.58831742706632,0.03774247459010331,0.005244902213094082,0.02157569437844424,0.058571796071826915,-0.0003988750836834143,-0.0373435995064199
4,2.0,1.0,1.0,2,39,0.005,234,0.5971008668432406,0.038401742630278304,0.00497902873480571,0.02048343371628763,0.058571796071826915,-0.00037867612420669494,-0.03802306650607161
4,2.0,1.0,1.0,2,40,0.005,240,0.6056550610689216,0.039049467924366296,0.0047328789545901945,0.01947206417654593,0.058571796071826915,-0.0003599736428384903,-0.038689494281527806
4,2.0,1.0,1.0,2,1,0.01,6,0.9494819393362363,0.6408520581442174,1.9986418100798182,31.155302682473486,0.058571796071826915,0.6550531954760196,-0.014201137331802172
4,2.0,1.0,1.0,2,2,0.01,12,0.9212561792426409,0.02510560142648874,1.9494636171173487,7.788825670618372,0.058571796071826915,-0.028581110729709543,0.0034755093032208043
4,2.0,1.0,1.0,2,3,0.01,18,0.3599411362558207,0.06380314771092917,1.0056900199814502,3.4617002980526084,0.058571796071826915,-0.06274140065510966,-0.0010617470558195036
4,2.0,1.0,1.0,2,4,0.01,24,0.2475068907182777,0.04170332150891584,0.5312178848986073,1.947206417654593,0.058571796071826915,-0.03631755521266415,-0.00538576629625169
4,2.0,1.0,1.0,2,5,0.01,30,0.24456507436807662,0.032127401717305715,0.3269310902367711,1.2462121072989396,0.058571796071826915,-0.023291472107575206,-0.008835929609730508
4,2.0,1.0,1.0,2,6,0.01,36,0.2674281821174338,0.02794957617111521,0.22190344610085305,0.8654250745131521,0.058571796071826915,-0.01614787843315993,-0.01180169773795528
4,2.0,1.0,1.0,2,7,0.01,42,0.2966723033932257,0.026307916366029277,0.16073267590130424,0.6358225037239486,0.058571796071826915,-0.011842148279772702,-0.014465768086256575
4,2.0,1.0,1.0,2,8,0.01,48,0.3270784636638526,0.0259723797960279,0.12191512653514122,0.4868016044136482,0.058571796071826915,-0.009053226894177618,-0.016919152901850282
4,2.0,1.0,1.0,2,9,0.01,54,0.3569961309883847,0.026356514746656984,0.09570677353266412,0.3846333664502899,0.058571796071826915,-0.007145009269076741,-0.019211505477580243
4,2.0,1.0,1.0,2,10,0.01,60,0.38585103537342136,0.027154891562559583,0.07716254342752717,0.3115530268247349,0.058571796071826915,-0.005782392489118493,-0.02137249907344109
4,2.0,1.0,1.0,2,11,0.01,66,0.413445990697632,0.028196905948987272,0.06355065487509248,0.25748184035102056,0.058571796071826915,-0.004775595949800121,-0.02342130999918715
4,2.0,1.0,1.0,2,12,0.01,72,0.43973094748084274,0.02938186438260837,0.053259620325829725,0.21635626862828802,0.058571796071826915,-0.0040106894823137285,-0.02537117490029464
4,2.0,1.0,1.0,2,13,0.01,78,0.46471765555651734,0.030647694851781343,0.0452877872909928,0.1843509034465887,0.058571796071826915,-0.0034159417273864623,-0.02723175312439488
4,2.0,1.0,1.0,2,14,0.01,84,0.48844481670264983,0.03195480195082259,0.03898542526180495,0.15895562593098714,0.058571796071826915,-0.002944368601204811,-0.02901043334961778
4,2.0,1.0,1.0,2,15,0.01,90,0.510962741015008,0.03327724984487411,0.03391585631056446,0.1384680119221044,0.058571796071826915,-0.0025641530168093174,-0.030713096828064793
4,2.0,1.0,1.0,2,16,0.01,96,0.5323261840355582,0.03459771152856858,0.02977665420198047,0.12170040110341206,0.058571796071826915,-0.0022531272638979805,-0.0323445842646706
4,2.0,1.0,1.0,2,17,0.01,102,0.552590856721072,0.03590445549022471,0.026352914702016218,0.10780381551028888,0.058571796071826915,-0.0019954626119305374,-0.03390899287829417
4,2.0,1.0,1.0,2,18,0.01,108,0.5718116804510822,0.03718948391603211,0.023488484155813935,0.09615834161257247,0.058571796071826915,-0.0017796119592276005,-0.035409871956804506
4,2.0,1.0,1.0,2,19,0.01,114,0.5900419111872547,0.03844734690007663,0.021067661700531776,0.08630277751377696,0.058571796071826915,-0.0015969914151541809,-0.03685035548492245
4,2.0,1.0,1.0,2,20,0.01,120,0.6073327136568355,0.039674366859864765,0.01900322899135048,0.07788825670618373,0.058571796071826915,-0.0014411123573045415,-0.038233254502560224
4,2.0,1.0,1.0,2,21,0.01,126,0.6237329758263349,0.04086811922987803,0.01722842221083578,0.07064694485821651,0.058571796071826915,-0.001306996265726862,-0.039561122964151166
4,2.0,1.0,1.0,2,22,0.01,132,0.6392892545642832,0.04202707745889436,0.01569142793538152,0.06437046008775514,0.058571796071826915,-0.0011907717348441094,-0.040836305724050254
4,2.0,1.0,1.0,2,23,0.01,138,0.654045793801411,0.04315036580392105,0.014351534292070476,0.05889471206516727,0.058571796071826915,-0.0010893916074744825,-0.04206097419644657
4,2.0,1.0,1.0,2,24,0.01,144,0.6680445826885991,0.04423758432771192,0.013176391484845567,0.054089067157072006,0.058571796071826915,-0.0010004309825799584,-0.04323715334513196
4,2.0,1.0,1.0,2,25,0.01,150,0.6813254353125989,0.045288683171781814,0.012140030439604804,0.04984848429195759,0.058571796071826915,-0.0009219407084922193,-0.044366742463289595
4,2.0,1.0,1.0,2,26,0.01,156,0.6939260812975747,0.04630387103207652,0.011221408750562885,0.04608772586164717,0.058571796071826915,-0.0008523396006920037,-0.045451531431384515
4,2.0,1.0,1.0,2,27,0.01,162,0.705882261025395,0.0472835477438282,0.010403329319574196,0.04273704071669887,0.058571796071826915,-0.0007903341118489227,-0.04649321363197928
4,2.0,1.0,1.0,2,28,0.01,168,0.7172278217625578,0.048228254101496865,0.009671626305604098,0.039738906482746784,0.058571796071826915,-0.000734857743600853,-0.04749339635789601
4,2.0,1.0,1.0,2,29,0.01,174,0.7279948124945952,0.049138634159310864,0.009014545398327014,0.03704554421221579,0.058571796071826915,-0.0006850248432078432,-0.04845360931610302
4,2.0,1.0,1.0,2,30,0.01,180,0.7382135761797077,0.05001540667679506,0.008422267120936532,0.0346170029805261,0.058571796071826915,-0.0006400950099269553,-0.04937531166686811
4,2.0,1.0,1.0,2,31,0.01,186,0.7479128386908316,0.05085934333830716,0.007886536620586103,0.03241966980486315,0.058571796071826915,-0.000599445415152472,-0.05025989792315469
4,2.0,1.0,1.0,2,32,0.01,192,0.7571197940591137,0.05167125204040745,0.007400373588021383,0.030425100275853014,0.058571796071826915,-0.0005625490871730976,-0.05110870295323435
4,2.0,1.0,1.0,2,33,0.01,198,0.7658601858470371,0.052451964005775814,0.006957843070414635,0.02860909337233562,0.058571796071826915,-0.0005289577356385744,-0.05192300627013724
4,2.0,1.0,1.0,2,34,0.01,204,0.7741583846130744,0.05320232381067592,0.006553872987819937,0.02695095387757222,0.058571796071826915,-0.0004982880623994046,-0.05270403574827651
4,2.0,1.0,1.0,2,35,0.01,210,0.7820374615134945,0.053923181648123694,0.006184107779411282,0.025432900148957945,0.058571796071826915,-0.00047021077274450596,-0.05345297087537919
4,2.0,1.0,1.0,2,36,0.01,216,0.7895192581383468,0.05461538731884373,0.005844790225930572,0.02403958540314312,0.058571796071826915,-0.0004444416949498098,-0.05417094562389392
4,2.0,1.0,1.0,2,37,0.01,222,0.7966244527092092,0.055279785566074144,0.00553266541249454,0.022757708314443747,0.058571796071826915,-0.00042073455812666194,-0.05485905100794748
4,2.0,1.0,1.0,2,38,0.01,228,0.8033726227838435,0.05591721246180924,0.005244902213094082,0.02157569437844424,0.058571796071826915,-0.0003988750836834143,-0.05551833737812582
4,2.0,1.0,1.0,2,39,0.01,234,0.8097823046213182,0.05652849262002438,0.00497902873480571,0.02048343371628763,0.058571796071826915,-0.00037867612420669494,-0.056149816495817684
4,2.0,1.0,1.0,2,40,0.01,240,0.8158710493643722,0.057114437063441395,0.0047328789545901945,0.01947206417654593,0.058571796071826915,-0.0003599736428384903,-0.056754463420602905
4,2.0,1.0,1.0,2,1,0.02,6,0.9482239710236784,0.6267936458107247,1.9986418100798182,31.155302682473486,0.058571796071826915,0.6550531954760196,-0.02825954966529487
4,2.0,1.0,1.0,2,2,0.02,12,0.9252067523683536,0.022010443330605076,1.9494636171173487,7.788825670618372,0.058571796071826915,-0.028581110729709543,0.006570667399104467
4,2.0,1.0,1.0,2,3,0.02,18,0.4469737964298268,0.06476245744843066,1.0056900199814502,3.4617002980526084,0.058571796071826915,-0.06274140065510966,-0.0020210567933209994
4,2.0,1.0,1.0,2,4,0.02,24,0.38107616771000097,0.046389893379967406,0.5312178848986073,1.947206417654593,0.058571796071826915,-0.03631755521266415,-0.010072338167303255
4,2.0,1.0,1.0,2,5,0.02,30,0.40728051652132935,0.039538914419145046,0.3269310902367711,1.2462121072989396,0.058571796071826915,-0.023291472107575206,-0.01624744231156984
4,2.0,1.0,1.0,2,6,0.02,36,0.4508159145883588,0.037490647360478885,0.22190344610085305,0.8654250745131521,0.058571796071826915,-0.01614787843315993,-0.021342768927318956
4,2.0,1.0,1.0,2,7,0.02,42,0.4955467804014909,0.037576660144715904,0.16073267590130424,0.6358225037239486,0.058571796071826915,-0.011842148279772702,-0.025734511864943202
4,2.0,1.0,1.0,2,8,0.02,48,0.5376310903858916,0.0386684096961008,0.12191512653514122,0.4868016044136482,0.058571796071826915,-0.009053226894177618,-0.029615182801923184
4,2.0,1.0,1.0,2,9,0.02,54,0.5761845139130507,0.04023936024481675,0.09570677353266412,0.3846333664502899,0.058571796071826915,-0.007145009269076741,-0.03309435097574001
4,2.0,1.0,1.0,2,10,0.02,60,0.6111535838255439,0.04202352247538248,0.07716254342752717,0.3115530268247349,0.058571796071826915,-0.005782392489118493,-0.036241129986263984
4,2.0,1.0,1.0,2,11,0.02,66,0.642739766311239,0.04387861359704005,0.06355065487509248,0.25748184035102056,0.058571796071826915,-0.004775595949800121,-0.03910301764723993
4,2.0,1.0,1.0,2,12,0.02,72,0.6712180178049654,0.04572566544243223,0.053259620325829725,0.21635626862828802,0.058571796071826915,-0.0040106894823137285,-0.0417149759601185
4,2.0,1.0,1.0,2,13,0.02,78,0.6968738335048675,0.047520105823199765,0.0452877872909928,0.1843509034465887,0.058571796071826915,-0.0034159417273864623,-0.0441041640958133
4,2.0,1.0,1.0,2,14,0.02,84,0.7199804172056037,0.049236947208886765,0.03898542526180495,0.15895562593098714,0.058571796071826915,-0.002944368601204811,-0.046292578607681954
4,2.0,1.0,1.0,2,15,0.02,90,0.7407907404493086,0.05086276744708872,0.03391585631056446,0.1384680119221044,0.058571796071826915,-0.0025641530168093174,-0.048298614430279406
4,2.0,1.0,1.0,2,16,0.02,96,0.7595354897691421,0.052391162786658,0.02977665420198047,0.12170040110341206,0.058571796071826915,-0.0022531272638979805,-0.05013803552276002
4,2.0,1.0,1.0,2,17,0.02,102,0.7764234171336564,0.053820068420745874,0.026352914702016218,0.10780381551028888,0.058571796071826915,-0.0019954626119305374,-0.05182460580881534
4,2.0,1.0,1.0,2,18,0.02,108,0.7916426550558453,0.055150127845546966,0.023488484155813935,0.09615834161257247,0.058571796071826915,-0.0017796119592276005,-0.053370515886319365
4,2.0,1.0,1.0,2,19,0.02,114,0.8053623739595788,0.05638367355751413,0.021067661700531776,0.08630277751377696,0.058571796071826915,-0.0015969914151541809,-0.054786682142359946
4,2.0,1.0,1.0,2,20,0.02,120,0.8177345049851698,0.05752407573888359,0.01900322899135048,0.07788825670618373,0.058571796071826915,-0.0014411123573045415,-0.056082963381579046
4,2.0,1.0,1.0,2,21,0.02,126,0.8288954050776218,0.058575318727280286,0.01722842221083578,0.07064694485821651,0.058571796071826915,-0.001306996265726862,-0.057268322461553424
4,2.0,1.0,1.0,2,22,0.02,132,0.838967412164834,0.05954172195521187,0.01569142793538152,0.06437046008775514,0.058571796071826915,-0.0011907717348441094,-0.05835095022036776
4,2.0,1.0,1.0,2,23,0.02,138,0.84806027185864,0.06042775447712811,0.014351534292070476,0.05889471206516727,0.058571796071826915,-0.0010893916074744825,-0.059338362869653626
4,2.0,1.0,1.0,2,24,0.02,144,0.8562724332012868,0.061237911242458296,0.013176391484845567,0.054089067157072006,0.058571796071826915,-0.0010004309825799584,-0.06023748025987834
4,2.0,1.0,1.0,2,25,0.02,150,0.8636922185660085,0.06197663075057333,0.012140030439604804,0.04984848429195759,0.058571796071826915,-0.0009219407084922193,-0.06105469004208111
4,2.0,1.0,1.0,2,26,0.02,156,0.8703988761809933,0.06264824080821071,0.011221408750562885,0.04608772586164717,0.058571796071826915,-0.0008523396006920037,-0.061795901207518704
4,2.0,1.0,1.0,2,27,0.02,162,0.8764635249771391,0.06325692357769001,0.010403329319574196,0.04273704071669887,0.058571796071826915,-0.0007903341118489227,-0.06246658946584109
4,2.0,1.0,1.0,2,28,0.02,168,0.881950001616135,0.06380669397724875,0.009671626305604098,0.039738906482746784,0.058571796071826915,-0.000734857743600853,-0.0630718362336479
4,2.0,1.0,1.0,2,29,0.02,174,0.8869156191805956,0.06430138737523075,0.009014545398327014,0.03704554421221579,0.058571796071826915,-0.0006850248432078432,-0.06361636253202291
4,2.0,1.0,1.0,2,30,0.02,180,0.8914118463862477,0.06474465377062813,0.008422267120936532,0.0346170029805261,0.058571796071826915,-0.0006400950099269553,-0.06410455876070117
4,2.0,1.0,1.0,2,31,0.02,186,0.895484915458389,0.0651399564968944,0.007886536620586103,0.03241966980486315,0.058571796071826915,-0.000599445415152472,-0.06454051108174193
4,2.0,1.0,1.0,2,32,0.02,192,0.8991763660794371,0.06549057406340361,0.007400373588021383,0.030425100275853014,0.058571796071826915,-0.0005625490871730976,-0.06492802497623051
4,2.0,1.0,1.0,2,33,0.02,198,0.9025235321030649,0.06579960414929537,0.006957843070414635,0.02860909337233562,0.058571796071826915,-0.0005289577356385744,-0.06527064641365679
4,2.0,1.0,1.0,2,34,0.02,204,0.9055599770622406,0.0660699690443788,0.006553872987819937,0.02695095387757222,0.058571796071826915,-0.0004982880623994046,-0.0655716809819794
4,2.0,1.0,1.0,2,35,0.02,210,0.9083158838825369,0.06630442203017528,0.006184107779411282,0.025432900148957945,0.058571796071826915,-0.00047021077274450596,-0.06583421125743077
4,2.0,1.0,1.0,2,36,0.02,216,0.910818403650312,0.06650555433565394,0.005844790225930572,0.02403958540314312,0.058571796071826915,-0.0004444416949498098,-0.06606111264070413
4,2.0,1.0,1.0,2,37,0.02,222,0.913091967776601,0.06667580240404675,0.00553266541249454,0.022757708314443747,0.058571796071826915,-0.00042073455812666194,-0.06625506784592008
4,2.0,1.0,1.0,2,38,0.02,228,0.9151585674391487,0.06681745528101579,0.005244902213094082,0.02157569437844424,0.058571796071826915,-0.0003988750836834143,-0.06641858019733238
4,2.0,1.0,1.0,2,39,0.02,234,0.9170380037730035,0.06693266198824471,0.00497902873480571,0.02048343371628763,0.058571796071826915,-0.00037867612420669494,-0.06655398586403802
4,2.0,1.0,1.0,2,40,0.02,240,0.9187481119108551,0.06702343878606444,0.0047328789545901945,0.01947206417654593,0.058571796071826915,-0.0003599736428384903,-0.06666346514322595
5,2.0,1.0,1.0,1,1,0.0,8,0.8507616427217863,0.7123024838319771,1.9992595228829722,21.856406460551042,0.058658862968365255,-0.7123024838319769,-2.220446049250313e-16
5,2.0,1.0,1.0,1,2,0.0,16,0.9446505886757196,0.4585986073992056,1.9933486575636479,10.928203230275521,0.058658862968365255,0.4585986073992056,0.0
5,2.0,1.0,1.0,1,3,0.0,24,0.7245289622718609,0.04743569974708997,1.6959154263928513,7.285468820183681,0.058658862968365255,0.047435699747089805,1.6653345369377348e-16
5,2.0,1.0,1.0,1,4,0.0,32,0.33775297280548755,0.02274089400760196,1.1795520131861552,5.464101615137761,0.058658862968365255,0.02274089400760207,-1.1102230246251565e-16
5,2.0,1.0,1.0,1,5,0.0,40,0.1843340666580695,0.013435789379396684,0.8833691438787252,4.3712812921102095,0.058658862968365255,0.013435789379396712,-2.7755575615628914e-17
5,2.0,1.0,1.0,1,6,0.0,48,0.11448528029284355,0.008931484126423611,0.7034837735389087,3.6427344100918404,0.058658862968365255,0.0089314841264235,1.1102230246251565e-16
5,2.0,1.0,1.0,1,7,0.0,56,0.0776634192129475,0.006391210051090335,0.5842198556012722,3.12234378007872,0.058658862968365255,0.006391210051089821,5.134781488891349e-16
5,2.0,1.0,1.0,1,8,0.0,64,0.056057895533996316,0.004810318659239171,0.49966021817864975,2.7320508075688803,0.058658862968365255,0.00481031865923974,-5.689893001203927e-16
5,2.0,1.0,1.0,1,9,0.0,72,0.042346100773412054,0.003756488907342641,0.43663980432876204,2.4284896067278936,0.058658862968365255,0.003756488907342856,-2.1510571102112408e-16
5,2.0,1.0,1.0,1,10,0.0,80,0.03311369019243815,0.0030173913465906255,0.3878611810037032,2.1856406460551048,0.058658862968365255,0.0030173913465912777,-6.522560269672795e-16
5,2.0,1.0,1.0,1,11,0.0,88,0.02660523609964971,0.002478326085487717,0.34897790628462816,1.9869460418682767,0.058658862968365255,0.002478326085486801,9.159339953157541e-16
5,2.0,1.0,1.0,1,12,0.0,96,0.02184623972793731,0.0020727091780965434,0.31724672505971135,1.8213672050459202,0.058658862968365255,0.002072709178095933,6.106226635438361e-16
5,2.0,1.0,1.0,1,13,0.0,104,0.01826144968994514,0.0017596454237429476,0.29085282225487297,1.6812620354270034,0.058658862968365255,0.001759645423743031,-8.326672684688674e-17
5,2.0,1.0,1.0,1,14,0.0,112,0.015493840824137739,0.0015128490408489043,0.2685482258932246,1.56117189003936,0.058658862968365255,0.0015128490408484185,4.85722573273506e-16
5,2.0,1.0,1.0,1,15,0.0,120,0.013312420783917256,0.001314779435099403,0.24944661665977255,1.457093764036736,0.058658862968365255,0.0013147794350993058,9.71445146547012e-17
5,2.0,1.0,1.0,1,16,0.0,128,0.011562414884512151,0.0011533577255288113,0.23290113361772682,1.3660254037844402,0.058658862968365255,0.0011533577255281868,6.245004513516506e-16
5,2.0,1.0,1.0,1,17,0.0,136,0.010136974838929058,0.0010200402193085434,0.21842855615081938,1.2856709682677083,0.058658862968365255,0.001020040219309029,-4.85722573273506e-16
5,2.0,1.0,1.0,1,18,0.0,144,0.008960414599225253,0.0009086424294721951,0.20566057393088252,1.2142448033639468,0.058658862968365255,0.0009086424294730971,-9.020562075079397e-16
5,2.0,1.0,1.0,1,19,0.0,152,0.007977906392483747,0.0008145964605379558,0.19431149652538396,1.1503371821342652,0.058658862968365255,0.0008145964605386635,-7.077671781985373e-16
5,2.0,1.0,1.0,1,20,0.0,160,0.007148942487179566,0.000734468048368582,0.18415627864280135,1.0928203230275524,0.058658862968365255,0.0007344680483670624,1.519617764955683e-15
5,2.0,1.0,1.0,1,21,0.0,168,0.0064430687905294715,0.000665634257880951,0.17501521062673192,1.0407812600262398,0.058658862968365255,0.0006656342578802293,7.216449660063518e-16
5,2.0,1.0,1.0,1,22,0.0,176,0.005837031146686211,0.00060606343393977,0.16674302848331163,0.9934730209341384,0.058658862968365255,0.0006060634339411369,-1.366962099069724e-15
5,2.0,1.0,1.0,1,23,0.0,184,0.005312824020812568,0.0005541618818973998,0.1592210226275161,0.9502785417630888,0.058658862968365255,0.000554161881897719,-3.191891195797325e-16
5,2.0,1.0,1.0,1,24,0.0,192,0.004856329598160403,0.000508665078574784,0.1523512236651968,0.9106836025229601,0.058658862968365255,0.000508665078573084,1.700029006457271e-15
5,2.0,1.0,1.0,1,25,0.0,200,0.004456351602379893,0.00046855920152498454,0.14605205373934793,0.8742562584220417,0.058658862968365255,0.0004685592015255119,-5.273559366969494e-16
5,2.0,1.0,1.0,1,26,0.0,208,0.004103918193000489,0.0004330236776279861,0.14025502947100477,0.8406310177135017,0.058658862968365255,0.0004330236776280416,-5.551115123125783e-17
5,2.0,1.0,1.0,1,27,0.0,216,0.0037917715663586815,0.00040138854584325506,0.13490223104052548,0.8094965355759645,0.058658862968365255,0.0004013885458443722,-1.1171619185290638e-15
5,2.0,1.0,1.0,1,28,0.0,224,0.003513989208363766,0.00037310241867755806,0.12994433725417628,0.78058594501968,0.058658862968365255,0.00037310241867703764,5.204170427930421e-16
5,2.0,1.0,1.0,1,29,0.0,232,0.0032656993606785534,0.0003477081314170599,0.1253390840891851,0.7536691882948635,0.058658862968365255,0.00034770813141678236,2.7755575615628914e-16
5,2.0,1.0,1.0,1,30,0.0,240,0.0030428648289219096,0.0003248240386036355,0.121050043821717,0.728546882018368,0.058658862968365255,0.00032482403860155384,2.0816681711721685e-15
5,2.0,1.0,1.0,1,31,0.0,248,0.0028421169897872023,0.00030412950758386403,0.11704564947732848,0.7050453696951949,0.058658862968365255,0.0003041295075847522,-8.881784197001252e-16
5,2.0,1.0,1.0,1,32,0.0,256,0.0026606270993410064,0.00028535356519392846,0.11329840889593033,0.6830127018922201,0.058658862968365255,0.00028535356519521216,-1.2836953722228372e-15
5,2.0,1.0,1.0,1,33,0.0,264,0.002496005617702135,0.00026826593723572323,0.10978426671771643,0.6623153472894256,0.058658862968365255,0.00026826593723576486,-4.163336342344337e-17
5,2.0,1.0,1.0,1,34,0.0,272,0.0023462227872039776,0.0002526699207511737,0.10648208276342398,0.6428354841338542,0.058658862968365255,0.0002526699207501121,1.061650767297806e-15
5,2.0,1.0,1.0,1,35,0.0,280,0.002209545484580966,0.00023839667251900065,0.10337320274081484,0.6244687560157439,0.058658862968365255,0.0002383966725174741,1.5265566588595902e-15
5,2.0,1.0,1.0,1,36,0.0,288,0.002084486643015082,0.00022530060079190006,0.10044110273862156,0.6071224016819734,0.058658862968365255,0.00022530060079188619,1.3877787807814457e-17
5,2.0,1.0,1.0,1,37,0.0,296,0.0019697644625138455,0.00021325562311119706,0.09767109310834333,0.5907136881230013,0.058658862968365255,0.0002132556231121685,-9.71445146547012e-16
5,2.0,1.0,1.0,1,38,0.0,304,0.0018642693010151312,0.00020215210891122437,0.0950500704613909,0.5751685910671326,0.058658862968365255,0.00020215210891140478,-1.8041124150158794e-16
5,2.0,1.0,1.0,1,39,0.0,312,0.0017670366359853196,0.00019189436725526587,0.0925663088918148,0.5604206784756677,0.058658862968365255,0.00019189436725564057,-3.7470027081099033e-16
5,2.0,1.0,1.0,1,40,0.0,320,0.0016772248564328462,0.00018239857131260862,0.09020928336526676,0.5464101615137762,0.058658862968365255,0.00018239857131414905,-1.5404344466674047e-15
5,2.0,1.0,1.0,1,1,0.001,8,0.8515374249081189,0.7109958502338705,1.9992595228829722,21.856406460551042,0.058658862968365255,-0.7123024838319769,0.0013066335981063437
5,2.0,1.0,1.0,1,2,0.001,16,0.9451404299297985,0.45653267899404476,1.9933486575636479,10.928203230275521,0.058658862968365255,0.4585986073992056,-0.002065928405160844
5,2.0,1.0,1.0,1,3,0.001,24,0.7291789312671397,0.04638359641284198,1.6959154263928513,7.285468820183681,0.058658862968365255,0.047435699747089805,-0.0010521033342478225
5,2.0,1.0,1.0,1,4,0.001,32,0.3546346034496458,0.021644491232560265,1.1795520131861552,5.464101615137761,0.058658862968365255,0.02274089400760207,-0.0010964027750418048
5,2.0,1.0,1.0,1,5,0.001,40,0.21060405382019143,0.012104782007579556,0.8833691438787252,4.3712812921102095,0.058658862968365255,0.013435789379396712,-0.0013310073718171556
5,2.0,1.0,1.0,1,6,0.001,48,0.14872655672402368,0.00733901067363156,0.7034837735389087,3.6427344100918404,0.058658862968365255,0.0089314841264235,-0.0015924734527919399
5,2.0,1.0,1.0,1,7,0.001,56,0.11918823432369341,0.004530626526220272,0.5842198556012722,3.12234378007872,0.058658862968365255,0.006391210051089821,-0.0018605835248695496
5,2.0,1.0,1.0,1,8,0.001,64,0.10448546623588506,0.0026801904353050895,0.49966021817864975,2.7320508075688803,0.058658862968365255,0.00481031865923974,-0.0021301282239346506
5,2.0,1.0,1.0,1,9,0.001,72,0.0974386939458084,0.0013570720946722084,0.43663980432876204,2.4284896067278936,0.058658862968365255,0.003756488907342856,-0.0023994168126706475
5,2.0,1.0,1.0,1,10,0.001,80,0.09470729682053447,0.0003495481465578959,0.3878611810037032,2.1856406460551048,0.058658862968365255,0.0030173913465912777,-0.002667843200033382
5,2.0,1.0,1.0,1,11,0.001,88,0.09457719546097976,0.000456861241380134,0.34897790628462816,1.9869460418682767,0.058658862968365255,0.002478326085486801,-0.002935187326866935
5,2.0,1.0,1.0,1,12,0.001,96,0.09609872716929169,0.0011286691349162853,0.31724672505971135,1.8213672050459202,0.058658862968365255,0.002072709178095933,-0.003201378313012218
5,2.0,1.0,1.0,1,13,0.001,104,0.09871242384181489,0.0017067597206807741,0.29085282225487297,1.6812620354270034,0.058658862968365255,0.001759645423743031,-0.003466405144423805
5,2.0,1.0,1.0,1,14,0.001,112,0.10207177579998539,0.0022174315063574687,0.2685482258932246,1.56117189003936,0.058658862968365255,0.0015128490408484185,-0.0037302805472058873
5,2.0,1.0,1.0,1,15,0.001,120,0.1059530849774516,0.002678246310184179,0.24944661665977255,1.457093764036736,0.058658862968365255,0.0013147794350993058,-0.003993025745283485
5,2.0,1.0,1.0,1,16,0.001,128,0.11020681715587977,0.003101306211530007,0.23290113361772682,1.3660254037844402,0.058658862968365255,0.0011533577255281868,-0.004254663937058194
5,2.0,1.0,1.0,1,17,0.001,136,0.11473000750141538,0.003495177349507335,0.21842855615081938,1.2856709682677083,0.058658862968365255,0.001020040219309029,-0.004515217568816364
5,2.0,1.0,1.0,1,18,0.001,144,0.11944992882401761,0.003866064871857977,0.20566057393088252,1.2142448033639468,0.058658862968365255,0.0009086424294730971,-0.004774707301331074
5,2.0,1.0,1.0,1,19,0.001,152,0.12431406515711996,0.004218555272983246,0.19431149652538396,1.1503371821342652,0.058658862968365255,0.0008145964605386635,-0.0050331517335219095
5,2.0,1.0,1.0,1,20,0.001,160,0.12928375698144023,0.004556099406611586,0.18415627864280135,1.0928203230275524,0.058658862968365255,0.0007344680483670624,-0.005290567454978648
5,2.0,1.0,1.0,1,21,0.001,168,0.1343300592688781,0.004881334970936298,0.17501521062673192,1.0407812600262398,0.058658862968365255,0.0006656342578802293,-0.005546969228816527
5,2.0,1.0,1.0,1,22,0.001,176,0.13943097415711037,0.005196306779182827,0.16674302848331163,0.9934730209341384,0.058658862968365255,0.0006060634339411369,-0.005802370213123964
5,2.0,1.0,1.0,1,23,0.001,184,0.14456956082578887,0.005502620298089893,0.1592210226275161,0.9502785417630888,0.058658862968365255,0.000554161881897719,-0.006056782179987612
5,2.0,1.0,1.0,1,24,0.001,192,0.14973261874961707,0.0058015506366503045,0.1523512236651968,0.9106836025229601,0.058658862968365255,0.000508665078573084,-0.006310215715223388
5,2.0,1.0,1.0,1,25,0.001,200,0.15490975390861017,0.006094121191817965,0.14605205373934793,0.8742562584220417,0.058658862968365255,0.0004685592015255119,-0.006562680393343477
5,2.0,1.0,1.0,1,26,0.001,208,0.16009270580812962,0.006381161250002931,0.14025502947100477,0.8406310177135017,0.058658862968365255,0.0004330236776280416,-0.006814184927630973
5,2.0,1.0,1.0,1,27,0.001,216,0.1652748552912664,0.006663348751559148,0.13490223104052548,0.8094965355759645,0.058658862968365255,0.0004013885458443722,-0.00706473729740352
5,2.0,1.0,1.0,1,28,0.001,224,0.17045085971337748,0.006941242436563869,0.12994433725417628,0.78058594501968,0.058658862968365255,0.00037310241867703764,-0.007314344855240906
5,2.0,1.0,1.0,1,29,0.001,232,0.17561637917349948,0.007215306285732193,0.1253390840891851,0.7536691882948635,0.058658862968365255,0.00034770813141678236,-0.007563014417148975
5,2.0,1.0,1.0,1,30,0.001,240,0.18076786873543793,0.0074859282996761894,0.121050043821717,0.728546882018368,0.058658862968365255,0.00032482403860155384,-0.007810752338277743
5,2.0,1.0,1.0,1,31,0.001,248,0.18590241907393001,0.007753435069040429,0.11704564947732848,0.7050453696951949,0.058658862968365255,0.0003041295075847522,-0.008057564576625181
5,2.0,1.0,1.0,1,32,0.001,256,0.19101763306991348,0.008018103181457487,0.11329840889593033,0.6830127018922201,0.058658862968365255,0.00028535356519521216,-0.008303456746652699
5,2.0,1.0,1.0,1,33,0.001,264,0.19611152938104381,0.008280168227360565,0.10978426671771643,0.6623153472894256,0.058658862968365255,0.00026826593723576486,-0.00854843416459633
5,2.0,1.0,1.0,1,34,0.001,272,0.20118246645656757,0.008539831966044582,0.10648208276342398,0.6428354841338542,0.058658862968365255,0.0002526699207501121,-0.008792501886794694
5,2.0,1.0,1.0,1,35,0.001,280,0.20622908219182834,0.008797268069716375,0.10337320274081484,0.6244687560157439,0.058658862968365255,0.0002383966725174741,-0.00903566474223385
5,2.0,1.0,1.0,1,36,0.001,288,0.21125024565120842,0.009052626759479293,0.10044110273862156,0.6071224016819734,0.058658862968365255,0.00022530060079188619,-0.00927792736027118
5,2.0,1.0,1.0,1,37,0.001,296,0.2162450181800134,0.009306038571193692,0.09767109310834333,0.5907136881230013,0.058658862968365255,0.0002132556231121685,-0.00951929419430586
5,2.0,1.0,1.0,1,38,0.001,304,0.2212126218767183,0.009557617433167444,0.0950500704613909,0.5751685910671326,0.058658862968365255,0.00020215210891140478,-0.009759769542078849
5,2.0,1.0,1.0,1,39,0.001,312,0.2261524138769757,0.00980746319585915,0.0925663088918148,0.5604206784756677,0.058658862968365255,0.00019189436725564057,-0.009999357563114791
5,2.0,1.0,1.0,1,40,0.001,320,0.2310638652577126,0.010055663722446567,0.09020928336526676,0.5464101615137762,0.058658862968365255,0.00018239857131414905,-0.010238062293760716
5,2.0,1.0,1.0,1,1,0.002,8,0.8523086005895874,0.709690523923006,1.9992595228829722,21.856406460551042,0.058658862968365255,-0.7123024838319769,0.0026119599089708956
5,2.0,1.0,1.0,1,2,0.002,16,0.9456222548783384,0.45447294527159093,1.9933486575636479,10.928203230275521,0.058658862968365255,0.4585986073992056,-0.004125662127614671
5,2.0,1.0,1.0,1,3,0.002,24,0.7337408313018117,0.04534007603155271,1.6959154263928513,7.285468820183681,0.058658862968365255,0.047435699747089805,-0.0020956237155370927
5,2.0,1.0,1.0,1,4,0.002,32,0.371064287315247,0.020559320186800525,1.1795520131861552,5.464101615137761,0.058658862968365255,0.02274089400760207,-0.002181573820801544
5,2.0,1.0,1.0,1,5,0.002,40,0.2359882251090002,0.010792645937300005,0.8833691438787252,4.3712812921102095,0.058658862968365255,0.013435789379396712,-0.002643143442096707
5,2.0,1.0,1.0,1,6,0.002,48,0.18157952120133614,0.005775386324173487,0.7034837735389087,3.6427344100918404,0.058658862968365255,0.0089314841264235,-0.003156097802250013
5,2.0,1.0,1.0,1,7,0.002,56,0.1587490033828456,0.002710915946028833,0.5842198556012722,3.12234378007872,0.058658862968365255,0.006391210051089821,-0.0036802941050609883
5,2.0,1.0,1.0,1,8,0.002,64,0.15029831072608624,0.000604898378037115,0.49966021817864975,2.7320508075688803,0.058658862968365255,0.00481031865923974,-0.004205420281202625
5,2.0,1.0,1.0,1,9,0.002,72,0.14919083823932655,0.0009716633248882875,0.43663980432876204,2.4284896067278936,0.058658862968365255,0.003756488907342856,-0.004728152232231143
5,2.0,1.0,1.0,1,10,0.002,80,0.1521603911175673,0.0022299247631176883,0.3878611810037032,2.1856406460551048,0.058658862968365255,0.0030173913465912777,-0.005247316109708966
5,2.0,1.0,1.0,1,11,0.002,88,0.15753533551667842,0.003284175275792771,0.34897790628462816,1.9869460418682767,0.058658862968365255,0.002478326085486801,-0.005762501361279572
5,2.0,1.0,1.0,1,12,0.002,96,0.16439214491726406,0.004200882096527775,0.31724672505971135,1.8213672050459202,0.058658862968365255,0.002072709178095933,-0.006273591274623708
5,2.0,1.0,1.0,1,13,0.002,104,0.17218853965835468,0.005020940907943583,0.29085282225487297,1.6812620354270034,0.058658862968365255,0.001759645423743031,-0.006780586331686614
5,2.0,1.0,1.0,1,14,0.002,112,0.1805899833161102,0.005770683919828698,0.2685482258932246,1.56117189003936,0.058658862968365255,0.0015128490408484185,-0.0072835329606771165
5,2.0,1.0,1.0,1,15,0.002,120,0.1893815529805689,0.006467714159825451,0.24944661665977255,1.457093764036736,0.058658862968365255,0.0013147794350993058,-0.007782493594924757
5,2.0,1.0,1.0,1,16,0.002,128,0.1984204415851143,0.007124176210994232,0.23290113361772682,1.3660254037844402,0.058658862968365255,0.0011533577255281868,-0.008277533936522419
5,2.0,1.0,1.0,1,17,0.002,136,0.2076090497637716,0.00774867746914612,0.21842855615081938,1.2856709682677083,0.058658862968365255,0.001020040219309029,-0.00876871768845515
5,2.0,1.0,1.0,1,18,0.002,144,0.21687908001112732,0.008347462173300527,0.20566057393088252,1.2142448033639468,0.058658862968365255,0.0009086424294730971,-0.009256104602773624
5,2.0,1.0,1.0,1,19,0.002,152,0.22618178367549568,0.008925153541187128,0.19431149652538396,1.1503371821342652,0.058658862968365255,0.0008145964605386635,-0.009739750001725792
5,2.0,1.0,1.0,1,20,0.002,160,0.23548178699422195,0.009485236883253277,0.18415627864280135,1.0928203230275524,0.058658862968365255,0.0007344680483670624,-0.01021970493162034
5,2.0,1.0,1.0,1,21,0.002,168,0.24475307188671824,0.010030382303847361,0.17501521062673192,1.0407812600262398,0.058658862968365255,0.0006656342578802293,-0.01069601656172759
5,2.0,1.0,1.0,1,22,0.002,176,0.2539762939290585,0.010562665216411964,0.16674302848331163,0.9934730209341384,0.058658862968365255,0.0006060634339411369,-0.0111687286503531
5,2.0,1.0,1.0,1,23,0.002,184,0.2631369527611849,0.011083720117554985,0.1592210226275161,0.9502785417630888,0.058658862968365255,0.000554161881897719,-0.011637881999452704
5,2.0,1.0,1.0,1,24,0.002,192,0.27222411911577526,0.011594849787619085,0.1523512236651968,0.9106836025229601,0.058658862968365255,0.000508665078573084,-0.01210351486619217
5,2.0,1.0,1.0,1,25,0.002,200,0.2812295332380579,0.012097104120439003,0.14605205373934793,0.8742562584220417,0.058658862968365255,0.0004685592015255119,-0.012565663321964515
5,2.0,1.0,1.0,1,26,0.002,208,0.29014695598341167,0.012591337881868156,0.14025502947100477,0.8406310177135017,0.058658862968365255,0.0004330236776280416,-0.013024361559496198
5,2.0,1.0,1.0,1,27,0.002,216,0.2989716948937229,0.013078253606946325,0.13490223104052548,0.8094965355759645,0.058658862968365255,0.0004013885458443722,-0.013479642152790697
5,2.0,1.0,1.0,1,28,0.002,224,0.3077002534159834,0.013558433857272748,0.12994433725417628,0.78058594501968,0.058658862968365255,0.00037310241867703764,-0.013931536275949785
5,2.0,1.0,1.0,1,29,0.002,232,0.31633006807153174,0.014032365755627649,0.1253390840891851,0.7536691882948635,0.058658862968365255,0.00034770813141678236,-0.014380073887044431
5,2.0,1.0,1.0,1,30,0.002,240,0.3248593092989309,0.014500459843932237,0.121050043821717,0.728546882018368,0.058658862968365255,0.00032482403860155384,-0.01482528388253379
5,2.0,1.0,1.0,1,31,0.002,248,0.3332867289743373,0.014963064719595846,0.11704564947732848,0.7050453696951949,0.058658862968365255,0.0003041295075847522,-0.015267194227180599
5,2.0,1.0,1.0,1,32,0.002,256,0.34161154254774484,0.015420478498303733,0.11329840889593033,0.6830127018922201,0.058658862968365255,0.00028535356519521216,-0.015705832063498945
5,2.0,1.0,1.0,1,33,0.002,264,0.3498333371267721,0.01587295786706168,0.10978426671771643,0.6623153472894256,0.058658862968365255,0.00026826593723576486,-0.016141223804297444
5,2.0,1.0,1.0,1,34,0.002,272,0.35795199920502463,0.0163207252903209,0.10648208276342398,0.6428354841338542,0.058658862968365255,0.0002526699207501121,-0.016573395211071013
5,2.0,1.0,1.0,1,35,0.002,280,0.36596765740197024,0.016763974788174346,0.10337320274081484,0.6244687560157439,0.058658862968365255,0.0002383966725174741,-0.01700237146069182
5,2.0,1.0,1.0,1,36,0.002,288,0.37388063677380523,0.017202876601506947,0.10044110273862156,0.6071224016819734,0.058658862968365255,0.00022530060079188619,-0.017428177202298833
5,2.0,1.0,1.0,1,37,0.002,296,0.3816914221160653,0.017637580982902717,0.09767109310834333,0.5907136881230013,0.058658862968365255,0.0002132556231121685,-0.017850836606014886
5,2.0,1.0,1.0,1,38,0.002,304,0.3894006283070689,0.018068221295908092,0.0950500704613909,0.5751685910671326,0.058658862968365255,0.00020215210891140478,-0.018270373404819497
5,2.0,1.0,1.0,1,39,0.002,312,0.3970089762041725,0.01849491656339941,0.0925663088918148,0.5604206784756677,0.058658862968365255,0.00019189436725564057,-0.01868681093065505
5,2.0,1.0,1.0,1,40,0.002,320,0.40451727294884,0.01891777357434765,0.09020928336526676,0.5464101615137762,0.058658862968365255,0.00018239857131414905,-0.0191001721456618
5,2.0,1.0,1.0,1,1,0.005,8,0.8545947304932764,0.7057823887138623,1.9992595228829722,21.856406460551042,0.058658862968365255,-0.7123024838319769,0.006520095118114577
5,2.0,1.0,1.0,1,2,0.005,16,0.9470207742276742,0.4483307883069599,1.9933486575636479,10.928203230275521,0.058658862968365255,0.4585986073992056,-0.010267819092245722
5,2.0,1.0,1.0,1,3,0.005,24,0.7469144285066615,0.04226043813205846,1.6959154263928513,7.285468820183681,0.058658862968365255,0.047435699747089805,-0.005175261615031346
5,2.0,1.0,1.0,1,4,0.005,32,0.4177600039510321,0.017370311795751603,1.1795520131861552,5.464101615137761,0.058658862968365255,0.02274089400760207,-0.0053705822118504665
5,2.0,1.0,1.0,1,5,0.005,40,0.30711871921848877,0.006967220085361769,0.8833691438787252,4.3712812921102095,0.058658862968365255,0.013435789379396712,-0.006468569294034943
5,2.0,1.0,1.0,1,6,0.005,48,0.2723609775572273,0.001253073407908263,0.7034837735389087,3.6427344100918404,0.058658862968365255,0.0089314841264235,-0.007678410718515237
5,2.0,1.0,1.0,1,7,0.005,56,0.2665584995508239,0.0025108915228478357,0.5842198556012722,3.12234378007872,0.058658862968365255,0.006391210051089821,-0.008902101573937657
5,2.0,1.0,1.0,1,8,0.005,64,0.27343220640384014,0.0053045093802639234,0.49966021817864975,2.7320508075688803,0.058658862968365255,0.00481031865923974,-0.010114828039503664
5,2.0,1.0,1.0,1,9,0.005,72,0.2863866319348314,0.007552384814470459,0.43663980432876204,2.4284896067278936,0.058658862968365255,0.003756488907342856,-0.011308873721813315
5,2.0,1.0,1.0,1,10,0.005,80,0.3023950426476282,0.009464359773958327,0.3878611810037032,2.1856406460551048,0.058658862968365255,0.0030173913465912777,-0.012481751120549604
5,2.0,1.0,1.0,1,11,0.005,88,0.3199308666334023,0.01115448494330272,0.34897790628462816,1.9869460418682767,0.058658862968365255,0.002478326085486801,-0.013632811028789521
5,2.0,1.0,1.0,1,12,0.005,96,0.338167142723539,0.012689391500291566,0.31724672505971135,1.8213672050459202,0.058658862968365255,0.002072709178095933,-0.0147621006783875
5,2.0,1.0,1.0,1,13,0.005,104,0.35663119924500086,0.014110291543126846,0.29085282225487297,1.6812620354270034,0.058658862968365255,0.001759645423743031,-0.015869936966869877
5,2.0,1.0,1.0,1,14,0.005,112,0.3750420706162365,0.015443886857793201,0.2685482258932246,1.56117189003936,0.058658862968365255,0.0015128490408484185,-0.01695673589864162
5,2.0,1.0,1.0,1,15,0.005,120,0.393228276184054,0.01670816242686648,0.24944661665977255,1.457093764036736,0.058658862968365255,0.0013147794350993058,-0.018022941861965784
5,2.0,1.0,1.0,1,16,0.005,128,0.4110837012041999,0.017915640455779938,0.23290113361772682,1.3660254037844402,0.058658862968365255,0.0011533577255281868,-0.019068998181308125
5,2.0,1.0,1.0,1,17,0.005,136,0.428542715131065,0.019075295190541304,0.21842855615081938,1.2856709682677083,0.058658862968365255,0.001020040219309029,-0.020095335409850333
5,2.0,1.0,1.0,1,18,0.005,144,0.4455655331875398,0.020193724958892822,0.20566057393088252,1.2142448033639468,0.058658862968365255,0.0009086424294730971,-0.02110236738836592
5,2.0,1.0,1.0,1,19,0.005,152,0.46212928626932426,0.021275894218779984,0.19431149652538396,1.1503371821342652,0.058658862968365255,0.0008145964605386635,-0.022090490679318647
5,2.0,1.0,1.0,1,20,0.005,160,0.4782223997519315,0.022325617347710172,0.18415627864280135,1.0928203230275524,0.058658862968365255,0.0007344680483670624,-0.023060085396077235
5,2.0,1.0,1.0,1,21,0.005,168,0.4938409574125262,0.02334588226956509,0.17501521062673192,1.0407812600262398,0.058658862968365255,0.0006656342578802293,-0.02401151652744532
5,2.0,1.0,1.0,1,22,0.005,176,0.5089862928374234,0.024339071920384994,0.16674302848331163,0.9934730209341384,0.058658862968365255,0.0006060634339411369,-0.02494513535432613
5,2.0,1.0,1.0,1,23,0.005,184,0.5236633604323908,0.025307118905460654,0.1592210226275161,0.9502785417630888,0.058658862968365255,0.000554161881897719,-0.025861280787358373
5,2.0,1.0,1.0,1,24,0.005,192,0.5378796135232655,0.026251615483953987,0.1523512236651968,0.9106836025229601,0.058658862968365255,0.000508665078573084,-0.02676028056252707
5,2.0,1.0,1.0,1,25,0.005,200,0.5516442194062656,0.02717389307997168,0.14605205373934793,0.8742562584220417,0.058658862968365255,0.0004685592015255119,-0.02764245228149719
5,2.0,1.0,1.0,1,26,0.005,208,0.5649675026282611,0.028075080627337053,0.14025502947100477,0.8406310177135017,0.058658862968365255,0.0004330236776280416,-0.028508104304965094
5,2.0,1.0,1.0,1,27,0.005,216,0.5778605455517491,0.028956147969675352,0.13490223104052548,0.8094965355759645,0.058658862968365255,0.0004013885458443722,-0.029357536515519724
5,2.0,1.0,1.0,1,28,0.005,224,0.5903348990180914,0.029817938549615924,0.12994433725417628,0.78058594501968,0.058658862968365255,0.00037310241867703764,-0.030191040968292962
5,2.0,1.0,1.0,1,29,0.005,232,0.602402371174549,0.03066119431551358,0.1253390840891851,0.7536691882948635,0.058658862968365255,0.00034770813141678236,-0.031008902446930362
5,2.0,1.0,1.0,1,30,0.005,240,0.6140748725062279,0.031486574901695305,0.121050043821717,0.728546882018368,0.058658862968365255,0.00032482403860155384,-0.03181139894029686
5,2.0,1.0,1.0,1,31,0.005,248,0.6253643017515719,0.032294672545674766,0.11704564947732848,0.7050453696951949,0.058658862968365255,0.0003041295075847522,-0.03259880205325952
5,2.0,1.0,1.0,1,32,0.005,256,0.6362824618666953,0.03308602379740713,0.11329840889593033,0.6830127018922201,0.058658862968365255,0.00028535356519521216,-0.033371377362602345
5,2.0,1.0,1.0,1,33,0.005,264,0.6468409982812864,0.03386111879015035,0.10978426671771643,0.6623153472894256,0.058658862968365255,0.00026826593723576486,-0.034129384727386115
5,2.0,1.0,1.0,1,34,0.005,272,0.6570513538282153,0.03462040864055117,0.10648208276342398,0.6428354841338542,0.058658862968365255,0.0002526699207501121,-0.034873078561301285
5,2.0,1.0,1.0,1,35,0.005,280,0.6669247362352733,0.03536431140077605,0.10337320274081484,0.6244687560157439,0.058658862968365255,0.0002383966725174741,-0.03560270807329352
5,2.0,1.0,1.0,1,36,0.005,288,0.6764720951402526,0.036093216880809145,0.10044110273862156,0.6071224016819734,0.058658862968365255,0.00022530060079188619,-0.03631851748160103
5,2.0,1.0,1.0,1,37,0.005,296,0.6857041063631493,0.03680749058230201,0.09767109310834333,0.5907136881230013,0.058658862968365255,0.0002132556231121685,-0.03702074620541418
5,2.0,1.0,1.0,1,38,0.005,304,0.6946311617311902,0.03750747692873273,0.0950500704613909,0.5751685910671326,0.058658862968365255,0.00020215210891140478,-0.03770962903764413
5,2.0,1.0,1.0,1,39,0.005,312,0.7032633631651627,0.038193501934395496,0.0925663088918148,0.5604206784756677,0.058658862968365255,0.00019189436725564057,-0.03838539630165114
5,2.0,1.0,1.0,1,40,0.005,320,0.7116105200412919,0.03886587542297285,0.09020928336526676,0.5464101615137762,0.058658862968365255,0.00018239857131414905,-0.039048273994287
5,2.0,1.0,1.0,1,1,0.01,8,0.8583150581555228,0.699294975776791,1.9992595228829722,21.856406460551042,0.058658862968365255,-0.7123024838319769,0.013007508055185912
5,2.0,1.0,1.0,1,2,0.01,16,0.9492017559017845,0.43821659920941647,1.9933486575636479,10.928203230275521,0.058658862968365255,0.4585986073992056,-0.020382008189789136
5,2.0,1.0,1.0,1,3,0.01,24,0.7672568882886043,0.03729405218445367,1.6959154263928513,7.285468820183681,0.058658862968365255,0.047435699747089805,-0.010141647562636136
5,2.0,1.0,1.0,1,4,0.01,32,0.48760676101576617,0.012271741144348508,1.1795520131861552,5.464101615137761,0.058658862968365255,0.02274089400760207,-0.010469152863253561
5,2.0,1.0,1.0,1,5,0.01,40,0.4105456275736279,0.0009483341920489413,0.8833691438787252,4.3712812921102095,0.058658862968365255,0.013435789379396712,-0.01248745518734777
5,2.0,1.0,1.0,1,6,0.01,48,0.40073279736165646,0.005748459178759213,0.7034837735389087,3.6427344100918404,0.058658862968365255,0.0089314841264235,-0.014679943305182713
5,2.0,1.0,1.0,1,7,0.01,56,0.41485108549723326,0.010468125191578886,0.5842198556012722,3.12234378007872,0.058658862968365255,0.006391210051089821,-0.016859335242668708
5,2.0,1.0,1.0,1,8,0.01,64,0.4382109973036281,0.014169802492472579,0.49966021817864975,2.7320508075688803,0.058658862968365255,0.00481031865923974,-0.01898012115171232
5,2.0,1.0,1.0,1,9,0.01,72,0.465030595378354,0.01727320987670232,0.43663980432876204,2.4284896067278936,0.058658862968365255,0.003756488907342856,-0.021029698784045175
5,2.0,1.0,1.0,1,10,0.01,80,0.49276586088198115,0.019987992528202547,0.3878611810037032,2.1856406460551048,0.058658862968365255,0.0030173913465912777,-0.023005383874793825
5,2.0,1.0,1.0,1,11,0.01,88,0.5202138799813766,0.02242955871265736,0.34897790628462816,1.9869460418682767,0.058658862968365255,0.002478326085486801,-0.02490788479814416
5,2.0,1.0,1.0,1,12,0.01,96,0.5467858487848098,0.02466641675603662,0.31724672505971135,1.8213672050459202,0.058658862968365255,0.002072709178095933,-0.02673912593413255
5,2.0,1.0,1.0,1,13,0.01,104,0.5721965005430537,0.02674179976161655,0.29085282225487297,1.6812620354270034,0.058658862968365255,0.001759645423743031,-0.028501445185359582
5,2.0,1.0,1.0,1,14,0.01,112,0.5963193975656809,0.028684430813063072,0.2685482258932246,1.56117189003936,0.058658862968365255,0.0015128490408484185,-0.03019727985391149
5,2.0,1.0,1.0,1,15,0.01,120,0.619114623065715,0.030514261390312335,0.24944661665977255,1.457093764036736,0.058658862968365255,0.0013147794350993058,-0.031829040825411645
5,2.0,1.0,1.0,1,16,0.01,128,0.6405905445944874,0.0322457057989393,0.23290113361772682,1.3660254037844402,0.058658862968365255,0.0011533577255281868,-0.03339906352446749
5,2.0,1.0,1.0,1,17,0.01,136,0.6607826462386049,0.03388955100284929,0.21842855615081938,1.2856709682677083,0.058658862968365255,0.001020040219309029,-0.034909591222158316
5,2.0,1.0,1.0,1,18,0.01,144,0.6797413726149035,0.03545412965740609,0.20566057393088252,1.2142448033639468,0.058658862968365255,0.0009086424294730971,-0.036362772086879186
5,2.0,1.0,1.0,1,19,0.01,152,0.6975249468418112,0.03694606544804396,0.19431149652538396,1.1503371821342652,0.058658862968365255,0.0008145964605386635,-0.03776066190858263
5,2.0,1.0,1.0,1,20,0.01,160,0.7141950393042978,0.038370760884222935,0.18415627864280135,1.0928203230275524,0.058658862968365255,0.0007344680483670624,-0.03910522893259
5,2.0,1.0,1.0,1,21,0.01,168,0.7298141234188265,0.0397327249748857,0.17501521062673192,1.0407812600262398,0.058658862968365255,0.0006656342578802293,-0.040398359232765926
5,2.0,1.0,1.0,1,22,0.01,176,0.7444438569721804,0.04103579852152339,0.16674302848331163,0.9934730209341384,0.058658862968365255,0.0006060634339411369,-0.04164186195546453
5,2.0,1.0,1.0,1,23,0.01,184,0.7581441010284586,0.04228331229526934,0.1592210226275161,0.9502785417630888,0.058658862968365255,0.000554161881897719,-0.04283747417716706
5,2.0,1.0,1.0,1,24,0.01,192,0.7709723423815746,0.04347820022592715,0.1523512236651968,0.9106836025229601,0.058658862968365255,0.000508665078573084,-0.04398686530450023
5,2.0,1.0,1.0,1,25,0.01,200,0.7829833749228028,0.044623081824583355,0.14605205373934793,0.8742562584220417,0.058658862968365255,0.0004685592015255119,-0.04509164102610887
5,2.0,1.0,1.0,1,26,0.01,208,0.7942291486140685,0.045720323179805636,0.14025502947100477,0.8406310177135017,0.058658862968365255,0.0004330236776280416,-0.04615334685743368
5,2.0,1.0,1.0,1,27,0.01,216,0.8047587273449396,0.04677208278260889,0.13490223104052548,0.8094965355759645,0.058658862968365255,0.0004013885458443722,-0.04717347132845326
5,2.0,1.0,1.0,1,28,0.01,224,0.8146183173061622,0.04778034644464944,0.12994433725417628,0.78058594501968,0.058658862968365255,0.00037310241867703764,-0.048153448863326474
5,2.0,1.0,1.0,1,29,0.01,232,0.8238513404783556,0.04874695426468529,0.1253390840891851,0.7536691882948635,0.058658862968365255,0.00034770813141678236,-0.04909466239610207
5,2.0,1.0,1.0,1,30,0.01,240,0.8324985362400257,0.049673621721783905,0.121050043821717,0.728546882018368,0.058658862968365255,0.00032482403860155384,-0.04999844576038546
5,2.0,1.0,1.0,1,31,0.01,248,0.8405980796346275,0.05056195637754196,0.11704564947732848,0.7050453696951949,0.058658862968365255,0.0003041295075847522,-0.05086608588512671
5,2.0,1.0,1.0,1,32,0.01,256,0.8481857085332744,0.05141347125796243,0.11329840889593033,0.6830127018922201,0.058658862968365255,0.00028535356519521216,-0.051698824823157644
5,2.0,1.0,1.0,1,33,0.01,264,0.85529485442909,0.052229595697545525,0.10978426671771643,0.6623153472894256,0.058658862968365255,0.00026826593723576486,-0.05249786163478129
5,2.0,1.0,1.0,1,34,0.01,272,0.861956773307052,0.05301168422394654,0.10648208276342398,0.6428354841338542,0.058658862968365255,0.0002526699207501121,-0.05326435414469665
5,2.0,1.0,1.0,1,35,0.01,280,0.8682006742106794,0.05376102391508139,0.10337320274081484,0.6244687560157439,0.058658862968365255,0.0002383966725174741,-0.053999420587598865
5,2.0,1.0,1.0,1,36,0.01,288,0.8740538439445114,0.05447884055433945,0.10044110273862156,0.6071224016819734,0.058658862968365255,0.00022530060079188619,-0.054704141155131336
5,2.0,1.0,1.0,1,37,0.01,296,0.8795417669220531,0.05516630383170884,0.09767109310834333,0.5907136881230013,0.058658862968365255,0.0002132556231121685,-0.05537955945482101
5,2.0,1.0,1.0,1,38,0.01,304,0.8846882395684539,0.0558245317810492,0.0950500704613909,0.5751685910671326,0.058658862968365255,0.00020215210891140478,-0.056026683889960606
5,2.0,1.0,1.0,1,39,0.01,312,0.8895154789671066,0.05645459460070136,0.0925663088918148,0.5604206784756677,0.058658862968365255,0.00019189436725564057,-0.056646488967957
5,2.0,1.0,1.0,1,40,0.01,320,0.8940442256349004,0.05705751797228886,0.09020928336526676,0.5464101615137762,0.058658862968365255,0.00018239857131414905,-0.05723991654360301
5,2.0,1.0,1.0,1,1,0.02,8,0.8654291626606988,0.6864181964457781,1.9992595228829722,21.856406460551042,0.058658862968365255,-0.7123024838319769,0.025884287386198856
5,2.0,1.0,1.0,1,2,0.02,16,0.9530484286389042,0.4184429582208254,1.9933486575636479,10.928203230275521,0.058658862968365255,0.4585986073992056,-0.040155649178380215
5,2.0,1.0,1.0,1,3,0.02,24,0.8025338203220725,0.027960220411666847,1.6959154263928513,7.285468820183681,0.058658862968365255,0.047435699747089805,-0.019475479335422957
5,2.0,1.0,1.0,1,4,0.02,32,0.6017849886250056,0.0028480212334495297,1.1795520131861552,5.464101615137761,0.058658862968365255,0.02274089400760207,-0.01989287277415254
5,2.0,1.0,1.0,1,5,0.02,40,0.5710411596676905,0.009844865793706373,0.8833691438787252,4.3712812921102095,0.058658862968365255,0.013435789379396712,-0.023280655173103085
5,2.0,1.0,1.0,1,6,0.02,48,0.5900474545876703,0.01792603192442533,0.7034837735389087,3.6427344100918404,0.058658862968365255,0.0089314841264235,-0.02685751605084883
5,2.0,1.0,1.0,1,7,0.02,56,0.6228376585174954,0.02389689747926805,0.5842198556012722,3.12234378007872,0.058658862968365255,0.006391210051089821,-0.03028810753035787
5,2.0,1.0,1.0,1,8,0.02,64,0.6581430419454958,0.028691657728438593,0.49966021817864975,2.7320508075688803,0.058658862968365255,0.00481031865923974,-0.03350197638767834
5,2.0,1.0,1.0,1,9,0.02,72,0.6920690388819546,0.03273228613383095,0.43663980432876204,2.4284896067278936,0.058658862968365255,0.003756488907342856,-0.03648877504117381
5,2.0,1.0,1.0,1,10,0.02,80,0.7232706899486233,0.036237881734638544,0.3878611810037032,2.1856406460551048,0.058658862968365255,0.0030173913465912777,-0.03925527308122982
5,2.0,1.0,1.0,1,11,0.02,88,0.7513846965306941,0.03933503917885683,0.34897790628462816,1.9869460418682767,0.058658862968365255,0.002478326085486801,-0.04181336526434363
5,2.0,1.0,1.0,1,12,0.02,96,0.7764480358953817,0.04210347873294001,0.31724672505971135,1.8213672050459202,0.058658862968365255,0.002072709178095933,-0.04417618791103594
5,2.0,1.0,1.0,1,13,0.02,104,0.7986602996431693,0.04459711450799128,0.29085282225487297,1.6812620354270034,0.058658862968365255,0.001759645423743031,-0.04635675993173431
5,2.0,1.0,1.0,1,14,0.02,112,0.8182797505893576,0.046854653728943874,0.2685482258932246,1.56117189003936,0.058658862968365255,0.0015128490408484185,-0.04836750276979229
5,2.0,1.0,1.0,1,15,0.02,120,0.835576094616316,0.04890530978949628,0.24944661665977255,1.457093764036736,0.058658862968365255,0.0013147794350993058,-0.05022008922459559
5,2.0,1.0,1.0,1,16,0.02,128,0.850808951639635,0.05077206243269249,0.23290113361772682,1.3660254037844402,0.058658862968365255,0.0011533577255281868,-0.05192542015822068
5,2.0,1.0,1.0,1,17,0.02,136,0.8642185437753789,0.052473610590776446,0.21842855615081938,1.2856709682677083,0.058658862968365255,0.001020040219309029,-0.053493650810085475
5,2.0,1.0,1.0,1,18,0.02,144,0.8760223681608525,0.05402559249571137,0.20566057393088252,1.2142448033639468,0.058658862968365255,0.0009086424294730971,-0.05493423492518447
5,2.0,1.0,1.0,1,19,0.02,152,0.8864148285627688,0.05544137706355079,0.19431149652538396,1.1503371821342652,0.058658862968365255,0.0008145964605386635,-0.05625597352408945
5,2.0,1.0,1.0,1,20,0.02,160,0.8955683007850428,0.05673259486560135,0.18415627864280135,1.0928203230275524,0.058658862968365255,0.0007344680483670624,-0.057467062913968414
5,2.0,1.0,1.0,1,21,0.02,168,0.9036348432446432,0.05790950560889685,0.17501521062673192,1.0407812600262398,0.058658862968365255,0.0006656342578802293,-0.05857513986677708
5,2.0,1.0,1.0,1,22,0.02,176,0.9107481396260433,0.05898125989231247,0.16674302848331163,0.9934730209341384,0.058658862968365255,0.0006060634339411369,-0.059587323326253605
5,2.0,1.0,1.0,1,23,0.02,184,0.917025458067275,0.05995609073222548,0.1592210226275161,0.9502785417630888,0.058658862968365255,0.000554161881897719,-0.0605102526141232
5,2.0,1.0,1.0,1,24,0.02,192,0.9225695176693653,0.06084145726894532,0.1523512236651968,0.9106836025229601,0.058658862968365255,0.000508665078573084,-0.0613501223475184
5,2.0,1.0,1.0,1,25,0.02,200,0.9274702112052682,0.06164415515718087,0.14605205373934793,0.8742562584220417,0.058658862968365255,0.0004685592015255119,-0.06211271435870638
5,2.0,1.0,1.0,1,26,0.02,208,0.9318061647705258,0.062370403239230515,0.14025502947100477,0.8406310177135017,0.058658862968365255,0.0004330236776280416,-0.06280342691685856
5,2.0,1.0,1.0,1,27,0.02,216,0.9356461324353467,0.06302591298610222,0.13490223104052548,0.8094965355759645,0.058658862968365255,0.0004013885458443722,-0.06342730153194659
5,2.0,1.0,1.0,1,28,0.02,224,0.9390502330780499,0.06361594517296906,0.12994433725417628,0.78058594501968,0.058658862968365255,0.00037310241867703764,-0.0639890475916461
5,2.0,1.0,1.0,1,29,0.02,232,0.9420710410416633,0.06414535692070335,0.1253390840891851,0.7536691882948635,0.058658862968365255,0.00034770813141678236,-0.06449306505212013
5,2.0,1.0,1.0,1,30,0.02,240,0.9447545440691544,0.06461864133687288,0.121050043821717,0.728546882018368,0.058658862968365255,0.00032482403860155384,-0.06494346537547444
5,2.0,1.0,1.0,1,31,0.02,248,0.9471409822978778,0.06503996137474408,0.11704564947732848,0.7050453696951949,0.058658862968365255,0.0003041295075847522,-0.06534409088232881
5,2.0,1.0,1.0,1,32,0.02,256,0.9492655816063732,0.06541317910146,0.11329840889593033,0.6830127018922201,0.058658862968365255,0.00028535356519521216,-0.06569853266665521
5,2.0,1.0,1.0,1,33,0.02,264,0.9511591937028465,0.0657418812650967,0.10978426671771643,0.6623153472894256,0.058658862968365255,0.00026826593723576486,-0.06601014720233246
5,2.0,1.0,1.0,1,34,0.02,272,0.9528488542564174,0.06602940183468917,0.10648208276342398,0.6428354841338542,0.058658862968365255,0.0002526699207501121,-0.06628207175543929
5,2.0,1.0,1.0,1,35,0.02,280,0.9543582692337821,0.06627884203105729,0.10337320274081484,0.6244687560157439,0.058658862968365255,0.0002383966725174741,-0.06651723870357476
5,2.0,1.0,1.0,1,36,0.02,288,0.9557082384910378,0.06649308825159486,0.10044110273862156,0.6071224016819734,0.058658862968365255,0.00022530060079188619,-0.06671838885238675
5,2.0,1.0,1.0,1,37,0.02,296,0.9569170246236822,0.06667482820699294,0.09767109310834333,0.5907136881230013,0.058658862968365255,0.0002132556231121685,-0.06688808383010511
5,2.0,1.0,1.0,1,38,0.02,304,0.9580006741167164,0.06682656552384858,0.0950500704613909,0.5751685910671326,0.058658862968365255,0.00020215210891140478,-0.06702871763276
5,2.0,1.0,1.0,1,39,0.02,312,0.9589732969683581,0.06695063301841114,0.0925663088918148,0.5604206784756677,0.058658862968365255,0.00019189436725564057,-0.06714252738566678
5,2.0,1.0,1.0,1,40,0.02,320,0.9598473101847579,0.06704920480933409,0.09020928336526676,0.5464101615137762,0.058658862968365255,0.00018239857131414905,-0.06723160338064824
5,2.0,1.0,1.0,2,1,0.0,8,0.8999447036134594,0.654966128579481,1.9998229269205892,40.79706361959276,0.058658862968365255,0.654966128579481,0.0
5,2.0,1.0,1.0,2,2,0.0,16,0.9403314935792896,0.02866817762624752,1.9962249373682548,10.19926590489819,0.058658862968365255,-0.028668177626247515,-3.469446951953614e-18
5,2.0,1.0,1.0,2,3,0.0,24,0.3520297409225619,0.06282846755164849,1.3003973223641723,4.533007068843639,0.058658862968365255,-0.0628284675516486,1.1622647289044608e-16
5,2.0,1.0,1.0,2,4,0.0,32,0.12273777948514031,0.03640462210920277,0.6954692222969356,2.5498164762245477,0.058658862968365255,-0.0364046221092027,-6.938893903907228e-17
5,2.0,1.0,1.0,2,5,0.0,40,0.05015215039475107,0.023378539004113907,0.4290979916040719,1.6318825447837109,0.058658862968365255,-0.023378539004113782,-1.249000902703301e-16
5,2.0,1.0,1.0,2,6,0.0,48,0.02390296205887421,0.016234945329699664,0.2915331428652052,1.1332517672109097,0.058658862968365255,-0.016234945329699144,-5.204170427930421e-16
5,2.0,1.0,1.0,2,7,0.0,56,0.012770128259992908,0.011921311521124446,0.21126900511213084,0.8325931350937297,0.058658862968365255,-0.011921311521124564,1.1796119636642288e-16
5,2.0,1.0,1.0,2,8,0.0,64,0.007426858927671254,0.009122292781428752,0.1602898196809732,0.6374541190561369,0.058658862968365255,-0.009122292781429397,6.453171330633722e-16
5,2.0,1.0,1.0,2,9,0.0,72,0.004609161586741961,0.00720444570352375,0.1258528362963413,0.5036674520937378,0.058658862968365255,-0.0072044457035246035,8.534839501805891e-16
5,2.0,1.0,1.0,2,10,0.0,80,0.003010521016420742,0.005833458554330873,0.10147857930565199,0.4079706361959277,0.058658862968365255,-0.005833458554331344,4.718447854656915e-16
5,2.0,1.0,1.0,2,11,0.0,88,0.0020491337091836925,0.004819628407863583,0.08358356706504504,0.33716581503795673,0.058658862968365255,-0.004819628407864027,4.440892098500626e-16
5,2.0,1.0,1.0,2,12,0.0,96,0.0014429206027850583,0.00404887670543818,0.07005237259641726,0.2833129418027274,0.058658862968365255,-0.004048876705438867,6.869504964868156e-16
5,2.0,1.0,1.0,2,13,0.0,104,0.0010453497172762116,0.0034492765739713785,0.05956947495142596,0.24140274331119982,0.058658862968365255,-0.0034492765739712605,-1.1796119636642288e-16
5,2.0,1.0,1.0,2,14,0.0,112,0.0007758384339294766,0.002973661049989737,0.051281260316119015,0.20814828377343242,0.058658862968365255,-0.0029736610499890986,-6.38378239159465e-16
5,2.0,1.0,1.0,2,15,0.0,120,0.0005879014626036794,0.0025900587708934733,0.04461388045513618,0.18132028275374562,0.058658862968365255,-0.002590058770893522,4.85722573273506e-17
5,2.0,1.0,1.0,2,16,0.0,128,0.00045360965085228244,0.0022761770633588987,0.039169836202819344,0.15936352976403423,0.058658862968365255,-0.0022761770633590445,1.457167719820518e-16
5,2.0,1.0,1.0,2,17,0.0,136,0.00035558437926586084,0.002016087605088583,0.03466662385142993,0.1411663101023971,0.058658862968365255,-0.002016087605089159,5.759281940243e-16
5,2.0,1.0,1.0,2,18,0.0,144,0.0002826772136363953,0.0017981643127287991,0.03089894739536346,0.12591686302343444,0.058658862968365255,-0.0017981643127298608,1.061650767297806e-15
5,2.0,1.0,1.0,2,19,0.0,152,0.00022754231500199396,0.0016137606107367933,0.027714680508680985,0.11301125656396885,0.058658862968365255,-0.0016137606107349545,-1.8388068845354155e-15
5,2.0,1.0,1.0,2,20,0.0,160,0.00018522330568926382,0.001456337938851332,0.024999137893995986,0.10199265904898193,0.058658862968365255,-0.0014563379388494585,-1.8735013540549517e-15
5,2.0,1.0,1.0,2,21,0.0,168,0.00015230458332182728,0.0013208777819915113,0.02266452499319535,0.09251034834374774,0.058658862968365255,-0.0013208777819920664,5.551115123125783e-16
5,2.0,1.0,1.0,2,22,0.0,176,0.00012638727401115268,0.0012034765066092565,0.020642703567795143,0.08429145375948918,0.058658862968365255,-0.0012034765066081948,-1.061650767297806e-15
5,2.0,1.0,1.0,2,23,0.0,184,0.00010575749617391939,0.0011010608187559945,0.018880132377476166,0.07712110325064794,0.058658862968365255,-0.0011010608187560361,4.163336342344337e-17
5,2.0,1.0,1.0,2,24,0.0,192,8.917160511301425e-05,0.0010111844823934846,0.017334265801325747,0.07082823545068186,0.058658862968365255,-0.0010111844823941507,6.661338147750939e-16
5,2.0,1.0,1.0,2,25,0.0,200,7.57143181084885e-05,0.0009318808184378621,0.015970948899751175,0.06527530179134843,0.058658862968365255,-0.000931880818438216,3.5388358909926865e-16
5,2.0,1.0,1.0,2,26,0.0,208,6.470324031848662e-05,0.0008615541529357479,0.014762505607169664,0.060350685827799955,0.058658862968365255,-0.0008615541529354981,-2.498001805406602e-16
5,2.0,1.0,1.0,2,27,0.0,216,5.562352260846115e-05,0.0007988988882601869,0.013686316865622963,0.05596305023263752,0.058658862968365255,-0.0007988988882597498,-4.371503159461554e-16
5,2.0,1.0,1.0,2,28,0.0,224,4.808244429588271e-05,0.0007428384464017862,0.012723750188125773,0.052037070943358105,0.058658862968365255,-0.0007428384464009952,-7.91033905045424e-16
5,2.0,1.0,1.0,2,29,0.0,232,4.1777390949682136e-05,0.0006924786967765703,0.011859344714145596,0.0485101826630116,0.058658862968365255,-0.0006924786967758279,-7.424616477180734e-16
5,2.0,1.0,1.0,2,30,0.0,240,3.647297823317075e-05,0.0006470720706139785,0.011080184325592764,0.045330070688436405,0.058658862968365255,-0.0006470720706135691,-4.0939474033052647e-16
5,2.0,1.0,1.0,2,31,0.0,248,3.1984507661064754e-05,0.0006059896483279134,0.010375410784328047,0.04245271968740141,0.058658862968365255,-0.0006059896483305016,2.588207426157396e-15
5,2.0,1.0,1.0,2,32,0.0,256,2.8165865886498054e-05,0.0005686992578697245,0.009735842235974977,0.03984088244100856,0.058658862968365255,-0.0005686992578691763,-5.48172618408671e-16
5,2.0,1.0,1.0,2,33,0.0,264,2.490057990400807e-05,0.0005347481488821512,0.009153671789106097,0.03746286833755075,0.058658862968365255,-0.0005347481488807149,-1.4363510381087963e-15
5,2.0,1.0,1.0,2,34,0.0,272,2.2095138760613864e-05,0.0005037491816386602,0.00862222751199622,0.03529157752559928,0.058658862968365255,-0.0005037491816366618,-1.9984014443252818e-15
5,2.0,1.0,1.0,2,35,0.0,280,1.9673962093458286e-05,0.00047536973908494234,0.00813577994340677,0.03330372540374919,0.058658862968365255,-0.0004753697390834505,-1.4918621893400541e-15
5,2.0,1.0,1.0,2,36,0.0,288,1.7575575550488054e-05,0.00044932276496073564,0.0076893866586696755,0.03147921575585861,0.058658862968365255,-0.0004493227649622067,1.4710455076283324e-15
5,2.0,1.0,1.0,2,37,0.0,296,1.5749680298271507e-05,0.00042535947472527313,0.007278765953870553,0.02980063083973175,0.058658862968365255,-0.00042535947472563396,3.608224830031759e-16
5,2.0,1.0,1.0,2,38,0.0,304,1.4154889987350039e-05,0.000403263391578354,0.006900193574239777,0.028252814140992212,0.058658862968365255,-0.0004032633915764666,-1.887379141862766e-15
5,2.0,1.0,1.0,2,39,0.0,312,1.2756970444227633e-05,0.0003828454393029618,0.006550417802723315,0.02682252703457775,0.058658862968365255,-0.0003828454393014491,-1.5126788710517758e-15
5,2.0,1.0,1.0,2,40,0.0,320,1.1527461365457015e-05,0.00036393988321489074,0.006226589269287903,0.025498164762245482,0.058658862968365255,-0.0003639398832141344,-7.563394355258879e-16
5,2.0,1.0,1.0,2,1,0.001,8,0.9004701069737633,0.6535395922213767,1.9998229269205892,40.79706361959276,0.058658862968365255,0.654966128579481,-0.0014265363581041912
5,2.0,1.0,1.0,2,2,0.001,16,0.940935648089662,0.02830288256421931,1.9962249373682548,10.19926590489819,0.058658862968365255,-0.028668177626247515,0.0003652950620282036
5,2.0,1.0,1.0,2,3,0.001,24,0.36463234036807834,0.06293930920413182,1.3003973223641723,4.533007068843639,0.058658862968365255,-0.0628284675516486,-0.00011084165248321457
5,2.0,1.0,1.0,2,4,0.001,32,0.14569741088017363,0.03697687312980253,0.6954692222969356,2.5498164762245477,0.058658862968365255,-0.0364046221092027,-0.0005722510205998302
5,2.0,1.0,1.0,2,5,0.001,40,0.08121551492725299,0.024332333998832938,0.4290979916040719,1.6318825447837109,0.058658862968365255,-0.023378539004113782,-0.0009537949947191551
5,2.0,1.0,1.0,2,6,0.001,48,0.06207693372210277,0.017530275225724784,0.2915331428652052,1.1332517672109097,0.058658862968365255,-0.016234945329699144,-0.0012953298960256404
5,2.0,1.0,1.0,2,7,0.001,56,0.057627278086082034,0.013535733017733448,0.21126900511213084,0.8325931350937297,0.058658862968365255,-0.011921311521124564,-0.0016144214966088838
5,2.0,1.0,1.0,2,8,0.001,64,0.05874915520209478,0.011041783671442547,0.1602898196809732,0.6374541190561369,0.058658862968365255,-0.009122292781429397,-0.0019194908900131494
5,2.0,1.0,1.0,2,9,0.001,72,0.06226531209547459,0.009419504998586216,0.1258528362963413,0.5036674520937378,0.058658862968365255,-0.0072044457035246035,-0.0022150592950616124
5,2.0,1.0,1.0,2,10,0.001,80,0.0669091979684645,0.00833723132693677,0.10147857930565199,0.4079706361959277,0.058658862968365255,-0.005833458554331344,-0.0025037727726054254
5,2.0,1.0,1.0,2,11,0.001,88,0.07211919216260432,0.007606913452281774,0.08358356706504504,0.33716581503795673,0.058658862968365255,-0.004819628407864027,-0.0027872850444177477
5,2.0,1.0,1.0,2,12,0.001,96,0.07762423036008825,0.007115560885247688,0.07005237259641726,0.2833129418027274,0.058658862968365255,-0.004048876705438867,-0.0030666841798088207
5,2.0,1.0,1.0,2,13,0.001,104,0.08328420664852187,0.00679199287397983,0.05956947495142596,0.24140274331119982,0.058658862968365255,-0.0034492765739712605,-0.003342716300008569
5,2.0,1.0,1.0,2,14,0.001,112,0.08902251704366893,0.006589571797334999,0.051281260316119015,0.20814828377343242,0.058658862968365255,-0.0029736610499890986,-0.0036159107473459004
5,2.0,1.0,1.0,2,15,0.001,120,0.09479527795695142,0.006476712708798134,0.04461388045513618,0.18132028275374562,0.058658862968365255,-0.002590058770893522,-0.003886653937904612
5,2.0,1.0,1.0,2,16,0.001,128,0.10057635129319631,0.006431411962757816,0.039169836202819344,0.15936352976403423,0.058658862968365255,-0.0022761770633590445,-0.0041552348993987714
5,2.0,1.0,1.0,2,17,0.001,136,0.10634965318355416,0.006437962018474047,0.03466662385142993,0.1411663101023971,0.058658862968365255,-0.002016087605089159,-0.004421874413384888
5,2.0,1.0,1.0,2,18,0.001,144,0.1121050155070622,0.006484908579934293,0.03089894739536346,0.12591686302343444,0.058658862968365255,-0.0017981643127298608,-0.004686744267204432
5,2.0,1.0,1.0,2,19,0.001,152,0.11783586738989826,0.006563740937407185,0.027714680508680985,0.11301125656396885,0.058658862968365255,-0.0016137606107349545,-0.004949980326672231
5,2.0,1.0,1.0,2,20,0.001,160,0.12353788960897127,0.0066680295674307125,0.024999137893995986,0.10199265904898193,0.058658862968365255,-0.0014563379388494585,-0.005211691628581254
5,2.0,1.0,1.0,2,21,0.001,168,0.12920820890587237,0.006792844622192595,0.02266452499319535,0.09251034834374774,0.058658862968365255,-0.0013208777819920664,-0.005471966840200529
5,2.0,1.0,1.0,2,22,0.001,176,0.13484490200913923,0.006934355441895114,0.020642703567795143,0.08429145375948918,0.058658862968365255,-0.0012034765066081948,-0.005730878935286919
5,2.0,1.0,1.0,2,23,0.001,184,0.1404466826358457,0.007089549455182392,0.018880132377476166,0.07712110325064794,0.058658862968365255,-0.0011010608187560361,-0.005988488636426356
5,2.0,1.0,1.0,2,24,0.001,192,0.14601269950034912,0.007256031470257378,0.017334265801325747,0.07082823545068186,0.058658862968365255,-0.0010111844823941507,-0.006244846987863227
5,2.0,1.0,1.0,2,25,0.001,200,0.15154240329568736,0.0074318781233281145,0.015970948899751175,0.06527530179134843,0.058658862968365255,-0.000931880818438216,-0.0064999973048898985
5,2.0,1.0,1.0,2,26,0.001,208,0.15703545746842262,0.007615530822339615,0.014762505607169664,0.060350685827799955,0.058658862968365255,-0.0008615541529354981,-0.006753976669404117
5,2.0,1.0,1.0,2,27,0.001,216,0.16249167735428127,0.007805715978649097,0.013686316865622963,0.05596305023263752,0.058658862968365255,-0.0007988988882597498,-0.007006817090389347
5,2.0,1.0,1.0,2,28,0.001,224,0.1679109880155678,0.00800138486021637,0.012723750188125773,0.052037070943358105,0.058658862968365255,-0.0007428384464009952,-0.0072585464138153755
5,2.0,1.0,1.0,2,29,0.001,232,0.17329339461621784,0.008201667739736067,0.011859344714145596,0.0485101826630116,0.058658862968365255,-0.0006924786967758279,-0.007509189042960239
5,2.0,1.0,1.0,2,30,0.001,240,0.17863896133318335,0.00840583858431386,0.011080184325592764,0.045330070688436405,0.058658862968365255,-0.0006470720706135691,-0.007758766513700291
5,2.0,1.0,1.0,2,31,0.001,248,0.1839477961607967,0.00861328760611052,0.010375410784328047,0.04245271968740141,0.058658862968365255,-0.0006059896483305016,-0.008007297957780019
5,2.0,1.0,1.0,2,32,0.001,256,0.1892200398386117,0.008823499736588171,0.009735842235974977,0.03984088244100856,0.058658862968365255,-0.0005686992578691763,-0.008254800478718995
5,2.0,1.0,1.0,2,33,0.001,264,0.19445585769924645,0.009036037607855749,0.009153671789106097,0.03746286833755075,0.058658862968365255,-0.0005347481488807149,-0.008501289458975034
5,2.0,1.0,1.0,2,34,0.001,272,0.1996554336071843,0.00925052799430906,0.00862222751199622,0.03529157752559928,0.058658862968365255,-0.0005037491816366618,-0.008746778812672398
5,2.0,1.0,1.0,2,35,0.001,280,0.20481896541213707,0.009466650933848617,0.00813577994340677,0.03330372540374919,0.058658862968365255,-0.0004753697390834505,-0.008991281194765166
5,2.0,1.0,1.0,2,36,0.001,288,0.20994666150909613,0.009684130940166874,0.0076893866586696755,0.03147921575585861,0.058658862968365255,-0.0004493227649622067,-0.009234808175204667
5,2.0,1.0,1.0,2,37,0.001,296,0.21503873821561093,0.009902729859467552,0.007278765953870553,0.02980063083973175,0.058658862968365255,-0.00042535947472563396,-0.009477370384741918
5,2.0,1.0,1.0,2,38,0.001,304,0.2200954177572888,0.010122241029185866,0.006900193574239777,0.028252814140992212,0.058658862968365255,-0.0004032633915764666,-0.0097189776376094
5,2.0,1.0,1.0,2,39,0.001,312,0.22511692670991024,0.010342484474573317,0.006550417802723315,0.02682252703457775,0.058658862968365255,-0.0003828454393014491,-0.009959639035271868
5,2.0,1.0,1.0,2,40,0.001,320,0.23010349478733727,0.010563302937779614,0.006226589269287903,0.025498164762245482,0.058658862968365255,-0.0003639398832141344,-0.01019936305456548
5,2.0,1.0,1.0,2,1,0.002,8,0.9009918642887036,0.6521144831132555,1.9998229269205892,40.79706361959276,0.058658862968365255,0.654966128579481,-0.0028516454662254054
5,2.0,1.0,1.0,2,2,0.002,16,0.9415298943448697,0.027941590393290874,1.9962249373682548,10.19926590489819,0.058658862968365255,-0.028668177626247515,0.0007265872329566408
5,2.0,1.0,1.0,2,3,0.002,24,0.37697964632112724,0.06304910911627107,1.3003973223641723,4.533007068843639,0.058658862968365255,-0.0628284675516486,-0.00022064156462246482
5,2.0,1.0,1.0,2,4,0.002,32,0.16803431647899958,0.037541424526172484,0.6954692222969356,2.5498164762245477,0.058658862968365255,-0.0364046221092027,-0.0011368024169697843
5,2.0,1.0,1.0,2,5,0.002,40,0.11122240443359965,0.02526992143057203,0.4290979916040719,1.6318825447837109,0.058658862968365255,-0.023378539004113782,-0.0018913824264582477
5,2.0,1.0,1.0,2,6,0.002,48,0.09869251994184802,0.018799014722670676,0.2915331428652052,1.1332517672109097,0.058658862968365255,-0.016234945329699144,-0.0025640693929715325
5,2.0,1.0,1.0,2,7,0.002,56,0.10035037377391687,0.015111314207878535,0.21126900511213084,0.8325931350937297,0.058658862968365255,-0.011921311521124564,-0.0031900026867539705
5,2.0,1.0,1.0,2,8,0.002,64,0.10728621807129712,0.012908333336361155,0.1602898196809732,0.6374541190561369,0.058658862968365255,-0.009122292781429397,-0.0037860405549317577
5,2.0,1.0,1.0,2,9,0.002,72,0.11640954048364294,0.011565689245369812,0.1258528362963413,0.5036674520937378,0.058658862968365255,-0.0072044457035246035,-0.004361243541845208
5,2.0,1.0,1.0,2,10,0.002,80,0.12649456210781618,0.010754381001943578,0.10147857930565199,0.4079706361959277,0.058658862968365255,-0.005833458554331344,-0.004920922447612233
5,2.0,1.0,1.0,2,11,0.002,88,0.13700103173552325,0.010288031916221609,0.08358356706504504,0.33716581503795673,0.058658862968365255,-0.004819628407864027,-0.005468403508357582
5,2.0,1.0,1.0,2,12,0.002,96,0.14767026973537367,0.010054758308186723,0.07005237259641726,0.2833129418027274,0.058658862968365255,-0.004048876705438867,-0.006005881602747856
5,2.0,1.0,1.0,2,13,0.002,104,0.15837005493329948,0.009984144169225342,0.05956947495142596,0.24140274331119982,0.058658862968365255,-0.0034492765739712605,-0.006534867595254082
5,2.0,1.0,1.0,2,14,0.002,112,0.16902926068447965,0.010030099698426984,0.051281260316119015,0.20814828377343242,0.058658862968365255,-0.0029736610499890986,-0.007056438648437885
5,2.0,1.0,1.0,2,15,0.002,120,0.17960811745454153,0.010161444689530272,0.04461388045513618,0.18132028275374562,0.058658862968365255,-0.002590058770893522,-0.00757138591863675
5,2.0,1.0,1.0,2,16,0.002,128,0.19008378928633085,0.0103564826924872,0.039169836202819344,0.15936352976403423,0.058658862968365255,-0.0022761770633590445,-0.008080305629128155
5,2.0,1.0,1.0,2,17,0.002,136,0.20044298814507489,0.010599744960109833,0.03466662385142993,0.1411663101023971,0.058658862968365255,-0.002016087605089159,-0.008583657355020674
5,2.0,1.0,1.0,2,18,0.002,144,0.2106780120781706,0.010879966841567806,0.03089894739536346,0.12591686302343444,0.058658862968365255,-0.0017981643127298608,-0.009081802528837946
5,2.0,1.0,1.0,2,19,0.002,152,0.22078453261908793,0.011188791198766479,0.027714680508680985,0.11301125656396885,0.058658862968365255,-0.0016137606107349545,-0.009575030588031525
5,2.0,1.0,1.0,2,20,0.002,160,0.2307603147827464,0.01151991510109069,0.024999137893995986,0.10199265904898193,0.058658862968365255,-0.0014563379388494585,-0.010063577162241231
5,2.0,1.0,1.0,2,21,0.002,168,0.24060445320513302,0.011868514776412972,0.02266452499319535,0.09251034834374774,0.058658862968365255,-0.0013208777819920664,-0.010547636994420906
5,2.0,1.0,1.0,2,22,0.002,176,0.2503169035531032,0.012230849801503046,0.020642703567795143,0.08429145375948918,0.058658862968365255,-0.0012034765066081948,-0.011027373294894852
5,2.0,1.0,1.0,2,23,0.002,184,0.2598981879035752,0.012603985446705712,0.018880132377476166,0.07712110325064794,0.058658862968365255,-0.0011010608187560361,-0.011502924627949676
5,2.0,1.0,1.0,2,24,0.002,192,0.269349205369978,0.01298559454161919,0.017334265801325747,0.07082823545068186,0.058658862968365255,-0.0010111844823941507,-0.01197441005922504
5,2.0,1.0,1.0,2,25,0.002,200,0.27867110793762406,0.01337381387458822,0.015970948899751175,0.06527530179134843,0.058658862968365255,-0.000931880818438216,-0.012441933056150004
5,2.0,1.0,1.0,2,26,0.002,208,0.28786521758378414,0.013767138633525647,0.014762505607169664,0.060350685827799955,0.058658862968365255,-0.0008615541529354981,-0.012905584480590149
5,2.0,1.0,1.0,2,27,0.002,216,0.2969329700553728,0.014164343799511758,0.013686316865622963,0.05596305023263752,0.058658862968365255,-0.0007988988882597498,-0.013365444911252009
5,2.0,1.0,1.0,2,28,0.002,224,0.3058758761724327,0.014564424911270288,0.012723750188125773,0.052037070943358105,0.058658862968365255,-0.0007428384464009952,-0.013821586464869293
5,2.0,1.0,1.0,2,29,0.002,232,0.31469549484465387,0.014966552934916319,0.011859344714145596,0.0485101826630116,0.058658862968365255,-0.0006924786967758279,-0.014274074238140491
5,2.0,1.0,1.0,2,30,0.002,240,0.3233934140371404,0.015370039530201995,0.011080184325592764,0.045330070688436405,0.058658862968365255,-0.0006470720706135691,-0.014722967459588426
5,2.0,1.0,1.0,2,31,0.002,248,0.33197123720577393,0.015774310065623076,0.010375410784328047,0.04245271968740141,0.058658862968365255,-0.0006059896483305016,-0.015168320417292575
5,2.0,1.0,1.0,2,32,0.002,256,0.340430573546326,0.01617888246974762,0.009735842235974977,0.03984088244100856,0.058658862968365255,-0.0005686992578691763,-0.015610183211878445
5,2.0,1.0,1.0,2,33,0.002,264,0.34877303093434064,0.01658335052087998,0.009153671789106097,0.03746286833755075,0.058658862968365255,-0.0005347481488807149,-0.016048602371999267
5,2.0,1.0,1.0,2,34,0.002,272,0.3570002107842626,0.016987370542518046,0.00862222751199622,0.03529157752559928,0.058658862968365255,-0.0005037491816366618,-0.016483621360881384
5,2.0,1.0,1.0,2,35,0.002,280,0.36511370429280265,0.01739065073482697,0.00813577994340677,0.03330372540374919,0.058658862968365255,-0.0004753697390834505,-0.01691528099574352
5,2.0,1.0,1.0,2,36,0.002,288,0.3731150896891373,0.017792942562155516,0.0076893866586696755,0.03147921575585861,0.058658862968365255,-0.0004493227649622067,-0.01734361979719331
5,2.0,1.0,1.0,2,37,0.002,296,0.3810059302247837,0.01819403375659031,0.007278765953870553,0.02980063083973175,0.058658862968365255,-0.00042535947472563396,-0.017768674281864676
5,2.0,1.0,1.0,2,38,0.002,304,0.3887877727108622,0.018593742600391858,0.006900193574239777,0.028252814140992212,0.058658862968365255,-0.0004032633915764666,-0.01819047920881539
5,2.0,1.0,1.0,2,39,0.002,312,0.39646214646366873,0.01899191322733105,0.006550417802723315,0.02682252703457775,0.058658862968365255,-0.0003828454393014491,-0.0186090677880296
5,2.0,1.0,1.0,2,40,0.002,320,0.4040305625572209,0.01938841174089776,0.006226589269287903,0.025498164762245482,0.058658862968365255,-0.0003639398832141344,-0.019024471857683627
5,2.0,1.0,1.0,2,1,0.005,8,0.9025354757980105,0.647847719288791,1.9998229269205892,40.79706361959276,0.058658862968365255,0.654966128579481,-0.007118409290689853
5,2.0,1.0,1.0,2,2,0.005,16,0.9432545972654053,0.02688150615551803,1.9962249373682548,10.19926590489819,0.058658862968365255,-0.028668177626247515,0.0017866714707294867
5,2.0,1.0,1.0,2,3,0.005,24,0.41254000423712367,0.06337227503450858,1.3003973223641723,4.533007068843639,0.058658862968365255,-0.0628284675516486,-0.000543807482859985
5,2.0,1.0,1.0,2,4,0.005,32,0.23147356344252712,0.03918970288166769,0.6954692222969356,2.5498164762245477,0.058658862968365255,-0.0364046221092027,-0.00278508077246499
5,2.0,1.0,1.0,2,5,0.005,40,0.19525604080161107,0.027987754162585962,0.4290979916040719,1.6318825447837109,0.058658862968365255,-0.023378539004113782,-0.00460921515847218
5,2.0,1.0,1.0,2,6,0.005,48,0.1998125707511893,0.022450398188383784,0.2915331428652052,1.1332517672109097,0.058658862968365255,-0.016234945329699144,-0.0062154528586846405
5,2.0,1.0,1.0,2,7,0.005,56,0.21671038256997344,0.019613190022703314,0.21126900511213084,0.8325931350937297,0.058658862968365255,-0.011921311521124564,-0.00769187850157875
5,2.0,1.0,1.0,2,8,0.005,64,0.23766601279065225,0.018203221980286115,0.1602898196809732,0.6374541190561369,0.058658862968365255,-0.009122292781429397,-0.009080929198856717
5,2.0,1.0,1.0,2,9,0.005,72,0.25986207582428367,0.01761000379438863,0.1258528362963413,0.5036674520937378,0.058658862968365255,-0.0072044457035246035,-0.010405558090864027
5,2.0,1.0,1.0,2,10,0.005,80,0.2822119373546321,0.017512801981853926,0.10147857930565199,0.4079706361959277,0.058658862968365255,-0.005833458554331344,-0.011679343427522582
5,2.0,1.0,1.0,2,11,0.005,88,0.3042577098270437,0.017730526620538416,0.08358356706504504,0.33716581503795673,0.058658862968365255,-0.004819628407864027,-0.012910898212674389
5,2.0,1.0,1.0,2,12,0.005,96,0.32579642924854624,0.018154878782574914,0.07005237259641726,0.2833129418027274,0.058658862968365255,-0.004048876705438867,-0.014106002077136047
5,2.0,1.0,1.0,2,13,0.005,104,0.3467378739079052,0.01871799582067342,0.05956947495142596,0.24140274331119982,0.058658862968365255,-0.0034492765739712605,-0.015268719246702159
5,2.0,1.0,1.0,2,14,0.005,112,0.3670452252478549,0.01937568527522033,0.051281260316119015,0.20814828377343242,0.058658862968365255,-0.0029736610499890986,-0.01640202422523123
5,2.0,1.0,1.0,2,15,0.005,120,0.3867083399948352,0.02009822982754568,0.04461388045513618,0.18132028275374562,0.058658862968365255,-0.002590058770893522,-0.017508171056652158
5,2.0,1.0,1.0,2,16,0.005,128,0.405730924042059,0.02086509814450109,0.039169836202819344,0.15936352976403423,0.058658862968365255,-0.0022761770633590445,-0.018588921081142046
5,2.0,1.0,1.0,2,17,0.005,136,0.4241240420352852,0.02166177634624071,0.03466662385142993,0.1411663101023971,0.058658862968365255,-0.002016087605089159,-0.01964568874115155
5,2.0,1.0,1.0,2,18,0.005,144,0.44190268312041747,0.02247780225915158,0.03089894739536346,0.12591686302343444,0.058658862968365255,-0.0017981643127298608,-0.02067963794642172
5,2.0,1.0,1.0,2,19,0.005,152,0.45908387455628286,0.023305508155875843,0.027714680508680985,0.11301125656396885,0.058658862968365255,-0.0016137606107349545,-0.021691747545140888
5,2.0,1.0,1.0,2,20,0.005,160,0.47568561311423707,0.024139194832135065,0.024999137893995986,0.10199265904898193,0.058658862968365255,-0.0014563379388494585,-0.022682856893285606
5,2.0,1.0,1.0,2,21,0.005,168,0.49172624476789273,0.02497457603824768,0.02266452499319535,0.09251034834374774,0.058658862968365255,-0.0013208777819920664,-0.023653698256255615
5,2.0,1.0,1.0,2,22,0.005,176,0.5072240981952068,0.025808396796807145,0.020642703567795143,0.08429145375948918,0.058658862968365255,-0.0012034765066081948,-0.02460492029019895
5,2.0,1.0,1.0,2,23,0.005,184,0.5221972661179438,0.02663816617074949,0.018880132377476166,0.07712110325064794,0.058658862968365255,-0.0011010608187560361,-0.025537105351993453
5,2.0,1.0,1.0,2,24,0.005,192,0.5366634749163822,0.02746196694096904,0.017334265801325747,0.07082823545068186,0.058658862968365255,-0.0010111844823941507,-0.02645078245857489
5,2.0,1.0,1.0,2,25,0.005,200,0.5506400081021798,0.028278317944897748,0.015970948899751175,0.06527530179134843,0.058658862968365255,-0.000931880818438216,-0.02734643712645953
5,2.0,1.0,1.0,2,26,0.005,208,0.5641436632596402,0.02908607309240854,0.014762505607169664,0.060350685827799955,0.058658862968365255,-0.0008615541529354981,-0.02822451893947304
5,2.0,1.0,1.0,2,27,0.005,216,0.577190730101362,0.029884346326983703,0.013686316865622963,0.05596305023263752,0.058658862968365255,-0.0007988988882597498,-0.029085447438723953
5,2.0,1.0,1.0,2,28,0.005,224,0.5897969819995639,0.030672455203898996,0.012723750188125773,0.052037070943358105,0.058658862968365255,-0.0007428384464009952,-0.029929616757498
5,2.0,1.0,1.0,2,29,0.005,232,0.6019776761818258,0.03144987800293042,0.011859344714145596,0.0485101826630116,0.058658862968365255,-0.0006924786967758279,-0.030757399306154596
5,2.0,1.0,1.0,2,30,0.005,240,0.6137475595117544,0.03221622080059701,0.011080184325592764,0.045330070688436405,0.058658862968365255,-0.0006470720706135691,-0.03156914872998344
5,2.0,1.0,1.0,2,31,0.005,248,0.6251208778526895,0.03297119195340227,0.010375410784328047,0.04245271968740141,0.058658862968365255,-0.0006059896483305016,-0.03236520230507177
5,2.0,1.0,1.0,2,32,0.005,256,0.6361113876977261,0.03371458215351019,0.009735842235974977,0.03984088244100856,0.058658862968365255,-0.0005686992578691763,-0.033145882895641014
5,2.0,1.0,1.0,2,33,0.005,264,0.6467323691891501,0.03444624871496932,0.009153671789106097,0.03746286833755075,0.058658862968365255,-0.0005347481488807149,-0.033911500566088604
5,2.0,1.0,1.0,2,34,0.005,272,0.6569966399380232,0.035166103100774795,0.00862222751199622,0.03529157752559928,0.058658862968365255,-0.0005037491816366618,-0.034662353919138134
5,2.0,1.0,1.0,2,35,0.005,280,0.6669165692458816,0.03587410095383137,0.00813577994340677,0.03330372540374919,0.058658862968365255,-0.0004753697390834505,-0.03539873121474792
5,2.0,1.0,1.0,2,36,0.005,288,0.6765040924573273,0.03657023407749114,0.0076893866586696755,0.03147921575585861,0.058658862968365255,-0.0004493227649622067,-0.03612091131252893
5,2.0,1.0,1.0,2,37,0.005,296,0.6857707252594173,0.037254523945654316,0.007278765953870553,0.02980063083973175,0.058658862968365255,-0.00042535947472563396,-0.03682916447092868
5,2.0,1.0,1.0,2,38,0.005,304,0.6947275778025932,0.0379270164210653,0.006900193574239777,0.028252814140992212,0.058658862968365255,-0.0004032633915764666,-0.037523753029488835
5,2.0,1.0,1.0,2,39,0.005,312,0.7033853685589186,0.03858777743436534,0.006550417802723315,0.02682252703457775,0.058658862968365255,-0.0003828454393014491,-0.03820493199506389
5,2.0,1.0,1.0,2,40,0.005,320,0.7117544378619838,0.039236889431901636,0.006226589269287903,0.025498164762245482,0.058658862968365255,-0.0003639398832141344,-0.0388729495486875
5,2.0,1.0,1.0,2,1,0.01,8,0.905037239429586,0.6407649912476785,1.9998229269205892,40.79706361959276,0.058658862968365255,0.654966128579481,-0.014201137331802394
5,2.0,1.0,1.0,2,2,0.01,16,0.9459438589395476,0.025192668323026787,1.9962249373682548,10.19926590489819,0.058658862968365255,-0.028668177626247515,0.003475509303220728
5,2.0,1.0,1.0,2,3,0.01,24,0.4671557053820101,0.06389021460746833,1.3003973223641723,4.533007068843639,0.058658862968365255,-0.0628284675516486,-0.0010617470558197204
5,2.0,1.0,1.0,2,4,0.01,32,0.32622668211033334,0.04179038840545405,0.6954692222969356,2.5498164762245477,0.058658862968365255,-0.0364046221092027,-0.00538576629625135
5,2.0,1.0,1.0,2,5,0.01,40,0.31729571771079723,0.032214468613843875,0.4290979916040719,1.6318825447837109,0.058658862968365255,-0.023378539004113782,-0.008835929609730092
5,2.0,1.0,1.0,2,6,0.01,48,0.34263520777264955,0.028046972917785767,0.2915331428652052,1.1332517672109097,0.058658862968365255,-0.016234945329699144,-0.011812027588086624
5,2.0,1.0,1.0,2,7,0.01,56,0.376574673403574,0.026413329262408358,0.21126900511213084,0.8325931350937297,0.058658862968365255,-0.011921311521124564,-0.014492017741283794
5,2.0,1.0,1.0,2,8,0.01,64,0.41193197879630805,0.026084968076005195,0.1602898196809732,0.6374541190561369,0.058658862968365255,-0.009122292781429397,-0.016962675294575798
5,2.0,1.0,1.0,2,9,0.01,72,0.4464255246403429,0.02647622695594197,0.1258528362963413,0.5036674520937378,0.058658862968365255,-0.0072044457035246035,-0.019271781252417367
5,2.0,1.0,1.0,2,10,0.01,80,0.4792863698747173,0.027281766626301114,0.10147857930565199,0.4079706361959277,0.058658862968365255,-0.005833458554331344,-0.02144830807196977
5,2.0,1.0,1.0,2,11,0.01,88,0.5102774964037551,0.028330859031503574,0.08358356706504504,0.33716581503795673,0.058658862968365255,-0.004819628407864027,-0.023511230623639547
5,2.0,1.0,1.0,2,12,0.01,96,0.5393672720627405,0.02952266530979031,0.07005237259641726,0.2833129418027274,0.058658862968365255,-0.004048876705438867,-0.025473788604351445
5,2.0,1.0,1.0,2,13,0.01,104,0.5666077711914874,0.030795000100646362,0.05956947495142596,0.24140274331119982,0.058658862968365255,-0.0034492765739712605,-0.0273457235266751
5,2.0,1.0,1.0,2,14,0.01,112,0.5920852448436272,0.03210819305761254,0.051281260316119015,0.20814828377343242,0.058658862968365255,-0.0029736610499890986,-0.02913453200762344
5,2.0,1.0,1.0,2,15,0.01,120,0.6158985462777626,0.03343626529015216,0.04461388045513618,0.18132028275374562,0.058658862968365255,-0.002590058770893522,-0.03084620651925864
5,2.0,1.0,1.0,2,16,0.01,128,0.6381492711746894,0.03476187026760024,0.039169836202819344,0.15936352976403423,0.058658862968365255,-0.0022761770633590445,-0.032485693204241196
5,2.0,1.0,1.0,2,17,0.01,136,0.6589371335269824,0.036073273377737636,0.03466662385142993,0.1411663101023971,0.058658862968365255,-0.002016087605089159,-0.03405718577264848
5,2.0,1.0,1.0,2,18,0.01,144,0.6783578077396605,0.037362484771230955,0.03089894739536346,0.12591686302343444,0.058658862968365255,-0.0017981643127298608,-0.035564320458501095
5,2.0,1.0,1.0,2,19,0.01,152,0.6965019818203707,0.03862406972514848,0.027714680508680985,0.11301125656396885,0.058658862968365255,-0.0016137606107349545,-0.037010309114413525
5,2.0,1.0,1.0,2,20,0.01,160,0.7134550237581898,0.0398543703622406,0.024999137893995986,0.10199265904898193,0.058658862968365255,-0.0014563379388494585,-0.03839803242339114
5,2.0,1.0,1.0,2,21,0.01,168,0.7292969639099616,0.041050984477698726,0.02266452499319535,0.09251034834374774,0.058658862968365255,-0.0013208777819920664,-0.03973010669570666
5,2.0,1.0,1.0,2,22,0.01,176,0.7441026402916271,0.042212409254122035,0.020642703567795143,0.08429145375948918,0.058658862968365255,-0.0012034765066081948,-0.04100893274751384
5,2.0,1.0,1.0,2,23,0.01,184,0.7579419255384119,0.04333779318068032,0.018880132377476166,0.07712110325064794,0.058658862968365255,-0.0011010608187560361,-0.04223673236192428
5,2.0,1.0,1.0,2,24,0.01,192,0.7708799914340689,0.04442676045929213,0.017334265801325747,0.07082823545068186,0.058658862968365255,-0.0010111844823941507,-0.04341557597689798
5,2.0,1.0,1.0,2,25,0.01,200,0.7829775867020834,0.04547928488326368,0.015970948899751175,0.06527530179134843,0.058658862968365255,-0.000931880818438216,-0.04454740406482546
5,2.0,1.0,1.0,2,26,0.01,208,0.7942913145878623,0.04649559805565608,0.014762505607169664,0.060350685827799955,0.058658862968365255,-0.0008615541529354981,-0.045634043902720585
5,2.0,1.0,1.0,2,27,0.01,216,0.804873902831049,0.04747612181225955,0.013686316865622963,0.05596305023263752,0.058658862968365255,-0.0007988988882597498,-0.0466772229239998
5,2.0,1.0,1.0,2,28,0.01,224,0.8147744620916226,0.04842141794629036,0.012723750188125773,0.052037070943358105,0.058658862968365255,-0.0007428384464009952,-0.047678579499889365
5,2.0,1.0,1.0,2,29,0.01,232,0.8240387308984964,0.04933215045991621,0.011859344714145596,0.0485101826630116,0.058658862968365255,-0.0006924786967758279,-0.04863967176314038
5,2.0,1.0,1.0,2,30,0.01,240,0.8327093063604085,0.05020905699302846,0.011080184325592764,0.045330070688436405,0.058658862968365255,-0.0006470720706135691,-0.04956198492241489
5,2.0,1.0,1.0,2,31,0.01,248,0.840825860562422,0.05105292704801716,0.010375410784328047,0.04245271968740141,0.058658862968365255,-0.0006059896483305016,-0.050446937399686656
5,2.0,1.0,1.0,2,32,0.01,256,0.8484253429675741,0.051864585297586516,0.009735842235974977,0.03984088244100856,0.058658862968365255,-0.0005686992578691763,-0.05129588603971734
5,2.0,1.0,1.0,2,33,0.01,264,0.8555421693657299,0.05264487872908971,0.009153671789106097,0.03746286833755075,0.058658862968365255,-0.0005347481488807149,-0.052110130580208996
5,2.0,1.0,1.0,2,34,0.01,272,0.8622083980295117,0.05339466670886872,0.00862222751199622,0.03529157752559928,0.058658862968365255,-0.0005037491816366618,-0.05289091752723206
5,2.0,1.0,1.0,2,35,0.01,280,0.8684538937914386,0.054114813286328056,0.00813577994340677,0.03330372540374919,0.058658862968365255,-0.0004753697390834505,-0.053639443547244606
5,2.0,1.0,1.0,2,36,0.01,288,0.874306480771096,0.054806181227816164,0.0076893866586696755,0.03147921575585861,0.058658862968365255,-0.0004493227649622067,-0.05435685846285396
5,2.0,1.0,1.0,2,37,0.01,296,0.8797920844728457,0.05546962739529235,0.007278765953870553,0.02980063083973175,0.058658862968365255,-0.00042535947472563396,-0.055044267920566714
5,2.0,1.0,1.0,2,38,0.01,304,0.8849348639519227,0.056105999176350146,0.006900193574239777,0.028252814140992212,0.058658862968365255,-0.0004032633915764666,-0.05570273578477368
5,2.0,1.0,1.0,2,39,0.01,312,0.8897573347163721,0.05671613174054936,0.006550417802723315,0.02682252703457775,0.058658862968365255,-0.0003828454393014491,-0.05633328630124791
5,2.0,1.0,1.0,2,40,0.01,320,0.8942804829977161,0.05730084594821651,0.006226589269287903,0.025498164762245482,0.058658862968365255,-0.0003639398832141344,-0.056936906065002374
5,2.0,1.0,1.0,2,1,0.02,8,0.9097841811847256,0.6267065789141859,1.9998229269205892,40.79706361959276,0.058658862968365255,0.654966128579481,-0.02825954966529498
5,2.0,1.0,1.0,2,2,0.02,16,0.950685590069108,0.022097510227142965,1.9962249373682548,10.19926590489819,0.058658862968365255,-0.028668177626247515,0.00657066739910455
5,2.0,1.0,1.0,2,3,0.02,24,0.5609077145589855,0.06484952434496966,1.3003973223641723,4.533007068843639,0.058658862968365255,-0.0628284675516486,-0.002021056793321048
5,2.0,1.0,1.0,2,4,0.02,32,0.48069141857120123,0.046476960276505726,0.6954692222969356,2.5498164762245477,0.058658862968365255,-0.0364046221092027,-0.010072338167303026
5,2.0,1.0,1.0,2,5,0.02,40,0.5062354165914797,0.039625981315683546,0.4290979916040719,1.6318825447837109,0.058658862968365255,-0.023378539004113782,-0.016247442311569764
5,2.0,1.0,1.0,2,6,0.02,48,0.5527869459605477,0.03759318391816552,0.2915331428652052,1.1332517672109097,0.058658862968365255,-0.016234945329699144,-0.02135823858846637
5,2.0,1.0,1.0,2,7,0.02,56,0.600282594358601,0.03769428684770411,0.21126900511213084,0.8325931350937297,0.058658862968365255,-0.011921311521124564,-0.02577297532657954
5,2.0,1.0,1.0,2,8,0.02,64,0.6439904196336865,0.038799476104469224,0.1602898196809732,0.6374541190561369,0.058658862968365255,-0.009122292781429397,-0.029677183323039823
5,2.0,1.0,1.0,2,9,0.02,72,0.6829721088342212,0.04038206512677486,0.1258528362963413,0.5036674520937378,0.058658862968365255,-0.0072044457035246035,-0.03317761942325026
5,2.0,1.0,1.0,2,10,0.02,80,0.717337610786088,0.04217603473782627,0.10147857930565199,0.4079706361959277,0.058658862968365255,-0.005833458554331344,-0.03634257618349493
5,2.0,1.0,1.0,2,11,0.02,88,0.7474915538816871,0.04403915680859197,0.08358356706504504,0.33716581503795673,0.058658862968365255,-0.004819628407864027,-0.03921952840072794
5,2.0,1.0,1.0,2,12,0.02,96,0.7739001410223596,0.045892581779170855,0.07005237259641726,0.2833129418027274,0.058658862968365255,-0.004048876705438867,-0.04184370507373199
5,2.0,1.0,1.0,2,13,0.02,104,0.7970143921200236,0.04769189216135687,0.05956947495142596,0.24140274331119982,0.058658862968365255,-0.0034492765739712605,-0.04424261558738561
5,2.0,1.0,1.0,2,14,0.02,112,0.817245653795772,0.04941226900972968,0.051281260316119015,0.20814828377343242,0.058658862968365255,-0.0029736610499890986,-0.04643860795974058
5,2.0,1.0,1.0,2,15,0.02,120,0.8349598782726497,0.05104045833489612,0.04461388045513618,0.18132028275374562,0.058658862968365255,-0.002590058770893522,-0.0484503995640026
5,2.0,1.0,1.0,2,16,0.02,128,0.8504788421216902,0.052570215991938285,0.039169836202819344,0.15936352976403423,0.058658862968365255,-0.0022761770633590445,-0.05029403892857924
5,2.0,1.0,1.0,2,17,0.02,136,0.8640838226363704,0.05399962414861881,0.03466662385142993,0.1411663101023971,0.058658862968365255,-0.002016087605089159,-0.05198353654352965
5,2.0,1.0,1.0,2,18,0.02,144,0.8760199527343685,0.055329459034274206,0.03089894739536346,0.12591686302343444,0.058658862968365255,-0.0017981643127298608,-0.053531294721544345
5,2.0,1.0,1.0,2,19,0.02,152,0.8865005372870456,0.056562171446415364,0.027714680508680985,0.11301125656396885,0.058658862968365255,-0.0016137606107349545,-0.05494841083568041
5,2.0,1.0,1.0,2,20,0.02,160,0.8957110525202979,0.05770123601966584,0.024999137893995986,0.10199265904898193,0.058658862968365255,-0.0014563379388494585,-0.05624489808081638
5,2.0,1.0,1.0,2,21,0.02,168,0.9038127375053142,0.058750728667463364,0.02266452499319535,0.09251034834374774,0.058658862968365255,-0.0013208777819920664,-0.0574298508854713
5,2.0,1.0,1.0,2,22,0.02,176,0.9109457676280723,0.059715048657567035,0.020642703567795143,0.08429145375948918,0.058658862968365255,-0.0012034765066081948,-0.05851157215095884
5,2.0,1.0,1.0,2,23,0.02,184,0.9172320339023172,0.060598734311002864,0.018880132377476166,0.07712110325064794,0.058658862968365255,-0.0011010608187560361,-0.05949767349224683
5,2.0,1.0,1.0,2,24,0.02,192,0.9227775647746745,0.06140634041262043,0.017334265801325747,0.07082823545068186,0.058658862968365255,-0.0010111844823941507,-0.06039515593022628
5,2.0,1.0,1.0,2,25,0.02,200,0.9276746301856227,0.062142356932946785,0.015970948899751175,0.06527530179134843,0.058658862968365255,-0.000931880818438216,-0.06121047611450857
5,2.0,1.0,1.0,2,26,0.02,208,0.9320035664256133,0.06281115576549771,0.014762505607169664,0.060350685827799955,0.058658862968365255,-0.0008615541529354981,-0.061949601612562216
5,2.0,1.0,1.0,2,27,0.02,216,0.9358343572813377,0.0634169566628858,0.013686316865622963,0.05596305023263752,0.058658862968365255,-0.0007988988882597498,-0.06261805777462603
5,2.0,1.0,1.0,2,28,0.02,224,0.9392280033058438,0.06396380643458935,0.012723750188125773,0.052037070943358105,0.058658862968365255,-0.0007428384464009952,-0.06322096798818835
5,2.0,1.0,1.0,2,29,0.02,232,0.9422377073376388,0.06445556735280297,0.011859344714145596,0.0485101826630116,0.058658862968365255,-0.0006924786967758279,-0.06376308865602714
5,2.0,1.0,1.0,2,30,0.02,240,0.9449099008977232,0.06489591196547867,0.011080184325592764,0.045330070688436405,0.058658862968365255,-0.0006470720706135691,-0.0642488398948651
5,2.0,1.0,1.0,2,31,0.02,248,0.9472851329145019,0.06528832236034249,0.010375410784328047,0.04245271968740141,0.058658862968365255,-0.0006059896483305016,-0.06468233271201199
5,2.0,1.0,1.0,2,32,0.02,256,0.9493988393946332,0.06563609250155414,0.009735842235974977,0.03984088244100856,0.058658862968365255,-0.0005686992578691763,-0.06506739324368496
5,2.0,1.0,1.0,2,33,0.02,264,0.9512820101649004,0.06594233266032554,0.009153671789106097,0.03746286833755075,0.058658862968365255,-0.0005347481488807149,-0.06540758451144482
5,2.0,1.0,1.0,2,34,0.02,272,0.9529617666321422,0.06620997524056868,0.00862222751199622,0.03529157752559928,0.058658862968365255,-0.0005037491816366618,-0.06570622605893203
5,2.0,1.0,1.0,2,35,0.02,280,0.9544618626143684,0.0664417814984396,0.00813577994340677,0.03330372540374919,0.058658862968365255,-0.0004753697390834505,-0.06596641175935614
5,2.0,1.0,1.0,2,36,0.02,288,0.9558031186540807,0.06664034879546374,0.0076893866586696755,0.03147921575585861,0.058658862968365255,-0.0004493227649622067,-0.06619102603050153
5,2.0,1.0,1.0,2,37,0.02,296,0.9570037988042202,0.06680811812643227,0.007278765953870553,0.02980063083973175,0.058658862968365255,-0.00042535947472563396,-0.06638275865170663
5,2.0,1.0,1.0,2,38,0.02,304,0.9580799376494651,0.06694738173644268,0.006900193574239777,0.028252814140992212,0.058658862968365255,-0.0004032633915764666,-0.0665441183448662
5,2.0,1.0,1.0,2,39,0.02,312,0.959045624265691,0.06706029069495949,0.006550417802723315,0.02682252703457775,0.058658862968365255,-0.0003828454393014491,-0.06667744525565804
5,2.0,1.0,1.0,2,40,0.02,320,0.959913248905735,0.06714886233378758,0.006226589269287903,0.025498164762245482,0.058658862968365255,-0.0003639398832141344,-0.06678492245057345
6,2.0,1.0,1.0,1,1,0.0,10,0.8987372460766488,0.7123027073274101,1.9788912105833696,27.951673659479468,0.05865908646379943,-0.71230270732741,-1.1102230246251565e-16
6,2.0,1.0,1.0,1,2,0.0,20,0.9979889492411421,0.45859838390377156,1.9980164628057566,13.975836829739734,0.05865908646379943,0.4585983839037718,-2.220446049250313e-16
6,2.0,1.0,1.0,1,3,0.0,30,0.8628644046438314,0.04743547625165549,1.9183313354789489,9.317224553159821,0.05865908646379943,0.047435476251655645,-1.5265566588595902e-16
6,2.0,1.0,1.0,1,4,0.0,40,0.49966561528182885,0.02274067051216773,1.4519065739043933,6.987918414869867,0.05865908646379943,0.022740670512167868,-1.3877787807814457e-16
6,2.0,1.0,1.0,1,5,0.0,50,0.2899924556856306,0.013435565883962663,1.1210769877263167,5.5903347318958945,0.05865908646379943,0.013435565883962733,-6.938893903907228e-17
6,2.0,1.0,1.0,1,6,0.0,60,0.18366574473229502,0.008931260630989188,0.9076261558142319,4.658612276579911,0.05865908646379943,0.008931260630989812,-6.245004513516506e-16
6,2.0,1.0,1.0,1,7,0.0,70,0.12543459067252305,0.006390986555656217,0.7619618643096733,3.993096237068495,0.05865908646379943,0.006390986555656258,-4.163336342344337e-17
6,2.0,1.0,1.0,1,8,0.0,80,0.09073080736343875,0.004810095163805109,0.656850285060578,3.4939592074349335,0.05865908646379943,0.004810095163805234,-1.249000902703301e-16
6,2.0,1.0,1.0,1,9,0.0,90,0.06855740071356142,0.0037562654119082314,0.577539848036536,3.105741517719941,0.05865908646379943,0.003756265411908488,-2.5673907444456745e-16
6,2.0,1.0,1.0,1,10,0.0,100,0.053585212860434384,0.0030171711991674524,0.5155706025944006,2.7951673659479472,0.05865908646379943,0.0030171711991673344,1.1796119636642288e-16
6,2.0,1.0,1.0,1,11,0.0,110,0.043020124549653094,0.002478113149722752,0.4657952998314662,2.5410612417708607,0.05865908646379943,0.0024781131497222803,4.718447854656915e-16
6,2.0,1.0,1.0,1,12,0.0,120,0.03529448003326929,0.002072506332384594,0.42491664612229,2.3293061382899554,0.05865908646379943,0.002072506332384219,3.7470027081099033e-16
6,2.0,1.0,1.0,1,13,0.0,130,0.029477396292686864,0.0017594543207183067,0.390728702702188,2.1501287430368823,0.05865908646379943,0.0017594543207179458,3.608224830031759e-16
6,2.0,1.0,1.0,1,14,0.0,140,0.024989223644416136,0.0015126703404811231,0.36170087404986384,1.9965481185342475,0.05865908646379943,0.0015126703404811787,-5.551115123125783e-17
6,2.0,1.0,1.0,1,15,0.0,150,0.021454273791323253,0.0013146131169847544,0.33673795822842506,1.8634449106319646,0.05865908646379943,0.0013146131169846226,1.3183898417423734e-16
6,2.0,1.0,1.0,1,16,0.0,160,0.018620610311495867,0.0011532033496211291,0.3150354883404414,1.7469796037174667,0.05865908646379943,0.0011532033496208655,2.636779683484747e-16
6,2.0,1.0,1.0,1,17,0.0,170,0.01631426439405126,0.001019897112355908,0.2959891009397843,1.6442160976164393,0.05865908646379943,0.0010198971123533268,2.581268532253489e-15
6,2.0,1.0,1.0,1,18,0.0,180,0.014412017001912192,0.000908509808246534,0.27913581825477823,1.5528707588599704,0.05865908646379943,0.000908509808245167,1.366962099069724e-15
6,2.0,1.0,1.0,1,19,0.0,190,0.012824635357169933,0.000814473509076076,0.26411487495937275,1.4711407189199717,0.05865908646379943,0.0008144735090752364,8.396061623727746e-16
6,2.0,1.0,1.0,1,20,0.0,200,0.01148622264542154,0.0007343539640622954,0.2506409016022586,1.3975836829739736,0.05865908646379943,0.0007343539640615737,7.216449660063518e-16
6,2.0,1.0,1.0,1,21,0.0,210,0.01034726352040849,0.0006655282773162449,0.2384851436641418,1.3310320790228316,0.05865908646379943,0.0006655282773127408,3.5041414214731503e-15
6,2.0,1.0,1.0,1,22,0.0,220,0.009369970917500248,0.0006059648459582068,0.2274620389362149,1.2705306208854303,0.05865908646379943,0.0006059648459572076,9.992007221626409e-16
6,2.0,1.0,1.0,1,23,0.0,230,0.008525104106193115,0.0005540700328018899,0.21741944891764425,1.215290159107803,0.05865908646379943,0.0005540700328042075,-2.3175905639050143e-15
6,2.0,1.0,1.0,1,24,0.0,240,0.007789749801474732,0.0005085793726530563,0.20823143266971497,1.1646530691449777,0.05865908646379943,0.0005085793726555821,-2.525757381022231e-15
6,2.0,1.0,1.0,1,25,0.0,250,0.007145747253934909,0.00046847909890011113,0.19979282211868604,1.1180669463791788,0.05865908646379943,0.00046847909890132544,-1.214306433183765e-15
6,2.0,1.0,1.0,1,26,0.0,260,0.006578552342119015,0.0004329486906928387,0.19201509494281532,1.0750643715184411,0.05865908646379943,0.00043294869069525344,-2.4147350785597155e-15
6,2.0,1.0,1.0,1,27,0.0,270,0.006076406230548503,0.0004013182350622521,0.18482319620635995,1.0352471725733137,0.05865908646379943,0.0004013182350621064,1.457167719820518e-16
6,2.0,1.0,1.0,1,28,0.0,280,0.005629718738234812,0.0003730363882091525,0.17815306323330088,0.9982740592671238,0.05865908646379943,0.0003730363882081117,1.0408340855860843e-15
6,2.0,1.0,1.0,1,29,0.0,290,0.005230605311985936,0.00034764602482988127,0.1719496783181168,0.9638508158441196,0.05865908646379943,0.00034764602482662,3.2612801348363973e-15
6,2.0,1.0,1.0,1,30,0.0,300,0.004872535383897203,0.0003247655348360204,0.1661655222141416,0.9317224553159823,0.05865908646379943,0.000324765534838678,-2.6575963651964685e-15
6,2.0,1.0,1.0,1,31,0.0,310,0.004550062510715325,0.0003040743172126048,0.1607593351799636,0.9016668922412732,0.05865908646379943,0.0003040743172142285,-1.6237011735142914e-15
6,2.0,1.0,1.0,1,32,0.0,320,0.00425861525730542,0.00028530142704819017,0.15569511638222858,0.8734898018587334,0.05865908646379943,0.0002853014270532833,-5.093148125467906e-15
6,2.0,1.0,1.0,1,33,0.0,330,0.003994333684019913,0.00026821661534093266,0.15094130971935615,0.8470204139236204,0.05865908646379943,0.0002682166153444021,-3.469446951953614e-15
6,2.0,1.0,1.0,1,34,0.0,340,0.0037539404145405797,0.0002526232016122898,0.14647013669201445,0.8221080488082196,0.05865908646379943,0.0002526232016119567,3.3306690738754696e-16
6,2.0,1.0,1.0,1,35,0.0,350,0.0035346381704570717,0.00023835236268264504,0.14225704618576182,0.7986192474136989,0.05865908646379943,0.00023835236268257565,6.938893903907228e-17
6,2.0,1.0,1.0,1,36,0.0,360,0.0033340277392907014,0.00022525852470257207,0.1382802578987841,0.7764353794299852,0.05865908646379943,0.00022525852470449415,-1.9220736113823023e-15
6,2.0,1.0,1.0,1,37,0.0,370,0.0031500418474641467,0.00021321562119810955,0.13452038130085983,0.7554506394453911,0.05865908646379943,0.00021321562119756832,5.412337245047638e-16
6,2.0,1.0,1.0,1,38,0.0,380,0.0029808915080471454,0.00020211403590282562,0.13096009591217347,0.7355703594599858,0.05865908646379943,0.0002021140359060175,-3.191891195797325e-15
6,2.0,1.0,1.0,1,39,0.0,390,0.0028250222238979106,0.00019185809068316545,0.12758388167082146,0.7167095810122939,0.05865908646379943,0.00019185809068283932,3.2612801348363973e-16
6,2.0,1.0,1.0,1,40,0.0,400,0.002681078029588946,0.0001823639701926602,0.12437779045219928,0.6987918414869868,0.05865908646379943,0.00018236397019265327,6.938893903907228e-18
6,2.0,1.0,1.0,1,1,0.001,10,0.8994080473105689,0.7109960737293036,1.9788912105833696,27.951673659479468,0.05865908646379943,-0.71230270732741,0.0013066335981063437
6,2.0,1.0,1.0,1,2,0.001,20,0.9977705498994184,0.45653245549861116,1.9980164628057566,13.975836829739734,0.05865908646379943,0.4585983839037718,-0.002065928405160622
6,2.0,1.0,1.0,1,3,0.001,30,0.8655766845203933,0.04638337291740781,1.9183313354789489,9.317224553159821,0.05865908646379943,0.047435476251655645,-0.0010521033342478364
6,2.0,1.0,1.0,1,4,0.001,40,0.5153306854527138,0.02164426773712612,1.4519065739043933,6.987918414869867,0.05865908646379943,0.022740670512167868,-0.0010964027750417493
6,2.0,1.0,1.0,1,5,0.001,50,0.31829806975372255,0.01210455851214537,1.1210769877263167,5.5903347318958945,0.05865908646379943,0.013435565883962733,-0.0013310073718173637
6,2.0,1.0,1.0,1,6,0.001,60,0.22281789484422632,0.007338787178197748,0.9076261558142319,4.658612276579911,0.05865908646379943,0.008931260630989812,-0.0015924734527920648
6,2.0,1.0,1.0,1,7,0.001,70,0.17429050841942983,0.004530403030785959,0.7619618643096733,3.993096237068495,0.05865908646379943,0.006390986555656258,-0.001860583524870299
6,2.0,1.0,1.0,1,8,0.001,80,0.1486021027619322,0.002679966939871284,0.656850285060578,3.4939592074349335,0.05865908646379943,0.004810095163805234,-0.0021301282239339497
6,2.0,1.0,1.0,1,9,0.001,90,0.135003364048218,0.0013568462530555367,0.577539848036536,3.105741517719941,0.05865908646379943,0.003756265411908488,-0.0023994191588529515
6,2.0,1.0,1.0,1,10,0.001,100,0.12830202400536594,0.00034932043896115234,0.5155706025944006,2.7951673659479472,0.05865908646379943,0.0030171711991673344,-0.002667850760206182
6,2.0,1.0,1.0,1,11,0.001,110,0.12578358130844958,0.0004570893954787478,0.4657952998314662,2.5410612417708607,0.05865908646379943,0.0024781131497222803,-0.002935202545201028
6,2.0,1.0,1.0,1,12,0.001,120,0.12592919073406494,0.0011288966598596156,0.42491664612229,2.3293061382899554,0.05865908646379943,0.002072506332384219,-0.0032014029922438347
6,2.0,1.0,1.0,1,13,0.001,130,0.12783935990558515,0.0017069861880145143,0.390728702702188,2.1501287430368823,0.05865908646379943,0.0017594543207179458,-0.00346644050873246
6,2.0,1.0,1.0,1,14,0.001,140,0.13095549763857317,0.002217657032195987,0.36170087404986384,1.9965481185342475,0.05865908646379943,0.0015126703404811787,-0.0037303273726771655
6,2.0,1.0,1.0,1,15,0.001,150,0.13491657769874532,0.0026784713662322684,0.33673795822842506,1.8634449106319646,0.05865908646379943,0.0013146131169846226,-0.003993084483216891
6,2.0,1.0,1.0,1,16,0.001,160,0.13948121383005463,0.003101531461669388,0.3150354883404414,1.7469796037174667,0.05865908646379943,0.0011532033496208655,-0.004254734811290253
6,2.0,1.0,1.0,1,17,0.001,170,0.14448325541550466,0.003495403534857028,0.2959891009397843,1.6442160976164393,0.05865908646379943,0.0010198971123533268,-0.004515300647210355
6,2.0,1.0,1.0,1,18,0.001,180,0.14980543310595984,0.0038662927383168177,0.27913581825477823,1.5528707588599704,0.05865908646379943,0.000908509808245167,-0.004774802546561985
6,2.0,1.0,1.0,1,19,0.001,190,0.15536315276501578,0.004218785529466418,0.26411487495937275,1.4711407189199717,0.05865908646379943,0.0008144735090752364,-0.005033259038541654
6,2.0,1.0,1.0,1,20,0.001,200,0.161094215196517,0.004556332703520523,0.2506409016022586,1.3975836829739736,0.05865908646379943,0.0007343539640615737,-0.0052906866675820965
6,2.0,1.0,1.0,1,21,0.001,210,0.16695211340067018,0.00488157189123338,0.2384851436641418,1.3310320790228316,0.05865908646379943,0.0006655282773127408,-0.005547100168546121
6,2.0,1.0,1.0,1,22,0.001,220,0.1729015544963367,0.005196547836929917,0.2274620389362149,1.2705306208854303,0.05865908646379943,0.0006059648459572076,-0.005802512682887125
6,2.0,1.0,1.0,1,23,0.001,230,0.17891540201321676,0.005502865941172941,0.21741944891764425,1.215290159107803,0.05865908646379943,0.0005540700328042075,-0.006056935973977148
6,2.0,1.0,1.0,1,24,0.001,240,0.1849725467432588,0.005801801251615918,0.20823143266971497,1.1646530691449777,0.05865908646379943,0.0005085793726555821,-0.0063103806242715
6,2.0,1.0,1.0,1,25,0.001,250,0.19105639771116312,0.006094377109631628,0.19979282211868604,1.1180669463791788,0.05865908646379943,0.00046847909890132544,-0.006562856208532954
6,2.0,1.0,1.0,1,26,0.001,260,0.19715379535013522,0.006381422751978741,0.19201509494281532,1.0750643715184411,0.05865908646379943,0.00043294869069525344,-0.006814371442673994
6,2.0,1.0,1.0,1,27,0.001,270,0.20325421722517412,0.00666361607508846,0.18482319620635995,1.0352471725733137,0.05865908646379943,0.0004013182350621064,-0.007064934310150567
6,2.0,1.0,1.0,1,28,0.001,280,0.2093491897394908,0.0069415157804185446,0.17815306323330088,0.9982740592671238,0.05865908646379943,0.0003730363882081117,-0.007314552168626656
6,2.0,1.0,1.0,1,29,0.001,290,0.21543184702106588,0.0072155858148806595,0.1719496783181168,0.9638508158441196,0.05865908646379943,0.00034764602482662,-0.0075632318397072795
6,2.0,1.0,1.0,1,30,0.001,300,0.22149659640421693,0.007486214149565608,0.1661655222141416,0.9317224553159823,0.05865908646379943,0.000324765534838678,-0.007810979684404286
6,2.0,1.0,1.0,1,31,0.001,310,0.2275388620813774,0.007753727349389158,0.1607593351799636,0.9016668922412732,0.05865908646379943,0.0003040743172142285,-0.008057801666603387
6,2.0,1.0,1.0,1,32,0.001,320,0.23355488674587854,0.008018401979566908,0.15569511638222858,0.8734898018587334,0.05865908646379943,0.0002853014270532833,-0.008303703406620191
6,2.0,1.0,1.0,1,33,0.001,330,0.23954157671900145,0.008280473611020994,0.15094130971935615,0.8470204139236204,0.05865908646379943,0.0002682166153444021,-0.008548690226365396
6,2.0,1.0,1.0,1,34,0.001,340,0.24549638001035035,0.008540143986046994,0.14647013669201445,0.8221080488082196,0.05865908646379943,0.0002526232016119567,-0.00879276718765895
6,2.0,1.0,1.0,1,35,0.001,350,0.2514171895537587,0.008797586762054936,0.14225704618576182,0.7986192474136989,0.05865908646379943,0.00023835236268257565,-0.009035939124737512
6,2.0,1.0,1.0,1,36,0.001,360,0.2573022658563884,0.009052952147245732,0.1382802578987841,0.7764353794299852,0.05865908646379943,0.00022525852470449415,-0.009278210671950227
6,2.0,1.0,1.0,1,37,0.001,370,0.2631501747402577,0.009306370666238566,0.13452038130085983,0.7554506394453911,0.05865908646379943,0.00021321562119756832,-0.009519586287436134
6,2.0,1.0,1.0,1,38,0.001,380,0.2689597369070258,0.009557956237528635,0.13096009591217347,0.7355703594599858,0.05865908646379943,0.0002021140359060175,-0.009760070273434653
6,2.0,1.0,1.0,1,39,0.001,390,0.2747299868320847,0.00980780870301532,0.12758388167082146,0.7167095810122939,0.05865908646379943,0.00019185809068283932,-0.00999966679369816
6,2.0,1.0,1.0,1,40,0.001,400,0.28046013907003786,0.01005601591840162,0.12437779045219928,0.6987918414869868,0.05865908646379943,0.00018236397019265327,-0.010238379888594273
6,2.0,1.0,1.0,1,1,0.002,10,0.9000739030796688,0.7096907474184391,1.9788912105833696,27.951673659479468,0.05865908646379943,-0.71230270732741,0.0026119599089708956
6,2.0,1.0,1.0,1,2,0.002,20,0.9975559639657953,0.4544727217761569,1.9980164628057566,13.975836829739734,0.05865908646379943,0.4585983839037718,-0.004125662127614893
6,2.0,1.0,1.0,1,3,0.002,30,0.868226195269476,0.04533985253611829,1.9183313354789489,9.317224553159821,0.05865908646379943,0.047435476251655645,-0.0020956237155373564
6,2.0,1.0,1.0,1,4,0.002,40,0.5304815257159485,0.020559096691366505,1.4519065739043933,6.987918414869867,0.05865908646379943,0.022740670512167868,-0.0021815738208013635
6,2.0,1.0,1.0,1,5,0.002,50,0.3454304020695784,0.010792422441865665,1.1210769877263167,5.5903347318958945,0.05865908646379943,0.013435565883962733,-0.002643143442097068
6,2.0,1.0,1.0,1,6,0.002,60,0.26001861465729315,0.00577516282873948,0.9076261558142319,4.658612276579911,0.05865908646379943,0.008931260630989812,-0.003156097802250332
6,2.0,1.0,1.0,1,7,0.002,70,0.22030773179041674,0.0027106924505942293,0.7619618643096733,3.993096237068495,0.05865908646379943,0.006390986555656258,-0.003680294105062029
6,2.0,1.0,1.0,1,8,0.002,80,0.20263848741256485,0.0006046748826025461,0.656850285060578,3.4939592074349335,0.05865908646379943,0.004810095163805234,-0.0042054202812026875
6,2.0,1.0,1.0,1,9,0.002,90,0.1965094936530125,0.0009718912902140081,0.577539848036536,3.105741517719941,0.05865908646379943,0.003756265411908488,-0.004728156702122496
6,2.0,1.0,1.0,1,10,0.002,100,0.1968665246424991,0.002230159246690483,0.5155706025944006,2.7951673659479472,0.05865908646379943,0.0030171711991673344,-0.005247330445857817
6,2.0,1.0,1.0,1,11,0.002,110,0.2010764947795054,0.0032844169323677924,0.4657952998314662,2.5410612417708607,0.05865908646379943,0.0024781131497222803,-0.005762530082090073
6,2.0,1.0,1.0,1,12,0.002,120,0.20767155604797127,0.0042011312939195175,0.42491664612229,2.3293061382899554,0.05865908646379943,0.002072506332384219,-0.006273637626303737
6,2.0,1.0,1.0,1,13,0.002,130,0.2157860147401871,0.005021198108632462,0.390728702702188,2.1501287430368823,0.05865908646379943,0.0017594543207179458,-0.0067806524293504075
6,2.0,1.0,1.0,1,14,0.002,140,0.22488486530589924,0.005770949712125863,0.36170087404986384,1.9965481185342475,0.05865908646379943,0.0015126703404811787,-0.007283620052607041
6,2.0,1.0,1.0,1,15,0.002,150,0.23462432770016717,0.006467989190637166,0.33673795822842506,1.8634449106319646,0.05865908646379943,0.0013146131169846226,-0.007782602307621789
6,2.0,1.0,1.0,1,16,0.002,160,0.24477616869487828,0.007124461116561946,0.3150354883404414,1.7469796037174667,0.05865908646379943,0.0011532033496208655,-0.008277664466182812
6,2.0,1.0,1.0,1,17,0.002,170,0.25518465349231634,0.007748972828188053,0.2959891009397843,1.6442160976164393,0.05865908646379943,0.0010198971123533268,-0.00876886994054138
6,2.0,1.0,1.0,1,18,0.002,180,0.2657410395586707,0.008347768482228748,0.27913581825477823,1.5528707588599704,0.05865908646379943,0.000908509808245167,-0.009256278290473915
6,2.0,1.0,1.0,1,19,0.002,190,0.27636791819848705,0.008925471205160365,0.26411487495937275,1.4711407189199717,0.05865908646379943,0.0008144735090752364,-0.009739944714235602
6,2.0,1.0,1.0,1,20,0.002,200,0.2870092979386425,0.009485566217009675,0.2506409016022586,1.3975836829739736,0.05865908646379943,0.0007343539640615737,-0.010219920181071249
6,2.0,1.0,1.0,1,21,0.002,210,0.2976241494250542,0.010030723537898703,0.2384851436641418,1.3310320790228316,0.05865908646379943,0.0006655282773127408,-0.010696251815211444
6,2.0,1.0,1.0,1,22,0.002,220,0.30818209984130407,0.010563018505734892,0.2274620389362149,1.2705306208854303,0.05865908646379943,0.0006059648459572076,-0.0111689833516921
6,2.0,1.0,1.0,1,23,0.002,230,0.3186604978411167,0.011084085551044155,0.21741944891764425,1.215290159107803,0.05865908646379943,0.0005540700328042075,-0.011638155583848363
6,2.0,1.0,1.0,1,24,0.002,240,0.32904237323618246,0.0115952273973364,0.20823143266971497,1.1646530691449777,0.05865908646379943,0.0005085793726555821,-0.012103806769991982
6,2.0,1.0,1.0,1,25,0.002,250,0.33931499342776084,0.012097493890183678,0.19979282211868604,1.1180669463791788,0.05865908646379943,0.00046847909890132544,-0.012565972989085003
6,2.0,1.0,1.0,1,26,0.002,260,0.34946882558755477,0.012591739754831105,0.19201509494281532,1.0750643715184411,0.05865908646379943,0.00043294869069525344,-0.013024688445526358
6,2.0,1.0,1.0,1,27,0.002,270,0.3594967796102886,0.01307866749242155,0.18482319620635995,1.0352471725733137,0.05865908646379943,0.0004013182350621064,-0.013479985727483657
6,2.0,1.0,1.0,1,28,0.002,280,0.36939364849530765,0.013558859636445805,0.17815306323330088,0.9982740592671238,0.05865908646379943,0.0003730363882081117,-0.013931896024653917
6,2.0,1.0,1.0,1,29,0.002,290,0.3791556896080518,0.01403280328653933,0.1719496783181168,0.9638508158441196,0.05865908646379943,0.00034764602482662,-0.01438044931136595
6,2.0,1.0,1.0,1,30,0.002,300,0.3887803078366011,0.014500908965685018,0.1661655222141416,0.9317224553159823,0.05865908646379943,0.000324765534838678,-0.014825674500523696
6,2.0,1.0,1.0,1,31,0.002,310,0.3982658133705834,0.014963525255925064,0.1607593351799636,0.9016668922412732,0.05865908646379943,0.0003040743172142285,-0.015267599573139293
6,2.0,1.0,1.0,1,32,0.002,320,0.40761123476307093,0.015420950260587915,0.15569511638222858,0.8734898018587334,0.05865908646379943,0.0002853014270532833,-0.0157062516876412
6,2.0,1.0,1.0,1,33,0.002,330,0.4168161733884316,0.01587344065685939,0.15094130971935615,0.8470204139236204,0.05865908646379943,0.0002682166153444021,-0.01614165727220379
6,2.0,1.0,1.0,1,34,0.002,340,0.4258806892072766,0.016321218901506243,0.14647013669201445,0.8221080488082196,0.05865908646379943,0.0002526232016119567,-0.0165738421031182
6,2.0,1.0,1.0,1,35,0.002,350,0.43480521042901177,0.016764479008732514,0.14225704618576182,0.7986192474136989,0.05865908646379943,0.00023835236268257565,-0.01700283137141509
6,2.0,1.0,1.0,1,36,0.002,360,0.4435904615745846,0.017203391215043023,0.1382802578987841,0.7764353794299852,0.05865908646379943,0.00022525852470449415,-0.017428649739747518
6,2.0,1.0,1.0,1,37,0.002,370,0.45223740582207395,0.017638105769911344,0.13452038130085983,0.7554506394453911,0.05865908646379943,0.00021321562119756832,-0.017851321391108912
6,2.0,1.0,1.0,1,38,0.002,380,0.46074719852346735,0.018068756034837367,0.13096009591217347,0.7355703594599858,0.05865908646379943,0.0002021140359060175,-0.018270870070743385
6,2.0,1.0,1.0,1,39,0.002,390,0.4691211495214851,0.018495461031542558,0.12758388167082146,0.7167095810122939,0.05865908646379943,0.00019185809068283932,-0.018687319122225397
6,2.0,1.0,1.0,1,40,0.002,400,0.47736069244525026,0.018918327548604133,0.12437779045219928,0.6987918414869868,0.05865908646379943,0.00018236397019265327,-0.019100691518796786
6,2.0,1.0,1.0,1,1,0.005,10,0.9020421358062821,0.7057826122092955,1.9788912105833696,27.951673659479468,0.05865908646379943,-0.71230270732741,0.006520095118114466
6,2.0,1.0,1.0,1,2,0.005,20,0.9969344208953164,0.44833056481152606,1.9980164628057566,13.975836829739734,0.05865908646379943,0.4585983839037718,-0.010267819092245722
6,2.0,1.0,1.0,1,3,0.005,30,0.875812697877368,0.0422602146366243,1.9183313354789489,9.317224553159821,0.05865908646379943,0.047435476251655645,-0.005175261615031346
6,2.0,1.0,1.0,1,4,0.005,40,0.5730149751662885,0.017370088300317457,1.4519065739043933,6.987918414869867,0.05865908646379943,0.022740670512167868,-0.005370582211850411
6,2.0,1.0,1.0,1,5,0.005,50,0.42026597401740373,0.0069669965899276515,1.1210769877263167,5.5903347318958945,0.05865908646379943,0.013435565883962733,-0.006468569294035081
6,2.0,1.0,1.0,1,6,0.005,60,0.3608672951866867,0.0012528499124741382,0.9076261558142319,4.658612276579911,0.05865908646379943,0.008931260630989812,-0.007678410718515674
6,2.0,1.0,1.0,1,7,0.005,70,0.3429436448448916,0.002511115018282134,0.7619618643096733,3.993096237068495,0.05865908646379943,0.006390986555656258,-0.008902101573938392
6,2.0,1.0,1.0,1,8,0.005,80,0.34422247614881596,0.005304732875698312,0.656850285060578,3.4939592074349335,0.05865908646379943,0.004810095163805234,-0.010114828039503546
6,2.0,1.0,1.0,1,9,0.005,90,0.3549689018264308,0.007552617966550962,0.577539848036536,3.105741517719941,0.05865908646379943,0.003756265411908488,-0.01130888337845945
6,2.0,1.0,1.0,1,10,0.005,100,0.3705694080082462,0.00946461046537534,0.5155706025944006,2.7951673659479472,0.05865908646379943,0.0030171711991673344,-0.012481781664542675
6,2.0,1.0,1.0,1,11,0.005,110,0.3886639464771795,0.011154758211106383,0.4657952998314662,2.5410612417708607,0.05865908646379943,0.0024781131497222803,-0.013632871360828663
6,2.0,1.0,1.0,1,12,0.005,120,0.40796716713017833,0.012689690331721001,0.42491664612229,2.3293061382899554,0.05865908646379943,0.002072506332384219,-0.01476219666410522
6,2.0,1.0,1.0,1,13,0.005,130,0.42774406921626407,0.014110617564871725,0.390728702702188,2.1501287430368823,0.05865908646379943,0.0017594543207179458,-0.01587007188558967
6,2.0,1.0,1.0,1,14,0.005,140,0.44755896372795234,0.015444240776439168,0.36170087404986384,1.9965481185342475,0.05865908646379943,0.0015126703404811787,-0.016956911116920347
6,2.0,1.0,1.0,1,15,0.005,150,0.46714734240441647,0.016708544309879676,0.33673795822842506,1.8634449106319646,0.05865908646379943,0.0013146131169846226,-0.0180231574268643
6,2.0,1.0,1.0,1,16,0.005,160,0.4863467881220953,0.017916049920586083,0.3150354883404414,1.7469796037174667,0.05865908646379943,0.0011532033496208655,-0.01906925327020695
6,2.0,1.0,1.0,1,17,0.005,170,0.5050579261139612,0.0190757315379776,0.2959891009397843,1.6442160976164393,0.05865908646379943,0.0010198971123533268,-0.020095628650330925
6,2.0,1.0,1.0,1,18,0.005,180,0.5232214423562436,0.02019418727021193,0.27913581825477823,1.5528707588599704,0.05865908646379943,0.000908509808245167,-0.0211026970784571
6,2.0,1.0,1.0,1,19,0.005,190,0.5408040767142563,0.021276381427200716,0.26411487495937275,1.4711407189199717,0.05865908646379943,0.0008144735090752364,-0.022090854936275953
6,2.0,1.0,1.0,1,20,0.005,200,0.557789823156172,0.022326128291478044,0.2506409016022586,1.3975836829739736,0.05865908646379943,0.0007343539640615737,-0.023060482255539617
6,2.0,1.0,1.0,1,21,0.005,210,0.5741742535914538,0.02334641573129498,0.2384851436641418,1.3310320790228316,0.05865908646379943,0.0006655282773127408,-0.02401194400860772
6,2.0,1.0,1.0,1,22,0.005,220,0.5899607716181426,0.02433962665615797,0.2274620389362149,1.2705306208854303,0.05865908646379943,0.0006059648459572076,-0.02494559150211518
6,2.0,1.0,1.0,1,23,0.005,230,0.6051580903075042,0.025307693666202495,0.21741944891764425,1.215290159107803,0.05865908646379943,0.0005540700328042075,-0.025861763699006703
6,2.0,1.0,1.0,1,24,0.005,240,0.6197785046865821,0.026252209031022655,0.20823143266971497,1.1646530691449777,0.05865908646379943,0.0005085793726555821,-0.026760788403678237
6,2.0,1.0,1.0,1,25,0.005,250,0.6338366910763473,0.027174504196390684,0.19979282211868604,1.1180669463791788,0.05865908646379943,0.00046847909890132544,-0.02764298329529201
6,2.0,1.0,1.0,1,26,0.005,260,0.6473488623293303,0.028075708125747972,0.19201509494281532,1.0750643715184411,0.05865908646379943,0.00043294869069525344,-0.028508656816443226
6,2.0,1.0,1.0,1,27,0.005,270,0.6603321675673044,0.028956790697832115,0.18482319620635995,1.0352471725733137,0.05865908646379943,0.0004013182350621064,-0.02935810893289422
6,2.0,1.0,1.0,1,28,0.005,280,0.6728042624488725,0.029818595394032914,0.17815306323330088,0.9982740592671238,0.05865908646379943,0.0003730363882081117,-0.030191631782241025
6,2.0,1.0,1.0,1,29,0.005,290,0.6847829999998049,0.030661864203740716,0.1719496783181168,0.9638508158441196,0.05865908646379943,0.00034764602482662,-0.031009510228567336
6,2.0,1.0,1.0,1,30,0.005,300,0.6962862077191277,0.031487256803550606,0.1661655222141416,0.9317224553159823,0.05865908646379943,0.000324765534838678,-0.031812022338389284
6,2.0,1.0,1.0,1,31,0.005,310,0.7073315270928375,0.03229536547372636,0.1607593351799636,0.9016668922412732,0.05865908646379943,0.0003040743172142285,-0.03259943979094059
6,2.0,1.0,1.0,1,32,0.005,320,0.717936298679386,0.03308672680687928,0.15569511638222858,0.8734898018587334,0.05865908646379943,0.0002853014270532833,-0.033372028233932566
6,2.0,1.0,1.0,1,33,0.005,330,0.7281174807466191,0.03386183097842904,0.15094130971935615,0.8470204139236204,0.05865908646379943,0.0002682166153444021,-0.034130047593773444
6,2.0,1.0,1.0,1,34,0.005,340,0.7378915927820848,0.03462112914637868,0.14647013669201445,0.8221080488082196,0.05865908646379943,0.0002526232016119567,-0.03487375234799064
6,2.0,1.0,1.0,1,35,0.005,350,0.7472746775472472,0.03536503940324833,0.14225704618576182,0.7986192474136989,0.05865908646379943,0.00023835236268257565,-0.03560339176593091
6,2.0,1.0,1.0,1,36,0.005,360,0.7562822770157043,0.03609395159821506,0.1382802578987841,0.7764353794299852,0.05865908646379943,0.00022525852470449415,-0.036319210122919554
6,2.0,1.0,1.0,1,37,0.005,370,0.7649294187354021,0.0368082312708812,0.13452038130085983,0.7554506394453911,0.05865908646379943,0.00021321562119756832,-0.03702144689207877
6,2.0,1.0,1.0,1,38,0.005,380,0.7732306100255648,0.037508222881361214,0.13096009591217347,0.7355703594599858,0.05865908646379943,0.0002021140359060175,-0.03771033691726723
6,2.0,1.0,1.0,1,39,0.005,390,0.7811998380572052,0.03819425247925493,0.12758388167082146,0.7167095810122939,0.05865908646379943,0.00019185809068283932,-0.03838611056993777
6,2.0,1.0,1.0,1,40,0.005,400,0.7888505743376028,0.03886662992220336,0.12437779045219928,0.6987918414869868,0.05865908646379943,0.00018236397019265327,-0.039048993892396015
6,2.0,1.0,1.0,1,1,0.01,10,0.9052267394232042,0.699295199272224,1.9788912105833696,27.951673659479468,0.05865908646379943,-0.71230270732741,0.013007508055185912
6,2.0,1.0,1.0,1,2,0.01,20,0.9959687370953492,0.4382163757139827,1.9980164628057566,13.975836829739734,0.05865908646379943,0.4585983839037718,-0.02038200818978908
6,2.0,1.0,1.0,1,3,0.01,30,0.8873326088562652,0.03729382868901941,1.9183313354789489,9.317224553159821,0.05865908646379943,0.047435476251655645,-0.010141647562636233
6,2.0,1.0,1.0,1,4,0.01,40,0.6350931060286135,0.012271517648914543,1.4519065739043933,6.987918414869867,0.05865908646379943,0.022740670512167868,-0.010469152863253325
6,2.0,1.0,1.0,1,5,0.01,50,0.5257057140987218,0.0009481106966145181,1.1210769877263167,5.5903347318958945,0.05865908646379943,0.013435565883962733,-0.012487455187348215
6,2.0,1.0,1.0,1,6,0.01,60,0.4981534981112763,0.005748682674193414,0.9076261558142319,4.658612276579911,0.05865908646379943,0.008931260630989812,-0.014679943305183227
6,2.0,1.0,1.0,1,7,0.01,70,0.5043128659833636,0.010468348687013115,0.7619618643096733,3.993096237068495,0.05865908646379943,0.006390986555656258,-0.016859335242669374
6,2.0,1.0,1.0,1,8,0.01,80,0.5243547865730515,0.01417002598790637,0.656850285060578,3.4939592074349335,0.05865908646379943,0.004810095163805234,-0.018980121151711604
6,2.0,1.0,1.0,1,9,0.01,90,0.5499423696149001,0.017273448498967517,0.577539848036536,3.105741517719941,0.05865908646379943,0.003756265411908488,-0.021029713910876005
6,2.0,1.0,1.0,1,10,0.01,100,0.5773168996036268,0.01998825945367568,0.5155706025944006,2.7951673659479472,0.05865908646379943,0.0030171711991673344,-0.023005430652843016
6,2.0,1.0,1.0,1,11,0.01,110,0.6046887592565715,0.022429861951212063,0.4657952998314662,2.5410612417708607,0.05865908646379943,0.0024781131497222803,-0.024907975100934343
6,2.0,1.0,1.0,1,12,0.01,120,0.6311836460752592,0.024666759982782914,0.42491664612229,2.3293061382899554,0.05865908646379943,0.002072506332384219,-0.026739266315167133
6,2.0,1.0,1.0,1,13,0.01,130,0.6563811136542125,0.026742183651725426,0.390728702702188,2.1501287430368823,0.05865908646379943,0.0017594543207179458,-0.028501637972443372
6,2.0,1.0,1.0,1,14,0.01,140,0.6800971345593516,0.028684854122807288,0.36170087404986384,1.9965481185342475,0.05865908646379943,0.0015126703404811787,-0.030197524463288467
6,2.0,1.0,1.0,1,15,0.01,150,0.7022750748455503,0.03051472171965841,0.33673795822842506,1.8634449106319646,0.05865908646379943,0.0013146131169846226,-0.03182933483664303
6,2.0,1.0,1.0,1,16,0.01,160,0.72292814342899,0.032246200104126,0.3150354883404414,1.7469796037174667,0.05865908646379943,0.0011532033496208655,-0.03339940345374687
6,2.0,1.0,1.0,1,17,0.01,170,0.7421077215533787,0.03389007593295665,0.2959891009397843,1.6442160976164393,0.05865908646379943,0.0010198971123533268,-0.034909973045309975
6,2.0,1.0,1.0,1,18,0.01,180,0.7598853561664238,0.03545468177153625,0.27913581825477823,1.5528707588599704,0.05865908646379943,0.000908509808245167,-0.03636319157978142
6,2.0,1.0,1.0,1,19,0.01,190,0.7763422741000915,0.03694664135267054,0.26411487495937275,1.4711407189199717,0.05865908646379943,0.0008144735090752364,-0.03776111486174578
6,2.0,1.0,1.0,1,20,0.01,200,0.7915631842828997,0.038371357317497724,0.2506409016022586,1.3975836829739736,0.05865908646379943,0.0007343539640615737,-0.0391057112815593
6,2.0,1.0,1.0,1,21,0.01,210,0.8056325980012338,0.03973333885582903,0.2384851436641418,1.3310320790228316,0.05865908646379943,0.0006655282773127408,-0.04039886713314177
6,2.0,1.0,1.0,1,22,0.01,220,0.8186326640156908,0.041036426976091674,0.2274620389362149,1.2705306208854303,0.05865908646379943,0.0006059648459572076,-0.04164239182204888
6,2.0,1.0,1.0,1,23,0.01,230,0.8306419325164092,0.042283952667282645,0.21741944891764425,1.215290159107803,0.05865908646379943,0.0005540700328042075,-0.04283802270008685
6,2.0,1.0,1.0,1,24,0.01,240,0.8417346964882616,0.04347885007821696,0.20823143266971497,1.1646530691449777,0.05865908646379943,0.0005085793726555821,-0.04398742945087254
6,2.0,1.0,1.0,1,25,0.01,250,0.8519806949029907,0.04462373893394353,0.19979282211868604,1.1180669463791788,0.05865908646379943,0.00046847909890132544,-0.045092218032844855
6,2.0,1.0,1.0,1,26,0.01,260,0.8614450429099796,0.04572098552814694,0.19201509494281532,1.0750643715184411,0.05865908646379943,0.00043294869069525344,-0.046153934218842195
6,2.0,1.0,1.0,1,27,0.01,270,0.8701883033366573,0.04677274854592056,0.18482319620635995,1.0352471725733137,0.05865908646379943,0.0004013182350621064,-0.04717406678098267
6,2.0,1.0,1.0,1,28,0.01,280,0.8782666443386877,0.047781013980838574,0.17815306323330088,0.9982740592671238,0.05865908646379943,0.0003730363882081117,-0.048154050369046686
6,2.0,1.0,1.0,1,29,0.01,290,0.885732047359446,0.048747622101004626,0.1719496783181168,0.9638508158441196,0.05865908646379943,0.00034764602482662,-0.049095268125831246
6,2.0,1.0,1.0,1,30,0.01,300,0.8926325419830067,0.04967428854230168,0.1661655222141416,0.9317224553159823,0.05865908646379943,0.000324765534838678,-0.04999905407714036
6,2.0,1.0,1.0,1,31,0.01,310,0.899012452368053,0.05056262101095544,0.1607593351799636,0.9016668922412732,0.05865908646379943,0.0003040743172142285,-0.05086669532816967
6,2.0,1.0,1.0,1,32,0.01,320,0.9049126452978029,0.051414132665924484,0.15569511638222858,0.8734898018587334,0.05865908646379943,0.0002853014270532833,-0.05169943409297777
6,2.0,1.0,1.0,1,33,0.01,330,0.9103707734442236,0.052230252963619675,0.15094130971935615,0.8470204139236204,0.05865908646379943,0.0002682166153444021,-0.05249846957896408
6,2.0,1.0,1.0,1,34,0.01,340,0.9154215098362957,0.053012336543232105,0.14647013669201445,0.8221080488082196,0.05865908646379943,0.0002526232016119567,-0.05326495974484406
6,2.0,1.0,1.0,1,35,0.01,350,0.9200967711345257,0.05376167058452977,0.14225704618576182,0.7986192474136989,0.05865908646379943,0.00023835236268257565,-0.054000022947212345
6,2.0,1.0,1.0,1,36,0.01,360,0.9244259284027528,0.05447948096375705,0.1382802578987841,0.7764353794299852,0.05865908646379943,0.00022525852470449415,-0.054704739488461544
6,2.0,1.0,1.0,1,37,0.01,370,0.9284360048019367,0.055166937455423976,0.13452038130085983,0.7554506394453911,0.05865908646379943,0.00021321562119756832,-0.055380153076621544
6,2.0,1.0,1.0,1,38,0.01,380,0.9321518601213079,0.055825158170211525,0.13096009591217347,0.7355703594599858,0.05865908646379943,0.0002021140359060175,-0.05602727220611754
6,2.0,1.0,1.0,1,39,0.01,390,0.9355963623858914,0.05645521337619057,0.12758388167082146,0.7167095810122939,0.05865908646379943,0.00019185809068283932,-0.05664707146687341
6,2.0,1.0,1.0,1,40,0.01,400,0.938790546987533,0.057058128818182105,0.12437779045219928,0.6987918414869868,0.05865908646379943,0.00018236397019265327,-0.05724049278837476
6,2.0,1.0,1.0,1,1,0.02,10,0.9112512982094574,0.686418419941211,1.9788912105833696,27.951673659479468,0.05865908646379943,-0.71230270732741,0.025884287386198968
6,2.0,1.0,1.0,1,2,0.02,20,0.9942742165783381,0.4184427347253915,1.9980164628057566,13.975836829739734,0.05865908646379943,0.4585983839037718,-0.04015564917838027
6,2.0,1.0,1.0,1,3,0.02,30,0.9067101984524539,0.02795999691623262,1.9183313354789489,9.317224553159821,0.05865908646379943,0.047435476251655645,-0.019475479335423027
6,2.0,1.0,1.0,1,4,0.02,40,0.7321179150735277,0.0028477977380155922,1.4519065739043933,6.987918414869867,0.05865908646379943,0.022740670512167868,-0.019892872774152276
6,2.0,1.0,1.0,1,5,0.02,50,0.6802083208523959,0.009845089289140622,1.1210769877263167,5.5903347318958945,0.05865908646379943,0.013435565883962733,-0.023280655173103355
6,2.0,1.0,1.0,1,6,0.02,60,0.6871604868669959,0.017926255419859656,0.9076261558142319,4.658612276579911,0.05865908646379943,0.008931260630989812,-0.02685751605084947
6,2.0,1.0,1.0,1,7,0.02,70,0.7133172677657413,0.023897120974702396,0.7619618643096733,3.993096237068495,0.05865908646379943,0.006390986555656258,-0.030288107530358654
6,2.0,1.0,1.0,1,8,0.02,80,0.7440702603749266,0.028691881223873006,0.656850285060578,3.4939592074349335,0.05865908646379943,0.004810095163805234,-0.03350197638767824
6,2.0,1.0,1.0,1,9,0.02,90,0.7741160911993341,0.03273252811992324,0.577539848036536,3.105741517719941,0.05865908646379943,0.003756265411908488,-0.03648879353183173
6,2.0,1.0,1.0,1,10,0.02,100,0.8015890163850846,0.03623815669304453,0.5155706025944006,2.7951673659479472,0.05865908646379943,0.0030171711991673344,-0.039255327892211866
6,2.0,1.0,1.0,1,11,0.02,110,0.8259674731423826,0.039335353495854986,0.4657952998314662,2.5410612417708607,0.05865908646379943,0.0024781131497222803,-0.041813466645577266
6,2.0,1.0,1.0,1,12,0.02,120,0.847272340470671,0.04210383258126574,0.42491664612229,2.3293061382899554,0.05865908646379943,0.002072506332384219,-0.04417633891364996
6,2.0,1.0,1.0,1,13,0.02,130,0.8657377562017278,0.044597504348096714,0.390728702702188,2.1501287430368823,0.05865908646379943,0.0017594543207179458,-0.04635695866881466
6,2.0,1.0,1.0,1,14,0.02,140,0.8816690757365373,0.04685507419059669,0.36170087404986384,1.9965481185342475,0.05865908646379943,0.0015126703404811787,-0.048367744531077866
6,2.0,1.0,1.0,1,15,0.02,150,0.8953802713749777,0.048905754874040364,0.33673795822842506,1.8634449106319646,0.05865908646379943,0.0013146131169846226,-0.050220367991024986
6,2.0,1.0,1.0,1,16,0.02,160,0.9071669175860717,0.05077252621442757,0.3150354883404414,1.7469796037174667,0.05865908646379943,0.0011532033496208655,-0.05192572956404844
6,2.0,1.0,1.0,1,17,0.02,170,0.9172957029502729,0.05247408759160998,0.2959891009397843,1.6442160976164393,0.05865908646379943,0.0010198971123533268,-0.053493984703963306
6,2.0,1.0,1.0,1,18,0.02,180,0.9260017347075482,0.05402607785901556,0.27913581825477823,1.5528707588599704,0.05865908646379943,0.000908509808245167,-0.054934587667260726
6,2.0,1.0,1.0,1,19,0.02,190,0.9334894673373625,0.055441866609733256,0.26411487495937275,1.4711407189199717,0.05865908646379943,0.0008144735090752364,-0.05625634011880849
6,2.0,1.0,1.0,1,20,0.02,200,0.9399352097388464,0.05673308508106549,0.2506409016022586,1.3975836829739736,0.05865908646379943,0.0007343539640615737,-0.057467439045127064
6,2.0,1.0,1.0,1,21,0.02,210,0.9454901944993976,0.05790999359992076,0.2384851436641418,1.3310320790228316,0.05865908646379943,0.0006655282773127408,-0.0585755218772335
6,2.0,1.0,1.0,1,22,0.02,220,0.9502837076794861,0.05898174332268955,0.2274620389362149,1.2705306208854303,0.05865908646379943,0.0006059648459572076,-0.05958770816864676
6,2.0,1.0,1.0,1,23,0.02,230,0.9544260411632244,0.05995656775564882,0.21741944891764425,1.215290159107803,0.05865908646379943,0.0005540700328042075,-0.060510637788453024
6,2.0,1.0,1.0,1,24,0.02,240,0.9580111661944244,0.06084192646233126,0.20823143266971497,1.1646530691449777,0.05865908646379943,0.0005085793726555821,-0.06135050583498684
6,2.0,1.0,1.0,1,25,0.02,250,0.9611190973265665,0.061644615458220954,0.19979282211868604,1.1180669463791788,0.05865908646379943,0.00046847909890132544,-0.06211309455712228
6,2.0,1.0,1.0,1,26,0.02,260,0.9638179517029615,0.06237085388972772,0.19201509494281532,1.0750643715184411,0.05865908646379943,0.00043294869069525344,-0.06280380258042298
6,2.0,1.0,1.0,1,27,0.02,270,0.9661657255685856,0.06302635348162391,0.18482319620635995,1.0352471725733137,0.05865908646379943,0.0004013182350621064,-0.06342767171668602
6,2.0,1.0,1.0,1,28,0.02,280,0.9682118168666359,0.06361637521877539,0.17815306323330088,0.9982740592671238,0.05865908646379943,0.0003730363882081117,-0.06398941160698349
6,2.0,1.0,1.0,1,29,0.02,290,0.9699983244060156,0.06414577639360261,0.1719496783181168,0.9638508158441196,0.05865908646379943,0.00034764602482662,-0.06449342241842923
6,2.0,1.0,1.0,1,30,0.02,300,0.9715611529948902,0.0646190502524795,0.1661655222141416,0.9317224553159823,0.05865908646379943,0.000324765534838678,-0.06494381578731818
6,2.0,1.0,1.0,1,31,0.02,310,0.9729309515535501,0.06504035985958612,0.1607593351799636,0.9016668922412732,0.05865908646379943,0.0003040743172142285,-0.06534443417680036
6,2.0,1.0,1.0,1,32,0.02,320,0.9741339083349182,0.06541356736936234,0.15569511638222858,0.8734898018587334,0.05865908646379943,0.0002853014270532833,-0.06569886879641562
6,2.0,1.0,1.0,1,33,0.02,330,0.9751924244179673,0.06574225959729983,0.15094130971935615,0.8470204139236204,0.05865908646379943,0.0002682166153444021,-0.06601047621264423
6,2.0,1.0,1.0,1,34,0.02,340,0.9761256838175097,0.06602977056320422,0.14647013669201445,0.8221080488082196,0.05865908646379943,0.0002526232016119567,-0.06628239376481618
6,2.0,1.0,1.0,1,35,0.02,350,0.9769501359765681,0.06627920152480764,0.14225704618576182,0.7986192474136989,0.05865908646379943,0.00023835236268257565,-0.06651755388749021
6,2.0,1.0,1.0,1,36,0.02,360,0.9776799041131484,0.066493438904948,0.1382802578987841,0.7764353794299852,0.05865908646379943,0.00022525852470449415,-0.0667186974296525
6,2.0,1.0,1.0,1,37,0.02,370,0.9783271308845317,0.0666751704303324,0.13452038130085983,0.7554506394453911,0.05865908646379943,0.00021321562119756832,-0.06688838605152997
6,2.0,1.0,1.0,1,38,0.02,380,0.9789022710934786,0.06682689973587427,0.13096009591217347,0.7355703594599858,0.05865908646379943,0.0002021140359060175,-0.0670290137717803
6,2.0,1.0,1.0,1,39,0.02,390,0.9794143396677416,0.0669509596399161,0.12758388167082146,0.7167095810122939,0.05865908646379943,0.00019185809068283932,-0.06714281773059894
6,2.0,1.0,1.0,1,40,0.02,400,0.9798711218695708,0.06704952425821378,0.12437779045219928,0.6987918414869868,0.05865908646379943,0.00018236397019265327,-0.06723188822840644
6,2.0,1.0,1.0,2,1,0.0,10,0.9958906994720655,0.6549659050840473,1.9998749293256228,51.4701521846566,0.05865908646379943,0.6549659050840471,2.220446049250313e-16
6,2.0,1.0,1.0,2,2,0.0,20,0.9785414741736639,0.02866840112168181,1.992703259915093,12.86753804616415,0.05865908646379943,-0.02866840112168234,5.30825383648903e-16
6,2.0,1.0,1.0,2,3,0.0,30,0.40979112697071096,0.0628286910470818,1.5570670117097918,5.718905798295176,0.05865908646379943,-0.06282869104708165,-1.5525775109992423e-16
6,2.0,1.0,1.0,2,4,0.0,40,0.15166458965654206,0.036404845604636776,0.8602984949136444,3.2168845115410374,0.05865908646379943,-0.03640484560463622,-5.551115123125783e-16
6,2.0,1.0,1.0,2,5,0.0,50,0.06328724251539697,0.0233787624995489,0.5336336755117834,2.058806087386264,0.05865908646379943,-0.023378762499549025,1.249000902703301e-16
6,2.0,1.0,1.0,2,6,0.0,60,0.030436087602626283,0.016235168825133595,0.3629882248923255,1.429726449573794,0.05865908646379943,-0.016235168825133733,1.3877787807814457e-16
6,2.0,1.0,1.0,2,7,0.0,70,0.01633607571318829,0.011921535016559251,0.26311681848735546,1.0504112690746241,0.05865908646379943,-0.011921535016558918,-3.3306690738754696e-16
6,2.0,1.0,1.0,2,8,0.0,80,0.009526499620575835,0.009122516276863779,0.1996257071423968,0.8042211278852593,0.05865908646379943,-0.009122516276863946,1.6653345369377348e-16
6,2.0,1.0,1.0,2,9,0.0,90,0.005922400400788175,0.007204662762475084,0.15672616397484682,0.635433977588353,0.05865908646379943,-0.007204662762474931,-1.5265566588595902e-16
6,2.0,1.0,1.0,2,10,0.0,100,0.003872788381850567,0.005833663789998417,0.12636173161970266,0.514701521846566,0.05865908646379943,-0.005833663789998347,-6.938893903907228e-17
6,2.0,1.0,1.0,2,11,0.0,110,0.0026382255130383836,0.00481981899484505,0.10407035962102501,0.425373158550881,0.05865908646379943,-0.0048198189948456815,6.314393452555578e-16
6,2.0,1.0,1.0,2,12,0.0,120,0.0018588699796444619,0.00404905179474347,0.08721641691874545,0.3574316123934485,0.05865908646379943,-0.0040490517947425475,-9.228728892196614e-16
6,2.0,1.0,1.0,2,13,0.0,130,0.0013473156788508245,0.0034494364990857174,0.0741605286479404,0.30455711351867815,0.05865908646379943,-0.0034494364990850235,-6.938893903907228e-16
6,2.0,1.0,1.0,2,14,0.0,140,0.0010003122106742035,0.002973806751791694,0.06383889414199488,0.26260281726865603,0.05865908646379943,-0.00297380675179211,4.163336342344337e-16
6,2.0,1.0,1.0,2,15,0.0,150,0.0007582162764483424,0.002590191446759961,0.05553639327317892,0.2287562319318071,0.05865908646379943,-0.0025901914467606757,7.147060721024445e-16
6,2.0,1.0,1.0,2,16,0.0,160,0.0005851554396753,0.0022762979707839012,0.048757706320396645,0.20105528197131484,0.05865908646379943,-0.0022762979707827563,-1.1449174941446927e-15
6,2.0,1.0,1.0,2,17,0.0,170,0.00045879000409765336,0.0020161979595114815,0.043150839493176364,0.17809741240365606,0.05865908646379943,-0.0020161979595112595,-2.220446049250313e-16
6,2.0,1.0,1.0,2,18,0.0,180,0.0003647795051482383,0.0017982652395279602,0.038460021583911166,0.15885849439708824,0.05865908646379943,-0.00179826523952753,-4.3021142204224816e-16
6,2.0,1.0,1.0,2,19,0.0,190,0.0002936697452602388,0.0016138531270467743,0.03449574043661309,0.14257659884946425,0.05865908646379943,-0.0016138531270439849,-2.789435349370706e-15
6,2.0,1.0,1.0,2,20,0.0,200,0.00023907895945973756,0.0014564229512965127,0.03111513813106826,0.1286753804616415,0.05865908646379943,-0.0014564229512985943,2.0816681711721685e-15
6,2.0,1.0,1.0,2,21,0.0,210,0.00019660762911255514,0.0013209560922876618,0.028208861635543658,0.1167123632305138,0.05865908646379943,-0.0013209560922879254,2.636779683484747e-16
6,2.0,1.0,1.0,2,22,0.0,220,0.00016316487750100972,0.0012035488206909514,0.02569204692315889,0.10634328963772025,0.05865908646379943,-0.0012035488206885436,-2.4077961846558082e-15
6,2.0,1.0,1.0,2,23,0.0,230,0.00013654182810829418,0.0011011277570360176,0.023498014328151774,0.09729707407307485,0.05865908646379943,-0.0011011277570372874,1.2698175844150228e-15
6,2.0,1.0,1.0,2,24,0.0,240,0.00011513528346984714,0.0010112465899421719,0.02157378107897453,0.08935790309836213,0.05865908646379943,-0.0010112465899417278,-4.440892098500626e-16
6,2.0,1.0,1.0,2,25,0.0,250,9.776510572745423e-05,0.0009319385744461298,0.019876815695284815,0.08235224349545057,0.05865908646379943,-0.0009319385744447767,-1.3530843112619095e-15
6,2.0,1.0,1.0,2,26,0.0,260,8.355128218973107e-05,0.0008616079792442277,0.018372656165371797,0.07613927837966954,0.05865908646379943,-0.000861607979243853,-3.7470027081099033e-16
6,2.0,1.0,1.0,2,27,0.0,270,7.18297645917465e-05,0.0007989491569064741,0.017033138640641474,0.07060377528759477,0.05865908646379943,-0.0007989491569059815,-4.926614671774132e-16
6,2.0,1.0,1.0,2,28,0.0,280,6.209395639045212e-05,0.0007428854861698808,0.01583506401558867,0.06565070431716401,0.05865908646379943,-0.0007428854861689649,-9.159339953157541e-16
6,2.0,1.0,1.0,2,29,0.0,290,5.395344833103444e-05,0.0006925227989028823,0.014759182830724426,0.06120113220529916,0.05865908646379943,-0.000692522798900766,-2.1163626406917047e-15
6,2.0,1.0,1.0,2,30,0.0,300,4.710453358713895e-05,0.0006471134937006962,0.013789414468779713,0.05718905798295178,0.05865908646379943,-0.0006471134936994333,-1.2628786905111156e-15
6,2.0,1.0,1.0,2,31,0.0,310,4.13088802521111e-05,0.0006060286225351777,0.012912240783792087,0.053558951284762325,0.05865908646379943,-0.0006060286225333528,-1.824929096727601e-15
6,2.0,1.0,1.0,2,32,0.0,320,3.637793008581802e-05,0.0005687359885982388,0.012116230983591233,0.05026382049282871,0.05865908646379943,-0.0005687359885983012,6.245004513516506e-17
6,2.0,1.0,1.0,2,33,0.0,330,3.216136336325892e-05,0.0005347828198135895,0.011391666255553474,0.04726368428343122,0.05865908646379943,-0.0005347828198142834,6.938893903907228e-16
6,2.0,1.0,1.0,2,34,0.0,340,2.8538486995244305e-05,0.0005037819575009761,0.010730240891124256,0.044524353100914016,0.05865908646379943,-0.0005037819575026414,1.6653345369377348e-15
6,2.0,1.0,1.0,2,35,0.0,350,2.541174421000214e-05,0.0004754007679261124,0.010124822588630716,0.04201645076298497,0.05865908646379943,-0.00047540076792834673,2.2343238370581275e-15
6,2.0,1.0,1.0,2,36,0.0,360,2.2701781125844533e-05,0.00044935218013822387,0.009569258906389789,0.03971462359927206,0.05865908646379943,-0.00044935218013904266,8.187894806610529e-16
6,2.0,1.0,1.0,2,37,0.0,370,2.0343666419786466e-05,0.0004253873966674482,0.009058219978682376,0.037596897139997525,0.05865908646379943,-0.0004253873966690441,1.5959455978986625e-15
6,2.0,1.0,1.0,2,38,0.0,380,1.828397116132585e-05,0.0004032899292258363,0.008587069929917104,0.03564414971236606,0.05865908646379943,-0.0004032899292244069,-1.429412144204889e-15
6,2.0,1.0,1.0,2,39,0.0,390,1.6478498029215416e-05,0.000382870691477806,0.008151761152106163,0.03383967927985312,0.05865908646379943,-0.0003828706914776048,-2.0122792321330962e-16
6,2.0,1.0,1.0,2,40,0.0,400,1.4890502101350123e-05,0.000363963939696281,0.007748746913778365,0.03216884511541038,0.05865908646379943,-0.000363963939696052,-2.2898349882893854e-16
6,2.0,1.0,1.0,2,1,0.001,10,0.9957830837298982,0.6535393687259429,1.9998749293256228,51.4701521846566,0.05865908646379943,0.6549659050840471,-0.0014265363581041912
6,2.0,1.0,1.0,2,2,0.001,20,0.9787092785209531,0.028303106059653717,1.992703259915093,12.86753804616415,0.05865908646379943,-0.02866840112168234,0.0003652950620286234
6,2.0,1.0,1.0,2,3,0.001,30,0.42405962589334356,0.06293953269956543,1.5570670117097918,5.718905798295176,0.05865908646379943,-0.06282869104708165,-0.00011084165248377055
6,2.0,1.0,1.0,2,4,0.001,40,0.1792667499578151,0.03697709662523664,0.8602984949136444,3.2168845115410374,0.05865908646379943,-0.03640484560463622,-0.00057225102060042
6,2.0,1.0,1.0,2,5,0.001,50,0.10138172219903374,0.024332557494267923,0.5336336755117834,2.058806087386264,0.05865908646379943,-0.023378762499549025,-0.0009537949947188984
6,2.0,1.0,1.0,2,6,0.001,60,0.0775747015888355,0.01753049872115927,0.3629882248923255,1.429726449573794,0.05865908646379943,-0.016235168825133733,-0.0012953298960255363
6,2.0,1.0,1.0,2,7,0.001,70,0.07186877196524355,0.013535956513167621,0.26311681848735546,1.0504112690746241,0.05865908646379943,-0.011921535016558918,-0.0016144214966087034
6,2.0,1.0,1.0,2,8,0.001,80,0.07311709409299327,0.011042010642421274,0.1996257071423968,0.8042211278852593,0.05865908646379943,-0.009122516276863946,-0.0019194943655573282
6,2.0,1.0,1.0,2,9,0.001,90,0.0773677670235684,0.009419732525213859,0.15672616397484682,0.635433977588353,0.05865908646379943,-0.007204662762474931,-0.0022150697627389276
6,2.0,1.0,1.0,2,10,0.001,100,0.08303190613570788,0.008337456541230956,0.12636173161970266,0.514701521846566,0.05865908646379943,-0.005833663789998347,-0.0025037927512326086
6,2.0,1.0,1.0,2,11,0.001,110,0.08940169298513156,0.007607135099437903,0.10407035962102501,0.425373158550881,0.05865908646379943,-0.0048198189948456815,-0.002787316104592222
6,2.0,1.0,1.0,2,12,0.001,120,0.09613465094830342,0.0071157790030033155,0.08721641691874545,0.3574316123934485,0.05865908646379943,-0.0040490517947425475,-0.003066727208260768
6,2.0,1.0,1.0,2,13,0.001,130,0.10305356571999613,0.006792208232858615,0.0741605286479404,0.30455711351867815,0.05865908646379943,-0.0034494364990850235,-0.003342771733773592
6,2.0,1.0,1.0,2,14,0.001,140,0.1100615386216891,0.006589785491462899,0.06383889414199488,0.26260281726865603,0.05865908646379943,-0.00297380675179211,-0.0036159787396707888
6,2.0,1.0,1.0,2,15,0.001,150,0.11710311196621903,0.006476925914142104,0.05553639327317892,0.2287562319318071,0.05865908646379943,-0.0025901914467606757,-0.003886734467381428
6,2.0,1.0,1.0,2,16,0.001,160,0.12414532106644927,0.006431625810470611,0.048757706320396645,0.20105528197131484,0.05865908646379943,-0.0022762979707827563,-0.004155327839687854
6,2.0,1.0,1.0,2,17,0.001,170,0.13116795023176953,0.006438177536735666,0.043150839493176364,0.17809741240365606,0.05865908646379943,-0.0020161979595112595,-0.004421979577224407
6,2.0,1.0,1.0,2,18,0.001,180,0.13815828558739063,0.0064851266735569055,0.038460021583911166,0.15885849439708824,0.05865908646379943,-0.00179826523952753,-0.0046868614340293754
6,2.0,1.0,1.0,2,19,0.001,190,0.14510817404587584,0.0065639623868842326,0.03449574043661309,0.14257659884946425,0.05865908646379943,-0.0016138531270439849,-0.004950109259840248
6,2.0,1.0,1.0,2,20,0.001,200,0.15201231600467668,0.006668255037335452,0.03111513813106826,0.1286753804616415,0.05865908646379943,-0.0014564229512985943,-0.005211832086036858
6,2.0,1.0,1.0,2,21,0.001,210,0.1588672430267397,0.006793074673273877,0.028208861635543658,0.1167123632305138,0.05865908646379943,-0.0013209560922879254,-0.005472118580985952
6,2.0,1.0,1.0,2,22,0.001,220,0.16567068855722344,0.006934590544066727,0.02569204692315889,0.10634328963772025,0.05865908646379943,-0.0012035488206885436,-0.005731041723378183
6,2.0,1.0,1.0,2,23,0.001,230,0.17242119087914587,0.0070897899999570885,0.023498014328151774,0.09729707407307485,0.05865908646379943,-0.0011011277570372874,-0.005988662242919801
6,2.0,1.0,1.0,2,24,0.001,240,0.17911783696034034,0.007256277782034921,0.02157378107897453,0.08935790309836213,0.05865908646379943,-0.0010112465899417278,-0.006245031192093194
6,2.0,1.0,1.0,2,25,0.001,250,0.18576009383195824,0.007432130469308476,0.019876815695284815,0.08235224349545057,0.05865908646379943,-0.0009319385744447767,-0.006500191894863699
6,2.0,1.0,1.0,2,26,0.001,260,0.1923476955346206,0.007615789421083402,0.018372656165371797,0.07613927837966954,0.05865908646379943,-0.000861607979243853,-0.006754181441839549
6,2.0,1.0,1.0,2,27,0.001,270,0.19888056604123894,0.007805981007399335,0.017033138640641474,0.07060377528759477,0.05865908646379943,-0.0007989491569059815,-0.007007031850493353
6,2.0,1.0,1.0,2,28,0.001,280,0.2053587658963083,0.008001656461093173,0.01583506401558867,0.06565070431716401,0.05865908646379943,-0.0007428854861689649,-0.0072587709749242085
6,2.0,1.0,1.0,2,29,0.001,290,0.21178245474948043,0.008201946024998519,0.014759182830724426,0.06120113220529916,0.05865908646379943,-0.000692522798900766,-0.007509423226097753
6,2.0,1.0,1.0,2,30,0.001,300,0.21815186470607295,0.00840612364080378,0.013789414468779713,0.05718905798295178,0.05865908646379943,-0.0006471134936994333,-0.007759010147104346
6,2.0,1.0,1.0,2,31,0.001,310,0.22446728114196557,0.008613579498965442,0.012912240783792087,0.053558951284762325,0.05865908646379943,-0.0006060286225333528,-0.008007550876432089
6,2.0,1.0,1.0,2,32,0.001,320,0.2307290287394328,0.008823798512462941,0.012116230983591233,0.05026382049282871,0.05865908646379943,-0.0005687359885983012,-0.00825506252386464
6,2.0,1.0,1.0,2,33,0.001,330,0.23693746121704462,0.009036343297513315,0.011391666255553474,0.04726368428343122,0.05865908646379943,-0.0005347828198142834,-0.008501560477699031
6,2.0,1.0,1.0,2,34,0.001,340,0.24309295370541573,0.009250840614974276,0.010730240891124256,0.044524353100914016,0.05865908646379943,-0.0005037819575026414,-0.008747058657471635
6,2.0,1.0,1.0,2,35,0.001,350,0.24919589703619516,0.009466970491092325,0.010124822588630716,0.04201645076298497,0.05865908646379943,-0.00047540076792834673,-0.008991569723163978
6,2.0,1.0,1.0,2,36,0.001,360,0.2552466934297122,0.009684457429531688,0.009569258906389789,0.03971462359927206,0.05865908646379943,-0.00044935218013904266,-0.009235105249392646
6,2.0,1.0,1.0,2,37,0.001,370,0.26124575321440646,0.009903063267907831,0.009058219978682376,0.037596897139997525,0.05865908646379943,-0.0004253873966690441,-0.009477675871238787
6,2.0,1.0,1.0,2,38,0.001,380,0.2671934923131687,0.01012258133619847,0.008587069929917104,0.03564414971236606,0.05865908646379943,-0.0004032899292244069,-0.009719291406974064
6,2.0,1.0,1.0,2,39,0.001,390,0.273090330306038,0.010342831653292271,0.008151761152106163,0.03383967927985312,0.05865908646379943,-0.0003828706914776048,-0.009959960961814666
6,2.0,1.0,1.0,2,40,0.001,400,0.27893668892769063,0.010563656955797626,0.007748746913778365,0.03216884511541038,0.05865908646379943,-0.000363963939696052,-0.010199693016101574
6,2.0,1.0,1.0,2,1,0.002,10,0.995676396146429,0.6521142596178218,1.9998749293256228,51.4701521846566,0.05865908646379943,0.6549659050840471,-0.0028516454662252944
6,2.0,1.0,1.0,2,2,0.002,20,0.9788740764146452,0.027941813888725447,1.992703259915093,12.86753804616415,0.05865908646379943,-0.02866840112168234,0.0007265872329568941
6,2.0,1.0,1.0,2,3,0.002,30,0.43797171273791247,0.06304933261170473,1.5570670117097918,5.718905798295176,0.05865908646379943,-0.06282869104708165,-0.00022064156462306937
6,2.0,1.0,1.0,2,4,0.002,40,0.20594520119694204,0.037541648021606804,0.8602984949136444,3.2168845115410374,0.05865908646379943,-0.03640484560463622,-0.0011368024169705823
6,2.0,1.0,1.0,2,5,0.002,50,0.137878927470519,0.025270144926007182,0.5336336755117834,2.058806087386264,0.05865908646379943,-0.023378762499549025,-0.0018913824264581575
6,2.0,1.0,1.0,2,6,0.002,60,0.12234382591198734,0.018799238218105224,0.3629882248923255,1.429726449573794,0.05865908646379943,-0.016235168825133733,-0.002564069392971491
6,2.0,1.0,1.0,2,7,0.002,70,0.12415250187079718,0.015111537703312895,0.26311681848735546,1.0504112690746241,0.05865908646379943,-0.011921535016558918,-0.0031900026867539774
6,2.0,1.0,1.0,2,8,0.002,80,0.13246886038912487,0.012908563466598244,0.1996257071423968,0.8042211278852593,0.05865908646379943,-0.009122516276863946,-0.0037860471897342984
6,2.0,1.0,1.0,2,9,0.002,90,0.14347400027435175,0.011565926205729,0.15672616397484682,0.635433977588353,0.05865908646379943,-0.007204662762474931,-0.0043612634432540695
6,2.0,1.0,1.0,2,10,0.002,100,0.15564255289561935,0.010754624055870438,0.12636173161970266,0.514701521846566,0.05865908646379943,-0.005833663789998347,-0.00492096026587209
6,2.0,1.0,1.0,2,11,0.002,110,0.16830043548227203,0.01028828103168454,0.10407035962102501,0.425373158550881,0.05865908646379943,-0.0048198189948456815,-0.005468462036838859
6,2.0,1.0,1.0,2,12,0.002,120,0.18112499387857772,0.010055014102094084,0.08721641691874545,0.3574316123934485,0.05865908646379943,-0.0040490517947425475,-0.006005962307351537
6,2.0,1.0,1.0,2,13,0.002,130,0.19395182496605157,0.009984407575979848,0.0741605286479404,0.30455711351867815,0.05865908646379943,-0.0034494364990850235,-0.006534971076894824
6,2.0,1.0,1.0,2,14,0.002,140,0.20669307030951234,0.010030371720146758,0.06383889414199488,0.26260281726865603,0.05865908646379943,-0.00297380675179211,-0.007056564968354648
6,2.0,1.0,1.0,2,15,0.002,150,0.21930016491100146,0.010161726257875946,0.05553639327317892,0.2287562319318071,0.05865908646379943,-0.0025901914467606757,-0.00757153481111527
6,2.0,1.0,1.0,2,16,0.002,160,0.23174574888136945,0.010356774607380347,0.048757706320396645,0.20105528197131484,0.05865908646379943,-0.0022762979707827563,-0.00808047663659759
6,2.0,1.0,1.0,2,17,0.002,170,0.24401440092032267,0.010600047872273949,0.043150839493176364,0.17809741240365606,0.05865908646379943,-0.0020161979595112595,-0.00858384991276269
6,2.0,1.0,1.0,2,18,0.002,180,0.2560976675953204,0.01088028125724335,0.038460021583911166,0.15885849439708824,0.05865908646379943,-0.00179826523952753,-0.00908201601771582
6,2.0,1.0,1.0,2,19,0.002,190,0.26799128835342656,0.011189117494098913,0.03449574043661309,0.14257659884946425,0.05865908646379943,-0.0016138531270439849,-0.009575264367054928
6,2.0,1.0,1.0,2,20,0.002,200,0.27969359126152127,0.011520253539749309,0.03111513813106826,0.1286753804616415,0.05865908646379943,-0.0014564229512985943,-0.010063830588450715
6,2.0,1.0,1.0,2,21,0.002,210,0.29120453656280376,0.011868865527076208,0.028208861635543658,0.1167123632305138,0.05865908646379943,-0.0013209560922879254,-0.010547909434788283
6,2.0,1.0,1.0,2,22,0.002,220,0.3025251306786656,0.012231212953843634,0.02569204692315889,0.10634328963772025,0.05865908646379943,-0.0012035488206885436,-0.01102766413315509
6,2.0,1.0,1.0,2,23,0.002,230,0.3136570583466487,0.012604361025320657,0.023498014328151774,0.09729707407307485,0.05865908646379943,-0.0011011277570372874,-0.01150323326828337
6,2.0,1.0,1.0,2,24,0.002,240,0.3246024466307218,0.012985982517890168,0.02157378107897453,0.08935790309836213,0.05865908646379943,-0.0010112465899417278,-0.01197473592794844
6,2.0,1.0,1.0,2,25,0.002,250,0.33536371056756953,0.013374214176603151,0.019876815695284815,0.08235224349545057,0.05865908646379943,-0.0009319385744447767,-0.012442275602158374
6,2.0,1.0,1.0,2,26,0.002,260,0.3459434504485214,0.013767551154310845,0.018372656165371797,0.07613927837966954,0.05865908646379943,-0.000861607979243853,-0.012905943175066992
6,2.0,1.0,1.0,2,27,0.002,270,0.35634438240675737,0.014164768403841434,0.017033138640641474,0.07060377528759477,0.05865908646379943,-0.0007989491569059815,-0.013365819246935452
6,2.0,1.0,1.0,2,28,0.002,280,0.36656929087439183,0.014564861441241445,0.01583506401558867,0.06565070431716401,0.05865908646379943,-0.0007428854861689649,-0.01382197595507248
6,2.0,1.0,1.0,2,29,0.002,290,0.37662099563677676,0.014967001214567795,0.014759182830724426,0.06120113220529916,0.05865908646379943,-0.000692522798900766,-0.014274478415667029
6,2.0,1.0,1.0,2,30,0.002,300,0.38650232877835045,0.01537049936929745,0.013789414468779713,0.05718905798295178,0.05865908646379943,-0.0006471134936994333,-0.014723385875598016
6,2.0,1.0,1.0,2,31,0.002,310,0.3962161184233175,0.015774781262730714,0.012912240783792087,0.053558951284762325,0.05865908646379943,-0.0006060286225333528,-0.015168752640197361
6,2.0,1.0,1.0,2,32,0.002,320,0.40576517720539096,0.016179364814852076,0.012116230983591233,0.05026382049282871,0.05865908646379943,-0.0005687359885983012,-0.015610628826253775
6,2.0,1.0,1.0,2,33,0.002,330,0.41515229406583676,0.016583843797408876,0.011391666255553474,0.04726368428343122,0.05865908646379943,-0.0005347828198142834,-0.016049060977594592
6,2.0,1.0,1.0,2,34,0.002,340,0.42438022842104406,0.016987874529159022,0.010730240891124256,0.044524353100914016,0.05865908646379943,-0.0005037819575026414,-0.01648409257165638
6,2.0,1.0,1.0,2,35,0.002,350,0.4334517060323084,0.017391165206920398,0.010124822588630716,0.04201645076298497,0.05865908646379943,-0.00047540076792834673,-0.01691576443899205
6,2.0,1.0,1.0,2,36,0.002,360,0.44236941611047553,0.01779346729287233,0.009569258906389789,0.03971462359927206,0.05865908646379943,-0.00044935218013904266,-0.017344115112733288
6,2.0,1.0,1.0,2,37,0.002,370,0.4511360093236423,0.018194568517945237,0.009058219978682376,0.037596897139997525,0.05865908646379943,-0.0004253873966690441,-0.017769181121276192
6,2.0,1.0,1.0,2,38,0.002,380,0.4597540964693362,0.018594287163998094,0.008587069929917104,0.03564414971236606,0.05865908646379943,-0.0004032899292244069,-0.018190997234773687
6,2.0,1.0,1.0,2,39,0.002,390,0.4682262476400576,0.01899246736513726,0.008151761152106163,0.03383967927985312,0.05865908646379943,-0.0003828706914776048,-0.018609596673659655
6,2.0,1.0,1.0,2,40,0.002,400,0.4765549917557913,0.019388975225686313,0.007748746913778365,0.03216884511541038,0.05865908646379943,-0.000363963939696052,-0.01902501128599026
6,2.0,1.0,1.0,2,1,0.005,10,0.9953618256643135,0.6478474957933573,1.9998749293256228,51.4701521846566,0.05865908646379943,0.6549659050840471,-0.007118409290689742
6,2.0,1.0,1.0,2,2,0.005,20,0.9793508827981425,0.02688172965095279,1.992703259915093,12.86753804616415,0.05865908646379943,-0.02866840112168234,0.0017866714707295492
6,2.0,1.0,1.0,2,3,0.005,30,0.4776567534709575,0.06337249852994216,1.5570670117097918,5.718905798295176,0.05865908646379943,-0.06282869104708165,-0.000543807482860508
6,2.0,1.0,1.0,2,4,0.005,40,0.28074157945712197,0.039189926377101794,0.8602984949136444,3.2168845115410374,0.05865908646379943,-0.03640484560463622,-0.0027850807724655764
6,2.0,1.0,1.0,2,5,0.005,50,0.23844411684670141,0.027987977658021176,0.5336336755117834,2.058806087386264,0.05865908646379943,-0.023378762499549025,-0.004609215158472152
6,2.0,1.0,1.0,2,6,0.005,60,0.24360206410851837,0.022450621683818166,0.3629882248923255,1.429726449573794,0.05865908646379943,-0.016235168825133733,-0.006215452858684432
6,2.0,1.0,1.0,2,7,0.005,70,0.2633703964509002,0.019613413518137376,0.26311681848735546,1.0504112690746241,0.05865908646379943,-0.011921535016558918,-0.0076918785015784585
6,2.0,1.0,1.0,2,8,0.005,80,0.2878503955484407,0.018203459895951832,0.1996257071423968,0.8042211278852593,0.05865908646379943,-0.009122516276863946,-0.009080943619087886
6,2.0,1.0,1.0,2,9,0.005,90,0.31364364627285535,0.017610263589549625,0.15672616397484682,0.635433977588353,0.05865908646379943,-0.007204662762474931,-0.010405600827074694
6,2.0,1.0,1.0,2,10,0.005,100,0.3394436693275027,0.01751308738489627,0.12636173161970266,0.514701521846566,0.05865908646379943,-0.005833663789998347,-0.011679423594897924
6,2.0,1.0,1.0,2,11,0.005,110,0.36470834839434385,0.017730839619306632,0.10407035962102501,0.425373158550881,0.05865908646379943,-0.0048198189948456815,-0.01291102062446095
6,2.0,1.0,1.0,2,12,0.005,120,0.3892056254066045,0.01815522035615489,0.08721641691874545,0.3574316123934485,0.05865908646379943,-0.0040490517947425475,-0.014106168561412342
6,2.0,1.0,1.0,2,13,0.005,130,0.4128400685121276,0.018718366251599707,0.0741605286479404,0.30455711351867815,0.05865908646379943,-0.0034494364990850235,-0.015268929752514683
6,2.0,1.0,1.0,2,14,0.005,140,0.43558042919964324,0.019376084335315027,0.06383889414199488,0.26260281726865603,0.05865908646379943,-0.00297380675179211,-0.016402277583522917
6,2.0,1.0,1.0,2,15,0.005,150,0.45742704824639047,0.020098656914869298,0.05553639327317892,0.2287562319318071,0.05865908646379943,-0.0025901914467606757,-0.017508465468108622
6,2.0,1.0,1.0,2,16,0.005,160,0.47839625799180063,0.020865552390279395,0.048757706320396645,0.20105528197131484,0.05865908646379943,-0.0022762979707827563,-0.01858925441949664
6,2.0,1.0,1.0,2,17,0.005,170,0.4985125257284734,0.02166225669805788,0.043150839493176364,0.17809741240365606,0.05865908646379943,-0.0020161979595112595,-0.01964605873854662
6,2.0,1.0,1.0,2,18,0.005,180,0.517804325515635,0.022478307544572716,0.038460021583911166,0.15885849439708824,0.05865908646379943,-0.00179826523952753,-0.020680042305045186
6,2.0,1.0,1.0,2,19,0.005,190,0.5363018940268967,0.023306037130174033,0.03449574043661309,0.14257659884946425,0.05865908646379943,-0.0016138531270439849,-0.021692184003130048
6,2.0,1.0,1.0,2,20,0.005,200,0.5540359787401026,0.024139746213643433,0.03111513813106826,0.1286753804616415,0.05865908646379943,-0.0014564229512985943,-0.02268332326234484
6,2.0,1.0,1.0,2,21,0.005,210,0.5710371279306657,0.024975148534153502,0.028208861635543658,0.1167123632305138,0.05865908646379943,-0.0013209560922879254,-0.023654192441865576
6,2.0,1.0,1.0,2,22,0.005,220,0.587335285826023,0.025808989121761834,0.02569204692315889,0.10634328963772025,0.05865908646379943,-0.0012035488206885436,-0.02460544030107329
6,2.0,1.0,1.0,2,23,0.005,230,0.6029595642860093,0.02663877706007984,0.023498014328151774,0.09729707407307485,0.05865908646379943,-0.0011011277570372874,-0.025537649303042552
6,2.0,1.0,1.0,2,24,0.005,240,0.6179381189178463,0.02746259515990618,0.02157378107897453,0.08935790309836213,0.05865908646379943,-0.0010112465899417278,-0.026451348569964454
6,2.0,1.0,1.0,2,25,0.005,250,0.6322980881079268,0.02827896229484306,0.019876815695284815,0.08235224349545057,0.05865908646379943,-0.0009319385744447767,-0.027347023720398284
6,2.0,1.0,1.0,2,26,0.005,260,0.6460655704715582,0.029086732415016473,0.018372656165371797,0.07613927837966954,0.05865908646379943,-0.000861607979243853,-0.02822512443577262
6,2.0,1.0,1.0,2,27,0.005,270,0.6592656259474818,0.029885019506659758,0.017033138640641474,0.07060377528759477,0.05865908646379943,-0.0007989491569059815,-0.029086070349753777
6,2.0,1.0,1.0,2,28,0.005,280,0.6719222914560725,0.030673141169110983,0.01583506401558867,0.06565070431716401,0.05865908646379943,-0.0007428854861689649,-0.02993025568294202
6,2.0,1.0,1.0,2,29,0.005,290,0.6840586054438968,0.03145057572668793,0.014759182830724426,0.06120113220529916,0.05865908646379943,-0.000692522798900766,-0.03075805292778716
6,2.0,1.0,1.0,2,30,0.005,300,0.6956966377145206,0.03221692930031581,0.013789414468779713,0.05718905798295178,0.05865908646379943,-0.0006471134936994333,-0.03156981580661638
6,2.0,1.0,1.0,2,31,0.005,310,0.7068575222343526,0.03297191029030123,0.012912240783792087,0.053558951284762325,0.05865908646379943,-0.0006060286225333528,-0.032365881667767875
6,2.0,1.0,1.0,2,32,0.005,320,0.717561491417816,0.0337153094317601,0.012116230983591233,0.05026382049282871,0.05865908646379943,-0.0005687359885983012,-0.0331465734431618
6,2.0,1.0,1.0,2,33,0.005,330,0.727827910916784,0.03444698408052801,0.011391666255553474,0.04726368428343122,0.05865908646379943,-0.0005347828198142834,-0.033912201260713724
6,2.0,1.0,1.0,2,34,0.005,340,0.7376753142794538,0.035166845740202866,0.010730240891124256,0.044524353100914016,0.05865908646379943,-0.0005037819575026414,-0.034663063782700225
6,2.0,1.0,1.0,2,35,0.005,350,0.7471214370656759,0.03587485009292234,0.010124822588630716,0.04201645076298497,0.05865908646379943,-0.00047540076792834673,-0.035399449324993996
6,2.0,1.0,1.0,2,36,0.005,360,0.7561832501545611,0.03657098897988345,0.009569258906389789,0.03971462359927206,0.05865908646379943,-0.00044935218013904266,-0.03612163679974441
6,2.0,1.0,1.0,2,37,0.005,370,0.7648769920792752,0.03725528391144772,0.009058219978682376,0.037596897139997525,0.05865908646379943,-0.0004253873966690441,-0.03682989651477868
6,2.0,1.0,1.0,2,38,0.005,380,0.7732182002905528,0.03792778078536465,0.008587069929917104,0.03564414971236606,0.05865908646379943,-0.0004032899292244069,-0.03752449085614024
6,2.0,1.0,1.0,2,39,0.005,390,0.7812217412967036,0.03858854556594273,0.008151761152106163,0.03383967927985312,0.05865908646379943,-0.0003828706914776048,-0.03820567487446513
6,2.0,1.0,1.0,2,40,0.005,400,0.7889018396580239,0.03923766073177952,0.007748746913778365,0.03216884511541038,0.05865908646379943,-0.000363963939696052,-0.03887369679208347
6,2.0,1.0,1.0,2,1,0.01,10,0.9948553975596749,0.640764767752245,1.9998749293256228,51.4701521846566,0.05865908646379943,0.6549659050840471,-0.01420113733180206
6,2.0,1.0,1.0,2,2,0.01,20,0.9800895538957737,0.025192891818461294,1.992703259915093,12.86753804616415,0.05865908646379943,-0.02866840112168234,0.003475509303221047
6,2.0,1.0,1.0,2,3,0.01,30,0.5374535446658973,0.0638904381029015,1.5570670117097918,5.718905798295176,0.05865908646379943,-0.06282869104708165,-0.0010617470558198505
6,2.0,1.0,1.0,2,4,0.01,40,0.3896135501618351,0.04179061190088814,0.8602984949136444,3.2168845115410374,0.05865908646379943,-0.03640484560463622,-0.005385766296251919
6,2.0,1.0,1.0,2,5,0.01,50,0.3798473820934368,0.032214692109278964,0.5336336755117834,2.058806087386264,0.05865908646379943,-0.023378762499549025,-0.008835929609729943
6,2.0,1.0,1.0,2,6,0.01,60,0.4083716800629089,0.02804719641322026,0.3629882248923255,1.429726449573794,0.05865908646379943,-0.016235168825133733,-0.011812027588086527
6,2.0,1.0,1.0,2,7,0.01,70,0.44623979334536745,0.026413552757842254,0.26311681848735546,1.0504112690746241,0.05865908646379943,-0.011921535016558918,-0.014492017741283336
6,2.0,1.0,1.0,2,8,0.01,80,0.4851977587945916,0.026085214389021588,0.1996257071423968,0.8042211278852593,0.05865908646379943,-0.009122516276863946,-0.016962698112157643
6,2.0,1.0,1.0,2,9,0.01,90,0.5226676712444466,0.026476510340746794,0.15672616397484682,0.635433977588353,0.05865908646379943,-0.007204662762474931,-0.019271847578271863
6,2.0,1.0,1.0,2,10,0.01,100,0.5578352284498027,0.02728209370909762,0.12636173161970266,0.514701521846566,0.05865908646379943,-0.005833663789998347,-0.021448429919099274
6,2.0,1.0,1.0,2,11,0.01,110,0.5905006321817061,0.0283312316744799,0.10407035962102501,0.425373158550881,0.05865908646379943,-0.0048198189948456815,-0.02351141267963422
6,2.0,1.0,1.0,2,12,0.01,120,0.6206952486149766,0.02952308255965822,0.08721641691874545,0.3574316123934485,0.05865908646379943,-0.0040490517947425475,-0.025474030764915674
6,2.0,1.0,1.0,2,13,0.01,130,0.6485394883965048,0.030795459399728282,0.0741605286479404,0.30455711351867815,0.05865908646379943,-0.0034494364990850235,-0.02734602290064326
6,2.0,1.0,1.0,2,14,0.01,140,0.6741856681392371,0.03210869099267067,0.06383889414199488,0.26260281726865603,0.05865908646379943,-0.00297380675179211,-0.02913488424087856
6,2.0,1.0,1.0,2,15,0.01,150,0.6977936852725406,0.03343679805522466,0.05553639327317892,0.2287562319318071,0.05865908646379943,-0.0025901914467606757,-0.030846606608463986
6,2.0,1.0,1.0,2,16,0.01,160,0.7195203477724745,0.03476243394804561,0.048757706320396645,0.20105528197131484,0.05865908646379943,-0.0022762979707827563,-0.03248613597726285
6,2.0,1.0,1.0,2,17,0.01,170,0.7395147379549578,0.03607386412174783,0.043150839493176364,0.17809741240365606,0.05865908646379943,-0.0020161979595112595,-0.03405766616223657
6,2.0,1.0,1.0,2,18,0.01,180,0.7579163684391683,0.037363098890231414,0.038460021583911166,0.15885849439708824,0.05865908646379943,-0.00179826523952753,-0.035564833650703884
6,2.0,1.0,1.0,2,19,0.01,190,0.7748546710581183,0.038624703749156,0.03449574043661309,0.14257659884946425,0.05865908646379943,-0.0016138531270439849,-0.03701085062211201
6,2.0,1.0,1.0,2,20,0.01,200,0.7904491301582124,0.039855021066874774,0.03111513813106826,0.1286753804616415,0.05865908646379943,-0.0014564229512985943,-0.03839859811557618
6,2.0,1.0,1.0,2,21,0.01,210,0.8048097226014801,0.04105164889338887,0.028208861635543658,0.1167123632305138,0.05865908646379943,-0.0013209560922879254,-0.03973069280110095
6,2.0,1.0,1.0,2,22,0.01,220,0.818037493845976,0.04221308466436286,0.02569204692315889,0.10634328963772025,0.05865908646379943,-0.0012035488206885436,-0.04100953584367432
6,2.0,1.0,1.0,2,23,0.01,230,0.830225182156603,0.04333847711367532,0.023498014328151774,0.09729707407307485,0.05865908646379943,-0.0011011277570372874,-0.04223734935663803
6,2.0,1.0,1.0,2,24,0.01,240,0.8414578452869612,0.04442745067583194,0.02157378107897453,0.08935790309836213,0.05865908646379943,-0.0010112465899417278,-0.04341620408589021
6,2.0,1.0,1.0,2,25,0.01,250,0.8518134662052986,0.045479979362612846,0.019876815695284815,0.08235224349545057,0.05865908646379943,-0.0009319385744447767,-0.04454804078816807
6,2.0,1.0,1.0,2,26,0.01,260,0.861363526381915,0.04649629498061983,0.018372656165371797,0.07613927837966954,0.05865908646379943,-0.000861607979243853,-0.045634687001375976
6,2.0,1.0,1.0,2,27,0.01,270,0.870173541668357,0.04747681955415193,0.017033138640641474,0.07060377528759477,0.05865908646379943,-0.0007989491569059815,-0.04667787039724595
6,2.0,1.0,1.0,2,28,0.01,280,0.8783035593725952,0.04842211505023908,0.01583506401558867,0.06565070431716401,0.05865908646379943,-0.0007428854861689649,-0.047679229564070114
6,2.0,1.0,1.0,2,29,0.01,290,0.8858086170831512,0.049332845630797886,0.014759182830724426,0.06120113220529916,0.05865908646379943,-0.000692522798900766,-0.04864032283189712
6,2.0,1.0,1.0,2,30,0.01,300,0.8927391648307206,0.05020974908216701,0.013789414468779713,0.05718905798295178,0.05865908646379943,-0.0006471134936994333,-0.049562635588467574
6,2.0,1.0,1.0,2,31,0.01,310,0.8991414526906119,0.051053615040687936,0.012912240783792087,0.053558951284762325,0.05865908646379943,-0.0006060286225333528,-0.05044758641815458
6,2.0,1.0,1.0,2,32,0.01,320,0.9050578861467328,0.051865268301429276,0.012116230983591233,0.05026382049282871,0.05865908646379943,-0.0005687359885983012,-0.051296532312830975
6,2.0,1.0,1.0,2,33,0.01,330,0.9105273515837008,0.05264555596328475,0.011391666255553474,0.04726368428343122,0.05865908646379943,-0.0005347828198142834,-0.052110773143470464
6,2.0,1.0,1.0,2,34,0.01,340,0.9155855142240299,0.053395337494227674,0.010730240891124256,0.044524353100914016,0.05865908646379943,-0.0005037819575026414,-0.05289155553672503
6,2.0,1.0,1.0,2,35,0.01,350,0.9202650907242741,0.05411547703608649,0.010124822588630716,0.04201645076298497,0.05865908646379943,-0.00047540076792834673,-0.05364007626815814
6,2.0,1.0,1.0,2,36,0.01,360,0.92459609851486,0.054806837439178316,0.009569258906389789,0.03971462359927206,0.05865908646379943,-0.00044935218013904266,-0.05435748525903927
6,2.0,1.0,1.0,2,37,0.01,370,0.9286060838276096,0.055470275641694274,0.009058219978682376,0.037596897139997525,0.05865908646379943,-0.0004253873966690441,-0.05504488824502523
6,2.0,1.0,1.0,2,38,0.01,380,0.932320330212042,0.0561066391002843,0.008587069929917104,0.03564414971236606,0.05865908646379943,-0.0004032899292244069,-0.055703349171059895
6,2.0,1.0,1.0,2,39,0.01,390,0.935762049202125,0.05671676304707403,0.008151761152106163,0.03383967927985312,0.05865908646379943,-0.0003828706914776048,-0.056333892355596424
6,2.0,1.0,1.0,2,40,0.01,400,0.938952554661418,0.05730146839891757,0.007748746913778365,0.03216884511541038,0.05865908646379943,-0.000363963939696052,-0.056937504459221515
6,2.0,1.0,1.0,2,1,0.02,10,0.9939062341036626,0.6267063554187523,1.9998749293256228,51.4701521846566,0.05865908646379943,0.6549659050840471,-0.02825954966529476
6,2.0,1.0,1.0,2,2,0.02,20,0.9813752815336347,0.022097733722577638,1.992703259915093,12.86753804616415,0.05865908646379943,-0.02866840112168234,0.006570667399104703
6,2.0,1.0,1.0,2,3,0.02,30,0.6365444413148046,0.06484974784040322,1.5570670117097918,5.718905798295176,0.05865908646379943,-0.06282869104708165,-0.0020210567933215693
6,2.0,1.0,1.0,2,4,0.02,40,0.5588931341155146,0.04647718377193946,0.8602984949136444,3.2168845115410374,0.05865908646379943,-0.03640484560463622,-0.01007233816730324
6,2.0,1.0,1.0,2,5,0.02,50,0.5862411221715171,0.039626204811118546,0.5336336755117834,2.058806087386264,0.05865908646379943,-0.023378762499549025,-0.01624744231156952
6,2.0,1.0,1.0,2,6,0.02,60,0.6344265414176323,0.037593407413600066,0.3629882248923255,1.429726449573794,0.05865908646379943,-0.016235168825133733,-0.021358238588466336
6,2.0,1.0,1.0,2,7,0.02,70,0.682301349444377,0.037694510343138095,0.26311681848735546,1.0504112690746241,0.05865908646379943,-0.011921535016558918,-0.025772975326579177
6,2.0,1.0,1.0,2,8,0.02,80,0.7251200018845355,0.038799728063662615,0.1996257071423968,0.8042211278852593,0.05865908646379943,-0.009122516276863946,-0.02967721178679867
6,2.0,1.0,1.0,2,9,0.02,90,0.762207707534315,0.04038236205005132,0.15672616397484682,0.635433977588353,0.05865908646379943,-0.007204662762474931,-0.03317769928757639
6,2.0,1.0,1.0,2,10,0.02,100,0.7939579588559695,0.0421763811494016,0.12636173161970266,0.514701521846566,0.05865908646379943,-0.005833663789998347,-0.036342717359403254
6,2.0,1.0,1.0,2,11,0.02,110,0.821017241885406,0.04403955005385578,0.10407035962102501,0.425373158550881,0.05865908646379943,-0.0048198189948456815,-0.039219731059010096
6,2.0,1.0,1.0,2,12,0.02,120,0.844043628378575,0.04589301567991525,0.08721641691874545,0.3574316123934485,0.05865908646379943,-0.0040490517947425475,-0.041843963885172704
6,2.0,1.0,1.0,2,13,0.02,130,0.863635201119879,0.047692359226811885,0.0741605286479404,0.30455711351867815,0.05865908646379943,-0.0034494364990850235,-0.04424292272772686
6,2.0,1.0,1.0,2,14,0.02,140,0.8803133583713261,0.049412761653838046,0.06383889414199488,0.26260281726865603,0.05865908646379943,-0.00297380675179211,-0.046438954902045936
6,2.0,1.0,1.0,2,15,0.02,150,0.8945245170189063,0.05104096949391447,0.05553639327317892,0.2287562319318071,0.05865908646379943,-0.0025901914467606757,-0.048450778047153795
6,2.0,1.0,1.0,2,16,0.02,160,0.9066476649026141,0.05257073939892486,0.048757706320396645,0.20105528197131484,0.05865908646379943,-0.0022762979707827563,-0.0502944414281421
6,2.0,1.0,1.0,2,17,0.02,170,0.9170032252992307,0.05400015441863133,0.043150839493176364,0.17809741240365606,0.05865908646379943,-0.0020161979595112595,-0.05198395645912007
6,2.0,1.0,1.0,2,18,0.02,180,0.9258615844447206,0.05532999164938332,0.038460021583911166,0.15885849439708824,0.05865908646379943,-0.00179826523952753,-0.05353172640985579
6,2.0,1.0,1.0,2,19,0.02,190,0.9334507304882507,0.05656270269119015,0.03449574043661309,0.14257659884946425,0.05865908646379943,-0.0016138531270439849,-0.05494884956414617
6,2.0,1.0,1.0,2,20,0.02,200,0.9399628809711754,0.05770176289561211,0.03111513813106826,0.1286753804616415,0.05865908646379943,-0.0014564229512985943,-0.056245339944313515
6,2.0,1.0,1.0,2,21,0.02,210,0.9455601414048646,0.058751248801934025,0.028208861635543658,0.1167123632305138,0.05865908646379943,-0.0013209560922879254,-0.0574302927096461
6,2.0,1.0,1.0,2,22,0.02,220,0.9503792956157354,0.05971556021541714,0.02569204692315889,0.10634328963772025,0.05865908646379943,-0.0012035488206885436,-0.0585120113947286
6,2.0,1.0,1.0,2,23,0.02,230,0.9545358421671483,0.060599235912983884,0.023498014328151774,0.09729707407307485,0.05865908646379943,-0.0011011277570372874,-0.0594981081559466
6,2.0,1.0,1.0,2,24,0.02,240,0.958127386771556,0.06140683106222421,0.02157378107897453,0.08935790309836213,0.05865908646379943,-0.0010112465899417278,-0.06039558447228248
6,2.0,1.0,1.0,2,25,0.02,250,0.9612364895454415,0.06214283595205092,0.019876815695284815,0.08235224349545057,0.05865908646379943,-0.0009319385744447767,-0.06121089737760614
6,2.0,1.0,1.0,2,26,0.02,260,0.9639330531668563,0.06281162273850455,0.018372656165371797,0.07613927837966954,0.05865908646379943,-0.000861607979243853,-0.061950014759260694
6,2.0,1.0,1.0,2,27,0.02,270,0.9662763255626838,0.06341741138870981,0.017033138640641474,0.07060377528759477,0.05865908646379943,-0.0007989491569059815,-0.06261846223180383
6,2.0,1.0,1.0,2,28,0.02,280,0.9683165794953832,0.06396424888567984,0.01583506401558867,0.06565070431716401,0.05865908646379943,-0.0007428854861689649,-0.06322136339951087
6,2.0,1.0,1.0,2,29,0.02,290,0.9700965215761121,0.06445599764040424,0.014759182830724426,0.06120113220529916,0.05865908646379943,-0.000692522798900766,-0.06376347484150348
6,2.0,1.0,1.0,2,30,0.02,300,0.971652474788055,0.06489633031033161,0.013789414468779713,0.05718905798295178,0.05865908646379943,-0.0006471134936994333,-0.06424921681663218
6,2.0,1.0,1.0,2,31,0.02,310,0.9730153714408502,0.06528872906806425,0.012912240783792087,0.053558951284762325,0.05865908646379943,-0.0006060286225333528,-0.0646827004455309
6,2.0,1.0,1.0,2,32,0.02,320,0.9742115874406575,0.06563648794210948,0.012116230983591233,0.05026382049282871,0.05865908646379943,-0.0005687359885983012,-0.06506775195351118
6,2.0,1.0,1.0,2,33,0.02,330,0.9752636436937638,0.06594271725090854,0.011391666255553474,0.04726368428343122,0.05865908646379943,-0.0005347828198142834,-0.06540793443109426
6,2.0,1.0,1.0,2,34,0.02,340,0.9761907962199893,0.06621034943150508,0.010730240891124256,0.044524353100914016,0.05865908646379943,-0.0005037819575026414,-0.06570656747400244
6,2.0,1.0,1.0,2,35,0.02,350,0.9770095330062979,0.06644214576155318,0.010124822588630716,0.04201645076298497,0.05865908646379943,-0.00047540076792834673,-0.06596674499362483
6,2.0,1.0,1.0,2,36,0.02,360,0.9777339926698014,0.06664070361458482,0.009569258906389789,0.03971462359927206,0.05865908646379943,-0.00044935218013904266,-0.06619135143444578
6,2.0,1.0,1.0,2,37,0.02,370,0.9783763175274185,0.06680846398972833,0.009058219978682376,0.037596897139997525,0.05865908646379943,-0.0004253873966690441,-0.06638307659305928
6,2.0,1.0,1.0,2,38,0.02,380,0.9789469516064532,0.06694771913022315,0.008587069929917104,0.03564414971236606,0.05865908646379943,-0.0004032899292244069,-0.06654442920099875
6,2.0,1.0,1.0,2,39,0.02,390,0.9794548924087756,0.06706062009880884,0.008151761152106163,0.03383967927985312,0.05865908646379943,-0.0003828706914776048,-0.06667774940733123
6,2.0,1.0,1.0,2,40,0.02,400,0.9799079038042567,0.06714918421671567,0.007748746913778365,0.03216884511541038,0.05865908646379943,-0.000363963939696052,-0.06678522027701962
