n_qubits,t,J,g,order,n_steps,p,cnots,infidelity,local_err,trotter_err,bound,z_exact,z_trotter_part,z_noise_part,trace_dist
2,2.0,1.0,1.0,1,1,0.0,2,0.6046843661333748,0.3576948078004714,1.469799918941522,8.0,-0.2959488130631411,-0.3576948078004714,0.0,0.7776145357009316
2,2.0,1.0,1.0,1,2,0.0,4,0.5486664954522443,0.8132062834307121,1.1511560872227782,4.0,-0.2959488130631411,0.8132062834307121,0.0,0.7407202545173472
2,2.0,1.0,1.0,1,3,0.0,6,0.21572181690854653,0.40204337577859606,0.7023427429772855,2.6666666666666665,-0.2959488130631411,0.4020433757785961,-5.551115123125783e-17,0.46445862776844493
2,2.0,1.0,1.0,1,4,0.0,8,0.09880904294235682,0.21415343877297294,0.4880880337976581,2.0,-0.2959488130631411,0.21415343877297296,-2.7755575615628914e-17,0.31433905729698414
2,2.0,1.0,1.0,1,5,0.0,10,0.055704472066973154,0.1324910314986918,0.3751387342717388,1.6000000000000003,-0.2959488130631411,0.1324910314986916,1.942890293094024e-16,0.2360179486119083
2,2.0,1.0,1.0,1,6,0.0,12,0.035672272320797616,0.09017660898143631,0.30558629279403954,1.3333333333333333,-0.2959488130631411,0.09017660898143609,2.220446049250313e-16,0.1888710468038926
2,2.0,1.0,1.0,1,7,0.0,14,0.024803231963381744,0.06542218903874392,0.25828813833992026,1.1428571428571428,-0.2959488130631411,0.06542218903874378,1.3877787807814457e-16,0.15749041863993402
2,2.0,1.0,1.0,1,8,0.0,16,0.018255075898708673,0.04967189613257489,0.22393258178575295,1.0,-0.2959488130631411,0.049671896132574944,-5.551115123125783e-17,0.1351113462989278
2,2.0,1.0,1.0,1,9,0.0,18,0.014004902994142143,0.03901970709873237,0.1977903724020773,0.8888888888888888,-0.2959488130631411,0.03901970709873209,2.7755575615628914e-16,0.11834231278008908
2,2.0,1.0,1.0,1,10,0.0,20,0.011088869445864513,0.031473837863132736,0.1772000450972843,0.8000000000000002,-0.2959488130631411,0.03147383786313279,-5.551115123125783e-17,0.10530370100744353
2,2.0,1.0,1.0,1,11,0.0,22,0.009000594243552817,0.025930455976899858,0.16054550427667144,0.7272727272727273,-0.2959488130631411,0.025930455976899414,4.440892098500626e-16,0.09487146169187191
2,2.0,1.0,1.0,1,12,0.0,24,0.007453288338828079,0.021736948364797837,0.14678658061738914,0.6666666666666666,-0.2959488130631411,0.021736948364797393,4.440892098500626e-16,0.08633242924201733
2,2.0,1.0,1.0,1,13,0.0,26,0.00627458825224847,0.018487009845903346,0.135222324062234,0.6153846153846154,-0.2959488130631411,0.018487009845903235,1.1102230246251565e-16,0.0792122986173959
2,2.0,1.0,1.0,1,14,0.0,28,0.005355794732998076,0.01591676524673441,0.12536251494862632,0.5714285714285714,-0.2959488130631411,0.015916765246734577,-1.6653345369377348e-16,0.07318329545051097
2,2.0,1.0,1.0,1,15,0.0,30,0.004625577138221093,0.013848699780943385,0.11685365135234317,0.5333333333333333,-0.2959488130631411,0.013848699780943441,-5.551115123125783e-17,0.06801159561591892
2,2.0,1.0,1.0,1,16,0.0,32,0.004035536912848414,0.012159782669856234,0.109434185752953,0.5,-0.2959488130631411,0.012159782669856622,-3.885780586188048e-16,0.06352587593137138
2,2.0,1.0,1.0,1,17,0.0,34,0.003551887254050423,0.010762536378982779,0.10290632641555666,0.47058823529411764,-0.2959488130631411,0.010762536378982834,-5.551115123125783e-17,0.05959771181891524
2,2.0,1.0,1.0,1,18,0.0,36,0.0031504559244253105,0.009593367346984072,0.09711764969516717,0.4444444444444444,-0.2959488130631411,0.009593367346984294,-2.220446049250313e-16,0.056128922352266825
2,2.0,1.0,1.0,1,19,0.0,38,0.002813575694401327,0.008605137651718164,0.0919487491548651,0.4210526315789473,-0.2959488130631411,0.008605137651718275,-1.1102230246251565e-16,0.05304314936353005
2,2.0,1.0,1.0,1,20,0.0,40,0.0025280888995806716,0.007762301677682382,0.08730472342021936,0.4000000000000001,-0.2959488130631411,0.007762301677682604,-2.220446049250313e-16,0.05028010441099556
2,2.0,1.0,1.0,1,21,0.0,42,0.0022840319081888216,0.007037642365141983,0.08310917595457021,0.3809523809523809,-0.2959488130631411,0.007037642365141983,0.0,0.04779154640925959
2,2.0,1.0,1.0,1,22,0.0,44,0.002073746887436556,0.0064100323096886735,0.07929990042624077,0.36363636363636365,-0.2959488130631411,0.006410032309688785,-1.1102230246251565e-16,0.045538411121167195
2,2.0,1.0,1.0,1,23,0.0,46,0.001891269196742762,0.005862867457875842,0.07582572266570506,0.34782608695652173,-0.2959488130631411,0.005862867457876397,-5.551115123125783e-16,0.04348872493810607
2,2.0,1.0,1.0,1,24,0.0,48,0.0017318967534901697,0.0053829518255480435,0.07264415217002507,0.3333333333333333,-0.2959488130631411,0.005382951825548654,-6.106226635438361e-16,0.041616063647256535
2,2.0,1.0,1.0,1,25,0.0,50,0.0015918820742963913,0.004959690582993115,0.06971961045058317,0.32,-0.2959488130631411,0.004959690582992893,2.220446049250313e-16,0.03989839688885508
2,2.0,1.0,1.0,1,26,0.0,52,0.0014682085911372766,0.004584497710098889,0.06702207708930816,0.3076923076923077,-0.2959488130631411,0.0045844977100997775,-8.881784197001252e-16,0.038317210116894054
2,2.0,1.0,1.0,1,27,0.0,54,0.0013584258618299927,0.0042503553629778534,0.06452604272617328,0.2962962962962963,-0.2959488130631411,0.0042503553629781865,-3.3306690738754696e-16,0.03685682924270828
2,2.0,1.0,1.0,1,28,0.0,56,0.0012605265853814496,0.003951482088458413,0.06220969060689584,0.2857142857142857,-0.2959488130631411,0.00395148208845858,-1.6653345369377348e-16,0.03550389535497024
2,2.0,1.0,1.0,1,29,0.0,58,0.0011728537189671373,0.0036830801889414233,0.060054250421711745,0.27586206896551724,-0.2959488130631411,0.0036830801889420894,-6.661338147750939e-16,0.03424695196608983
2,2.0,1.0,1.0,1,30,0.0,60,0.0010940295560618596,0.0034411413589928164,0.0580434834846855,0.26666666666666666,-0.2959488130631411,0.0034411413589923168,4.996003610813204e-16,0.03307611760870195
2,2.0,1.0,1.0,1,31,0.0,62,0.0010229010221540769,0.0032222957158484777,0.0561632690779836,0.25806451612903225,-0.2959488130631411,0.0032222957158480336,4.440892098500626e-16,0.03198282386152383
2,2.0,1.0,1.0,1,32,0.0,64,0.0009584970816678418,0.0030236934890978673,0.05440126946837501,0.25,-0.2959488130631411,0.003023693489097423,4.440892098500626e-16,0.03095960402951451
2,2.0,1.0,1.0,1,33,0.0,66,0.0008999952839781056,0.002842911533769088,0.05274665665050571,0.24242424242424246,-0.2959488130631411,0.002842911533769532,-4.440892098500626e-16,0.029999921399612776
2,2.0,1.0,1.0,1,34,0.0,68,0.00084669527307768,0.0026778788853915603,0.051189887923827934,0.23529411764705882,-0.2959488130631411,0.0026778788853926705,-1.1102230246251565e-15,0.029098028680384608
2,2.0,1.0,1.0,1,35,0.0,70,0.0007979976511254261,0.0025268170479777474,0.049722520402530675,0.22857142857142854,-0.2959488130631411,0.002526817047978358,-6.106226635438361e-16,0.028248852208959056
2,2.0,1.0,1.0,1,36,0.0,72,0.0007533869934812643,0.0023881917731867763,0.04833705679005373,0.2222222222222222,-0.2959488130631411,0.002388191773187609,-8.326672684688674e-16,0.027447895975420723
2,2.0,1.0,1.0,1,37,0.0,74,0.0007124181083354442,0.002260673870124741,0.04702681643071946,0.21621621621621626,-0.2959488130631411,0.0022606738701250184,-2.7755575615628914e-16,0.026691161614677307
2,2.0,1.0,1.0,1,38,0.0,76,0.0006747048510358233,0.0021431071626749065,0.04578582692803776,0.21052631578947364,-0.2959488130631411,0.0021431071626755727,-6.661338147750939e-16,0.02597508134805459
2,2.0,1.0,1.0,1,39,0.0,78,0.0006399109640068401,0.002034482141915095,0.04460873259750681,0.2051282051282051,-0.2959488130631411,0.002034482141915428,-3.3306690738754696e-16,0.025296461491908544
2,2.0,1.0,1.0,1,40,0.0,80,0.0006077425336292741,0.0019339141851694164,0.043490716776982616,0.20000000000000004,-0.2959488130631411,0.0019339141851694719,-5.551115123125783e-17,0.024652434639052718
2,2.0,1.0,1.0,1,41,0.0,82,0.0005779417455684666,0.001840625458672751,0.042427435605097125,0.1951219512195122,-0.2959488130631411,0.001840625458672196,5.551115123125783e-16,0.024040418997366832
2,2.0,1.0,1.0,1,42,0.0,84,0.0005502816892524187,0.001753929808492316,0.04141496133822006,0.19047619047619044,-0.2959488130631411,0.0017539298084920385,2.7755575615628914e-16,0.023458083665460233
2,2.0,1.0,1.0,1,43,0.0,86,0.0005245620146845376,0.0016732200886640514,0.04044973363911443,0.18604651162790695,-0.2959488130631411,0.0016732200886632742,7.771561172376096e-16,0.02290331885745521
2,2.0,1.0,1.0,1,44,0.0,88,0.0005006052853262499,0.0015979574872143076,0.039528517558091475,0.18181818181818182,-0.2959488130631411,0.0015979574872133084,9.992007221626409e-16,0.02237421027256108
2,2.0,1.0,1.0,1,45,0.0,90,0.0004782539024049681,0.001527662497936122,0.038648367157010935,0.17777777777777778,-0.2959488130631411,0.0015276624979354558,6.661338147750939e-16,0.021869016951198174
2,2.0,1.0,1.0,1,46,0.0,92,0.00045736750063352094,0.0014619072541318112,0.037806593910637794,0.17391304347826086,-0.2959488130631411,0.001461907254130923,8.881784197001252e-16,0.021386152076301942
2,2.0,1.0,1.0,1,47,0.0,94,0.00043782073418952017,0.0014003089943281366,0.0370007391684603,0.1702127659574468,-0.2959488130631411,0.0014003089943269154,1.2212453270876722e-15,0.020924166272485396
2,2.0,1.0,1.0,1,48,0.0,96,0.0004195013879960685,0.0013425244729836083,0.03622855008051491,0.16666666666666666,-0.2959488130631411,0.0013425244729833863,2.220446049250313e-16,0.020481733031743454
2,2.0,1.0,1.0,1,49,0.0,98,0.00040230876015934225,0.001288245162951951,0.0354879584889291,0.16326530612244894,-0.2959488130631411,0.0012882451629512293,7.216449660063518e-16,0.020057635956213713
2,2.0,1.0,1.0,1,50,0.0,100,0.00038615227264515717,0.0012371931242445844,0.034777062367196826,0.16,-0.2959488130631411,0.0012371931242433631,1.2212453270876722e-15,0.019650757558934216
2,2.0,1.0,1.0,1,51,0.0,102,0.0003709502734804415,0.001189117435182352,0.03409410945526989,0.1568627450980392,-0.2959488130631411,0.0011891174351811307,1.2212453270876722e-15,0.019260069404944805
2,2.0,1.0,1.0,1,52,0.0,104,0.0003566290013041762,0.0011437911002213919,0.03343748279303925,0.15384615384615385,-0.2959488130631411,0.0011437911002209478,4.440892098500626e-16,0.01888462340914459
2,2.0,1.0,1.0,1,53,0.0,106,0.0003431216873445164,0.0011010083629796052,0.03280568789999902,0.1509433962264151,-0.2959488130631411,0.0011010083629807155,-1.1102230246251565e-15,0.01852354413553494
2,2.0,1.0,1.0,1,54,0.0,108,0.00033036777451145305,0.0010605823649048607,0.03219734138647295,0.14814814814814814,-0.2959488130631411,0.0010605823649045831,2.7755575615628914e-16,0.018176021965876796
2,2.0,1.0,1.0,1,55,0.0,110,0.00031831223637857065,0.001022343099681855,0.031611160813204774,0.14545454545454545,-0.2959488130631411,0.0010223430996830207,-1.1657341758564144e-15,0.01784130702531074
2,2.0,1.0,1.0,1,56,0.0,112,0.00030690498173346903,0.0009861356214287964,0.031045955642440927,0.14285714285714285,-0.2959488130631411,0.00098613562142974,-9.43689570931383e-16,0.01751870376881797
2,2.0,1.0,1.0,1,57,0.0,114,0.000296100332670135,0.0009518184713280253,0.03050061914577386,0.14035087719298245,-0.2959488130631411,0.0009518184713285804,-5.551115123125783e-16,0.017207566146106648
2,2.0,1.0,1.0,1,58,0.0,116,0.00028585656584767527,0.0009192622927481353,0.02997412115270667,0.13793103448275862,-0.2959488130631411,0.0009192622927482463,-1.1102230246251565e-16,0.016907293274051605
2,2.0,1.0,1.0,1,59,0.0,118,0.00027613550862704006,0.0008883486095340731,0.02946550153971435,0.13559322033898305,-0.2959488130631411,0.0008883486095349613,-8.881784197001252e-16,0.016617325555569065
2,2.0,1.0,1.0,1,60,0.0,120,0.00026690218232949814,0.0008589687457794537,0.02897386437301516,0.13333333333333333,-0.2959488130631411,0.0008589687457793427,1.1102230246251565e-16,0.016337141192094076
2,2.0,1.0,1.0,1,61,0.0,122,0.0002581244868714583,0.0008310228687604115,0.02849837262969843,0.13114754098360656,-0.2959488130631411,0.0008310228687600785,3.3306690738754696e-16,0.016066253043835726
2,2.0,1.0,1.0,1,62,0.0,124,0.00024977292091232783,0.0008044191391097244,0.028038243431630736,0.12903225806451613,-0.2959488130631411,0.0008044191391111677,-1.4432899320127035e-15,0.01580420579800326
2,2.0,1.0,1.0,1,63,0.0,126,0.00024182033339870124,0.0007790729548340924,0.02759274373492555,0.12698412698412698,-0.2959488130631411,0.0007790729548359798,-1.887379141862766e-15,0.01555057341031378
2,2.0,1.0,1.0,1,64,0.0,128,0.00023424170231201025,0.0007549062774265258,0.02716118642495196,0.125,-0.2959488130631411,0.0007549062774251936,1.3322676295501878e-15,0.015304956789489402
2,2.0,1.0,1.0,1,65,0.0,130,0.00022701393751090038,0.0007318470301307944,0.026742926773028076,0.12307692307692308,-0.2959488130631411,0.0007318470301310165,-2.220446049250313e-16,0.015066981698229627
2,2.0,1.0,1.0,1,66,0.0,132,0.00022011570414426362,0.0007098285594828169,0.026337359216308313,0.12121212121212123,-0.2959488130631411,0.0007098285594835385,-7.216449660063518e-16,0.014836296847400784
2,2.0,1.0,1.0,1,67,0.0,134,0.00021352726523748977,0.0006887891529342993,0.025943914426954505,0.11940298507462686,-0.2959488130631411,0.0006887891529341328,1.6653345369377348e-16,0.014612572163003452
2,2.0,1.0,1.0,1,68,0.0,136,0.00020723033985892148,0.0006686716056199526,0.02556205664072413,0.11764705882352941,-0.2959488130631411,0.0006686716056192865,6.661338147750939e-16,0.014395497207909468
2,2.0,1.0,1.0,1,69,0.0,138,0.00020120797632294796,0.0006494228309713024,0.025191281218550736,0.11594202898550725,-0.2959488130631411,0.0006494228309714689,-1.6653345369377348e-16,0.014184779742466689
2,2.0,1.0,1.0,1,70,0.0,140,0.00019544443771157827,0.0006309935099110819,0.024831112417749972,0.11428571428571427,-0.2959488130631411,0.000630993509911415,-3.3306690738754696e-16,0.01398014440992694
2,2.0,1.0,1.0,1,71,0.0,142,0.00018992509886750497,0.0006133377744571011,0.024481101352109833,0.11267605633802817,-0.2959488130631411,0.0006133377744574342,-3.3306690738754696e-16,0.013781331534248757
2,2.0,1.0,1.0,1,72,0.0,144,0.0001846363534316886,0.0005964129219097614,0.024140824122445777,0.1111111111111111,-0.2959488130631411,0.000596412921910372,-6.106226635438361e-16,0.013588096019206753
2,2.0,1.0,1.0,1,73,0.0,146,0.00017956552993414476,0.0005801791562975445,0.02380988010122372,0.1095890410958904,-0.2959488130631411,0.0005801791562984882,-9.43689570931383e-16,0.01340020633899141
2,2.0,1.0,1.0,1,74,0.0,148,0.00017470081560855277,0.0005645993540884797,0.02348789035663027,0.10810810810810813,-0.2959488130631411,0.0005645993540890348,-5.551115123125783e-16,0.013217443611554927
2,2.0,1.0,1.0,1,75,0.0,150,0.00017003118763403435,0.0005496388516981199,0.023174496203042485,0.10666666666666669,-0.2959488130631411,0.0005496388516976203,4.996003610813204e-16,0.01303960074688001
2,2.0,1.0,1.0,1,76,0.0,152,0.0001655463503820176,0.0005352652523816226,0.02286935786621437,0.10526315789473682,-0.2959488130631411,0.000535265252381345,2.7755575615628914e-16,0.012866481663206891
2,2.0,1.0,1.0,1,77,0.0,154,0.0001612366787570041,0.0005214482506648577,0.02257215325273466,0.1038961038961039,-0.2959488130631411,0.0005214482506657458,-8.881784197001252e-16,0.012697900564968601
2,2.0,1.0,1.0,1,78,0.0,156,0.00015709316635093007,0.0005081594723782001,0.022282576814355318,0.10256410256410255,-0.2959488130631411,0.0005081594723769789,1.2212453270876722e-15,0.0125336812768383
2,2.0,1.0,1.0,1,79,0.0,158,0.00015310737836937705,0.0004953723288181333,0.022000338498775526,0.10126582278481013,-0.2959488130631411,0.0004953723288197431,-1.609823385706477e-15,0.012373656628872215
2,2.0,1.0,1.0,1,80,0.0,160,0.00014927140862008859,0.00048306188359314994,0.02172516277929805,0.10000000000000002,-0.2959488130631411,0.0004830618835908185,2.3314683517128287e-15,0.012217667888219257
2,2.0,1.0,1.0,1,1,0.0002,2,0.6047424865742962,0.3574333764978708,1.469799918941522,8.0,-0.2959488130631411,-0.3576948078004714,0.0002614313026005899,0.777559028513475
2,2.0,1.0,1.0,1,2,0.0002,4,0.5488275139422837,0.8127926015796596,1.1511560872227782,4.0,-0.2959488130631411,0.8132062834307121,-0.0004136818510523943,0.7406240440337342
2,2.0,1.0,1.0,1,3,0.0002,6,0.216362630246818,0.4019161259431024,0.7023427429772855,2.6666666666666665,-0.2959488130631411,0.4020433757785961,-0.0001272498354937257,0.46448024575595065
2,2.0,1.0,1.0,1,4,0.0002,8,0.09985021943143746,0.2142842197976531,0.4880880337976581,2.0,-0.2959488130631411,0.21415343877297296,0.0001307810246801433,0.3144883989913504
2,2.0,1.0,1.0,1,5,0.0002,10,0.057091814057179335,0.13281765299467824,0.3751387342717388,1.6000000000000003,-0.2959488130631411,0.1324910314986916,0.0003266214959866398,0.23628369207138084
2,2.0,1.0,1.0,1,6,0.0002,12,0.03738477429867748,0.09066991939460972,0.30558629279403954,1.3333333333333333,-0.2959488130631411,0.09017660898143609,0.000493310413173631,0.18924766355751055
2,2.0,1.0,1.0,1,7,0.0002,14,0.02683114530826025,0.06606682514002504,0.25828813833992026,1.1428571428571428,-0.2959488130631411,0.06542218903874378,0.0006446361012812651,0.1579753700479184
2,2.0,1.0,1.0,1,8,0.0002,16,0.020593150556284634,0.05045880124015517,0.22393258178575295,1.0,-0.2959488130631411,0.049671896132574944,0.0007869051075802269,0.1357035806171839
2,2.0,1.0,1.0,1,9,0.0002,18,0.01664998585434385,0.03994308115005124,0.1977903724020773,0.8888888888888888,-0.2959488130631411,0.03901970709873209,0.000923374051319148,0.11904160502031208
2,2.0,1.0,1.0,1,10,0.0002,20,0.014038904976633515,0.03252973016408406,0.1772000450972843,0.8000000000000002,-0.2959488130631411,0.03147383786313279,0.0010558923009512666,0.10611034216987918
2,2.0,1.0,1.0,1,11,0.0002,22,0.012254153914817878,0.027116045101927888,0.16054550427667144,0.7272727272727273,-0.2959488130631411,0.025930455976899414,0.0011855891250284745,0.09578609999130824
2,2.0,1.0,1.0,1,12,0.0002,24,0.011009326849806378,0.02305014245174336,0.14678658061738914,0.6666666666666666,-0.2959488130631411,0.021736948364797393,0.001313194086945968,0.08735598296064384
2,2.0,1.0,1.0,1,13,0.0002,26,0.010132307414697728,0.019926209983765486,0.135222324062234,0.6153846153846154,-0.2959488130631411,0.018487009845903235,0.001439200137862251,0.08034590527648024
2,2.0,1.0,1.0,1,14,0.0002,28,0.009514562753373368,0.017480717959858116,0.12536251494862632,0.5714285714285714,-0.2959488130631411,0.015916765246734577,0.0015639527131235398,0.0744282805760414
2,2.0,1.0,1.0,1,15,0.0002,30,0.009084878337545899,0.015536401068920347,0.11685365135234317,0.5333333333333333,-0.2959488130631411,0.013848699780943441,0.001687701287976906,0.06936945263327374
2,2.0,1.0,1.0,1,16,0.0002,32,0.00879493909865614,0.013970413334449316,0.109434185752953,0.5,-0.2959488130631411,0.012159782669856622,0.001810630664592694,0.06499825265254197
2,2.0,1.0,1.0,1,17,0.0002,34,0.008611019803715037,0.012695417111687701,0.10290632641555666,0.47058823529411764,-0.2959488130631411,0.010762536378982834,0.001932880732704867,0.061186400967538815
2,2.0,1.0,1.0,1,18,0.0002,36,0.008508994623005028,0.011647926728577174,0.09711764969516717,0.4444444444444444,-0.2959488130631411,0.009593367346984294,0.0020545593815928798,0.0578358546236787
2,2.0,1.0,1.0,1,19,0.0002,38,0.008471231974864102,0.010780888839052094,0.0919487491548651,0.4210526315789473,-0.2959488130631411,0.008605137651718275,0.0021757511873338187,0.054870388100652055
2,2.0,1.0,1.0,1,20,0.0002,40,0.00848460203579593,0.010058825085792977,0.08730472342021936,0.4000000000000001,-0.2959488130631411,0.007762301677682604,0.0022965234081103736,0.05222984131343003
2,2.0,1.0,1.0,1,21,0.0002,42,0.00853916323874937,0.009454572580225973,0.08310917595457021,0.3809523809523809,-0.2959488130631411,0.007037642365141983,0.00241693021508399,0.04986609789374999
2,2.0,1.0,1.0,1,22,0.0002,44,0.008627275467499529,0.008947048047280526,0.07929990042624077,0.36363636363636365,-0.2959488130631411,0.006410032309688785,0.0025370157375917413,0.04774021507511579
2,2.0,1.0,1.0,1,23,0.0002,46,0.00874298847400068,0.008519683751720242,0.07582572266570506,0.34782608695652173,-0.2959488130631411,0.005862867457876397,0.0026568162938438444,0.04582033768597096
2,2.0,1.0,1.0,1,24,0.0002,48,0.00888161199165105,0.008159313876484608,0.07264415217002507,0.3333333333333333,-0.2959488130631411,0.005382951825548654,0.0027763620509359543,0.044080157000405476
2,2.0,1.0,1.0,1,25,0.0002,50,0.009039408330900445,0.007855368860860079,0.06971961045058317,0.32,-0.2959488130631411,0.004959690582992893,0.0028956782778671863,0.04249775518329235
2,2.0,1.0,1.0,1,26,0.0002,52,0.00921336911238102,0.007599284013730057,0.06702207708930816,0.3076923076923077,-0.2959488130631411,0.0045844977100997775,0.003014786303630279,0.04105472716645976
2,2.0,1.0,1.0,1,27,0.0002,54,0.009401050795204147,0.007384059621423744,0.06452604272617328,0.2962962962962963,-0.2959488130631411,0.0042503553629781865,0.0031337042584455577,0.03973550515173938
2,2.0,1.0,1.0,1,28,0.0002,56,0.009600451937434862,0.007203929741874615,0.06220969060689584,0.2857142857142857,-0.2959488130631411,0.00395148208845858,0.003252447653416035,0.038526833146381806
2,2.0,1.0,1.0,1,29,0.0002,58,0.009809920504165626,0.00705411002726497,0.060054250421711745,0.27586206896551724,-0.2959488130631411,0.0036830801889420894,0.003371029838322881,0.03741735398998301
2,2.0,1.0,1.0,1,30,0.0002,60,0.010028083096177642,0.006930603725476714,0.0580434834846855,0.26666666666666666,-0.2959488130631411,0.0034411413589923168,0.003489462366484397,0.03639728170387889
2,2.0,1.0,1.0,1,31,0.0002,62,0.01025379036526941,0.006830051003848814,0.0561632690779836,0.25806451612903225,-0.2959488130631411,0.0032222957158480336,0.00360775528800078,0.03545813924840134
2,2.0,1.0,1.0,1,32,0.0002,64,0.010486074517094046,0.0067496108763848706,0.05440126946837501,0.25,-0.2959488130631411,0.003023693489097423,0.0037259173872874474,0.034592546918306016
2,2.0,1.0,1.0,1,33,0.0002,66,0.010724115934665046,0.0066868679106544815,0.05274665665050571,0.24242424242424246,-0.2959488130631411,0.002842911533769532,0.0038439563768849494,0.033794050302574596
2,2.0,1.0,1.0,1,34,0.0002,68,0.010967216751107234,0.0066397579420553465,0.051189887923827934,0.23529411764705882,-0.2959488130631411,0.0026778788853926705,0.003961879056662676,0.03305697942162353
2,2.0,1.0,1.0,1,35,0.0002,70,0.011214779764914584,0.006606508493409602,0.049722520402530675,0.22857142857142854,-0.2959488130631411,0.002526817047978358,0.004079691445431244,0.03237633262985728
2,2.0,1.0,1.0,1,36,0.0002,72,0.01146629149764411,0.006585590663577057,0.04833705679005373,0.2222222222222222,-0.2959488130631411,0.002388191773187609,0.004197398890389448,0.031747680338251635
2,2.0,1.0,1.0,1,37,0.0002,74,0.011721308488942817,0.006575680028772235,0.04702681643071946,0.21621621621621626,-0.2959488130631411,0.0022606738701250184,0.004315006158647217,0.03116708471150499
2,2.0,1.0,1.0,1,38,0.0002,76,0.011979446140433114,0.00657562467683831,0.04578582692803776,0.21052631578947364,-0.2959488130631411,0.0021431071626755727,0.004432517514162737,0.03063103232646578
2,2.0,1.0,1.0,1,39,0.0002,78,0.012240369580418076,0.0065844189246549445,0.04460873259750681,0.2051282051282051,-0.2959488130631411,0.002034482141915428,0.0045499367827395165,0.030136377413582004
2,2.0,1.0,1.0,1,40,0.0002,80,0.012503786141682127,0.006601181592354288,0.043490716776982616,0.20000000000000004,-0.2959488130631411,0.0019339141851694719,0.004667267407184816,0.02968029379153314
2,2.0,1.0,1.0,1,41,0.0002,82,0.012769439134532656,0.006625137953013449,0.042427435605097125,0.1951219512195122,-0.2959488130631411,0.001840625458672196,0.004784512494341253,0.02926023398362857
2,2.0,1.0,1.0,1,42,0.0002,84,0.013037102666367373,0.00665560466383025,0.04141496133822006,0.19047619047619044,-0.2959488130631411,0.0017539298084920385,0.004901674855338212,0.028873894299874
2,2.0,1.0,1.0,1,43,0.0002,86,0.013306577311373413,0.006691977128858495,0.04044973363911443,0.18604651162790695,-0.2959488130631411,0.0016732200886632742,0.005018757040195221,0.028519184900516917
2,2.0,1.0,1.0,1,44,0.0002,88,0.01357768647447899,0.006733718854877779,0.039528517558091475,0.18181818181818182,-0.2959488130631411,0.0015979574872133084,0.005135761367664471,0.02819420404013967
2,2.0,1.0,1.0,1,45,0.0002,90,0.013850273325191842,0.0067803524490079314,0.038648367157010935,0.17777777777777778,-0.2959488130631411,0.0015276624979354558,0.005252689951072476,0.027897215837030663
2,2.0,1.0,1.0,1,46,0.0002,92,0.014124198201564964,0.006831451974906588,0.037806593910637794,0.17391304347826086,-0.2959488130631411,0.001461907254130923,0.005369544720775665,0.027626631028976438
2,2.0,1.0,1.0,1,47,0.0002,94,0.014399336403325691,0.0068866364380436584,0.0370007391684603,0.1702127659574468,-0.2959488130631411,0.0014003089943269154,0.005486327443716743,0.02738099026999251
2,2.0,1.0,1.0,1,48,0.0002,96,0.014675576309387317,0.006945564213519828,0.03622855008051491,0.16666666666666666,-0.2959488130631411,0.0013425244729833863,0.005603039740536442,0.027158949598096442
2,2.0,1.0,1.0,1,49,0.0002,98,0.014952817765711779,0.007007928263525476,0.0354879584889291,0.16326530612244894,-0.2959488130631411,0.0012882451629512293,0.0057196831005742466,0.026959267765154803
2,2.0,1.0,1.0,1,50,0.0002,100,0.015230970700768287,0.007073452019293602,0.034777062367196826,0.16,-0.2959488130631411,0.0012371931242433631,0.005836258895050239,0.02678079516986729
2,2.0,1.0,1.0,1,51,0.0002,102,0.01550995393190413,0.007141885823887584,0.03409410945526989,0.1568627450980392,-0.2959488130631411,0.0011891174351811307,0.005952768388706453,0.02662246417536985
2,2.0,1.0,1.0,1,52,0.0002,104,0.01578969413358411,0.007213003850299826,0.03343748279303925,0.15384615384615385,-0.2959488130631411,0.0011437911002209478,0.006069212750078878,0.026483280626574686
2,2.0,1.0,1.0,1,53,0.0002,106,0.016070124942626163,0.007286601423593442,0.03280568789999902,0.1509433962264151,-0.2959488130631411,0.0011010083629807155,0.006185593060612726,0.026362316409770777
2,2.0,1.0,1.0,1,54,0.0002,108,0.016351186180174726,0.007362492687667976,0.03219734138647295,0.14814814814814814,-0.2959488130631411,0.0010605823649045831,0.006301910322763393,0.026258702919856283
2,2.0,1.0,1.0,1,55,0.0002,110,0.016632823173243105,0.007440508566872728,0.031611160813204774,0.14545454545454545,-0.2959488130631411,0.0010223430996830207,0.006418165467189707,0.026171625319543382
2,2.0,1.0,1.0,1,56,0.0002,112,0.016914986161532863,0.007520494980631287,0.031045955642440927,0.14285714285714285,-0.2959488130631411,0.00098613562142974,0.006534359359201547,0.02610031749069182
2,2.0,1.0,1.0,1,57,0.0002,114,0.017197629777562007,0.007602311275834273,0.03050061914577386,0.14035087719298245,-0.2959488130631411,0.0009518184713285804,0.006650492804505692,0.026044057591263506
2,2.0,1.0,1.0,1,58,0.0002,116,0.01748071258974282,0.007685828847107057,0.02997412115270667,0.13793103448275862,-0.2959488130631411,0.0009192622927482463,0.0067665665543588105,0.026002164142592415
2,2.0,1.0,1.0,1,59,0.0002,118,0.017764196700124635,0.007770929919729996,0.02946550153971435,0.13559322033898305,-0.2959488130631411,0.0008883486095349613,0.006882581310195035,0.02597399258128085
2,2.0,1.0,1.0,1,60,0.0002,120,0.018048047389131017,0.007857506473582798,0.02897386437301516,0.13333333333333333,-0.2959488130631411,0.0008589687457793427,0.0069985377278034555,0.02595893221807102
2,2.0,1.0,1.0,1,61,0.0002,122,0.01833223280149332,0.007945459289820933,0.02849837262969843,0.13114754098360656,-0.2959488130631411,0.0008310228687600785,0.007114436421060855,0.025956403553238822
2,2.0,1.0,1.0,1,62,0.0002,124,0.018616723667571167,0.00803469710444532,0.028038243431630736,0.12903225806451613,-0.2959488130631411,0.0008044191391111677,0.007230277965334153,0.025965855903870027
2,2.0,1.0,1.0,1,63,0.0002,126,0.01890149305598232,0.00812513585538216,0.02759274373492555,0.12698412698412698,-0.2959488130631411,0.0007790729548359798,0.00734606290054618,0.025986765303967735
2,2.0,1.0,1.0,1,64,0.0002,128,0.019186516153292366,0.008216698011371537,0.02716118642495196,0.125,-0.2959488130631411,0.0007549062774251936,0.0074617917339463435,0.026018632642704397
2,2.0,1.0,1.0,1,65,0.0002,130,0.01947177006773848,0.008309311972750477,0.026742926773028076,0.12307692307692308,-0.2959488130631411,0.0007318470301310165,0.007577464942619461,0.026060982010451924
2,2.0,1.0,1.0,1,66,0.0002,132,0.019757233653433404,0.008402911535287272,0.026337359216308313,0.12121212121212123,-0.2959488130631411,0.0007098285594835385,0.007693082975803733,0.02611335922549299
2,2.0,1.0,1.0,1,67,0.0002,134,0.020042887353667105,0.0084974354098864,0.025943914426954505,0.11940298507462686,-0.2959488130631411,0.0006887891529341328,0.0078086462569522674,0.02617533051811708
2,2.0,1.0,1.0,1,68,0.0002,136,0.020328713059720505,0.008592826791257502,0.02556205664072413,0.11764705882352941,-0.2959488130631411,0.0006686716056192865,0.007924155185638215,0.026246481350840147
2,2.0,1.0,1.0,1,69,0.0002,138,0.020614693984675303,0.008689032970259747,0.025191281218550736,0.11594202898550725,-0.2959488130631411,0.0006494228309714689,0.008039610139288278,0.026326415356931872
2,2.0,1.0,1.0,1,70,0.0002,140,0.020900814549465352,0.008786004984682239,0.024831112417749972,0.11428571428571427,-0.2959488130631411,0.000630993509911415,0.008155011474770824,0.02641475338093407
2,2.0,1.0,1.0,1,71,0.0002,142,0.021187060280378756,0.008883697304302662,0.024481101352109833,0.11267605633802817,-0.2959488130631411,0.0006133377744574342,0.008270359529845228,0.02651113260743506
2,2.0,1.0,1.0,1,72,0.0002,144,0.021473417716540544,0.008982067546399242,0.024140824122445777,0.1111111111111111,-0.2959488130631411,0.000596412921910372,0.00838565462448887,0.026615205765931484
2,2.0,1.0,1.0,1,73,0.0002,146,0.02175987432641635,0.009081076218418305,0.02380988010122372,0.1095890410958904,-0.2959488130631411,0.0005801791562984882,0.008500897062119817,0.026726640401336637
2,2.0,1.0,1.0,1,74,0.0002,148,0.022046418432019488,0.0091806864848068,0.02348789035663027,0.10810810810810813,-0.2959488130631411,0.0005645993540890348,0.008616087130717764,0.026845118200973087
2,2.0,1.0,1.0,1,75,0.0002,150,0.022333039140487898,0.009280863955550167,0.023174496203042485,0.10666666666666669,-0.2959488130631411,0.0005496388516976203,0.008731225103852547,0.026970334370471288
2,2.0,1.0,1.0,1,76,0.0002,152,0.02261972628166875,0.009381576494012167,0.02286935786621437,0.10526315789473682,-0.2959488130631411,0.000535265252381345,0.008846311241630822,0.027101997051726435
2,2.0,1.0,1.0,1,77,0.0002,154,0.022906470351741315,0.0094827940422465,0.02257215325273466,0.1038961038961039,-0.2959488130631411,0.0005214482506657458,0.008961345791580755,0.02723982677752027
2,2.0,1.0,1.0,1,78,0.0002,156,0.023193262461654096,0.009584488461833629,0.022282576814355318,0.10256410256410255,-0.2959488130631411,0.0005081594723769789,0.00907632898945665,0.027383555957825656
2,2.0,1.0,1.0,1,79,0.0002,158,0.023480094290297515,0.009686633388789834,0.022000338498775526,0.10126582278481013,-0.2959488130631411,0.0004953723288197431,0.00919126105997009,0.027532928393923628
2,2.0,1.0,1.0,1,80,0.0002,160,0.02376695804172324,0.009789204101099402,0.02172516277929805,0.10000000000000002,-0.2959488130631411,0.0004830618835908185,0.009306142217508584,0.02768769881692118
2,2.0,1.0,1.0,1,1,0.0005,2,0.604829645438333,0.35704132759051316,1.469799918941522,8.0,-0.2959488130631411,-0.3576948078004714,0.0006534802099582571,0.7774758266810985
2,2.0,1.0,1.0,1,2,0.0005,4,0.5490688605617371,0.8121725441175864,1.1511560872227782,4.0,-0.2959488130631411,0.8132062834307121,-0.00103373931312567,0.7404800192489409
2,2.0,1.0,1.0,1,3,0.0005,6,0.21732264924982891,0.4017254896799229,0.7023427429772855,2.6666666666666665,-0.2959488130631411,0.4020433757785961,-0.0003178860986732257,0.4645137709861894
2,2.0,1.0,1.0,1,4,0.0005,8,0.10140925298937642,0.21448004827472344,0.4880880337976581,2.0,-0.2959488130631411,0.21415343877297296,0.00032660950175048,0.3147154552441461
2,2.0,1.0,1.0,1,5,0.0005,10,0.0591681492872741,0.13330648395619382,0.3751387342717388,1.6000000000000003,-0.2959488130631411,0.1324910314986916,0.0008154524575022248,0.23668889845072585
2,2.0,1.0,1.0,1,6,0.0005,12,0.03994647190129619,0.0914078526169338,0.30558629279403954,1.3333333333333333,-0.2959488130631411,0.09017660898143609,0.001231243635497703,0.1898247881714429
2,2.0,1.0,1.0,1,7,0.0005,14,0.029863144064292357,0.06703064140077125,0.25828813833992026,1.1428571428571428,-0.2959488130631411,0.06542218903874378,0.0016084523620274738,0.15872312226563706
2,2.0,1.0,1.0,1,8,0.0005,16,0.02408713408280383,0.05163474037191512,0.22393258178575295,1.0,-0.2959488130631411,0.049671896132574944,0.001962844239340178,0.1366233541009264
2,2.0,1.0,1.0,1,9,0.0005,18,0.020600781985671057,0.041322267671807855,0.1977903724020773,0.8888888888888888,-0.2959488130631411,0.03901970709873209,0.0023025605730757626,0.12013648419923664
2,2.0,1.0,1.0,1,10,0.0005,20,0.018442987544145306,0.034106062661535874,0.1772000450972843,0.8000000000000002,-0.2959488130631411,0.03147383786313279,0.002632224798403082,0.10738463173683388
2,2.0,1.0,1.0,1,11,0.0005,22,0.017108937295408633,0.028885116200033034,0.16054550427667144,0.7272727272727273,-0.2959488130631411,0.025930455976899414,0.0029546602231336205,0.09724508105303761
2,2.0,1.0,1.0,1,12,0.0005,24,0.016312800527814586,0.025008639316367265,0.14678658061738914,0.6666666666666666,-0.2959488130631411,0.021736948364797393,0.0032716909515698722,0.08900577496366693
2,2.0,1.0,1.0,1,13,0.0005,26,0.015882831932629626,0.02207155943261757,0.135222324062234,0.6153846153846154,-0.2959488130631411,0.018487009845903235,0.003584549586714336,0.08219338039332746
2,2.0,1.0,1.0,1,14,0.0005,28,0.01571074871050937,0.01981086520327352,0.12536251494862632,0.5714285714285714,-0.2959488130631411,0.015916765246734577,0.0038940999565389434,0.07648100509250597
2,2.0,1.0,1.0,1,15,0.0005,30,0.015725511016805527,0.018049665776733004,0.11685365135234317,0.5333333333333333,-0.2959488130631411,0.013848699780943441,0.004200965995789563,0.07163564225682417
2,2.0,1.0,1.0,1,16,0.0005,32,0.015878929554913546,0.01666539262954425,0.109434185752953,0.5,-0.2959488130631411,0.012159782669856622,0.004505609959687629,0.06748673455493431
2,2.0,1.0,1.0,1,17,0.0005,34,0.01613737200900034,0.015570918202504114,0.10290632641555666,0.47058823529411764,-0.2959488130631411,0.010762536378982834,0.004808381823521279,0.06390657836035366
2,2.0,1.0,1.0,1,18,0.0005,36,0.016476782737012363,0.014702918908538642,0.09711764969516717,0.4444444444444444,-0.2959488130631411,0.009593367346984294,0.0051095515615543485,0.060797671271485984
2,2.0,1.0,1.0,1,19,0.0005,38,0.016879584214808063,0.014014468516339085,0.0919487491548651,0.4210526315789473,-0.2959488130631411,0.008605137651718275,0.005409330864620809,0.058084291096967854
2,2.0,1.0,1.0,1,20,0.0005,40,0.017332688972590993,0.013470189805835142,0.08730472342021936,0.4000000000000001,-0.2959488130631411,0.007762301677682604,0.005707888128152538,0.055706741012958264
2,2.0,1.0,1.0,1,21,0.0005,42,0.017826189137471915,0.013043001394378473,0.08310917595457021,0.3809523809523809,-0.2959488130631411,0.007037642365141983,0.00600535902923649,0.05361732427838613
2,2.0,1.0,1.0,1,22,0.0005,44,0.018352471768527834,0.012711886449288279,0.07929990042624077,0.36363636363636365,-0.2959488130631411,0.006410032309688785,0.006301854139599494,0.051777470118472904
2,2.0,1.0,1.0,1,23,0.0005,46,0.018905608809365648,0.01246033196023194,0.07582572266570506,0.34782608695652173,-0.2959488130631411,0.005862867457876397,0.006597464502355543,0.05015564351833198
2,2.0,1.0,1.0,1,24,0.0005,48,0.01948092832194792,0.012275217607620459,0.07264415217002507,0.3333333333333333,-0.2959488130631411,0.005382951825548654,0.006892265782071805,0.04872579988739198
2,2.0,1.0,1.0,1,25,0.0005,50,0.02007470791317889,0.012146011980356641,0.06971961045058317,0.32,-0.2959488130631411,0.004959690582992893,0.0071863213973637485,0.04746622552880622
2,2.0,1.0,1.0,1,26,0.0005,52,0.02068395209315066,0.012064182626254805,0.06702207708930816,0.3076923076923077,-0.2959488130631411,0.0045844977100997775,0.007479684916155027,0.046358655937509
2,2.0,1.0,1.0,1,27,0.0005,54,0.021306228279880268,0.012022757271797524,0.06452604272617328,0.2962962962962963,-0.2959488130631411,0.0042503553629781865,0.0077724019088193375,0.04538759729854462
2,2.0,1.0,1.0,1,28,0.0005,56,0.021939544427213575,0.012015993485801513,0.06220969060689584,0.2857142857142857,-0.2959488130631411,0.00395148208845858,0.008064511397342933,0.044539798751635835
2,2.0,1.0,1.0,1,29,0.0005,58,0.02258225661941471,0.012039127188805787,0.060054250421711745,0.27586206896551724,-0.2959488130631411,0.0036830801889420894,0.008356046999863698,0.043803838020408575
2,2.0,1.0,1.0,1,30,0.0005,60,0.02323299852542915,0.012088179201835636,0.0580434834846855,0.26666666666666666,-0.2959488130631411,0.0034411413589923168,0.00864703784284332,0.0431697933488223
2,2.0,1.0,1.0,1,31,0.0005,62,0.02389062699357747,0.012159805010062086,0.0561632690779836,0.25806451612903225,-0.2959488130631411,0.0032222957158480336,0.008937509294214052,0.0426289819079279
2,2.0,1.0,1.0,1,32,0.0005,64,0.024554179698136003,0.012251177046325279,0.05440126946837501,0.25,-0.2959488130631411,0.003023693489097423,0.009227483557227856,0.04217374994219746
2,2.0,1.0,1.0,1,33,0.0005,66,0.025222841879040114,0.012359891688787206,0.05274665665050571,0.24242424242424246,-0.2959488130631411,0.002842911533769532,0.009516980155017674,0.04179730357862916
2,2.0,1.0,1.0,1,34,0.0005,68,0.02589592000918617,0.012483895214006002,0.051189887923827934,0.23529411764705882,-0.2959488130631411,0.0026778788853926705,0.009806016328613332,0.0414935718660965
2,2.0,1.0,1.0,1,35,0.0005,70,0.02657282078722678,0.012621424413977955,0.049722520402530675,0.22857142857142854,-0.2959488130631411,0.002526817047978358,0.010094607365999597,0.04125709554655298
2,2.0,1.0,1.0,1,36,0.0005,72,0.02725303425918868,0.012770958648928465,0.04833705679005373,0.2222222222222222,-0.2959488130631411,0.002388191773187609,0.010382766875740856,0.04108293649027234
2,2.0,1.0,1.0,1,37,0.0005,74,0.0279361201665973,0.012931180885937865,0.04702681643071946,0.21621621621621626,-0.2959488130631411,0.0022606738701250184,0.010670507015812847,0.04096660379757196
2,2.0,1.0,1.0,1,38,0.0005,76,0.028621696834645327,0.01310094584861815,0.04578582692803776,0.21052631578947364,-0.2959488130631411,0.0021431071626755727,0.010957838685942578,0.040903993380383155
2,2.0,1.0,1.0,1,39,0.0005,78,0.029309432074082875,0.013279253832037707,0.04460873259750681,0.2051282051282051,-0.2959488130631411,0.002034482141915428,0.01124477169012228,0.04089133846017752
2,2.0,1.0,1.0,1,40,0.0005,80,0.029999035690358555,0.013465229059684558,0.043490716776982616,0.20000000000000004,-0.2959488130631411,0.0019339141851694719,0.011531314874515086,0.04092516890475812
2,2.0,1.0,1.0,1,41,0.0005,82,0.03069025328323438,0.013658101703704018,0.042427435605097125,0.1951219512195122,-0.2959488130631411,0.001840625458672196,0.011817476245031822,0.04100227771125324
2,2.0,1.0,1.0,1,42,0.0005,84,0.03138286108896038,0.013857192876470859,0.04141496133822006,0.19047619047619044,-0.2959488130631411,0.0017539298084920385,0.01210326306797882,0.04111969325230893
2,2.0,1.0,1.0,1,43,0.0005,86,0.03207666166930401,0.01406190204522334,0.04044973363911443,0.18604651162790695,-0.2959488130631411,0.0016732200886632742,0.012388681956560066,0.041274656154703215
2,2.0,1.0,1.0,1,44,0.0005,88,0.03277148029209831,0.014271696432717418,0.039528517558091475,0.18181818181818182,-0.2959488130631411,0.0015979574872133084,0.01267373894550411,0.04146459988753492
2,2.0,1.0,1.0,1,45,0.0005,90,0.033467161879353835,0.014486102053602179,0.038648367157010935,0.17777777777777778,-0.2959488130631411,0.0015276624979354558,0.012958439555666723,0.04168713430978803
2,2.0,1.0,1.0,1,46,0.0005,92,0.03416356842360446,0.014704696104291759,0.037806593910637794,0.17391304347826086,-0.2959488130631411,0.001461907254130923,0.013242788850160836,0.04194003157105844
2,2.0,1.0,1.0,1,47,0.0005,94,0.034860576791746256,0.014927100477605426,0.0370007391684603,0.1702127659574468,-0.2959488130631411,0.0014003089943269154,0.01352679148327851,0.04222121387908773
2,2.0,1.0,1.0,1,48,0.0005,96,0.03555807685188228,0.015152976216231018,0.03622855008051491,0.16666666666666666,-0.2959488130631411,0.0013425244729833863,0.013810451743247631,0.04252874274781111
2,2.0,1.0,1.0,1,49,0.0005,98,0.03625596986935731,0.015382018752706672,0.0354879584889291,0.16326530612244894,-0.2959488130631411,0.0012882451629512293,0.014093773589755443,0.042860809421661206
2,2.0,1.0,1.0,1,50,0.0005,100,0.03695416712932864,0.015613953811144776,0.034777062367196826,0.16,-0.2959488130631411,0.0012371931242433631,0.014376760686901413,0.04321572623988154
2,2.0,1.0,1.0,1,51,0.0005,102,0.03765258874943467,0.015848533867473813,0.03409410945526989,0.1568627450980392,-0.2959488130631411,0.0011891174351811307,0.014659416432292682,0.04359191875879403
2,2.0,1.0,1.0,1,52,0.0005,104,0.038351162653545656,0.0160855350829609,0.03343748279303925,0.15384615384615385,-0.2959488130631411,0.0011437911002209478,0.014941743982739952,0.04398791849419116
2,2.0,1.0,1.0,1,53,0.0005,106,0.03904982368189058,0.016324754640027417,0.03280568789999902,0.1509433962264151,-0.2959488130631411,0.0011010083629807155,0.015223746277046701,0.04440235618023487
2,2.0,1.0,1.0,1,54,0.0005,108,0.03974851281734315,0.016566008421153133,0.03219734138647295,0.14814814814814814,-0.2959488130631411,0.0010605823649045831,0.01550542605624855,0.044833955468226265
2,2.0,1.0,1.0,1,55,0.0005,110,0.04044717651080543,0.016809128981306154,0.031611160813204774,0.14545454545454545,-0.2959488130631411,0.0010223430996830207,0.015786785881623133,0.045281527008958655
2,2.0,1.0,1.0,1,56,0.0005,112,0.04114576609144005,0.017053963772221514,0.031045955642440927,0.14285714285714285,-0.2959488130631411,0.00098613562142974,0.016067828150791774,0.04574396287761238
2,2.0,1.0,1.0,1,57,0.0005,114,0.041844237249844984,0.017300373583412798,0.03050061914577386,0.14035087719298245,-0.2959488130631411,0.0009518184713285804,0.016348555112084218,0.04622023131139551
2,2.0,1.0,1.0,1,58,0.0005,116,0.04254254958384329,0.017548231170186945,0.02997412115270667,0.13793103448275862,-0.2959488130631411,0.0009192622927482463,0.0166289688774387,0.046709371737892434
2,2.0,1.0,1.0,1,59,0.0005,118,0.04324066619866551,0.01779742004350021,0.02946550153971435,0.13559322033898305,-0.2959488130631411,0.0008883486095349613,0.01690907143396525,0.04721049007776795
2,2.0,1.0,1.0,1,60,0.0005,120,0.0439385533538762,0.018047833400156088,0.02897386437301516,0.13333333333333333,-0.2959488130631411,0.0008589687457793427,0.017188864654376745,0.047722754308793275
2,2.0,1.0,1.0,1,61,0.0005,122,0.044636180151262916,0.018299373175103606,0.02849837262969843,0.13114754098360656,-0.2959488130631411,0.0008310228687600785,0.017468350306343527,0.0482453902807314
2,2.0,1.0,1.0,1,62,0.0005,124,0.04533351825793841,0.018551949200103113,0.028038243431630736,0.12903225806451613,-0.2959488130631411,0.0008044191391111677,0.017747530060991945,0.04877767777152001
2,2.0,1.0,1.0,1,63,0.0005,126,0.046030541660560975,0.018805478455391877,0.02759274373492555,0.12698412698412698,-0.2959488130631411,0.0007790729548359798,0.018026405500555898,0.049318946776238826
2,2.0,1.0,1.0,1,64,0.0005,128,0.04672722644646354,0.019059884402748972,0.02716118642495196,0.125,-0.2959488130631411,0.0007549062774251936,0.01830497812532378,0.049868574020209645
2,2.0,1.0,1.0,1,65,0.0005,130,0.04742355060869208,0.019315096390051578,0.026742926773028076,0.12307692307692308,-0.2959488130631411,0.0007318470301310165,0.01858324935992056,0.05042597968783941
2,2.0,1.0,1.0,1,66,0.0005,132,0.048119493871394026,0.019571049118549733,0.026337359216308313,0.12121212121212123,-0.2959488130631411,0.0007098285594835385,0.018861220559066194,0.050990624358260773
2,2.0,1.0,1.0,1,67,0.0005,134,0.048815037534182704,0.0198276821656877,0.025943914426954505,0.11940298507462686,-0.2959488130631411,0.0006887891529341328,0.019138893012753566,0.051562006139304256
2,2.0,1.0,1.0,1,68,0.0005,136,0.04951016433196298,0.020084939556640646,0.02556205664072413,0.11764705882352941,-0.2959488130631411,0.0006686716056192865,0.01941626795102136,0.05213965799022674
2,2.0,1.0,1.0,1,69,0.0005,138,0.050204858309598865,0.02034276937924545,0.025191281218550736,0.11594202898550725,-0.2959488130631411,0.0006494228309714689,0.019693346548273982,0.05272314522444894
2,2.0,1.0,1.0,1,70,0.0005,140,0.050899104708795107,0.020601123437162694,0.024831112417749972,0.11428571428571427,-0.2959488130631411,0.000630993509911415,0.01997012992725128,0.0533120631827044
2,2.0,1.0,1.0,1,71,0.0005,142,0.051592889866343694,0.02085995693711923,0.024481101352109833,0.11267605633802817,-0.2959488130631411,0.0006133377744574342,0.020246619162661794,0.05390603506749961
2,2.0,1.0,1.0,1,72,0.0005,144,0.05228620112228244,0.02111922820640294,0.024140824122445777,0.1111111111111111,-0.2959488130631411,0.000596412921910372,0.020522815284492568,0.05450470992971207
2,2.0,1.0,1.0,1,73,0.0005,146,0.05297902673703614,0.021378898437376115,0.02380988010122372,0.1095890410958904,-0.2959488130631411,0.0005801791562984882,0.020798719281077627,0.055107760798303485
2,2.0,1.0,1.0,1,74,0.0005,148,0.053671355816165445,0.021638931455969235,0.02348789035663027,0.10810810810810813,-0.2959488130631411,0.0005645993540890348,0.0210743321018802,0.0557148829442628
2,2.0,1.0,1.0,1,75,0.0005,150,0.054363178242507915,0.021899293511787155,0.023174496203042485,0.10666666666666669,-0.2959488130631411,0.0005496388516976203,0.021349654660089534,0.05632579227042242
2,2.0,1.0,1.0,1,76,0.0005,152,0.05505448461421136,0.022159953087358908,0.02286935786621437,0.10526315789473682,-0.2959488130631411,0.000535265252381345,0.021624687834977563,0.056940223818693174
2,2.0,1.0,1.0,1,77,0.0005,154,0.05574526618882525,0.02242088072476872,0.02257215325273466,0.1038961038961039,-0.2959488130631411,0.0005214482506657458,0.021899432474102976,0.05755793038713053
2,2.0,1.0,1.0,1,78,0.0005,156,0.05643551483213616,0.022682048867700144,0.022282576814355318,0.10256410256410255,-0.2959488130631411,0.0005081594723769789,0.022173889395323165,0.05817868124903247
2,2.0,1.0,1.0,1,79,0.0005,158,0.05712522297172096,0.022943431717475427,0.022000338498775526,0.10126582278481013,-0.2959488130631411,0.0004953723288197431,0.022448059388655683,0.0588022609671342
2,2.0,1.0,1.0,1,80,0.0005,160,0.05781438355451951,0.023205005101608445,0.02172516277929805,0.10000000000000002,-0.2959488130631411,0.0004830618835908185,0.022721943218017626,0.0594284682960508
2,2.0,1.0,1.0,1,1,0.001,2,0.6049748520854743,0.35638817420236485,1.469799918941522,8.0,-0.2959488130631411,-0.3576948078004714,0.0013066335981065658,0.7773373141572212
2,2.0,1.0,1.0,1,2,0.001,4,0.5494706222745407,0.8111403550255514,1.1511560872227782,4.0,-0.2959488130631411,0.8132062834307121,-0.002065928405160733,0.7402407531013708
2,2.0,1.0,1.0,1,3,0.001,6,0.21891948251190163,0.4014083977004436,0.7023427429772855,2.6666666666666665,-0.2959488130631411,0.4020433757785961,-0.0006349780781524927,0.46457256905172384
2,2.0,1.0,1.0,1,4,0.001,8,0.10400037367316717,0.21480551607163406,0.4880880337976581,2.0,-0.2959488130631411,0.21415343877297296,0.0006520772986610968,0.3151019728843039
2,2.0,1.0,1.0,1,5,0.001,10,0.06261626721738278,0.13411827329481468,0.3751387342717388,1.6000000000000003,-0.2959488130631411,0.1324910314986916,0.0016272417961230856,0.2373817416922765
2,2.0,1.0,1.0,1,6,0.001,12,0.04419721622199391,0.09263233963313772,0.30558629279403954,1.3333333333333333,-0.2959488130631411,0.09017660898143609,0.0024557306517016264,0.19081900944095342
2,2.0,1.0,1.0,1,7,0.001,14,0.03489025705715465,0.06862866753369412,0.25828813833992026,1.1428571428571428,-0.2959488130631411,0.06542218903874378,0.0032064784949503433,0.16002318835145046
2,2.0,1.0,1.0,1,8,0.001,16,0.029875593742009987,0.053582911041355596,0.22393258178575295,1.0,-0.2959488130631411,0.049671896132574944,0.003911014908780652,0.13823935841549834
2,2.0,1.0,1.0,1,9,0.001,18,0.027140805816552316,0.043605329723023056,0.1977903724020773,0.8888888888888888,-0.2959488130631411,0.03901970709873209,0.004585622624290964,0.12208245405183372
2,2.0,1.0,1.0,1,10,0.001,20,0.025727537732233796,0.036713387346025306,0.1772000450972843,0.8000000000000002,-0.2959488130631411,0.03147383786313279,0.005239549482892514,0.10967769307198007
2,2.0,1.0,1.0,1,11,0.001,22,0.025132546045598003,0.03180889945248633,0.16054550427667144,0.7272727272727273,-0.2959488130631411,0.025930455976899414,0.005878443475586914,0.09990498300982589
2,2.0,1.0,1.0,1,12,0.001,24,0.02507096158198263,0.02824290274555835,0.14678658061738914,0.6666666666666666,-0.2959488130631411,0.021736948364797393,0.006505954380760959,0.09205456906742637
2,2.0,1.0,1.0,1,13,0.001,26,0.02537166081499931,0.02561155891432859,0.135222324062234,0.6153846153846154,-0.2959488130631411,0.018487009845903235,0.0071245490684253565,0.08565516202063331
2,2.0,1.0,1.0,1,14,0.001,28,0.025926781251614184,0.023652722150268368,0.12536251494862632,0.5714285714285714,-0.2959488130631411,0.015916765246734577,0.007735956903533792,0.08038167182585904
2,2.0,1.0,1.0,1,15,0.001,30,0.02666557784907997,0.02219012726567221,0.11685365135234317,0.5333333333333333,-0.2959488130631411,0.013848699780943441,0.00834142748472877,0.07600264530341888
2,2.0,1.0,1.0,1,16,0.001,32,0.027540074666347447,0.02110166972879618,0.109434185752953,0.5,-0.2959488130631411,0.012159782669856622,0.008941887058939557,0.07234881055596566
2,2.0,1.0,1.0,1,17,0.001,34,0.028516798031095414,0.020300573692878132,0.10290632641555666,0.47058823529411764,-0.2959488130631411,0.010762536378982834,0.009538037313895298,0.06929345561648331
2,2.0,1.0,1.0,1,18,0.001,36,0.029571813091059274,0.019723787279478155,0.09711764969516717,0.4444444444444444,-0.2959488130631411,0.009593367346984294,0.010130419932493862,0.06673974913619748
2,2.0,1.0,1.0,1,19,0.001,38,0.030687636245828487,0.019324597677950917,0.0919487491548651,0.4210526315789473,-0.2959488130631411,0.008605137651718275,0.010719460026232641,0.06461229507117101
2,2.0,1.0,1.0,1,20,0.001,40,0.03185125445295045,0.01906779778811557,0.08730472342021936,0.4000000000000001,-0.2959488130631411,0.007762301677682604,0.011305496110432967,0.06285135927809105
2,2.0,1.0,1.0,1,21,0.001,42,0.03305281983913999,0.01892644362315904,0.08310917595457021,0.3809523809523809,-0.2959488130631411,0.007037642365141983,0.011888801258017057,0.06140883407627019
2,2.0,1.0,1.0,1,22,0.001,44,0.03428476859950669,0.01887963063509035,0.07929990042624077,0.36363636363636365,-0.2959488130631411,0.006410032309688785,0.012469598325401565,0.06024536441759942
2,2.0,1.0,1.0,1,23,0.001,46,0.03554121350622885,0.018910938563931057,0.07582572266570506,0.34782608695652173,-0.2959488130631411,0.005862867457876397,0.01304807110605466,0.05932826964418897
2,2.0,1.0,1.0,1,24,0.001,48,0.036817517008102985,0.019007324456300212,0.07264415217002507,0.3333333333333333,-0.2959488130631411,0.005382951825548654,0.013624372630751558,0.05863002211127244
2,2.0,1.0,1.0,1,25,0.001,50,0.03810998604072324,0.01915832201590939,0.06971961045058317,0.32,-0.2959488130631411,0.004959690582992893,0.014198631432916498,0.05812712295565467
2,2.0,1.0,1.0,1,26,0.001,52,0.03941565042557582,0.019355454049416132,0.06702207708930816,0.3076923076923077,-0.2959488130631411,0.0045844977100997775,0.014770956339316355,0.05779926546504341
2,2.0,1.0,1.0,1,27,0.001,54,0.04073209966804214,0.019591795539451284,0.06452604272617328,0.2962962962962963,-0.2959488130631411,0.0042503553629781865,0.015341440176473098,0.05762870910208802
2,2.0,1.0,1.0,1,28,0.001,56,0.04205736119713388,0.019861644757617036,0.06220969060689584,0.2857142857142857,-0.2959488130631411,0.00395148208845858,0.015910162669158456,0.057599808932790854
2,2.0,1.0,1.0,1,29,0.001,58,0.04338980843712559,0.02016027291852901,0.060054250421711745,0.27586206896551724,-0.2959488130631411,0.0036830801889420894,0.01647719272958692,0.0576986600407028
2,2.0,1.0,1.0,1,30,0.001,60,0.04472809063751071,0.020483731640874636,0.0580434834846855,0.26666666666666666,-0.2959488130631411,0.0034411413589923168,0.01704259028188232,0.057912826948997694
2,2.0,1.0,1.0,1,31,0.001,62,0.04607107876632188,0.020828703444321472,0.0561632690779836,0.25806451612903225,-0.2959488130631411,0.0032222957158480336,0.01760640772847344,0.058231135643981184
2,2.0,1.0,1.0,1,32,0.001,64,0.04741782339612122,0.021192384626996186,0.05440126946837501,0.25,-0.2959488130631411,0.003023693489097423,0.018168691137898763,0.05864351143173103
2,2.0,1.0,1.0,1,33,0.001,66,0.04876752163714926,0.02157239274775724,0.05274665665050571,0.24242424242424246,-0.2959488130631411,0.002842911533769532,0.01872948121398771,0.059140850140978855
2,2.0,1.0,1.0,1,34,0.001,68,0.0501194909621393,0.021966692977386015,0.051189887923827934,0.23529411764705882,-0.2959488130631411,0.0026778788853926705,0.019288814091993345,0.0597149134701568
2,2.0,1.0,1.0,1,35,0.001,70,0.05147314832817551,0.022373539044730772,0.049722520402530675,0.22857142857142854,-0.2959488130631411,0.002526817047978358,0.019846721996752414,0.06035824179754009
2,2.0,1.0,1.0,1,36,0.001,72,0.05282799340483435,0.022791425563198853,0.04833705679005373,0.2222222222222222,-0.2959488130631411,0.002388191773187609,0.020403233790011244,0.06106407969230622
2,2.0,1.0,1.0,1,37,0.001,74,0.05418359501069281,0.023219049298246086,0.04702681643071946,0.21621621621621626,-0.2959488130631411,0.0022606738701250184,0.020958375428121068,0.06182631080184276
2,2.0,1.0,1.0,1,38,0.001,76,0.05553958007528592,0.023655277509463057,0.04578582692803776,0.21052631578947364,-0.2959488130631411,0.0021431071626755727,0.021512170346787485,0.0626393998445595
2,2.0,1.0,1.0,1,39,0.001,78,0.05689562460290354,0.024099121928033318,0.04460873259750681,0.2051282051282051,-0.2959488130631411,0.002034482141915428,0.02206463978611789,0.06349834019005898
2,2.0,1.0,1.0,1,40,0.001,80,0.05825144623398193,0.024549717251658054,0.043490716776982616,0.20000000000000004,-0.2959488130631411,0.0019339141851694719,0.022615803066488582,0.06439860602956242
2,2.0,1.0,1.0,1,41,0.001,82,0.05960679808894109,0.025006303282396114,0.042427435605097125,0.1951219512195122,-0.2959488130631411,0.001840625458672196,0.023165677823723918,0.06533610848719182
2,2.0,1.0,1.0,1,42,0.001,84,0.06096146364805288,0.025468210018916027,0.04141496133822006,0.19047619047619044,-0.2959488130631411,0.0017539298084920385,0.023714280210423988,0.06630715524538457
2,2.0,1.0,1.0,1,43,0.001,86,0.06231525247267211,0.025934845157666808,0.04044973363911443,0.18604651162790695,-0.2959488130631411,0.0016732200886632742,0.024261625069003534,0.0673084133927422
2,2.0,1.0,1.0,1,44,0.001,88,0.06366799661342226,0.026405683568169913,0.039528517558091475,0.18181818181818182,-0.2959488130631411,0.0015979574872133084,0.024807726080956605,0.06833687527913601
2,2.0,1.0,1.0,1,45,0.001,90,0.06501954758213901,0.026880258394039236,0.038648367157010935,0.17777777777777778,-0.2959488130631411,0.0015276624979354558,0.02535259589610378,0.06938982720211435
2,2.0,1.0,1.0,1,46,0.001,92,0.06636977378880582,0.027358153498999338,0.037806593910637794,0.17391304347826086,-0.2959488130631411,0.001461907254130923,0.025896246244868415,0.07046482076576323
2,2.0,1.0,1.0,1,47,0.001,94,0.0677185583632609,0.02783899703045739,0.0370007391684603,0.1702127659574468,-0.2959488130631411,0.0014003089943269154,0.026438688036130475,0.07155964675792442
2,2.0,1.0,1.0,1,48,0.001,96,0.06906579729763329,0.02832245591576693,0.03622855008051491,0.16666666666666666,-0.2959488130631411,0.0013425244729833863,0.026979931442783545,0.07267231139167384
2,2.0,1.0,1.0,1,49,0.001,98,0.07041139785594053,0.02880823113971992,0.0354879584889291,0.16326530612244894,-0.2959488130631411,0.0012882451629512293,0.02751998597676869,0.07380101475459629
2,2.0,1.0,1.0,1,50,0.001,100,0.07175527720859931,0.02929605367926763,0.034777062367196826,0.16,-0.2959488130631411,0.0012371931242433631,0.028058860555024268,0.07494413130896782
2,2.0,1.0,1.0,1,51,0.001,102,0.07309736125553723,0.029785680992858887,0.03409410945526989,0.1568627450980392,-0.2959488130631411,0.0011891174351811307,0.028596563557677757,0.0761001922860737
2,2.0,1.0,1.0,1,52,0.001,104,0.0744375836091915,0.030276893979683472,0.03343748279303925,0.15384615384615385,-0.2959488130631411,0.0011437911002209478,0.029133102879462525,0.07726786982126829
2,2.0,1.0,1.0,1,53,0.001,106,0.07577588471275187,0.030769494338282743,0.03280568789999902,0.1509433962264151,-0.2959488130631411,0.0011010083629807155,0.029668485975302028,0.07844596268090327
2,2.0,1.0,1.0,1,54,0.001,108,0.07711221107369148,0.03126330226570756,0.03219734138647295,0.14814814814814814,-0.2959488130631411,0.0010605823649045831,0.030202719900802977,0.07963338343891688
2,2.0,1.0,1.0,1,55,0.001,110,0.07844651459554364,0.031758154447983855,0.031611160813204774,0.14545454545454545,-0.2959488130631411,0.0010223430996830207,0.030735811348300834,0.08082914696854221
2,2.0,1.0,1.0,1,56,0.001,112,0.07977875199384121,0.032253902300483916,0.031045955642440927,0.14285714285714285,-0.2959488130631411,0.00098613562142974,0.031267766679054176,0.0820323601231933
2,2.0,1.0,1.0,1,57,0.001,114,0.08110888428438234,0.03275041042333943,0.03050061914577386,0.14035087719298245,-0.2959488130631411,0.0009518184713285804,0.031798591952010846,0.08324221248964492
2,2.0,1.0,1.0,1,58,0.001,116,0.08243687633355057,0.033247555242345295,0.02997412115270667,0.13793103448275862,-0.2959488130631411,0.0009192622927482463,0.03232829294959705,0.08445796810571381
2,2.0,1.0,1.0,1,59,0.001,118,0.0837626964626127,0.033745223810417224,0.02946550153971435,0.13559322033898305,-0.2959488130631411,0.0008883486095349613,0.03285687520088226,0.0856789580439447
2,2.0,1.0,1.0,1,60,0.001,120,0.08508631609825712,0.034243312748194144,0.02897386437301516,0.13333333333333333,-0.2959488130631411,0.0008589687457793427,0.0333843440024148,0.0869045737713181
2,2.0,1.0,1.0,1,61,0.001,122,0.08640770946380938,0.03474172730574515,0.02849837262969843,0.13114754098360656,-0.2959488130631411,0.0008310228687600785,0.03391070443698507,0.08813426120373684
2,2.0,1.0,1.0,1,62,0.001,124,0.08772685330528518,0.03524038052970996,0.028038243431630736,0.12903225806451613,-0.2959488130631411,0.0008044191391111677,0.03443596139059879,0.08936751538154543
2,2.0,1.0,1.0,1,63,0.001,126,0.08904372664828686,0.035739192522643404,0.02759274373492555,0.12698412698412698,-0.2959488130631411,0.0007790729548359798,0.034960119567807424,0.09060387570007772
2,2.0,1.0,1.0,1,64,0.001,128,0.09035831058156996,0.03623808978302895,0.02716118642495196,0.125,-0.2959488130631411,0.0007549062774251936,0.035483183505603755,0.09184292163568235
2,2.0,1.0,1.0,1,65,0.001,130,0.09167058806426787,0.03673700461614443,0.026742926773028076,0.12307692307692308,-0.2959488130631411,0.0007318470301310165,0.036005157586013414,0.09308426891410548
2,2.0,1.0,1.0,1,66,0.001,132,0.09298054375327269,0.03723587460707539,0.026337359216308313,0.12121212121212123,-0.2959488130631411,0.0007098285594835385,0.036526046047591854,0.09432756607339972
2,2.0,1.0,1.0,1,67,0.001,134,0.0942881638494123,0.03773464214875483,0.025943914426954505,0.11940298507462686,-0.2959488130631411,0.0006887891529341328,0.037045852995820694,0.09557249137929126
2,2.0,1.0,1.0,1,68,0.001,136,0.0955934359589321,0.038233254018253615,0.02556205664072413,0.11764705882352941,-0.2959488130631411,0.0006686716056192865,0.03756458241263433,0.09681875005457934
2,2.0,1.0,1.0,1,69,0.001,138,0.09689634896965826,0.03873166099606645,0.025191281218550736,0.11594202898550725,-0.2959488130631411,0.0006494228309714689,0.038082238165094984,0.09806607178931422
2,2.0,1.0,1.0,1,70,0.001,140,0.0981968929392738,0.03922981752323862,0.024831112417749972,0.11428571428571427,-0.2959488130631411,0.000630993509911415,0.038598824013327204,0.09931420850127715
2,2.0,1.0,1.0,1,71,0.001,142,0.09949505899480027,0.03972768139224375,0.024481101352109833,0.11267605633802817,-0.2959488130631411,0.0006133377744574342,0.03911434361778632,0.10056293232025032
2,2.0,1.0,1.0,1,72,0.001,144,0.10079083924192278,0.04022521346782265,0.024140824122445777,0.1111111111111111,-0.2959488130631411,0.000596412921910372,0.03962880054591228,0.1018120337721958
2,2.0,1.0,1.0,1,73,0.001,146,0.10208422668317996,0.040722377434537604,0.02380988010122372,0.1095890410958904,-0.2959488130631411,0.0005801791562984882,0.040142198278239116,0.1030613201422045
2,2.0,1.0,1.0,1,74,0.001,148,0.10337521514369663,0.04121913956809714,0.02348789035663027,0.10810810810810813,-0.2959488130631411,0.0005645993540890348,0.040654540214008106,0.10431061399724167
2,2.0,1.0,1.0,1,75,0.001,150,0.10466379920421232,0.041715468528030375,0.023174496203042485,0.10666666666666669,-0.2959488130631411,0.0005496388516976203,0.041165829676332755,0.1055597518521462
2,2.0,1.0,1.0,1,76,0.001,152,0.10594997413992724,0.0422113351693339,0.02286935786621437,0.10526315789473682,-0.2959488130631411,0.000535265252381345,0.04167606991695255,0.10680858296368709
2,2.0,1.0,1.0,1,77,0.001,154,0.1072337358653831,0.04270671237129148,0.02257215325273466,0.1038961038961039,-0.2959488130631411,0.0005214482506657458,0.04218526412062573,0.10805696823969219
2,2.0,1.0,1.0,1,78,0.001,156,0.10851508088395301,0.04320157488154713,0.022282576814355318,0.10256410256410255,-0.2959488130631411,0.0005081594723769789,0.042693415409170155,0.10930477925115953
2,2.0,1.0,1.0,1,79,0.001,158,0.10979400624209346,0.043695899174019115,0.022000338498775526,0.10126582278481013,-0.2959488130631411,0.0004953723288197431,0.04320052684519937,0.1105518973369898
2,2.0,1.0,1.0,1,80,0.001,160,0.11107050948748332,0.04418966331919211,0.02172516277929805,0.10000000000000002,-0.2959488130631411,0.0004830618835908185,0.04370660143560129,0.11179821279183567
2,2.0,1.0,1.0,1,1,0.002,2,0.6052650474063059,0.3550828478915003,1.469799918941522,8.0,-0.2959488130631411,-0.3576948078004714,0.0026119599089711176,0.7770608785962279
2,2.0,1.0,1.0,1,2,0.002,4,0.5502723379239681,0.8090806213030972,1.1511560872227782,4.0,-0.2959488130631411,0.8132062834307121,-0.004125662127614782,0.7397651230496594
2,2.0,1.0,1.0,1,3,0.002,6,0.2221011837710436,0.4007765897500857,0.7023427429772855,2.6666666666666665,-0.2959488130631411,0.4020433757785961,-0.001266786028510436,0.4647010845006355
2,2.0,1.0,1.0,1,4,0.002,8,0.10915545587346942,0.21545304023255846,0.4880880337976581,2.0,-0.2959488130631411,0.21415343877297296,0.0012996014595854921,0.31590516767669796
2,2.0,1.0,1.0,1,5,0.002,10,0.06946607362706936,0.13573092110086732,0.3751387342717388,1.6000000000000003,-0.2959488130631411,0.1324910314986916,0.0032398896021757218,0.23883250124972014
2,2.0,1.0,1.0,1,6,0.002,12,0.05262880684237814,0.0950611785520859,0.30558629279403954,1.3333333333333333,-0.2959488130631411,0.09017660898143609,0.0048845695706498105,0.19292738704357099
2,2.0,1.0,1.0,1,7,0.002,14,0.04484687004939936,0.0717936904364212,0.25828813833992026,1.1428571428571428,-0.2959488130631411,0.06542218903874378,0.00637150139767742,0.16282211978979177
2,2.0,1.0,1.0,1,8,0.002,16,0.04132293291713596,0.05743564073752844,0.22393258178575295,1.0,-0.2959488130631411,0.049671896132574944,0.007763744604953493,0.14177675273500173
2,2.0,1.0,1.0,1,9,0.002,18,0.04005506622957966,0.0481135790246951,0.1977903724020773,0.8888888888888888,-0.2959488130631411,0.03901970709873209,0.009093871925963004,0.1264173190482922
2,2.0,1.0,1.0,1,10,0.002,20,0.040090424162697924,0.041854227530215116,0.1772000450972843,0.8000000000000002,-0.2959488130631411,0.03147383786313279,0.010380389667082324,0.11487778209100938
2,2.0,1.0,1.0,1,11,0.002,22,0.04092892765293543,0.037565061976215286,0.16054550427667144,0.7272727272727273,-0.2959488130631411,0.025930455976899414,0.011634605999315872,0.10604493865168678
2,2.0,1.0,1.0,1,12,0.002,24,0.04228765700401926,0.0346007817604132,0.14678658061738914,0.6666666666666666,-0.2959488130631411,0.021736948364797393,0.012863833395615809,0.09921414179673302
2,2.0,1.0,1.0,1,13,0.002,26,0.04399675977192152,0.03256002868564162,0.135222324062234,0.6153846153846154,-0.2959488130631411,0.018487009845903235,0.014073018839738383,0.09391733343114994
2,2.0,1.0,1.0,1,14,0.002,28,0.04594924220351071,0.031182399683545248,0.12536251494862632,0.5714285714285714,-0.2959488130631411,0.015916765246734577,0.015265634436810671,0.08983063907049935
2,2.0,1.0,1.0,1,15,0.002,30,0.048074977314544465,0.03029289257296952,0.11685365135234317,0.5333333333333333,-0.2959488130631411,0.013848699780943441,0.01644419279202608,0.0867217013161991
2,2.0,1.0,1.0,1,16,0.002,32,0.05032644449151902,0.029770342459004617,0.109434185752953,0.5,-0.2959488130631411,0.012159782669856622,0.017610559789147995,0.08441820738778341
2,2.0,1.0,1.0,1,17,0.002,34,0.05267051602616235,0.02952868852828494,0.10290632641555666,0.47058823529411764,-0.2959488130631411,0.010762536378982834,0.018766152149302107,0.08278836977232809
2,2.0,1.0,1.0,1,18,0.002,36,0.05508352731948907,0.029505433873247833,0.09711764969516717,0.4444444444444444,-0.2959488130631411,0.009593367346984294,0.01991206652626354,0.0817284770815184
2,2.0,1.0,1.0,1,19,0.002,38,0.05754821124742682,0.029654304018368605,0.0919487491548651,0.4210526315789473,-0.2959488130631411,0.008605137651718275,0.02104916636665033,0.08115479382923199
2,2.0,1.0,1.0,1,20,0.002,40,0.06005173217861559,0.02994044353502845,0.08730472342021936,0.4000000000000001,-0.2959488130631411,0.007762301677682604,0.022178141857345846,0.08099821475023139
2,2.0,1.0,1.0,1,21,0.002,42,0.06258439070411581,0.030337194597122086,0.08310917595457021,0.3809523809523809,-0.2959488130631411,0.007037642365141983,0.023299552231980103,0.08120069569419708
2,2.0,1.0,1.0,1,22,0.002,44,0.06513874965200728,0.03082388853238094,0.07929990042624077,0.36363636363636365,-0.2959488130631411,0.006410032309688785,0.024413856222692154,0.08171283825923752
2,2.0,1.0,1.0,1,23,0.002,46,0.06770903169915465,0.03138430182562463,0.07582572266570506,0.34782608695652173,-0.2959488130631411,0.005862867457876397,0.02552143436774823,0.08249222181870361
2,2.0,1.0,1.0,1,24,0.002,48,0.07029069619580397,0.03200555743834971,0.07264415217002507,0.3333333333333333,-0.2959488130631411,0.005382951825548654,0.026622605612801054,0.083502215843774
2,2.0,1.0,1.0,1,25,0.002,50,0.0728801367383306,0.0326773304254403,0.06971961045058317,0.32,-0.2959488130631411,0.004959690582992893,0.027717639842447406,0.08471109850903419
2,2.0,1.0,1.0,1,26,0.002,52,0.0754744616467532,0.03339126517258534,0.06702207708930816,0.3076923076923077,-0.2959488130631411,0.0045844977100997775,0.02880676746248556,0.08609137072121806
2,2.0,1.0,1.0,1,27,0.002,54,0.07807133234696395,0.034140542176568756,0.06452604272617328,0.2962962962962963,-0.2959488130631411,0.0042503553629781865,0.02989018681359057,0.08761919714975187
2,2.0,1.0,1.0,1,28,0.002,56,0.08066884283246822,0.03491955205757458,0.06220969060689584,0.2857142857142857,-0.2959488130631411,0.00395148208845858,0.030968069969115997,0.08927393352955322
2,2.0,1.0,1.0,1,29,0.002,58,0.0832654286889577,0.03572364750316376,0.060054250421711745,0.27586206896551724,-0.2959488130631411,0.0036830801889420894,0.03204056731422167,0.09103771679375716
2,2.0,1.0,1.0,1,30,0.002,60,0.08585979767491692,0.03654895255451768,0.0580434834846855,0.26666666666666666,-0.2959488130631411,0.0034411413589923168,0.03310781119552536,0.092895104795244
2,2.0,1.0,1.0,1,31,0.002,62,0.08845087621171777,0.03739221457036784,0.0561632690779836,0.25806451612903225,-0.2959488130631411,0.0032222957158480336,0.03416991885451981,0.09483275799554935
2,2.0,1.0,1.0,1,32,0.002,64,0.09103776774818084,0.03825068829289302,0.05440126946837501,0.25,-0.2959488130631411,0.003023693489097423,0.0352269948037956,0.09683915834108217
2,2.0,1.0,1.0,1,33,0.002,66,0.09361972008055952,0.03912204429970645,0.05274665665050571,0.24242424242424246,-0.2959488130631411,0.002842911533769532,0.03627913276593692,0.09890436182955782
2,2.0,1.0,1.0,1,34,0.002,68,0.09619609949237029,0.040004296151717245,0.051189887923827934,0.23529411764705882,-0.2959488130631411,0.0026778788853926705,0.037326417266324574,0.10101978176441398
2,2.0,1.0,1.0,1,35,0.002,70,0.09876637013460676,0.0408957419979063,0.049722520402530675,0.22857142857142854,-0.2959488130631411,0.002526817047978358,0.03836892494992794,0.10317799985067236
2,2.0,1.0,1.0,1,36,0.002,72,0.10133007746709433,0.04179491744958885,0.04833705679005373,0.2222222222222222,-0.2959488130631411,0.002388191773187609,0.039406725676401244,0.1053726023409216
2,2.0,1.0,1.0,1,37,0.002,74,0.10388683487209538,0.04270055730603428,0.04702681643071946,0.21621621621621626,-0.2959488130631411,0.0022606738701250184,0.04043988343590926,0.1075980385041149
2,2.0,1.0,1.0,1,38,0.002,76,0.10643631276417564,0.04361156428170315,0.04578582692803776,0.21052631578947364,-0.2959488130631411,0.0021431071626755727,0.04146845711902758,0.10984949880092597
2,2.0,1.0,1.0,1,39,0.002,78,0.10897822967823367,0.0445269833091248,0.04460873259750681,0.2051282051282051,-0.2959488130631411,0.002034482141915428,0.04249250116720937,0.112122810309884
2,2.0,1.0,1.0,1,40,0.002,80,0.11151234493573914,0.04544598031005981,0.043490716776982616,0.20000000000000004,-0.2959488130631411,0.0019339141851694719,0.043512066124890336,0.11441434714592155
2,2.0,1.0,1.0,1,41,0.002,82,0.11403845257754386,0.04636782456887084,0.042427435605097125,0.1951219512195122,-0.2959488130631411,0.001840625458672196,0.044527199110198645,0.11672095383080958
2,2.0,1.0,1.0,1,42,0.002,84,0.11655637631954929,0.047291874026435365,0.04141496133822006,0.19047619047619044,-0.2959488130631411,0.0017539298084920385,0.04553794421794333,0.11903987979919291
2,2.0,1.0,1.0,1,43,0.002,86,0.11906596533883684,0.04821756295467411,0.04044973363911443,0.18604651162790695,-0.2959488130631411,0.0016732200886632742,0.046544342866010835,0.12136872344272678
2,2.0,1.0,1.0,1,44,0.002,88,0.12156709073762828,0.04914439158142914,0.039528517558091475,0.18181818181818182,-0.2959488130631411,0.0015979574872133084,0.04754643409421583,0.12370538430094867
2,2.0,1.0,1.0,1,45,0.002,90,0.12405964256338486,0.050071917321028614,0.038648367157010935,0.17777777777777778,-0.2959488130631411,0.0015276624979354558,0.04854425482309316,0.1260480221963343
2,2.0,1.0,1.0,1,46,0.002,92,0.12654352728744,0.05099974733287943,0.037806593910637794,0.17391304347826086,-0.2959488130631411,0.001461907254130923,0.04953784007874851,0.12839502228055422
2,2.0,1.0,1.0,1,47,0.002,94,0.12901866566301023,0.05192753218318297,0.0370007391684603,0.1702127659574468,-0.2959488130631411,0.0014003089943269154,0.05052722318885605,0.13074496510844053
2,2.0,1.0,1.0,1,48,0.002,96,0.13148499089924393,0.05285496042704063,0.03622855008051491,0.16666666666666666,-0.2959488130631411,0.0013425244729833863,0.051512435954057245,0.13309660098724355
2,2.0,1.0,1.0,1,49,0.002,98,0.13394244709858805,0.0537817539612353,0.0354879584889291,0.16326530612244894,-0.2959488130631411,0.0012882451629512293,0.05249350879828407,0.1354488279612855
2,2.0,1.0,1.0,1,50,0.002,100,0.13639098791562354,0.0547076640252086,0.034777062367196826,0.16,-0.2959488130631411,0.0012371931242433631,0.05347047090096524,0.1378006728896849
2,2.0,1.0,1.0,1,51,0.002,102,0.13883057540166344,0.055632467748825465,0.03409410945526989,0.1568627450980392,-0.2959488130631411,0.0011891174351811307,0.054443350313644334,0.14015127515710277
2,2.0,1.0,1.0,1,52,0.002,104,0.14126117900672275,0.05655596516331346,0.03343748279303925,0.15384615384615385,-0.2959488130631411,0.0011437911002209478,0.05541217406309251,0.14249987262836603
2,2.0,1.0,1.0,1,53,0.002,106,0.14368277471461788,0.057477976605707415,0.03280568789999902,0.1509433962264151,-0.2959488130631411,0.0011010083629807155,0.0563769682427267,0.1448457895172167
2,2.0,1.0,1.0,1,54,0.002,108,0.14609534429145254,0.05839834045875508,0.03219734138647295,0.14814814814814814,-0.2959488130631411,0.0010605823649045831,0.0573377580938505,0.1471884258901041
2,2.0,1.0,1.0,1,55,0.002,110,0.14849887463075528,0.059316911177692166,0.031611160813204774,0.14545454545454545,-0.2959488130631411,0.0010223430996830207,0.058294568078009146,0.14952724856851432
2,2.0,1.0,1.0,1,56,0.002,112,0.15089335718137764,0.06023355756303389,0.031045955642440927,0.14285714285714285,-0.2959488130631411,0.00098613562142974,0.05924742194160415,0.1518617832293159
2,2.0,1.0,1.0,1,57,0.002,114,0.1532787874464575,0.06114816124501826,0.03050061914577386,0.14035087719298245,-0.2959488130631411,0.0009518184713285804,0.06019634277368968,0.154191607533001
2,2.0,1.0,1.0,1,58,0.002,116,0.1556551645434079,0.06206061535053814,0.02997412115270667,0.13793103448275862,-0.2959488130631411,0.0009192622927482463,0.06114135305778989,0.15651634513519722
2,2.0,1.0,1.0,1,59,0.002,118,0.15802249081686703,0.06297082332799553,0.02946550153971435,0.13559322033898305,-0.2959488130631411,0.0008883486095349613,0.06208247471846057,0.15883566045859346
2,2.0,1.0,1.0,1,60,0.002,120,0.16038077149713015,0.06387869790897743,0.02897386437301516,0.13333333333333333,-0.2959488130631411,0.0008589687457793427,0.06301972916319809,0.16114925412042222
2,2.0,1.0,1.0,1,61,0.002,122,0.16273001439845636,0.06478416018898159,0.02849837262969843,0.13114754098360656,-0.2959488130631411,0.0008310228687600785,0.06395313732022151,0.16345685892630574
2,2.0,1.0,1.0,1,62,0.002,124,0.16507022965161122,0.06568713881174076,0.028038243431630736,0.12903225806451613,-0.2959488130631411,0.0008044191391111677,0.0648827196726296,0.16575823635397915
2,2.0,1.0,1.0,1,63,0.002,126,0.16740142946664627,0.06658756924414061,0.02759274373492555,0.12698412698412698,-0.2959488130631411,0.0007790729548359798,0.06580849628930463,0.16805317346175586
2,2.0,1.0,1.0,1,64,0.002,128,0.1697236279218527,0.06748539313035384,0.02716118642495196,0.125,-0.2959488130631411,0.0007549062774251936,0.06673048685292865,0.17034148016566086
2,2.0,1.0,1.0,1,65,0.002,130,0.17203684077588854,0.06838055771554813,0.026742926773028076,0.12307692307692308,-0.2959488130631411,0.0007318470301310165,0.06764871068541711,0.17262298683732039
2,2.0,1.0,1.0,1,66,0.002,132,0.17434108529971704,0.06927301533058211,0.026337359216308313,0.12121212121212123,-0.2959488130631411,0.0007098285594835385,0.06856318677109857,0.1748975421810871
2,2.0,1.0,1.0,1,67,0.002,134,0.17663638012689575,0.07016272293070086,0.025943914426954505,0.11940298507462686,-0.2959488130631411,0.0006887891529341328,0.06947393377776673,0.17716501135521648
2,2.0,1.0,1.0,1,68,0.002,136,0.17892274511891815,0.07104964168157074,0.02556205664072413,0.11764705882352941,-0.2959488130631411,0.0006686716056192865,0.07038097007595145,0.17942527430595917
2,2.0,1.0,1.0,1,69,0.002,138,0.1812002012448818,0.07193373658744717,0.025191281218550736,0.11594202898550725,-0.2959488130631411,0.0006494228309714689,0.0712843137564757,0.18167822428848887
2,2.0,1.0,1.0,1,70,0.002,140,0.18346877047306653,0.07281497615648364,0.024831112417749972,0.11428571428571427,-0.2959488130631411,0.000630993509911415,0.07218398264657222,0.18392376655139747
2,2.0,1.0,1.0,1,71,0.002,142,0.18572847567344086,0.07369333209907386,0.024481101352109833,0.11267605633802817,-0.2959488130631411,0.0006133377744574342,0.07307999432461643,0.1861618171650325
2,2.0,1.0,1.0,1,72,0.002,144,0.1879793405298159,0.07456877905557019,0.024140824122445777,0.1111111111111111,-0.2959488130631411,0.000596412921910372,0.07397236613365982,0.1883923019763826
2,2.0,1.0,1.0,1,73,0.002,146,0.19022138946066047,0.07544129435017138,0.02380988010122372,0.1095890410958904,-0.2959488130631411,0.0005801791562984882,0.0748611151938729,0.19061515567550552
2,2.0,1.0,1.0,1,74,0.002,148,0.19245464754730657,0.0763108577680684,0.02348789035663027,0.10810810810810813,-0.2959488130631411,0.0005645993540890348,0.07574625841397936,0.19283032096029695
2,2.0,1.0,1.0,1,75,0.002,150,0.19467914046925827,0.07717745135351267,0.023174496203042485,0.10666666666666669,-0.2959488130631411,0.0005496388516976203,0.07662781250181505,0.19503774778837693
2,2.0,1.0,1.0,1,76,0.002,152,0.1968948944452229,0.07804105922640864,0.02286935786621437,0.10526315789473682,-0.2959488130631411,0.000535265252381345,0.07750579397402729,0.1972373927058626
2,2.0,1.0,1.0,1,77,0.002,154,0.1991019361799914,0.0789016674157565,0.02257215325273466,0.1038961038961039,-0.2959488130631411,0.0005214482506657458,0.07838021916509075,0.19942921824458842
2,2.0,1.0,1.0,1,78,0.002,156,0.20130029281587736,0.0797592637079711,0.022282576814355318,0.10256410256410255,-0.2959488130631411,0.0005081594723769789,0.07925110423559412,0.2016131923798386
2,2.0,1.0,1.0,1,79,0.002,158,0.20348999188872818,0.08061383750874679,0.022000338498775526,0.10126582278481013,-0.2959488130631411,0.0004953723288197431,0.08011846517992705,0.20378928804205704
2,2.0,1.0,1.0,1,80,0.002,160,0.20567106128780233,0.08146537971702422,0.02172516277929805,0.10000000000000002,-0.2959488130631411,0.0004830618835908185,0.0809823178334334,0.20595748267653496
2,2.0,1.0,1.0,1,1,0.005,2,0.6061338895811945,0.35117471268235684,1.469799918941522,8.0,-0.2959488130631411,-0.3576948078004714,0.006520095118114577,0.776236287758811
2,2.0,1.0,1.0,1,2,0.005,4,0.5526630660584361,0.8029384643384665,1.1511560872227782,4.0,-0.2959488130631411,0.8132062834307121,-0.010267819092245611,0.7383613582136302
2,2.0,1.0,1.0,1,3,0.005,6,0.23155113877924016,0.3989000601143927,0.7023427429772855,2.6666666666666665,-0.2959488130631411,0.4020433757785961,-0.0031433156642033944,0.46517315347124005
2,2.0,1.0,1.0,1,4,0.005,8,0.12440537751549108,0.21736856598592763,0.4880880337976581,2.0,-0.2959488130631411,0.21415343877297296,0.003215127212954666,0.31855221489799895
2,2.0,1.0,1.0,1,5,0.005,10,0.08964848984581697,0.14048246111373186,0.3751387342717388,1.6000000000000003,-0.2959488130631411,0.1324910314986916,0.007991429615040263,0.2436930757357071
2,2.0,1.0,1.0,1,6,0.005,12,0.07737272000594142,0.10218901267076852,0.30558629279403954,1.3333333333333333,-0.2959488130631411,0.09017660898143609,0.01201240368933243,0.20017931749403328
2,2.0,1.0,1.0,1,7,0.005,14,0.07394973033355812,0.08104495082044721,0.25828813833992026,1.1428571428571428,-0.2959488130631411,0.06542218903874378,0.015622761781703437,0.17273242192007998
2,2.0,1.0,1.0,1,8,0.005,16,0.07464983473675313,0.06865218131150425,0.22393258178575295,1.0,-0.2959488130631411,0.049671896132574944,0.0189802851789293,0.15466692591306203
2,2.0,1.0,1.0,1,9,0.005,18,0.07750296388249556,0.06118629500249412,0.1977903724020773,0.8888888888888888,-0.2959488130631411,0.03901970709873209,0.022166587903762025,0.14263684701751267
2,2.0,1.0,1.0,1,10,0.005,20,0.08157324730916293,0.05670197872684407,0.1772000450972843,0.8000000000000002,-0.2959488130631411,0.03147383786313279,0.02522814086371128,0.13477933039416845
2,2.0,1.0,1.0,1,11,0.005,22,0.08637057206299192,0.054123885197368604,0.16054550427667144,0.7272727272727273,-0.2959488130631411,0.025930455976899414,0.02819342922046919,0.12996053053718004
2,2.0,1.0,1.0,1,12,0.005,24,0.09161835139441987,0.05281790060724528,0.14678658061738914,0.6666666666666666,-0.2959488130631411,0.021736948364797393,0.03108095224244789,0.12743425575115433
2,2.0,1.0,1.0,1,13,0.005,26,0.09715103462789809,0.052390305717034014,0.135222324062234,0.6153846153846154,-0.2959488130631411,0.018487009845903235,0.03390329587113078,0.12667545452423787
2,2.0,1.0,1.0,1,14,0.005,28,0.10286472279729297,0.05258612305961935,0.12536251494862632,0.5714285714285714,-0.2959488130631411,0.015916765246734577,0.03666935781288477,0.12729492870903517
2,2.0,1.0,1.0,1,15,0.005,30,0.10869162951218658,0.05323433505779318,0.11685365135234317,0.5333333333333333,-0.2959488130631411,0.013848699780943441,0.03938563527684974,0.1289938925837329
2,2.0,1.0,1.0,1,16,0.005,32,0.11458608314659124,0.054216789239961816,0.109434185752953,0.5,-0.2959488130631411,0.012159782669856622,0.04205700657010519,0.1315384236071265
2,2.0,1.0,1.0,1,17,0.005,34,0.12051647272588939,0.05544976120417616,0.10290632641555666,0.47058823529411764,-0.2959488130631411,0.010762536378982834,0.04468722482519333,0.13474382041867816
2,2.0,1.0,1.0,1,18,0.005,36,0.12646041863619728,0.05687260801021354,0.09711764969516717,0.4444444444444444,-0.2959488130631411,0.009593367346984294,0.04727924066322925,0.13846395360279845
2,2.0,1.0,1.0,1,19,0.005,38,0.13240177251659713,0.05844055697084477,0.0919487491548651,0.4210526315789473,-0.2959488130631411,0.008605137651718275,0.049835419319126495,0.14258331139343802
2,2.0,1.0,1.0,1,20,0.005,40,0.138328695247256,0.060119992189090254,0.08730472342021936,0.4000000000000001,-0.2959488130631411,0.007762301677682604,0.05235769051140765,0.14701072040877347
2,2.0,1.0,1.0,1,21,0.005,42,0.14423239193998127,0.061885296588851724,0.08310917595457021,0.3809523809523809,-0.2959488130631411,0.007037642365141983,0.05484765422370974,0.15167428517805195
2,2.0,1.0,1.0,1,22,0.005,44,0.15010625924988308,0.06371668916646117,0.07929990042624077,0.36363636363636365,-0.2959488130631411,0.006410032309688785,0.05730665685677239,0.15651730848065662
2,2.0,1.0,1.0,1,23,0.005,46,0.15594529827789072,0.06559871448150612,0.07582572266570506,0.34782608695652173,-0.2959488130631411,0.005862867457876397,0.05973584702362972,0.16149502857615772
2,2.0,1.0,1.0,1,24,0.005,48,0.161745702572468,0.06751916890599069,0.07264415217002507,0.3333333333333333,-0.2959488130631411,0.005382951825548654,0.062136217080442036,0.1665720347793609
2,2.0,1.0,1.0,1,25,0.005,50,0.1675045640063162,0.06946832506645656,0.06971961045058317,0.32,-0.2959488130631411,0.004959690582992893,0.06450863448346367,0.17172023731721592
2,2.0,1.0,1.0,1,26,0.005,52,0.1732196595152674,0.07143836348273841,0.06702207708930816,0.3076923076923077,-0.2959488130631411,0.0045844977100997775,0.06685386577263863,0.17691728218016223
2,2.0,1.0,1.0,1,27,0.005,54,0.17888929426624733,0.07342295049617503,0.06452604272617328,0.2962962962962963,-0.2959488130631411,0.0042503553629781865,0.06917259513319685,0.18214531795302707
2,2.0,1.0,1.0,1,28,0.005,56,0.1845121848230291,0.0754169210054832,0.06220969060689584,0.2857142857142857,-0.2959488130631411,0.00395148208845858,0.07146543891702462,0.18739003797559797
2,2.0,1.0,1.0,1,29,0.005,58,0.19008737107114793,0.07741603730557606,0.060054250421711745,0.27586206896551724,-0.2959488130631411,0.0036830801889420894,0.07373295711663397,0.1926399362551049
2,2.0,1.0,1.0,1,30,0.005,60,0.1956141490943919,0.07941680387379485,0.0580434834846855,0.26666666666666666,-0.2959488130631411,0.0034411413589923168,0.07597566251480253,0.1978857285718445
2,2.0,1.0,1.0,1,31,0.005,62,0.20109201950096856,0.08141632375885927,0.0561632690779836,0.25806451612903225,-0.2959488130631411,0.0032222957158480336,0.07819402804301123,0.20311990097605306
2,2.0,1.0,1.0,1,32,0.005,64,0.20652064727068586,0.08341218623538116,0.05440126946837501,0.25,-0.2959488130631411,0.003023693489097423,0.08038849274628374,0.20833635649539817
2,2.0,1.0,1.0,1,33,0.005,66,0.21189983028316628,0.08540237818793173,0.05274665665050571,0.24242424242424246,-0.2959488130631411,0.002842911533769532,0.0825594666541622,0.2135301376408712
2,2.0,1.0,1.0,1,34,0.005,68,0.21722947445099194,0.08738521367131591,0.051189887923827934,0.23529411764705882,-0.2959488130631411,0.0026778788853926705,0.08470733478592324,0.21869720754023242
2,2.0,1.0,1.0,1,35,0.005,70,0.22250957392345871,0.08935927751329614,0.049722520402530675,0.22857142857142854,-0.2959488130631411,0.002526817047978358,0.08683246046531778,0.22383427655127086
2,2.0,1.0,1.0,1,36,0.005,72,0.22774019521630007,0.0913233798538226,0.04833705679005373,0.2222222222222222,-0.2959488130631411,0.002388191773187609,0.088935188080635,0.2289386642792156
2,2.0,1.0,1.0,1,37,0.005,74,0.23292146440517514,0.09327651926627162,0.04702681643071946,0.21621621621621626,-0.2959488130631411,0.0022606738701250184,0.0910158453961466,0.23400818926206926
2,2.0,1.0,1.0,1,38,0.005,76,0.2380535567278278,0.09521785266107458,0.04578582692803776,0.21052631578947364,-0.2959488130631411,0.0021431071626755727,0.093074745498399,0.2390410803679776
2,2.0,1.0,1.0,1,39,0.005,78,0.2431366880931477,0.09714667058546284,0.04460873259750681,0.2051282051282051,-0.2959488130631411,0.002034482141915428,0.09511218844354741,0.24403590530448804
2,2.0,1.0,1.0,1,40,0.005,80,0.24817110811013077,0.09906237684363456,0.043490716776982616,0.20000000000000004,-0.2959488130631411,0.0019339141851694719,0.09712846265846509,0.2489915126737972
2,2.0,1.0,1.0,1,41,0.005,82,0.25315709433538514,0.10096447159670979,0.042427435605097125,0.1951219512195122,-0.2959488130631411,0.001840625458672196,0.0991238461380376,0.2539069847988153
2,2.0,1.0,1.0,1,42,0.005,84,0.25809494750376794,0.10285253728137195,0.04141496133822006,0.19047619047619044,-0.2959488130631411,0.0017539298084920385,0.10109860747287991,0.25878159915155197
2,2.0,1.0,1.0,1,43,0.005,86,0.26298498755634536,0.10472622682391414,0.04044973363911443,0.18604651162790695,-0.2959488130631411,0.0016732200886632742,0.10305300673525086,0.26361479668214816
2,2.0,1.0,1.0,1,44,0.005,88,0.26782755031853467,0.10658525373310207,0.039528517558091475,0.18181818181818182,-0.2959488130631411,0.0015979574872133084,0.10498729624588876,0.26840615570751625
2,2.0,1.0,1.0,1,45,0.005,90,0.2726229847110505,0.10842938373833183,0.038648367157010935,0.17777777777777778,-0.2959488130631411,0.0015276624979354558,0.10690172124039637,0.273155370298283
2,2.0,1.0,1.0,1,46,0.005,92,0.2773716503996988,0.11025842770466848,0.037806593910637794,0.17391304347826086,-0.2959488130631411,0.001461907254130923,0.10879652045053756,0.277862232320519
2,2.0,1.0,1.0,1,47,0.005,94,0.28207391580784524,0.11207223560751672,0.0370007391684603,0.1702127659574468,-0.2959488130631411,0.0014003089943269154,0.11067192661318981,0.2825266164588974
2,2.0,1.0,1.0,1,48,0.005,96,0.2867301564306409,0.1138706913905036,0.03622855008051491,0.16666666666666666,-0.2959488130631411,0.0013425244729833863,0.11252816691752021,0.2871484676818154
2,2.0,1.0,1.0,1,49,0.005,98,0.2913407534003698,0.11565370856224161,0.0354879584889291,0.16326530612244894,-0.2959488130631411,0.0012882451629512293,0.11436546339929038,0.29172779071408844
2,2.0,1.0,1.0,1,50,0.005,100,0.29590609226270803,0.11742122641386604,0.034777062367196826,0.16,-0.2959488130631411,0.0012371931242433631,0.11618403328962268,0.29626464116654483
2,2.0,1.0,1.0,1,51,0.005,102,0.3004265619297115,0.11917320675978577,0.03409410945526989,0.1568627450980392,-0.2959488130631411,0.0011891174351811307,0.11798408932460464,0.300759118037822
2,2.0,1.0,1.0,1,52,0.005,104,0.3049025537822533,0.12090963112113112,0.03343748279303925,0.15384615384615385,-0.2959488130631411,0.0011437911002209478,0.11976584002091017,0.3052113573567722
2,2.0,1.0,1.0,1,53,0.005,106,0.3093344608987516,0.12263049828496703,0.03280568789999902,0.1509433962264151,-0.2959488130631411,0.0011010083629807155,0.12152948992198631,0.3096215267761047
2,2.0,1.0,1.0,1,54,0.005,108,0.31372267739126103,0.12433582218350225,0.03219734138647295,0.14814814814814814,-0.2959488130631411,0.0010605823649045831,0.12327523981859767,0.3139898209620081
2,2.0,1.0,1.0,1,55,0.005,110,0.31806759783295724,0.12602563004665818,0.031611160813204774,0.14545454545454545,-0.2959488130631411,0.0010223430996830207,0.12500328694697516,0.31831645765194544
2,2.0,1.0,1.0,1,56,0.005,112,0.32236961676371845,0.12769996078883022,0.031045955642440927,0.14285714285714285,-0.2959488130631411,0.00098613562142974,0.12671382516740048,0.3226016742750798
2,2.0,1.0,1.0,1,57,0.005,114,0.32662912826267465,0.12935886359689613,0.03050061914577386,0.14035087719298245,-0.2959488130631411,0.0009518184713285804,0.12840704512556755,0.32684572504790255
2,2.0,1.0,1.0,1,58,0.005,116,0.33084652557812855,0.1310023966915853,0.02997412115270667,0.13793103448275862,-0.2959488130631411,0.0009192622927482463,0.13008313439883706,0.3310488784723342
2,2.0,1.0,1.0,1,59,0.005,118,0.33502220080718725,0.13263062623866834,0.02946550153971435,0.13559322033898305,-0.2959488130631411,0.0008883486095349613,0.13174227762913338,0.33521141517574476
2,2.0,1.0,1.0,1,60,0.005,120,0.33915654461795386,0.1342436253898351,0.02897386437301516,0.13333333333333333,-0.2959488130631411,0.0008589687457793427,0.13338465664405574,0.3393336260421443
2,2.0,1.0,1.0,1,61,0.005,122,0.34324994600897774,0.1358414734362589,0.02849837262969843,0.13114754098360656,-0.2959488130631411,0.0008310228687600785,0.13501045056749883,0.3434158105920793
2,2.0,1.0,1.0,1,62,0.005,124,0.34730279210060544,0.13742425506013412,0.028038243431630736,0.12903225806451613,-0.2959488130631411,0.0008044191391111677,0.13661983592102295,0.34745827557539305
2,2.0,1.0,1.0,1,63,0.005,126,0.3513154679544157,0.1389920596717646,0.02759274373492555,0.12698412698412698,-0.2959488130631411,0.0007790729548359798,0.1382129867169286,0.35146133374674693
2,2.0,1.0,1.0,1,64,0.005,128,0.3552883564169035,0.14054498082138833,0.02716118642495196,0.125,-0.2959488130631411,0.0007549062774251936,0.13979007454396314,0.355425302798324
2,2.0,1.0,1.0,1,65,0.005,130,0.359221837984552,0.1420831156765156,0.026742926773028076,0.12307692307692308,-0.2959488130631411,0.0007318470301310165,0.1413512686463846,0.3593505044281184
2,2.0,1.0,1.0,1,66,0.005,132,0.36311629068718076,0.143606564556706,0.026337359216308313,0.12121212121212123,-0.2959488130631411,0.0007098285594835385,0.14289673599722247,0.3632372635253189
2,2.0,1.0,1.0,1,67,0.005,134,0.3669720899880381,0.14511543051902048,0.025943914426954505,0.11940298507462686,-0.2959488130631411,0.0006887891529341328,0.14442664136608635,0.36708590745725717
2,2.0,1.0,1.0,1,68,0.005,136,0.3707896086977376,0.14660981898795322,0.02556205664072413,0.11764705882352941,-0.2959488130631411,0.0006686716056192865,0.14594114738233394,0.370896765444324
2,2.0,1.0,1.0,1,69,0.005,138,0.37456921690111855,0.14808983742480258,0.025191281218550736,0.11594202898550725,-0.2959488130631411,0.0006494228309714689,0.14744041459383112,0.37467016801156156
2,2.0,1.0,1.0,1,70,0.005,140,0.3783112818949623,0.14955559503181132,0.024831112417749972,0.11428571428571427,-0.2959488130631411,0.000630993509911415,0.1489246015218999,0.378406446506938
2,2.0,1.0,1.0,1,71,0.005,142,0.3820161681355163,0.15100720248718413,0.024481101352109833,0.11267605633802817,-0.2959488130631411,0.0006133377744574342,0.1503938647127267,0.3821059326779186
2,2.0,1.0,1.0,1,72,0.005,144,0.3856842371946554,0.1524447717074865,0.024140824122445777,0.1111111111111111,-0.2959488130631411,0.000596412921910372,0.15184835878557612,0.3857689582989995
2,2.0,1.0,1.0,1,73,0.005,146,0.3893158477237443,0.15386841563441628,0.02380988010122372,0.1095890410958904,-0.2959488130631411,0.0005801791562984882,0.1532882364781178,0.3893958548439069
2,2.0,1.0,1.0,1,74,0.005,148,0.39291135542405875,0.15527824804322637,0.02348789035663027,0.10810810810810813,-0.2959488130631411,0.0005645993540890348,0.15471364868913734,0.39298695319696514
2,2.0,1.0,1.0,1,75,0.005,150,0.39647111302340243,0.15667438337052142,0.023174496203042485,0.10666666666666669,-0.2959488130631411,0.0005496388516976203,0.1561247445188238,0.39654258339895765
2,2.0,1.0,1.0,1,76,0.005,152,0.39999547025777915,0.15805693655929004,0.02286935786621437,0.10526315789473682,-0.2959488130631411,0.000535265252381345,0.1575216713069087,0.4000630744232952
2,2.0,1.0,1.0,1,77,0.005,154,0.40348477385802395,0.1594260229194328,0.02257215325273466,0.1038961038961039,-0.2959488130631411,0.0005214482506657458,0.15890457466876706,0.40354875397897827
2,2.0,1.0,1.0,1,78,0.005,156,0.40693936754040594,0.16078175800208877,0.022282576814355318,0.10256410256410255,-0.2959488130631411,0.0005081594723769789,0.1602735985297118,0.4069999483371673
2,2.0,1.0,1.0,1,79,0.005,158,0.4103595920010995,0.1621242574864067,0.022000338498775526,0.10126582278481013,-0.2959488130631411,0.0004953723288197431,0.16162888515758694,0.410416982178677
2,2.0,1.0,1.0,1,80,0.005,160,0.4137457849138616,0.1634536370774483,0.02172516277929805,0.10000000000000002,-0.2959488130631411,0.0004830618835908185,0.1629705751938575,0.41380017845997563
2,2.0,1.0,1.0,1,1,0.01,2,0.6075761472473208,0.3446872997452854,1.469799918941522,8.0,-0.2959488130631411,-0.3576948078004714,0.013007508055186023,0.7748776884920724
2,2.0,1.0,1.0,1,2,0.01,4,0.556599838852109,0.7928242752409231,1.1511560872227782,4.0,-0.2959488130631411,0.8132062834307121,-0.02038200818978897,0.7360982108916168
2,2.0,1.0,1.0,1,3,0.01,6,0.24698769636136364,0.3958347378191214,0.7023427429772855,2.6666666666666665,-0.2959488130631411,0.4020433757785961,-0.006208637959474739,0.4662425750075604
2,2.0,1.0,1.0,1,4,0.01,8,0.14911699931562028,0.22047256540814264,0.4880880337976581,2.0,-0.2959488130631411,0.21415343877297296,0.006319126635169675,0.323727386695972
2,2.0,1.0,1.0,1,5,0.01,10,0.12209156977859603,0.1481205253955486,0.3751387342717388,1.6000000000000003,-0.2959488130631411,0.1324910314986916,0.015629493896857,0.253390478489689
2,2.0,1.0,1.0,1,6,0.01,12,0.11683070873779622,0.11355544434543391,0.30558629279403954,1.3333333333333333,-0.2959488130631411,0.09017660898143609,0.02337883536399782,0.2150758524742114
2,2.0,1.0,1.0,1,7,0.01,14,0.11998834433459216,0.09567977371017744,0.25828813833992026,1.1428571428571428,-0.2959488130631411,0.06542218903874378,0.030257584671433663,0.19360726350012036
2,2.0,1.0,1.0,1,8,0.01,16,0.1269500979147261,0.08625441830132363,0.22393258178575295,1.0,-0.2959488130631411,0.049671896132574944,0.03658252216874869,0.182254903551669
2,2.0,1.0,1.0,1,9,0.01,18,0.1358019631888201,0.08153793841877421,0.1977903724020773,0.8888888888888888,-0.2959488130631411,0.03901970709873209,0.04251823132004212,0.17751012163860044
2,2.0,1.0,1.0,1,10,0.01,20,0.14563946005195982,0.07963289602619877,0.1772000450972843,0.8000000000000002,-0.2959488130631411,0.03147383786313279,0.04815905816306598,0.177277332307142
2,2.0,1.0,1.0,1,11,0.01,22,0.15599220951537662,0.07949383828573298,0.16054550427667144,0.7272727272727273,-0.2959488130631411,0.025930455976899414,0.05356338230883356,0.18017855947230724
2,2.0,1.0,1.0,1,12,0.01,24,0.16659728011953656,0.08050654501966609,0.14678658061738914,0.6666666666666666,-0.2959488130631411,0.021736948364797393,0.058769596654868694,0.18525943258315702
2,2.0,1.0,1.0,1,13,0.01,26,0.17729934432252714,0.08229125327296855,0.135222324062234,0.6153846153846154,-0.2959488130631411,0.018487009845903235,0.06380424342706531,0.19184598626297664
2,2.0,1.0,1.0,1,14,0.01,28,0.18800265618057332,0.08460322554096922,0.12536251494862632,0.5714285714285714,-0.2959488130631411,0.015916765246734577,0.06868646029423464,0.19946060892366246
2,2.0,1.0,1.0,1,15,0.01,30,0.1986462610950691,0.08727925393542352,0.11685365135234317,0.5333333333333333,-0.2959488130631411,0.013848699780943441,0.07343055415448008,0.20776518326570403
2,2.0,1.0,1.0,1,16,0.01,32,0.20919043293845774,0.09020734646746409,0.109434185752953,0.5,-0.2959488130631411,0.012159782669856622,0.07804756379760747,0.21652040186332522
2,2.0,1.0,1.0,1,17,0.01,34,0.21960888449705418,0.0933087837914437,0.10290632641555666,0.47058823529411764,-0.2959488130631411,0.010762536378982834,0.08254624741246086,0.22555654789935606
2,2.0,1.0,1.0,1,18,0.01,36,0.22988410561147288,0.09652709560593226,0.09711764969516717,0.4444444444444444,-0.2959488130631411,0.009593367346984294,0.08693372825894796,0.23475277089049185
2,2.0,1.0,1.0,1,19,0.01,38,0.24000447276083303,0.0998210670639012,0.0919487491548651,0.4210526315789473,-0.2959488130631411,0.008605137651718275,0.09121592941218293,0.24402256497388533
2,2.0,1.0,1.0,1,20,0.01,40,0.2499624011497137,0.10316017574555003,0.08730472342021936,0.4000000000000001,-0.2959488130631411,0.007762301677682604,0.09539787406786743,0.2533036646424072
2,2.0,1.0,1.0,1,21,0.01,42,0.25975313115008236,0.1065215400681278,0.08310917595457021,0.3809523809523809,-0.2959488130631411,0.007037642365141983,0.09948389770298582,0.26255102632134236
2,2.0,1.0,1.0,1,22,0.01,44,0.2693739122461155,0.10988783329750934,0.07929990042624077,0.36363636363636365,-0.2959488130631411,0.006410032309688785,0.10347780098782056,0.271731941367528
2,2.0,1.0,1.0,1,23,0.01,46,0.27882344263065173,0.11324582944101008,0.07582572266570506,0.34782608695652173,-0.2959488130631411,0.005862867457876397,0.10738296198313368,0.2808226147049872
2,2.0,1.0,1.0,1,24,0.01,48,0.28810147708434386,0.11658537162677002,0.07264415217002507,0.3333333333333333,-0.2959488130631411,0.005382951825548654,0.11120241980122136,0.2898057518481348
2,2.0,1.0,1.0,1,25,0.01,50,0.2972085479599651,0.11989862849162397,0.06971961045058317,0.32,-0.2959488130631411,0.004959690582992893,0.11493893790863108,0.29866884251565845
2,2.0,1.0,1.0,1,26,0.01,52,0.306145763629738,0.12317955038004175,0.06702207708930816,0.3076923076923077,-0.2959488130631411,0.0045844977100997775,0.11859505266994197,0.3074029284915543
2,2.0,1.0,1.0,1,27,0.01,54,0.3149146608983828,0.12642346639775442,0.06452604272617328,0.2962962962962963,-0.2959488130631411,0.0042503553629781865,0.12217311103477624,0.3160017107343977
2,2.0,1.0,1.0,1,28,0.01,56,0.32351709560091924,0.12962678221984048,0.06220969060689584,0.2857142857142857,-0.2959488130631411,0.00395148208845858,0.1256753001313819,0.3244608962003859
2,2.0,1.0,1.0,1,29,0.01,58,0.3319551606058724,0.13278675094160014,0.060054250421711745,0.27586206896551724,-0.2959488130631411,0.0036830801889420894,0.12910367075265805,0.332777715581301
2,2.0,1.0,1.0,1,30,0.01,60,0.34023112374550046,0.1359012975399601,0.0580434834846855,0.26666666666666666,-0.2959488130631411,0.0034411413589923168,0.1324601561809678,0.34095056402512247
2,2.0,1.0,1.0,1,31,0.01,62,0.34834738041032465,0.13896888313422862,0.0561632690779836,0.25806451612903225,-0.2959488130631411,0.0032222957158480336,0.13574658741838058,0.3489787311603206
2,2.0,1.0,1.0,1,32,0.01,64,0.35630641705525634,0.14198839910701871,0.05440126946837501,0.25,-0.2959488130631411,0.003023693489097423,0.1389647056179213,0.35686219655164314
2,2.0,1.0,1.0,1,33,0.01,66,0.36411078290843113,0.14495908384939526,0.05274665665050571,0.24242424242424246,-0.2959488130631411,0.002842911533769532,0.14211617231562573,0.36460147351654176
2,2.0,1.0,1.0,1,34,0.01,68,0.37176306790517766,0.14788045680539402,0.051189887923827934,0.23529411764705882,-0.2959488130631411,0.0026778788853926705,0.14520257792000135,0.3721974889878106
2,2.0,1.0,1.0,1,35,0.01,70,0.37926588538789274,0.1507522658577804,0.049722520402530675,0.22857142857142854,-0.2959488130631411,0.002526817047978358,0.14822544880980204,0.3796514904625559
2,2.0,1.0,1.0,1,36,0.01,72,0.3866218584846941,0.15357444508519197,0.04833705679005373,0.2222222222222222,-0.2959488130631411,0.002388191773187609,0.15118625331200436,0.3869649734637678
2,2.0,1.0,1.0,1,37,0.01,74,0.39383360934926215,0.15634708064255526,0.04702681643071946,0.21621621621621626,-0.2959488130631411,0.0022606738701250184,0.15408640677243024,0.39413962465220814
2,2.0,1.0,1.0,1,38,0.01,76,0.40090375064166694,0.15907038304892412,0.04578582692803776,0.21052631578947364,-0.2959488130631411,0.0021431071626755727,0.15692727588624855,0.40117727696398814
2,2.0,1.0,1.0,1,39,0.01,78,0.40783487877591784,0.16174466456287867,0.04460873259750681,0.2051282051282051,-0.2959488130631411,0.002034482141915428,0.15971018242096324,0.4080798740515096
2,2.0,1.0,1.0,1,40,0.01,80,0.41462956856893307,0.16437032062282958,0.043490716776982616,0.20000000000000004,-0.2959488130631411,0.0019339141851694719,0.1624364064376601,0.4148494419682889
2,2.0,1.0,1.0,1,41,0.01,82,0.4212903690072002,0.16694781455422858,0.042427435605097125,0.1951219512195122,-0.2959488130631411,0.001840625458672196,0.16510718909555638,0.42148806652875254
2,2.0,1.0,1.0,1,42,0.01,84,0.4278197999096336,0.16947766491702315,0.04141496133822006,0.19047619047619044,-0.2959488130631411,0.0017539298084920385,0.1677237351085311,0.4279978751399349
2,2.0,1.0,1.0,1,43,0.01,86,0.4342203493123531,0.17196043499810637,0.04044973363911443,0.18604651162790695,-0.2959488130631411,0.0016732200886632742,0.1702872149094431,0.4343810221765765
2,2.0,1.0,1.0,1,44,0.01,88,0.4404944714375285,0.17439672405508283,0.039528517558091475,0.18181818181818182,-0.2959488130631411,0.0015979574872133084,0.17279876656786952,0.44063967717868013
2,2.0,1.0,1.0,1,45,0.01,90,0.44664458513661787,0.1767871599966634,0.038648367157010935,0.17777777777777778,-0.2959488130631411,0.0015276624979354558,0.17525949749872793,0.4467760153084704
2,2.0,1.0,1.0,1,46,0.01,92,0.45267307272036195,0.1791323932468139,0.037806593910637794,0.17391304347826086,-0.2959488130631411,0.001461907254130923,0.17767048599268298,0.4527922096245478
2,2.0,1.0,1.0,1,47,0.01,94,0.45858227910478155,0.1814330915883659,0.0370007391684603,0.1702127659574468,-0.2959488130631411,0.0014003089943269154,0.180032782594039,0.4586904248240173
2,2.0,1.0,1.0,1,48,0.01,96,0.4643745112165266,0.18368993582038434,0.03622855008051491,0.16666666666666666,-0.2959488130631411,0.0013425244729833863,0.18234741134740096,0.46447281217553693
2,2.0,1.0,1.0,1,49,0.01,98,0.4700520376109323,0.18590361609405082,0.0354879584889291,0.16326530612244894,-0.2959488130631411,0.0012882451629512293,0.1846153709310996,0.4701415054221809
2,2.0,1.0,1.0,1,50,0.01,100,0.47561708826552285,0.18807482881648058,0.034777062367196826,0.16,-0.2959488130631411,0.0012371931242433631,0.18683763569223721,0.47569861747707576
2,2.0,1.0,1.0,1,51,0.01,102,0.48107185451771695,0.19020427403137818,0.03409410945526989,0.1568627450980392,-0.2959488130631411,0.0011891174351811307,0.18901515659619705,0.48114623776921317
2,2.0,1.0,1.0,1,52,0.01,104,0.48641848912166774,0.19229265320143868,0.03343748279303925,0.15384615384615385,-0.2959488130631411,0.0011437911002209478,0.19114886210121773,0.4864864301241977
2,2.0,1.0,1.0,1,53,0.01,106,0.49165910640319244,0.19434066733019634,0.03280568789999902,0.1509433962264151,-0.2959488130631411,0.0011010083629807155,0.19323965896721562,0.4917212310863885
2,2.0,1.0,1.0,1,54,0.01,108,0.4967957824955811,0.19634901537152077,0.03219734138647295,0.14814814814814814,-0.2959488130631411,0.0010605823649045831,0.1952884330066162,0.49685264860618905
2,2.0,1.0,1.0,1,55,0.01,110,0.5018305556418999,0.19831839288352193,0.031611160813204774,0.14545454545454545,-0.2959488130631411,0.0010223430996830207,0.1972960497838389,0.5018826610301274
2,2.0,1.0,1.0,1,56,0.01,112,0.5067654265518468,0.2002494908906302,0.031045955642440927,0.14285714285714285,-0.2959488130631411,0.00098613562142974,0.19926335526920047,0.5068132163425091
2,2.0,1.0,1.0,1,57,0.01,114,0.511602358803225,0.20214299492342896,0.03050061914577386,0.14035087719298245,-0.2959488130631411,0.0009518184713285804,0.20119117645210038,0.5116462316164776
2,2.0,1.0,1.0,1,58,0.01,116,0.5163432792795943,0.203999584210586,0.02997412115270667,0.13793103448275862,-0.2959488130631411,0.0009192622927482463,0.20308032191783776,0.5163835926396045
2,2.0,1.0,1.0,1,59,0.01,118,0.5209900786372623,0.20581993100118884,0.02946550153971435,0.13559322033898305,-0.2959488130631411,0.0008883486095349613,0.20493158239165388,0.5210271536851041
2,2.0,1.0,1.0,1,60,0.01,120,0.5255446117955396,0.20760469999911452,0.02897386437301516,0.13333333333333333,-0.2959488130631411,0.0008589687457793427,0.20674573125333517,0.5255787374046302
2,2.0,1.0,1.0,1,61,0.01,122,0.5300086984455195,0.20935454789379815,0.02849837262969843,0.13114754098360656,-0.2959488130631411,0.0008310228687600785,0.20852352502503807,0.530040134822608
2,2.0,1.0,1.0,1,62,0.01,124,0.5343841235729709,0.21107012297407252,0.028038243431630736,0.12903225806451613,-0.2959488130631411,0.0008044191391111677,0.21026570383496135,0.534413105415319
2,2.0,1.0,1.0,1,63,0.01,126,0.5386726379920204,0.21275206481371622,0.02759274373492555,0.12698412698412698,-0.2959488130631411,0.0007790729548359798,0.21197299185888024,0.5386993772606954
2,2.0,1.0,1.0,1,64,0.01,128,0.5428759588865009,0.2144010040189427,0.02716118642495196,0.125,-0.2959488130631411,0.0007549062774251936,0.2136460977415175,0.5429006472470042
2,2.0,1.0,1.0,1,65,0.01,130,0.5469957703565578,0.216017562029496,0.026742926773028076,0.12307692307692308,-0.2959488130631411,0.0007318470301310165,0.215285714999365,0.5470185813304624
2,2.0,1.0,1.0,1,66,0.01,132,0.5510337239681413,0.21760235096608477,0.026337359216308313,0.12121212121212123,-0.2959488130631411,0.0007098285594835385,0.21689252240660123,0.551054814833396
2,2.0,1.0,1.0,1,67,0.01,134,0.5549914393040059,0.21915597351805677,0.025943914426954505,0.11940298507462686,-0.2959488130631411,0.0006887891529341328,0.21846718436512264,0.5550109527758154
2,2.0,1.0,1.0,1,68,0.01,136,0.5588705045141107,0.2206790228658322,0.02556205664072413,0.11764705882352941,-0.2959488130631411,0.0006686716056192865,0.2200103512602129,0.558888570234428
2,2.0,1.0,1.0,1,69,0.01,138,0.5626724768646976,0.22217208263355975,0.025191281218550736,0.11594202898550725,-0.2959488130631411,0.0006494228309714689,0.22152265980258828,0.5626892127239256
2,2.0,1.0,1.0,1,70,0.01,140,0.5663988832844877,0.22363572686789612,0.024831112417749972,0.11428571428571427,-0.2959488130631411,0.000630993509911415,0.2230047333579847,0.5664143965962561
2,2.0,1.0,1.0,1,71,0.01,142,0.5700512209073135,0.22507052003945072,0.024481101352109833,0.11267605633802817,-0.2959488130631411,0.0006133377744574342,0.22445718226499328,0.5700656094541603
2,2.0,1.0,1.0,1,72,0.01,144,0.5736309576103826,0.22647701706385592,0.024140824122445777,0.1111111111111111,-0.2959488130631411,0.000596412921910372,0.22588060414194555,0.5736443105758189
2,2.0,1.0,1.0,1,73,0.01,146,0.5771395325474917,0.22785576333980212,0.02380988010122372,0.1095890410958904,-0.2959488130631411,0.0005801791562984882,0.22727558418350363,0.5771519313479438
2,2.0,1.0,1.0,1,74,0.01,148,0.5805783566765654,0.22920729480172347,0.02348789035663027,0.10810810810810813,-0.2959488130631411,0.0005645993540890348,0.22864269544763444,0.5805898757050252
2,2.0,1.0,1.0,1,75,0.01,150,0.5839488132812424,0.23053213798513356,0.023174496203042485,0.10666666666666669,-0.2959488130631411,0.0005496388516976203,0.22998249913343594,0.5839595205727615
2,2.0,1.0,1.0,1,76,0.01,152,0.5872522584859075,0.23183081010280715,0.02286935786621437,0.10526315789473682,-0.2959488130631411,0.000535265252381345,0.2312955448504258,0.5872622163140231
2,2.0,1.0,1.0,1,77,0.01,154,0.5904900217641116,0.2331038191303117,0.02257215325273466,0.1038961038961039,-0.2959488130631411,0.0005214482506657458,0.23258237087964595,0.5904992871759138
2,2.0,1.0,1.0,1,78,0.01,156,0.5936634064399038,0.2343516638994761,0.022282576814355318,0.10256410256410255,-0.2959488130631411,0.0005081594723769789,0.2338435044270991,0.5936720317367226
2,2.0,1.0,1.0,1,79,0.01,158,0.5967736901820361,0.2355748341986525,0.022000338498775526,0.10126582278481013,-0.2959488130631411,0.0004953723288197431,0.23507946186983275,0.5967817233517257
2,2.0,1.0,1.0,1,80,0.01,160,0.599822125490796,0.23677381087868649,0.02172516277929805,0.10000000000000002,-0.2959488130631411,0.0004830618835908185,0.23629074899509567,0.5998296105969625
2,2.0,1.0,1.0,1,1,0.02,2,0.6104388652344932,0.33181052041427234,1.469799918941522,8.0,-0.2959488130631411,-0.3576948078004714,0.02588428738619908,0.7722194246734724
2,2.0,1.0,1.0,1,2,0.02,4,0.5642963858639349,0.7730506342523321,1.1511560872227782,4.0,-0.2959488130631411,0.8132062834307121,-0.04015564917837994,0.73185387479591
2,2.0,1.0,1.0,1,3,0.02,6,0.27671374224657486,0.3899318730957247,0.7023427429772855,2.6666666666666665,-0.2959488130631411,0.4020433757785961,-0.012111502682871422,0.4693948441246923
2,2.0,1.0,1.0,1,4,0.02,8,0.19599081309571376,0.22636033319882926,0.4880880337976581,2.0,-0.2959488130631411,0.21415343877297296,0.01220689442585629,0.3366936108289639
2,2.0,1.0,1.0,1,5,0.02,10,0.18271000418229066,0.1623919046726649,0.3751387342717388,1.6000000000000003,-0.2959488130631411,0.1324910314986916,0.029900873173973302,0.27785288487506826
2,2.0,1.0,1.0,1,6,0.02,12,0.1894550858626518,0.13447592324045704,0.30558629279403954,1.3333333333333333,-0.2959488130631411,0.09017660898143609,0.04429931425902095,0.2527664169658812
2,2.0,1.0,1.0,1,7,0.02,14,0.20346129978555916,0.12221428057173983,0.25828813833992026,1.1428571428571428,-0.2959488130631411,0.06542218903874378,0.05679209153299605,0.24561622231741229
2,2.0,1.0,1.0,1,8,0.02,16,0.22036469188035668,0.11769414195425015,0.22393258178575295,1.0,-0.2959488130631411,0.049671896132574944,0.06802224582167521,0.2487305829646419
2,2.0,1.0,1.0,1,9,0.02,18,0.23838380473367915,0.1173483139817702,0.1977903724020773,0.8888888888888888,-0.2959488130631411,0.03901970709873209,0.07832860688303811,0.25779512944646465
2,2.0,1.0,1.0,1,10,0.02,20,0.2566970388234897,0.11938321128988427,0.1772000450972843,0.8000000000000002,-0.2959488130631411,0.03147383786313279,0.08790937342675148,0.2702453627732468
2,2.0,1.0,1.0,1,11,0.02,22,0.27489289522102034,0.12282095509750796,0.16054550427667144,0.7272727272727273,-0.2959488130631411,0.025930455976899414,0.09689049912060854,0.2845419600056682
2,2.0,1.0,1.0,1,12,0.02,24,0.2927543360195739,0.1270945387444133,0.14678658061738914,0.6666666666666666,-0.2959488130631411,0.021736948364797393,0.1053575903796159,0.2997600357265325
2,2.0,1.0,1.0,1,13,0.02,26,0.3101641864625454,0.1318591692027346,0.135222324062234,0.6153846153846154,-0.2959488130631411,0.018487009845903235,0.11337215935683137,0.31534163219120626
2,2.0,1.0,1.0,1,14,0.02,28,0.32705983184907716,0.13689728140091434,0.12536251494862632,0.5714285714285714,-0.2959488130631411,0.015916765246734577,0.12098051615417976,0.3309478990117881
2,2.0,1.0,1.0,1,15,0.02,30,0.3434099402601659,0.1420676247716932,0.11685365135234317,0.5333333333333333,-0.2959488130631411,0.013848699780943441,0.12821892499074977,0.34637192387051996
2,2.0,1.0,1.0,1,16,0.02,32,0.35920179449967116,0.14727652462811275,0.109434185752953,0.5,-0.2959488130631411,0.012159782669856622,0.13511674195825613,0.361487388144529
2,2.0,1.0,1.0,1,17,0.02,34,0.3744340612211332,0.15246094042893343,0.10290632641555666,0.47058823529411764,-0.2959488130631411,0.010762536378982834,0.1416984040499506,0.37621805081051246
2,2.0,1.0,1.0,1,18,0.02,36,0.38911249550822824,0.15757810235989472,0.09711764969516717,0.4444444444444444,-0.2959488130631411,0.009593367346984294,0.14798473501291043,0.3905193334590671
2,2.0,1.0,1.0,1,19,0.02,38,0.4032473020203333,0.16259896695358028,0.0919487491548651,0.4210526315789473,-0.2959488130631411,0.008605137651718275,0.153993829301862,0.4043670026376955
2,2.0,1.0,1.0,1,20,0.02,40,0.4168514672805541,0.1675039685254266,0.08730472342021936,0.4000000000000001,-0.2959488130631411,0.007762301677682604,0.159741666847744,0.4177500784047035
2,2.0,1.0,1.0,1,21,0.02,42,0.42993968041805963,0.172280193466348,0.08310917595457021,0.3809523809523809,-0.2959488130631411,0.007037642365141983,0.165242551101206,0.43066630511527376
2,2.0,1.0,1.0,1,22,0.02,44,0.44252762093059694,0.17691946039550605,0.07929990042624077,0.36363636363636365,-0.2959488130631411,0.006410032309688785,0.17050942808581726,0.4431192054665414
2,2.0,1.0,1.0,1,23,0.02,46,0.4546314812438873,0.1814169909663788,0.07582572266570506,0.34782608695652173,-0.2959488130631411,0.005862867457876397,0.1755541235085024,0.45511613168552356
2,2.0,1.0,1.0,1,24,0.02,48,0.46626764287934686,0.18577047410944242,0.07264415217002507,0.3333333333333333,-0.2959488130631411,0.005382951825548654,0.18038752228389376,0.4666669564319704
2,2.0,1.0,1.0,1,25,0.02,50,0.47745245512039525,0.18997939742071468,0.06971961045058317,0.32,-0.2959488130631411,0.004959690582992893,0.1850197068377218,0.47778318139044096
2,2.0,1.0,1.0,1,26,0.02,52,0.4882020832748889,0.19404456311285462,0.06702207708930816,0.3076923076923077,-0.2959488130631411,0.0045844977100997775,0.18946006540275484,0.488477323131557
2,2.0,1.0,1.0,1,27,0.02,54,0.49853240492115447,0.19796773349177005,0.06452604272617328,0.2962962962962963,-0.2959488130631411,0.0042503553629781865,0.19371737812879186,0.4987624858881734
2,2.0,1.0,1.0,1,28,0.02,56,0.5084589396796151,0.20175136864005078,0.06220969060689584,0.2857142857142857,-0.2959488130631411,0.00395148208845858,0.1977998865515922,0.5086520621465674
2,2.0,1.0,1.0,1,29,0.02,58,0.517996802676912,0.2053984305996533,0.060054250421711745,0.27586206896551724,-0.2959488130631411,0.0036830801889420894,0.2017153504107112,0.5181595217932905
2,2.0,1.0,1.0,1,30,0.02,60,0.5271606749135136,0.2089122360860164,0.0580434834846855,0.26666666666666666,-0.2959488130631411,0.0034411413589923168,0.20547109472702407,0.5272982633561216
2,2.0,1.0,1.0,1,31,0.02,62,0.5359647857830837,0.21229634500650052,0.0561632690779836,0.25806451612903225,-0.2959488130631411,0.0032222957158480336,0.20907404929065249,0.5360815092587797
2,2.0,1.0,1.0,1,32,0.02,64,0.5444229043763131,0.215554475656421,0.05440126946837501,0.25,-0.2959488130631411,0.003023693489097423,0.21253078216732357,0.5445222325771322
2,2.0,1.0,1.0,1,33,0.02,66,0.5525483371558814,0.21869043997270382,0.05274665665050571,0.24242424242424246,-0.2959488130631411,0.002842911533769532,0.2158475284389343,0.552633106534278
2,2.0,1.0,1.0,1,34,0.02,68,0.5603539302553995,0.22170809399241537,0.051189887923827934,0.23529411764705882,-0.2959488130631411,0.0026778788853926705,0.2190302151070227,0.5604264705293854
2,2.0,1.0,1.0,1,35,0.02,70,0.5678520751257248,0.22461129992373802,0.049722520402530675,0.22857142857142854,-0.2959488130631411,0.002526817047978358,0.22208448287575966,0.567914308260646
2,2.0,1.0,1.0,1,36,0.02,72,0.5750547165884847,0.22740389714560294,0.04833705679005373,0.2222222222222222,-0.2959488130631411,0.002388191773187609,0.22501570537241533,0.5751082347353613
2,2.0,1.0,1.0,1,37,0.02,74,0.5819733625993857,0.2300896801138635,0.04702681643071946,0.21621621621621626,-0.2959488130631411,0.0022606738701250184,0.22782900624373847,0.582019489830017
2,2.0,1.0,1.0,1,38,0.02,76,0.5886190952008497,0.2326723816383292,0.04578582692803776,0.21052631578947364,-0.2959488130631411,0.0021431071626755727,0.23052927447565363,0.5886589366832016
2,2.0,1.0,1.0,1,39,0.02,78,0.5950025822736611,0.235155660355796,0.04460873259750681,0.2051282051282051,-0.2959488130631411,0.002034482141915428,0.23312117821388056,0.5950370636504255
2,2.0,1.0,1.0,1,40,0.02,80,0.6011340897939206,0.23754309149404423,0.043490716776982616,0.20000000000000004,-0.2959488130631411,0.0019339141851694719,0.23560917730887476,0.6011639888737612
2,2.0,1.0,1.0,1,41,0.02,82,0.607023494373536,0.239838160225187,0.042427435605097125,0.1951219512195122,-0.2959488130631411,0.001840625458672196,0.2379975347665148,0.6070494667563907
2,2.0,1.0,1.0,1,42,0.02,84,0.6126802959168509,0.2420442570612208,0.04141496133822006,0.19047619047619044,-0.2959488130631411,0.0017539298084920385,0.24029032725272875,0.6127028958071279
2,2.0,1.0,1.0,1,43,0.02,86,0.6181136302670222,0.24416467486275922,0.04044973363911443,0.18604651162790695,-0.2959488130631411,0.0016732200886632742,0.24249145477409595,0.6181333274500584
2,2.0,1.0,1.0,1,44,0.02,88,0.6233322817470144,0.2462026071228271,0.039528517558091475,0.18181818181818182,-0.2959488130631411,0.0015979574872133084,0.2446046496356138,0.6233494754918049
2,2.0,1.0,1.0,1,45,0.02,90,0.6283446955240501,0.24816114725803823,0.038648367157010935,0.17777777777777778,-0.2959488130631411,0.0015276624979354558,0.24663348476010277,0.628359726012293
2,2.0,1.0,1.0,1,46,0.02,92,0.633158989744769,0.25004328869433096,0.037806593910637794,0.17391304347826086,-0.2959488130631411,0.001461907254130923,0.24858138144020003,0.6331721475004498
2,2.0,1.0,1.0,1,47,0.02,94,0.6377829674024174,0.2518519255773898,0.0370007391684603,0.1702127659574468,-0.2959488130631411,0.0014003089943269154,0.25045161658306286,0.6377945010987002
2,2.0,1.0,1.0,1,48,0.02,96,0.6422241279086556,0.2535898539717643,0.03622855008051491,0.16666666666666666,-0.2959488130631411,0.0013425244729833863,0.2522473294987809,0.6422342508524995
2,2.0,1.0,1.0,1,49,0.02,98,0.6464896783507299,0.25525977343942324,0.0354879584889291,0.16326530612244894,-0.2959488130631411,0.0012882451629512293,0.253971528276472,0.6464985738862086
2,2.0,1.0,1.0,1,50,0.02,100,0.6505865444218417,0.256864288909821,0.034777062367196826,0.16,-0.2959488130631411,0.0012371931242433631,0.25562709578557763,0.6505943704458047
2,2.0,1.0,1.0,1,51,0.02,102,0.6545213810172206,0.25840591277051045,0.03409410945526989,0.1568627450980392,-0.2959488130631411,0.0011891174351811307,0.2572167953353293,0.6545282737640314
2,2.0,1.0,1.0,1,52,0.02,104,0.6583005824928425,0.25988706712097426,0.03343748279303925,0.15384615384615385,-0.2959488130631411,0.0011437911002209478,0.2587432760207533,0.6583066597150935
2,2.0,1.0,1.0,1,53,0.02,106,0.6619302925865698,0.2613100861433227,0.03280568789999902,0.1509433962264151,-0.2959488130631411,0.0011010083629807155,0.26020907778034197,0.6619356562351817
2,2.0,1.0,1.0,1,54,0.02,108,0.6654164140040362,0.2626772185523472,0.03219734138647295,0.14814814814814814,-0.2959488130631411,0.0010605823649045831,0.26161663618744263,0.6654211524921643
2,2.0,1.0,1.0,1,55,0.02,110,0.6687646176733794,0.26399063009458906,0.031611160813204774,0.14545454545454545,-0.2959488130631411,0.0010223430996830207,0.26296828699490604,0.6687688077933509
2,2.0,1.0,1.0,1,56,0.02,112,0.6719803516743985,0.26525240607193157,0.031045955642440927,0.14285714285714285,-0.2959488130631411,0.00098613562142974,0.26426627045050183,0.6719840602245453
2,2.0,1.0,1.0,1,57,0.02,114,0.6750688498487056,0.2664645538699473,0.03050061914577386,0.14035087719298245,-0.2959488130631411,0.0009518184713285804,0.2655127353986187,0.6750721350170541
2,2.0,1.0,1.0,1,58,0.02,116,0.6780351400982624,0.26762900547513274,0.02997412115270667,0.13793103448275862,-0.2959488130631411,0.0009192622927482463,0.2667097431823845,0.6780380526419166
2,2.0,1.0,1.0,1,59,0.02,118,0.6808840523803121,0.2687476199683315,0.02946550153971435,0.13559322033898305,-0.2959488130631411,0.0008883486095349613,0.26785927135879656,0.6808866366326936
2,2.0,1.0,1.0,1,60,0.02,120,0.6836202264069813,0.26982218598424795,0.02897386437301516,0.13333333333333333,-0.2959488130631411,0.0008589687457793427,0.2689632172384686,0.6836225211397717
2,2.0,1.0,1.0,1,61,0.02,122,0.6862481190582581,0.27085442412910193,0.02849837262969843,0.13114754098360656,-0.2959488130631411,0.0008310228687600785,0.27002340126034186,0.6862501582203135
2,2.0,1.0,1.0,1,62,0.02,124,0.6887720115169695,0.2718459893502167,0.028038243431630736,0.12903225806451613,-0.2959488130631411,0.0008044191391111677,0.27104157021110553,0.6887738248689852
2,2.0,1.0,1.0,1,63,0.02,126,0.6911960161346882,0.27279847325280976,0.02759274373492555,0.12698412698412698,-0.2959488130631411,0.0007790729548359798,0.2720194002979738,0.6911976297952078
2,2.0,1.0,1.0,1,64,0.02,128,0.6935240830372723,0.2737134063604077,0.02716118642495196,0.125,-0.2959488130631411,0.0007549062774251936,0.2729585000829825,0.6935255199532371
2,2.0,1.0,1.0,1,65,0.02,130,0.6957600064788496,0.2745922603163467,0.026742926773028076,0.12307692307692308,-0.2959488130631411,0.0007318470301310165,0.2738604132862157,0.6957612868317038
2,2.0,1.0,1.0,1,66,0.02,132,0.6979074309526934,0.2754364500245445,0.026337359216308313,0.12121212121212123,-0.2959488130631411,0.0007098285594835385,0.27472662146506094,0.6979085725095726
2,2.0,1.0,1.0,1,67,0.02,134,0.6999698570677562,0.2762473357284973,0.025943914426954505,0.11940298507462686,-0.2959488130631411,0.0006887891529341328,0.27555854657556317,0.6999708754853818
2,2.0,1.0,1.0,1,68,0.02,136,0.7019506471987857,0.2770262250278949,0.02556205664072413,0.11764705882352941,-0.2959488130631411,0.0006686716056192865,0.27635755342227564,0.7019515562870973
2,2.0,1.0,1.0,1,69,0.02,138,0.7038530309185076,0.27777437483279027,0.025191281218550736,0.11594202898550725,-0.2959488130631411,0.0006494228309714689,0.2771249520018188,0.7038538428694281
2,2.0,1.0,1.0,1,70,0.02,140,0.7056801102194988,0.2784929932555363,0.024831112417749972,0.11428571428571427,-0.2959488130631411,0.000630993509911415,0.27786199974562487,0.7056808358058725
2,2.0,1.0,1.0,1,71,0.02,142,0.707434864533593,0.27918324144107776,0.024481101352109833,0.11267605633802817,-0.2959488130631411,0.0006133377744574342,0.2785699036666203,0.7074355132823787
2,2.0,1.0,1.0,1,72,0.02,144,0.7091201555562882,0.27984623533636394,0.024140824122445777,0.1111111111111111,-0.2959488130631411,0.000596412921910372,0.27924982241445356,0.7091207358994929
2,2.0,1.0,1.0,1,73,0.02,146,0.710738731883409,0.2804830473998671,0.02380988010122372,0.1095890410958904,-0.2959488130631411,0.0005801791562984882,0.27990286824356864,0.7107392512897533
2,2.0,1.0,1.0,1,74,0.02,148,0.7122932334669763,0.28109470825235,0.02348789035663027,0.10810810810810813,-0.2959488130631411,0.0005645993540890348,0.28053010889826097,0.7122936985569931
2,2.0,1.0,1.0,1,75,0.02,150,0.7137861958972339,0.28168220827011653,0.023174496203042485,0.10666666666666669,-0.2959488130631411,0.0005496388516976203,0.2811325694184189,0.7137866125438673
2,2.0,1.0,1.0,1,76,0.02,152,0.7152200545172598,0.2822464991220934,0.02286935786621437,0.10526315789473682,-0.2959488130631411,0.000535265252381345,0.28171123386971203,0.715220427934014
2,2.0,1.0,1.0,1,77,0.02,154,0.7165971483766751,0.2827884952521593,0.02257215325273466,0.1038961038961039,-0.2959488130631411,0.0005214482506657458,0.2822670470014936,0.7165974831948203
2,2.0,1.0,1.0,1,78,0.02,156,0.7179197240304663,0.28330907530815824,0.022282576814355318,0.10256410256410255,-0.2959488130631411,0.0005081594723769789,0.28280091583578126,0.7179200243668089
2,2.0,1.0,1.0,1,79,0.02,158,0.719189939188934,0.2838090835191039,0.022000338498775526,0.10126582278481013,-0.2959488130631411,0.0004953723288197431,0.28331371119028415,0.7191902087053225
2,2.0,1.0,1.0,1,80,0.02,160,0.7204098662244467,0.2842893310220677,0.02172516277929805,0.10000000000000002,-0.2959488130631411,0.0004830618835908185,0.2838062691384769,0.7204101081800859
2,2.0,1.0,1.0,1,1,0.05,2,0.6188526404353709,0.2939645547662691,1.469799918941522,8.0,-0.2959488130631411,-0.3576948078004714,0.06373025303420232,0.7647155992753407
2,2.0,1.0,1.0,1,2,0.05,4,0.5860126022114498,0.7172582555367173,1.1511560872227782,4.0,-0.2959488130631411,0.8132062834307121,-0.0959480278939947,0.7212765953928305
2,2.0,1.0,1.0,1,3,0.05,6,0.35725644027161363,0.3739380657546775,0.7023427429772855,2.6666666666666665,-0.2959488130631411,0.4020433757785961,-0.02810531002391864,0.48589288828972077
2,2.0,1.0,1.0,1,4,0.05,8,0.31798661441728104,0.2416840905741074,0.4880880337976581,2.0,-0.2959488130631411,0.21415343877297296,0.027530651801134426,0.3905325378204527
2,2.0,1.0,1.0,1,5,0.05,10,0.3342996206784854,0.19808060123454713,0.3751387342717388,1.6000000000000003,-0.2959488130631411,0.1324910314986916,0.06558956973585553,0.37161879888191324
2,2.0,1.0,1.0,1,6,0.05,12,0.3640058064514142,0.18475772682701724,0.30558629279403954,1.3333333333333333,-0.2959488130631411,0.09017660898143609,0.09458111784558115,0.38341153199374867
2,2.0,1.0,1.0,1,7,0.05,14,0.3963396812930928,0.18352674650646955,0.25828813833992026,1.1428571428571428,-0.2959488130631411,0.06542218903874378,0.11810455746772577,0.40685562166431843
2,2.0,1.0,1.0,1,8,0.05,16,0.42793954425246006,0.18755577404866342,0.22393258178575295,1.0,-0.2959488130631411,0.049671896132574944,0.13788387791608847,0.4339055413187788
2,2.0,1.0,1.0,1,9,0.05,18,0.45765220915422844,0.1938928933454092,0.1977903724020773,0.8888888888888888,-0.2959488130631411,0.03901970709873209,0.15487318624667712,0.46118086841116923
2,2.0,1.0,1.0,1,10,0.05,20,0.4851107617853623,0.2011382576245897,0.1772000450972843,0.8000000000000002,-0.2959488130631411,0.03147383786313279,0.1696644197614569,0.4872734283958077
2,2.0,1.0,1.0,1,11,0.05,22,0.5102618354322049,0.2085888167870526,0.16054550427667144,0.7272727272727273,-0.2959488130631411,0.025930455976899414,0.1826583608101532,0.5116275046147252
2,2.0,1.0,1.0,1,12,0.05,24,0.5331845101360908,0.21588195822775624,0.14678658061738914,0.6666666666666666,-0.2959488130631411,0.021736948364797393,0.19414500986295885,0.5340687935536903
2,2.0,1.0,1.0,1,13,0.05,26,0.5540134092396596,0.22283205246869958,0.135222324062234,0.6153846153846154,-0.2959488130631411,0.018487009845903235,0.20434504262279635,0.5545982387727418
2,2.0,1.0,1.0,1,14,0.05,28,0.5729035880379176,0.22934966335929297,0.12536251494862632,0.5714285714285714,-0.2959488130631411,0.015916765246734577,0.2134328981125584,0.5732973984410198
2,2.0,1.0,1.0,1,15,0.05,30,0.5900137552022675,0.2353991934400877,0.11685365135234317,0.5333333333333333,-0.2959488130631411,0.013848699780943441,0.22155049365914425,0.5902830661944686
2,2.0,1.0,1.0,1,16,0.05,32,0.6054981165020998,0.2409756187126194,0.109434185752953,0.5,-0.2959488130631411,0.012159782669856622,0.2288158360427628,0.6056847646931441
2,2.0,1.0,1.0,1,17,0.05,34,0.6195024962778842,0.24609123211731887,0.10290632641555666,0.47058823529411764,-0.2959488130631411,0.010762536378982834,0.23532869573833604,0.6196333695165837
2,2.0,1.0,1.0,1,18,0.05,36,0.6321626653708106,0.2507678756877129,0.09711764969516717,0.4444444444444444,-0.2959488130631411,0.009593367346984294,0.24117450834072862,0.6322553732327909
2,2.0,1.0,1.0,1,19,0.05,38,0.6436038351870577,0.2550322973817393,0.0919487491548651,0.4210526315789473,-0.2959488130631411,0.008605137651718275,0.24642715973002105,0.6436701030438217
2,2.0,1.0,1.0,1,20,0.05,40,0.6539407727326461,0.258913342992022,0.08730472342021936,0.4000000000000001,-0.2959488130631411,0.007762301677682604,0.2511510413143394,0.6539885226517557
2,2.0,1.0,1.0,1,21,0.05,42,0.663278241119228,0.2624402537272022,0.08310917595457021,0.3809523809523809,-0.2959488130631411,0.007037642365141983,0.2554026113620602,0.6633128951466686
2,2.0,1.0,1.0,1,22,0.05,44,0.6717116012453614,0.265641643835928,0.07929990042624077,0.36363636363636365,-0.2959488130631411,0.006410032309688785,0.2592316115262392,0.6717369133021581
2,2.0,1.0,1.0,1,23,0.05,46,0.6793274817769059,0.2685449031327764,0.07582572266570506,0.34782608695652173,-0.2959488130631411,0.005862867457876397,0.2626820356749,0.679346077751665
2,2.0,1.0,1.0,1,24,0.05,48,0.6862044645931792,0.2711758679006108,0.07264415217002507,0.3333333333333333,-0.2959488130631411,0.005382951825548654,0.26579291607506217,0.6862181983635964
2,2.0,1.0,1.0,1,25,0.05,50,0.6924137558693151,0.2735586622281134,0.06971961045058317,0.32,-0.2959488130631411,0.004959690582992893,0.26859897164512053,0.6924239472235166
2,2.0,1.0,1.0,1,26,0.05,52,0.6980198264341304,0.27571564747581695,0.06702207708930816,0.3076923076923077,-0.2959488130631411,0.0045844977100997775,0.27113114976571717,0.6980274220475293
2,2.0,1.0,1.0,1,27,0.05,54,0.7030810130356691,0.277667439696847,0.06452604272617328,0.2962962962962963,-0.2959488130631411,0.0042503553629781865,0.2734170843338688,0.7030866966149377
2,2.0,1.0,1.0,1,28,0.05,56,0.7076500769222993,0.2794329688412826,0.06220969060689584,0.2857142857142857,-0.2959488130631411,0.00395148208845858,0.275481486752824,0.7076543453396803
2,2.0,1.0,1.0,1,29,0.05,58,0.7117747189970758,0.281029562576395,0.060054250421711745,0.27586206896551724,-0.2959488130631411,0.0036830801889420894,0.2773464823874529,0.7117779354068106
2,2.0,1.0,1.0,1,30,0.05,60,0.7154980524815197,0.2824730434255895,0.0580434834846855,0.26666666666666666,-0.2959488130631411,0.0034411413589923168,0.27903190206659717,0.7155004836928047
2,2.0,1.0,1.0,1,31,0.05,62,0.7188590349828449,0.28377783180250415,0.0561632690779836,0.25806451612903225,-0.2959488130631411,0.0032222957158480336,0.2805555360866561,0.718860877960402
2,2.0,1.0,1.0,1,32,0.05,64,0.7218928623695904,0.28495705009781186,0.05440126946837501,0.25,-0.2959488130631411,0.003023693489097423,0.28193335660871444,0.7218942631590533
2,2.0,1.0,1.0,1,33,0.05,66,0.7246313270938392,0.28602262470918055,0.05274665665050571,0.24242424242424246,-0.2959488130631411,0.002842911533769532,0.283179713175411,0.7246323944261034
2,2.0,1.0,1.0,1,34,0.05,68,0.7271031436595292,0.2869853840742627,0.051189887923827934,0.23529411764705882,-0.2959488130631411,0.0026778788853926705,0.28430750518887005,0.7271039587892565
2,2.0,1.0,1.0,1,35,0.05,70,0.7293342438925982,0.2878551515577179,0.049722520402530675,0.22857142857142854,-0.2959488130631411,0.002526817047978358,0.28532833450973955,0.7293348677530755
2,2.0,1.0,1.0,1,36,0.05,72,0.7313480445628402,0.28864083257800555,0.04833705679005373,0.2222222222222222,-0.2959488130631411,0.002388191773187609,0.28625264080481794,0.731348522996073
2,2.0,1.0,1.0,1,37,0.05,74,0.7331656897664032,0.28935049571932325,0.04702681643071946,0.21621621621621626,-0.2959488130631411,0.0022606738701250184,0.28708982184919823,0.7331660573644965
2,2.0,1.0,1.0,1,38,0.05,76,0.73480627031954,0.2899914478134585,0.04578582692803776,0.21052631578947364,-0.2959488130631411,0.0021431071626755727,0.2878483406507829,0.7348065532586322
2,2.0,1.0,1.0,1,39,0.05,78,0.7362870222497321,0.2905703031326316,0.04460873259750681,0.2051282051282051,-0.2959488130631411,0.002034482141915428,0.2885358209907162,0.736287240389349
2,2.0,1.0,1.0,1,40,0.05,80,0.7376235063067125,0.2910930469333992,0.043490716776982616,0.20000000000000004,-0.2959488130631411,0.0019339141851694719,0.28915913274822974,0.7376236747508671
2,2.0,1.0,1.0,1,41,0.05,82,0.7388297702573258,0.29156509365088396,0.042427435605097125,0.1951219512195122,-0.2959488130631411,0.001840625458672196,0.28972446819221176,0.7388299005195674
2,2.0,1.0,1.0,1,42,0.05,84,0.7399184955775979,0.2919913400744729,0.04141496133822006,0.19047619047619044,-0.2959488130631411,0.0017539298084920385,0.2902374102659809,0.7399185964533681
2,2.0,1.0,1.0,1,43,0.05,86,0.74090113001376,0.29237621384922136,0.04044973363911443,0.18604651162790695,-0.2959488130631411,0.0016732200886632742,0.2907029937605581,0.7409012082356266
2,2.0,1.0,1.0,1,44,0.05,88,0.7417880073522383,0.2927237176475899,0.039528517558091475,0.18181818181818182,-0.2959488130631411,0.0015979574872133084,0.2911257601603766,0.7417880680834967
2,2.0,1.0,1.0,1,45,0.05,90,0.7425884556167661,0.2930374693481151,0.038648367157010935,0.17777777777777778,-0.2959488130631411,0.0015276624979354558,0.29150980685017963,0.7425885028243092
2,2.0,1.0,1.0,1,46,0.05,92,0.7433108947986802,0.29332073854415147,0.037806593910637794,0.17391304347826086,-0.2959488130631411,0.001461907254130923,0.29185883129002055,0.7433109315353269
2,2.0,1.0,1.0,1,47,0.05,94,0.7439629251235134,0.29357647968906136,0.0370007391684603,0.1702127659574468,-0.2959488130631411,0.0014003089943269154,0.29217617069473445,0.7439629537424107
2,2.0,1.0,1.0,1,48,0.05,96,0.7445514067632735,0.2938073621656282,0.03622855008051491,0.16666666666666666,-0.2959488130631411,0.0013425244729833863,0.2924648376926448,0.7445514290809462
2,2.0,1.0,1.0,1,49,0.05,98,0.745082531817753,0.2940157975480903,0.0354879584889291,0.16326530612244894,-0.2959488130631411,0.0012882451629512293,0.2927275523851391,0.7450825492385227
2,2.0,1.0,1.0,1,50,0.05,100,0.7455618893105654,0.29420396430572093,0.034777062367196826,0.16,-0.2959488130631411,0.0012371931242433631,0.29296677118147757,0.7455619029215225
2,2.0,1.0,1.0,1,51,0.05,102,0.745994523874282,0.2943738301778159,0.03409410945526989,0.1568627450980392,-0.2959488130631411,0.0011891174351811307,0.29318471274263475,0.745994534518041
2,2.0,1.0,1.0,1,52,0.05,104,0.7463849887349538,0.294527172431585,0.03343748279303925,0.15384615384615385,-0.2959488130631411,0.0011437911002209478,0.29338338133136405,0.7463849970654219
2,2.0,1.0,1.0,1,53,0.05,106,0.7467373935476699,0.2946655961969982,0.03280568789999902,0.1509433962264151,-0.2959488130631411,0.0011010083629807155,0.2935645878340175,0.7467374000729041
2,2.0,1.0,1.0,1,54,0.05,108,0.7470554475819539,0.29479055105620977,0.03219734138647295,0.14814814814814814,-0.2959488130631411,0.0010605823649045831,0.2937299686913052,0.7470554526971281
2,2.0,1.0,1.0,1,55,0.05,110,0.7473424987077655,0.2949033460498262,0.031611160813204774,0.14545454545454545,-0.2959488130631411,0.0010223430996830207,0.2938810029501432,0.7473425027205772
2,2.0,1.0,1.0,1,56,0.05,112,0.7476015685894646,0.2950051632480196,0.031045955642440927,0.14285714285714285,-0.2959488130631411,0.00098613562142974,0.2940190276265899,0.7476015717397432
2,2.0,1.0,1.0,1,57,0.05,114,0.747835384455794,0.29509707002129354,0.03050061914577386,0.14035087719298245,-0.2959488130631411,0.0009518184713285804,0.29414525154996496,0.7478353869306342
2,2.0,1.0,1.0,1,58,0.05,116,0.7480464077783219,0.2951800301335436,0.02997412115270667,0.13793103448275862,-0.2959488130631411,0.0009192622927482463,0.29426076784079536,0.7480464097238309
2,2.0,1.0,1.0,1,59,0.05,118,0.7482368601587444,0.29525491376888374,0.02946550153971435,0.13559322033898305,-0.2959488130631411,0.0008883486095349613,0.2943665651593488,0.7482368616891034
2,2.0,1.0,1.0,1,60,0.05,120,0.7484087466962096,0.29532250659347586,0.02897386437301516,0.13333333333333333,-0.2959488130631411,0.0008589687457793427,0.2944635378476965,0.7484087479007545
2,2.0,1.0,1.0,1,61,0.05,122,0.7485638770797445,0.2953835179442258,0.02849837262969843,0.13114754098360656,-0.2959488130631411,0.0008310228687600785,0.2945524950754657,0.7485638780283964
2,2.0,1.0,1.0,1,62,0.05,124,0.7487038846268714,0.2954385882276667,0.028038243431630736,0.12903225806451613,-0.2959488130631411,0.0008044191391111677,0.29463416908855555,0.7487038853744189
2,2.0,1.0,1.0,1,63,0.05,126,0.7488302434682967,0.29548829560455575,0.02759274373492555,0.12698412698412698,-0.2959488130631411,0.0007790729548359798,0.29470922264971977,0.7488302440576955
2,2.0,1.0,1.0,1,64,0.05,128,0.7489442840589573,0.2955331620286113,0.02716118642495196,0.125,-0.2959488130631411,0.0007549062774251936,0.2947782557511861,0.7489442845239236
2,2.0,1.0,1.0,1,65,0.05,130,0.7490472071783532,0.29557365870136093,0.026742926773028076,0.12307692307692308,-0.2959488130631411,0.0007318470301310165,0.2948418116712299,0.7490472075453232
2,2.0,1.0,1.0,1,66,0.05,132,0.7491400965670524,0.29561021099921186,0.026337359216308313,0.12121212121212123,-0.2959488130631411,0.0007098285594835385,0.2949003824397283,0.7491400968568408
2,2.0,1.0,1.0,1,67,0.05,134,0.749223930332378,0.2956432029235182,0.025943914426954505,0.11940298507462686,-0.2959488130631411,0.0006887891529341328,0.29495441377058407,0.7492239305613134
2,2.0,1.0,1.0,1,68,0.05,136,0.7492995912427789,0.2956729811195969,0.02556205664072413,0.11764705882352941,-0.2959488130631411,0.0006686716056192865,0.2950043095139776,0.74929959142374
2,2.0,1.0,1.0,1,69,0.05,138,0.7493678760194011,0.2956998585062562,0.025191281218550736,0.11594202898550725,-0.2959488130631411,0.0006494228309714689,0.2950504356752847,0.7493678761625076
2,2.0,1.0,1.0,1,70,0.05,140,0.7494295037222661,0.2957241175534198,0.024831112417749972,0.11428571428571427,-0.2959488130631411,0.000630993509911415,0.2950931240435084,0.749429503835476
2,2.0,1.0,1.0,1,71,0.05,142,0.7494851233193518,0.29574601324184524,0.024481101352109833,0.11267605633802817,-0.2959488130631411,0.0006133377744574342,0.2951326754673878,0.7494851234089419
2,2.0,1.0,1.0,1,72,0.05,144,0.749535320518145,0.2957657757356642,0.024140824122445777,0.1111111111111111,-0.2959488130631411,0.000596412921910372,0.29516936281375383,0.7495353205890813
2,2.0,1.0,1.0,1,73,0.05,146,0.749580623931505,0.2957836127955156,0.02380988010122372,0.1095890410958904,-0.2959488130631411,0.0005801791562984882,0.29520343363921714,0.749580623987691
2,2.0,1.0,1.0,1,74,0.05,148,0.7496215106426163,0.29579971195739135,0.02348789035663027,0.10810810810810813,-0.2959488130631411,0.0005645993540890348,0.2952351126033023,0.7496215106871471
2,2.0,1.0,1.0,1,75,0.05,150,0.7496584112276917,0.29581424249987076,0.023174496203042485,0.10666666666666669,-0.2959488130631411,0.0005496388516976203,0.29526460364817314,0.7496584112629864
2,2.0,1.0,1.0,1,76,0.05,152,0.7496917142891023,0.2958273572202514,0.02286935786621437,0.10526315789473682,-0.2959488130631411,0.000535265252381345,0.29529209196787004,0.7496917143170916
2,2.0,1.0,1.0,1,77,0.05,154,0.7497217705468027,0.29583919403810194,0.02257215325273466,0.1038961038961039,-0.2959488130631411,0.0005214482506657458,0.2953177457874362,0.7497217705690028
2,2.0,1.0,1.0,1,78,0.05,156,0.749748896530932,0.2958498774429665,0.022282576814355318,0.10256410256410255,-0.2959488130631411,0.0005081594723769789,0.2953417179705895,0.7497488965485473
2,2.0,1.0,1.0,1,79,0.05,158,0.7497733779145634,0.29585951980134595,0.022000338498775526,0.10126582278481013,-0.2959488130631411,0.0004953723288197431,0.2953641474725262,0.7497733779285464
2,2.0,1.0,1.0,1,80,0.05,160,0.7497954725216023,0.29586822253660333,0.02172516277929805,0.10000000000000002,-0.2959488130631411,0.0004830618835908185,0.2953851606530125,0.7497954725327078
2,2.0,1.0,1.0,2,1,0.0,2,0.9798058191661821,1.0095738046109874,1.86187861626067,10.666666666666666,-0.2959488130631411,1.0095738046109872,1.1102230246251565e-16,0.9898514126707005
2,2.0,1.0,1.0,2,2,0.0,4,0.36106776470288326,0.3259394984052586,0.927161577989269,2.6666666666666665,-0.2959488130631411,0.32593949840525854,5.551115123125783e-17,0.6008891451032237
2,2.0,1.0,1.0,2,3,0.0,6,0.06546089814807643,0.030817274783916215,0.3723145878239691,1.1851851851851847,-0.2959488130631411,0.03081727478391605,1.6653345369377348e-16,0.2558532746479455
2,2.0,1.0,1.0,2,4,0.0,8,0.018418045987416143,0.0049739356109737565,0.19591093370690885,0.6666666666666666,-0.2959488130631411,0.0049739356109742006,-4.440892098500626e-16,0.1357131017529852
2,2.0,1.0,1.0,2,5,0.0,10,0.007080208349427464,0.0005728149800947602,0.12122376870437948,0.42666666666666675,-0.2959488130631411,0.0005728149800947047,5.551115123125783e-17,0.08414397393412915
2,2.0,1.0,1.0,2,6,0.0,12,0.0032929521544475815,0.00042287580560002036,0.08261223519058486,0.29629629629629617,-0.2959488130631411,-0.0004228758055998538,-1.6653345369377348e-16,0.05738425005563677
2,2.0,1.0,1.0,2,7,0.0,14,0.0017381740222475184,0.0006370996598665246,0.060000972441956894,0.2176870748299319,-0.2959488130631411,-0.0006370996598665246,0.0,0.041691414250968756
2,2.0,1.0,1.0,2,8,0.0,16,0.0010040346793998012,0.0006392160546230263,0.045594607805346556,0.16666666666666666,-0.2959488130631411,-0.0006392160546229153,-1.1102230246251565e-16,0.03168650626685862
2,2.0,1.0,1.0,2,9,0.0,18,0.0006204888129524022,0.0005833768971432174,0.03583969858857737,0.13168724279835387,-0.2959488130631411,-0.0005833768971434949,2.7755575615628914e-16,0.024909612862401623
2,2.0,1.0,1.0,2,10,0.0,20,0.0004041455970049679,0.0005164498598735912,0.02892279677885189,0.10666666666666669,-0.2959488130631411,-0.0005164498598734801,-1.1102230246251565e-16,0.020103372776846685
2,2.0,1.0,1.0,2,11,0.0,22,0.0002745468819314034,0.0004530350710478248,0.023837592942125802,0.0881542699724518,-0.2959488130631411,-0.0004530350710476583,-1.6653345369377348e-16,0.016569456295582728
2,2.0,1.0,1.0,2,12,0.0,24,0.00019305009593928446,0.00039713082143338907,0.019988361312726202,0.07407407407407404,-0.2959488130631411,-0.00039713082143322254,-1.6653345369377348e-16,0.013894246864681669
2,2.0,1.0,1.0,2,13,0.0,26,0.00013970894540782375,0.00034914448705286594,0.01700378673043368,0.0631163708086785,-0.2959488130631411,-0.00034914448705297696,1.1102230246251565e-16,0.011819853865898323
2,2.0,1.0,1.0,2,14,0.0,28,0.0001036036641967053,0.000308329837162058,0.014642480656845295,0.05442176870748298,-0.2959488130631411,-0.0003083298371622245,1.6653345369377348e-16,0.01017858851683067
2,2.0,1.0,1.0,2,15,0.0,30,7.845586730637066e-05,0.0002736620981977911,0.012741920279782906,0.047407407407407405,-0.2959488130631411,-0.00027366209819768006,-1.1102230246251565e-16,0.008857531671132528
2,2.0,1.0,1.0,2,16,0.0,32,6.050286083880696e-05,0.00024414606521078186,0.011189386197347719,0.041666666666666664,-0.2959488130631411,-0.00024414606521067084,-1.1102230246251565e-16,0.007778358492517479
2,2.0,1.0,1.0,2,17,0.0,34,4.74079166208341e-05,0.00021891172040994222,0.009904684859292644,0.03690888119953864,-0.2959488130631411,-0.00021891172041021978,2.7755575615628914e-16,0.006885340705050029
2,2.0,1.0,1.0,2,18,0.0,36,3.767433874579673e-05,0.00019723042073999109,0.008829488516872534,0.032921810699588466,-0.2959488130631411,-0.00019723042073993557,-5.551115123125783e-17,0.006137942549663865
2,2.0,1.0,1.0,2,19,0.0,38,3.0317170291782602e-05,0.00017850320181345136,0.007920543826146322,0.02954755309325946,-0.2959488130631411,-0.00017850320181345136,0.0,0.005506103004328857
2,2.0,1.0,1.0,2,20,0.0,40,2.467252434734668e-05,0.0001622412974954246,0.007145222363112229,0.026666666666666672,-0.2959488130631411,-0.00016224129749559113,1.6653345369377348e-16,0.004967144486002424
2,2.0,1.0,1.0,2,21,0.0,42,2.0283285018130037e-05,0.0001480464682604432,0.006478532749439517,0.024187452758881324,-0.2959488130631411,-0.00014804646826077628,3.3306690738754696e-16,0.00450369681680576
2,2.0,1.0,1.0,2,22,0.0,44,1.6828637231958155e-05,0.0001355936991132567,0.005901069885197567,0.02203856749311295,-0.2959488130631411,-0.0001355936991128126,-4.440892098500626e-16,0.004102272204034283
2,2.0,1.0,1.0,2,23,0.0,46,1.4079513487974538e-05,0.00012461683223358166,0.0053975795736767975,0.0201638311279143,-0.2959488130631411,-0.0001246168322333041,-2.7755575615628914e-16,0.0037522677786157445
2,2.0,1.0,1.0,2,24,0.0,48,1.1869782168827392e-05,0.00011489695558347668,0.004955936036251345,0.01851851851851851,-0.2959488130631411,-0.0001148969555840873,6.106226635438361e-16,0.0034452550215025653
2,2.0,1.0,1.0,2,25,0.0,50,1.0077230865324083e-05,0.00010625313858853014,0.00456640186036809,0.017066666666666667,-0.2959488130631411,-0.0001062531385888632,3.3306690738754696e-16,0.003174465445396288
2,2.0,1.0,1.0,2,26,0.0,52,8.610779085538312e-06,9.85350799173057e-05,0.0042210845576475696,0.015779092702169626,-0.2959488130631411,-9.853507991786081e-05,5.551115123125783e-16,0.0029344129029462334
2,2.0,1.0,1.0,2,27,0.0,54,7.401732589396026e-06,9.161727911127793e-05,0.003913532188925763,0.014631915866483764,-0.2959488130631411,-9.161727911088935e-05,-3.885780586188048e-16,0.0027206125383336987
2,2.0,1.0,1.0,2,28,0.0,56,6.397708062766405e-06,8.539440973642787e-05,0.003638428799900663,0.013605442176870744,-0.2959488130631411,-8.539440973598378e-05,-4.440892098500626e-16,0.002529369104005944
2,2.0,1.0,1.0,2,29,0.0,58,5.55835195847898e-06,7.977763564676055e-05,0.0033913624582595234,0.012683313515655964,-0.2959488130631411,-7.977763564698259e-05,2.220446049250313e-16,0.0023576157346919817
2,2.0,1.0,1.0,2,30,0.0,60,4.852283260747825e-06,7.469166700990737e-05,0.0031686467562148904,0.011851851851851851,-0.2959488130631411,-7.46916670100739e-05,1.6653345369377348e-16,0.0022027898803531924
2,2.0,1.0,1.0,2,31,0.0,62,4.25488359190318e-06,7.00723972004158e-05,0.002967182137960845,0.01109954908081859,-0.2959488130631411,-7.00723972004158e-05,0.0,0.0020627369184596945
2,2.0,1.0,1.0,2,32,0.0,64,3.7466813131992183e-06,6.586499723321149e-05,0.0027843472070658536,0.010416666666666666,-0.2959488130631411,-6.586499723332251e-05,1.1102230246251565e-16,0.0019356346035057188
2,2.0,1.0,1.0,2,33,0.0,66,3.3121574375405416e-06,6.202237176827774e-05,0.0026179128257068723,0.009794918885827977,-0.2959488130631411,-6.202237176827774e-05,0.0,0.001819933358047221
2,2.0,1.0,1.0,2,34,0.0,68,2.9388543741903916e-06,5.850390208977929e-05,0.002465973700743102,0.00922722029988466,-0.2959488130631411,-5.850390208911316e-05,-6.661338147750939e-16,0.0017143087181890693
2,2.0,1.0,1.0,2,35,0.0,70,2.6167047708636204e-06,5.52744177579334e-05,0.0023268935019214233,0.008707482993197277,-0.2959488130631411,-5.527441775726727e-05,-6.661338147750939e-16,0.0016176231848959856
2,2.0,1.0,1.0,2,36,0.0,72,2.3375211748444258e-06,5.230335152495158e-05,0.0021992605363465407,0.008230452674897117,-0.2959488130631411,-5.2303351525617714e-05,6.661338147750939e-16,0.0015288954127642082
2,2.0,1.0,1.0,2,37,0.0,74,2.094605401348204e-06,4.9564041502303535e-05,0.0020818517200636728,0.0077915753591429274,-0.2959488130631411,-4.956404150258109e-05,2.7755575615628914e-16,0.0014472751660262481
2,2.0,1.0,1.0,2,38,0.0,76,1.8824466672118234e-06,4.703315247983619e-05,0.001973603117521951,0.007386888273314865,-0.2959488130631411,-4.703315248022477e-05,3.885780586188048e-16,0.0013720228398713453
2,2.0,1.0,1.0,2,39,0.0,78,1.6964870374058805e-06,4.4690193901408826e-05,0.0018735857149208349,0.007012930089853165,-0.2959488130631411,-4.4690193900853714e-05,-5.551115123125783e-16,0.0013024926198363768
2,2.0,1.0,1.0,2,40,0.0,80,1.5329375617767482e-06,4.251711671937608e-05,0.0017809853908134006,0.006666666666666668,-0.2959488130631411,-4.251711671920955e-05,-1.6653345369377348e-16,0.0012381185587645633
2,2.0,1.0,1.0,2,41,0.0,82,1.3886336378554631e-06,4.049797478283823e-05,0.0016950862727701454,0.006345429307951616,-0.2959488130631411,-4.04979747831713e-05,3.3306690738754696e-16,0.0011784030074384298
2,2.0,1.0,1.0,2,42,0.0,84,1.260920025947243e-06,3.8618639431109436e-05,0.0016152568411809671,0.006046863189720331,-0.2959488130631411,-3.861863943038779e-05,-7.216449660063518e-16,0.0011229069548129465
2,2.0,1.0,1.0,2,43,0.0,86,1.1475592766041487e-06,3.686655793627702e-05,0.001540938273797609,0.005768884081485487,-0.2959488130631411,-3.686655793649907e-05,2.220446049250313e-16,0.0010712419258298179
2,2.0,1.0,1.0,2,44,0.0,88,1.0466582279766712e-06,3.523054835735673e-05,0.0014716346272951604,0.005509641873278237,-0.2959488130631411,-3.523054835757877e-05,2.220446049250313e-16,0.0010230631561955984
2,2.0,1.0,1.0,2,45,0.0,90,9.566088339241219e-07,3.3700624685939484e-05,0.0014069045321692174,0.005267489711934158,-0.2959488130631411,-3.370062468532886e-05,-6.106226635438361e-16,0.0009780638191138106
2,2.0,1.0,1.0,2,46,0.0,92,8.760400634910681e-07,3.2267847340505806e-05,0.0013463541400975897,0.005040957781978575,-0.2959488130631411,-3.226784734083887e-05,3.3306690738754696e-16,0.0009359701226673863
2,2.0,1.0,1.0,2,47,0.0,94,8.037788318260297e-07,3.0924194909853764e-05,0.001289631112399547,0.004828730949147427,-0.2959488130631411,-3.092419490874354e-05,-1.1102230246251565e-15,0.0008965371308802806
2,2.0,1.0,1.0,2,48,0.0,96,7.388179443790222e-07,2.966245377661325e-05,0.0012364194775678302,0.004629629629629628,-0.2959488130631411,-2.9662453776391207e-05,-2.220446049250313e-16,0.0008595451889229209
2,2.0,1.0,1.0,2,49,0.0,98,6.802898582236594e-07,2.8476122825804584e-05,0.0011864352171464295,0.004442593363876162,-0.2959488130631411,-2.847612282663725e-05,8.326672684688674e-16,0.0008247968546165265
2,2.0,1.0,1.0,2,50,0.0,100,6.274449997345499e-07,2.7359330970533335e-05,0.001139422464385526,0.004266666666666667,-0.2959488130631411,-2.7359330969478624e-05,-1.0547118733938987e-15,0.0007921142559031446
2,2.0,1.0,1.0,2,51,0.0,102,5.796337317898193e-07,2.630676556730771e-05,0.0010951502203341889,0.004100986799948737,-0.2959488130631411,-2.6306765567640777e-05,3.3306690738754696e-16,0.0007613368080100794
2,2.0,1.0,1.0,2,52,0.0,104,5.362914617945691e-07,2.5313610085897498e-05,0.0010534095083950244,0.0039447731755424065,-0.2959488130631411,-2.5313610085786475e-05,-1.1102230246251565e-16,0.0007323192354120008
2,2.0,1.0,1.0,2,53,0.0,106,4.969260889442495e-07,2.4375489740935397e-05,0.0010140109016661338,0.0037973181440607564,-0.2959488130631411,-2.437548974104642e-05,1.1102230246251565e-16,0.0007049298529406909
2,2.0,1.0,1.0,2,54,0.0,108,4.611076324101404e-07,2.348842389271466e-05,0.000976782368291355,0.003657978966620941,-0.2959488130631411,-2.3488423893047727e-05,3.3306690738754696e-16,0.0006790490679479846
2,2.0,1.0,1.0,2,55,0.0,110,4.284593564385375e-07,2.2648784344603268e-05,0.0009415673888985787,0.0035261707988980713,-0.2959488130631411,-2.2648784345824513e-05,1.2212453270876722e-15,0.0006545680716214252
2,2.0,1.0,1.0,2,56,0.0,112,3.986504116815226e-07,2.1853258648674156e-05,0.0009082233075491573,0.003401360544217686,-0.2959488130631411,-2.1853258649229268e-05,5.551115123125783e-16,0.0006313876926234028
2,2.0,1.0,1.0,2,57,0.0,114,3.713895532220235e-07,2.1098817791942448e-05,0.0008766198836842333,0.0032830614548066068,-0.2959488130631411,-2.1098817791165292e-05,-7.771561172376096e-16,0.00060941739045161
2,2.0,1.0,1.0,2,58,0.0,116,3.4641979929084243e-07,2.0382687667963584e-05,0.0008466380175188858,0.003170828378913991,-0.2959488130631411,-2.0382687668518695e-05,5.551115123125783e-16,0.0005885743693792725
2,2.0,1.0,1.0,2,59,0.0,118,3.235138770207868e-07,1.9702323842796243e-05,0.0008181686255674874,0.0030642535669826677,-0.2959488130631411,-1.970232384262971e-05,-1.6653345369377348e-16,0.0005687827967490095
2,2.0,1.0,1.0,2,60,0.0,120,3.0247041360453863e-07,1.9055389137212497e-05,0.0007911116463902482,0.002962962962962963,-0.2959488130631411,-1.905538913687943e-05,-3.3306690738754696e-16,0.0005499731118129136
2,2.0,1.0,1.0,2,61,0.0,122,2.8311062838515255e-07,1.8439733764752386e-05,0.0007653751596362992,0.0028666129176744604,-0.2959488130631411,-1.843973376491892e-05,1.6653345369377348e-16,0.0005320814132989161
2,2.0,1.0,1.0,2,62,0.0,124,2.652753783305428e-07,1.785337762721939e-05,0.0007408746038374554,0.0027748872702046475,-0.2959488130631411,-1.7853377628218592e-05,9.992007221626409e-16,0.0005150489156712604
2,2.0,1.0,1.0,2,63,0.0,126,2.4882283455873733e-07,1.7294494530140092e-05,0.0007175320805178105,0.002687494750986814,-0.2959488130631411,-1.729449452864129e-05,-1.4988010832439613e-15,0.0004988214653369063
2,2.0,1.0,1.0,2,64,0.0,128,2.3362637402435382e-07,1.6761398059228494e-05,0.0006952757338904808,0.0026041666666666665,-0.2959488130631411,-1.6761398059894628e-05,6.661338147750939e-16,0.00048334910944991083
2,2.0,1.0,1.0,2,65,0.0,130,2.1957256080007426e-07,1.6252529013993655e-05,0.0006740391969085587,0.0025246548323471403,-0.2959488130631411,-1.6252529013105477e-05,-8.881784197001252e-16,0.00046858571081671515
2,2.0,1.0,1.0,2,66,0.0,132,2.0655987664763842e-07,1.5766444020293147e-05,0.000653761095670401,0.002448729721456994,-0.2959488130631411,-1.5766444020848258e-05,5.551115123125783e-16,0.0004544886033621828
2,2.0,1.0,1.0,2,67,0.0,134,1.9449713906105615e-07,1.5301805409928537e-05,0.000634384605268746,0.0023761788074552607,-0.2959488130631411,-1.5301805410261604e-05,3.3306690738754696e-16,0.0004410182833844915
2,2.0,1.0,1.0,2,68,0.0,136,1.8330227091745144e-07,1.4857372107712763e-05,0.0006158570510588869,0.002306805074971165,-0.2959488130631411,-1.4857372108434408e-05,7.216449660063518e-16,0.00042813813235440933
2,2.0,1.0,1.0,2,69,0.0,138,1.7290140341685856e-07,1.4431991360919216e-05,0.0005981295501215469,0.002240425680879367,-0.2959488130631411,-1.4431991361196772e-05,2.7755575615628914e-16,0.0004158141676708729
2,2.0,1.0,1.0,2,70,0.0,140,1.6322794738066193e-07,1.4024591305450418e-05,0.0005811566883512755,0.0021768707482993192,-0.2959488130631411,-1.4024591304451217e-05,-9.992007221626409e-16,0.00040401481818468045
2,2.0,1.0,1.0,2,71,0.0,142,1.5422173715862186e-07,1.36341742862367e-05,0.0005648962291761126,0.0021159822786484166,-0.2959488130631411,-1.3634174284626877e-05,-1.609823385706477e-15,0.00039271072170699267
2,2.0,1.0,1.0,2,72,0.0,144,1.4582816987296354e-07,1.3259810828558649e-05,0.0005493088504389163,0.002057613168724279,-0.2959488130631411,-1.3259810829169272e-05,6.106226635438361e-16,0.0003818745420891514
2,2.0,1.0,1.0,2,73,0.0,146,1.3799801079628082e-07,1.2900634019152868e-05,0.0005343579063236958,0.002001626321386126,-0.2959488130631411,-1.2900634019319401e-05,1.6653345369377348e-16,0.00037148080373144705
2,2.0,1.0,1.0,2,74,0.0,148,1.3068638538005217e-07,1.2555834650262998e-05,0.0005200092117031693,0.0019478938397857319,-0.2959488130631411,-1.2555834650929132e-05,6.661338147750939e-16,0.0003615057416514755
2,2.0,1.0,1.0,2,75,0.0,150,1.2385272551984627e-07,1.2224656566195424e-05,0.0005062308464637518,0.0018962962962962965,-0.2959488130631411,-1.222465656597338e-05,-2.220446049250313e-16,0.0003519271654684542
2,2.0,1.0,1.0,2,76,0.0,152,1.1745996908452128e-07,1.1906392646532371e-05,0.0004929929777609627,0.0018467220683287162,-0.2959488130631411,-1.190639264553317e-05,-9.992007221626409e-16,0.0003427243358335775
2,2.0,1.0,1.0,2,77,0.0,154,1.1147443590431294e-07,1.1600380990073322e-05,0.0004802676983407671,0.0017990667341316693,-0.2959488130631411,-1.1600380991516612e-05,1.4432899320127035e-15,0.00033387785202588485
2,2.0,1.0,1.0,2,78,0.0,156,1.0586535093004557e-07,1.1306001512501052e-05,0.00046802887927931385,0.0017532325224632913,-0.2959488130631411,-1.1306001512556563e-05,5.551115123125783e-17,0.0003253695496026013
2,2.0,1.0,1.0,2,79,0.0,158,1.0060466237860055e-07,1.1022672812610601e-05,0.00045625203570217666,0.0017091278107140948,-0.2959488130631411,-1.1022672811999978e-05,-6.106226635438361e-16,0.0003171824070226421
2,2.0,1.0,1.0,2,80,0.0,160,9.566676839600774e-08,1.0749849297664316e-05,0.00044491420418194384,0.001666666666666667,-0.2959488130631411,-1.0749849298996583e-05,1.3322676295501878e-15,0.000309300460439047
2,2.0,1.0,1.0,2,1,0.0002,2,0.9797139060307485,1.009288383159368,1.86187861626067,10.666666666666666,-0.2959488130631411,1.0095738046109872,-0.00028542145161936094,0.9897534525932191
2,2.0,1.0,1.0,2,2,0.0002,4,0.36137881715982956,0.3259155130537896,0.927161577989269,2.6666666666666665,-0.2959488130631411,0.32593949840525854,-2.3985351468969185e-05,0.6008488865981504
2,2.0,1.0,1.0,2,3,0.0002,6,0.06628193445634711,0.031135273593342727,0.3723145878239691,1.1851851851851847,-0.2959488130631411,0.03081727478391605,0.00031799880942667835,0.25600034666945315
2,2.0,1.0,1.0,2,4,0.0002,8,0.019587758069714467,0.005439169653358833,0.19591093370690885,0.6666666666666666,-0.2959488130631411,0.0049739356109742006,0.0004652340423846324,0.13600664043121757
2,2.0,1.0,1.0,2,5,0.0002,10,0.0085647113900571,0.0011630355829257977,0.12122376870437948,0.42666666666666675,-0.2959488130631411,0.0005728149800947047,0.000590220602831093,0.08456535108709626
2,2.0,1.0,1.0,2,6,0.0002,12,0.005083079076284025,0.0002876343478060428,0.08261223519058486,0.29629629629629617,-0.2959488130631411,-0.0004228758055998538,0.0007105101534058966,0.05792729690720977
2,2.0,1.0,1.0,2,7,0.0002,14,0.003830585639678863,0.00019226218621876123,0.060000972441956894,0.2176870748299319,-0.2959488130631411,-0.0006370996598665246,0.0008293618460852858,0.042355643252501546
2,2.0,1.0,1.0,2,8,0.0002,16,0.0033972299411140217,0.00030844334386553873,0.045594607805346556,0.16666666666666666,-0.2959488130631411,-0.0006392160546229153,0.000947659398488454,0.03247495802331439
2,2.0,1.0,1.0,2,9,0.0002,18,0.0033136737388994586,0.0004823261440222715,0.03583969858857737,0.13168724279835387,-0.2959488130631411,-0.0005833768971434949,0.0010657030411657664,0.025828129704190815
2,2.0,1.0,1.0,2,10,0.0002,20,0.0033968389166302293,0.0006671607572865668,0.02892279677885189,0.10666666666666669,-0.2959488130631411,-0.0005164498598734801,0.001183610617160047,0.021160366909562196
2,2.0,1.0,1.0,2,11,0.0002,22,0.003566420640312762,0.0008483979558699395,0.023837592942125802,0.0881542699724518,-0.2959488130631411,-0.0004530350710476583,0.0013014330269175978,0.017775856328781682
2,2.0,1.0,1.0,2,12,0.0002,24,0.0037838577148880947,0.0010220628433914025,0.019988361312726202,0.07407407407407404,-0.2959488130631411,-0.00039713082143322254,0.001419193664824625,0.015263485788721692
2,2.0,1.0,1.0,2,13,0.0002,26,0.004029249854280992,0.0011877591746760063,0.01700378673043368,0.0631163708086785,-0.2959488130631411,-0.00034914448705297696,0.0015369036617289833,0.013367818458776992
2,2.0,1.0,1.0,2,14,0.0002,28,0.004291704678905939,0.0013462385096899565,0.014642480656845295,0.05442176870748298,-0.2959488130631411,-0.0003083298371622245,0.001654568346852181,0.011923469378371306
2,2.0,1.0,1.0,2,15,0.0002,30,0.004564960821837438,0.001498528090032869,0.012741920279782906,0.047407407407407405,-0.2959488130631411,-0.00027366209819768006,0.001772190188230549,0.010819523584549531
2,2.0,1.0,1.0,2,16,0.0002,32,0.004845266557404138,0.001645624140815205,0.011189386197347719,0.041666666666666664,-0.2959488130631411,-0.00024414606521067084,0.0018897702060258759,0.009979176414342499
2,2.0,1.0,1.0,2,17,0.0002,34,0.005130292452770191,0.001788396960565375,0.009904684859292644,0.03690888119953864,-0.2959488130631411,-0.00021891172041021978,0.0020073086809755947,0.00934754484796138
2,2.0,1.0,1.0,2,18,0.0002,36,0.0054185468001552994,0.0019275751000342178,0.008829488516872534,0.032921810699588466,-0.2959488130631411,-0.00019723042073993557,0.0021248055207741534,0.008884107340379822
2,2.0,1.0,1.0,2,19,0.0002,38,0.00570904813781592,0.002063757251781262,0.007920543826146322,0.02954755309325946,-0.2959488130631411,-0.00017850320181345136,0.0022422604535947133,0.008557910474493308
2,2.0,1.0,1.0,2,20,0.0002,40,0.006001135082478237,0.002197431833875052,0.007145222363112229,0.026666666666666672,-0.2959488130631411,-0.00016224129749559113,0.002359673131370643,0.008344516134486061
2,2.0,1.0,1.0,2,21,0.0002,42,0.006294352348008014,0.0023289967165492365,0.006478532749439517,0.024187452758881324,-0.2959488130631411,-0.00014804646826077628,0.0024770431848100127,0.008224082321823797
2,2.0,1.0,1.0,2,22,0.0002,44,0.006588380481598488,0.002458776552970332,0.005901069885197567,0.02203856749311295,-0.2959488130631411,-0.0001355936991128126,0.0025943702520831446,0.008180182902966125
2,2.0,1.0,1.0,2,23,0.0002,46,0.006882991447654918,0.002587037160789507,0.0053975795736767975,0.0201638311279143,-0.2959488130631411,-0.0001246168322333041,0.002711653993022811,0.008199088603148559
2,2.0,1.0,1.0,2,24,0.0002,48,0.007178019909098721,0.0027139971397319163,0.004955936036251345,0.01851851851851851,-0.2959488130631411,-0.0001148969555840873,0.0028288940953160036,0.008269312200336177
2,2.0,1.0,1.0,2,25,0.0002,50,0.007473344274911753,0.0028398371377290066,0.00456640186036809,0.017066666666666667,-0.2959488130631411,-0.0001062531385888632,0.00294609027631787,0.00838128801343609
2,2.0,1.0,1.0,2,26,0.0002,52,0.007768873957932021,0.002964707202605499,0.0042210845576475696,0.015779092702169626,-0.2959488130631411,-9.853507991786081e-05,0.0030632422825233596,0.008527111518275166
2,2.0,1.0,1.0,2,27,0.0002,54,0.008064540661343322,0.003088732608749145,0.003913532188925763,0.014631915866483764,-0.2959488130631411,-9.161727911088935e-05,0.0031803498878600345,0.008700305329541441
2,2.0,1.0,1.0,2,28,0.0002,56,0.008360292326583307,0.0032120184817181485,0.003638428799900663,0.013605442176870744,-0.2959488130631411,-8.539440973598378e-05,0.0032974128914541323,0.008895601769162965
2,2.0,1.0,1.0,2,29,0.0002,58,0.008656088869198886,0.003334653479587224,0.0033913624582595234,0.012683313515655964,-0.2959488130631411,-7.977763564698259e-05,0.0034144311152342066,0.009108743012944077
2,2.0,1.0,1.0,2,30,0.0002,60,0.008951899134224783,0.0034567127345648263,0.0031686467562148904,0.011851851851851851,-0.2959488130631411,-7.46916670100739e-05,0.0035314044015749,0.009336302418729986
2,2.0,1.0,1.0,2,31,0.0002,62,0.009247698695726614,0.0035782602138846875,0.002967182137960845,0.01109954908081859,-0.2959488130631411,-7.00723972004158e-05,0.0036483326110851033,0.009575529505647905
2,2.0,1.0,1.0,2,32,0.0002,64,0.009543468248054743,0.0036993506233368723,0.0027843472070658536,0.010416666666666666,-0.2959488130631411,-6.586499723332251e-05,0.0037652156205701948,0.009824218953077427
2,2.0,1.0,1.0,2,33,0.0002,66,0.009839192417209763,0.0038200309494380025,0.0026179128257068723,0.009794918885827977,-0.2959488130631411,-6.202237176827774e-05,0.00388205332120628,0.010080602217904489
2,2.0,1.0,1.0,2,34,0.0002,68,0.010134858873802277,0.003940341714820106,0.002465973700743102,0.00922722029988466,-0.2959488130631411,-5.850390208911316e-05,0.003998845616909219,0.010343259297753728
2,2.0,1.0,1.0,2,35,0.0002,70,0.010430457665158821,0.004060318005130514,0.0023268935019214233,0.008707482993197277,-0.2959488130631411,-5.527441775726727e-05,0.004115592422887782,0.010611047732280365
2,2.0,1.0,1.0,2,36,0.0002,72,0.010725980707547822,0.004179990312841608,0.0021992605363465407,0.008230452674897117,-0.2959488130631411,-5.2303351525617714e-05,0.004232293664367226,0.010883045936275596
2,2.0,1.0,1.0,2,37,0.0002,74,0.011021421397565234,0.004299385233962505,0.0020818517200636728,0.0077915753591429274,-0.2959488130631411,-4.956404150258109e-05,0.004348949275465086,0.011158508208474591
2,2.0,1.0,1.0,2,38,0.0002,76,0.011316774311873168,0.004418526045729287,0.001973603117521951,0.007386888273314865,-0.2959488130631411,-4.703315248022477e-05,0.004465559198209512,0.011436829117260515
2,2.0,1.0,1.0,2,39,0.0002,78,0.011612034973935925,0.004537433187765616,0.0018735857149208349,0.007012930089853165,-0.2959488130631411,-4.4690193900853714e-05,0.00458212338166647,0.011717515344929324
2,2.0,1.0,1.0,2,40,0.0002,80,0.011907199671178703,0.004656124664462469,0.0017809853908134006,0.006666666666666668,-0.2959488130631411,-4.251711671920955e-05,0.004698641781181678,0.0120001634270568
2,2.0,1.0,1.0,2,41,0.0002,82,0.012202265311191174,0.004774616382920371,0.0016950862727701454,0.006345429307951616,-0.2959488130631411,-4.04979747831713e-05,0.004815114357703543,0.0122844421341611
2,2.0,1.0,1.0,2,42,0.0002,84,0.012497229307421698,0.004892922437770231,0.0016152568411809671,0.006046863189720331,-0.2959488130631411,-3.861863943038779e-05,0.0049315410772006185,0.012570078501898497
2,2.0,1.0,1.0,2,43,0.0002,86,0.012792089488162572,0.0050110553522031975,0.001540938273797609,0.005768884081485487,-0.2959488130631411,-3.686655793649907e-05,0.005047921910139697,0.012856846728009368
2,2.0,1.0,1.0,2,44,0.0002,88,0.013086844023499355,0.005129026282663096,0.0014716346272951604,0.005509641873278237,-0.2959488130631411,-3.523054835757877e-05,0.005164256831020675,0.013144559322972236
2,2.0,1.0,1.0,2,45,0.0002,90,0.013381491366516451,0.005246845193291605,0.0014069045321692174,0.005267489711934158,-0.2959488130631411,-3.370062468532886e-05,0.005280545817976934,0.013433060035210586
2,2.0,1.0,1.0,2,46,0.0002,92,0.013676030205514778,0.005364521005074341,0.0013463541400975897,0.005040957781978575,-0.2959488130631411,-3.226784734083887e-05,0.00539678885241518,0.01372221817627739
2,2.0,1.0,1.0,2,47,0.0002,94,0.013970459425196369,0.00548206172378124,0.001289631112399547,0.004828730949147427,-0.2959488130631411,-3.092419490874354e-05,0.005512985918689983,0.014011924053506153
2,2.0,1.0,1.0,2,48,0.0002,96,0.014264778074831841,0.005599474550055883,0.0012364194775678302,0.004629629629629628,-0.2959488130631411,-2.9662453776391207e-05,0.005629137003832274,0.014302085281065927
2,2.0,1.0,1.0,2,49,0.0002,98,0.014558985342201014,0.005716765974460414,0.0011864352171464295,0.004442593363876162,-0.2959488130631411,-2.847612282663725e-05,0.005745242097287051,0.014592623790019622
2,2.0,1.0,1.0,2,50,0.0002,100,0.014853080532066354,0.005833941859719194,0.001139422464385526,0.004266666666666667,-0.2959488130631411,-2.7359330969478624e-05,0.0058613011906886725,0.014883473396293413
2,2.0,1.0,1.0,2,51,0.0002,102,0.015147063048273623,0.0059510075121065875,0.0010951502203341889,0.004100986799948737,-0.2959488130631411,-2.6306765567640777e-05,0.005977314277674228,0.01517457781548371
2,2.0,1.0,1.0,2,52,0.0002,104,0.015440932378961936,0.0060679677435961366,0.0010534095083950244,0.0039447731755424065,-0.2959488130631411,-2.5313610085786475e-05,0.006093281353681923,0.01546588903680959
2,2.0,1.0,1.0,2,53,0.0002,106,0.015734688084119597,0.0061848269260693645,0.0010140109016661338,0.0037973181440607564,-0.2959488130631411,-2.437548974104642e-05,0.006209202415810411,0.015757365986593545
2,2.0,1.0,1.0,2,54,0.0002,108,0.016028329785274797,0.0063015890387674856,0.000976782368291355,0.003657978966620941,-0.2959488130631411,-2.3488423893047727e-05,0.006325077462660533,0.016048973426100278
2,2.0,1.0,1.0,2,55,0.0002,110,0.016321857156706976,0.006418257709869368,0.0009415673888985787,0.0035261707988980713,-0.2959488130631411,-2.2648784345824513e-05,0.006440906494215193,0.016340681039534583
2,2.0,1.0,1.0,2,56,0.0002,112,0.016615269918137,0.0065348362530661674,0.0009082233075491573,0.003401360544217686,-0.2959488130631411,-2.1853258649229268e-05,0.006556689511715397,0.016632462677051926
2,2.0,1.0,1.0,2,57,0.0002,114,0.016908567828497367,0.006651327699767062,0.0008766198836842333,0.0032830614548066068,-0.2959488130631411,-2.1098817791165292e-05,0.006672426517558228,0.01692429572438192
2,2.0,1.0,1.0,2,58,0.0002,116,0.017201750680642114,0.006767734827537841,0.0008466380175188858,0.003170828378913991,-0.2959488130631411,-2.0382687668518695e-05,0.00678811751520636,0.017216160576298274
2,2.0,1.0,1.0,2,59,0.0002,118,0.017494818296820758,0.006884060185245622,0.0008181686255674874,0.0030642535669826677,-0.2959488130631411,-1.970232384262971e-05,0.0069037625090882515,0.017508040195497215
2,2.0,1.0,1.0,2,60,0.0002,120,0.017787770524912205,0.007000306115398758,0.0007911116463902482,0.002962962962962963,-0.2959488130631411,-1.905538913687943e-05,0.007019361504535637,0.017799919741998974
2,2.0,1.0,1.0,2,61,0.0002,122,0.018080607235135493,0.007116474773939785,0.0007653751596362992,0.0028666129176744604,-0.2959488130631411,-1.843973376491892e-05,0.007134914507704704,0.01809178626085887
2,2.0,1.0,1.0,2,62,0.0002,124,0.01837332831713323,0.007232568147882479,0.0007408746038374554,0.0027748872702046475,-0.2959488130631411,-1.7853377628218592e-05,0.007250421525510697,0.018383628418253587
2,2.0,1.0,1.0,2,63,0.0002,126,0.018665933677659785,0.007348588071043105,0.0007175320805178105,0.002687494750986814,-0.2959488130631411,-1.729449452864129e-05,0.007365882565571746,0.018675436277988403
2,2.0,1.0,1.0,2,64,0.0002,128,0.018958423238494504,0.0074645362381061675,0.0006952757338904808,0.0026041666666666665,-0.2959488130631411,-1.6761398059894628e-05,0.007481297636166062,0.018967201111619765
2,2.0,1.0,1.0,2,65,0.0002,130,0.01925079693444931,0.00758041421714345,0.0006740391969085587,0.0025246548323471403,-0.2959488130631411,-1.6252529013105477e-05,0.007596666746156555,0.01925891523666133
2,2.0,1.0,1.0,2,66,0.0002,132,0.019543054712097163,0.007696223460955609,0.000653761095670401,0.002448729721456994,-0.2959488130631411,-1.5766444020848258e-05,0.007711989904976457,0.01955057187869111
2,2.0,1.0,1.0,2,67,0.0002,134,0.019835196528215415,0.0078119653171560555,0.000634384605268746,0.0023761788074552607,-0.2959488130631411,-1.5301805410261604e-05,0.007827267122566317,0.01984216505313348
2,2.0,1.0,1.0,2,68,0.0002,136,0.020127222348570672,0.007927641037243971,0.0006158570510588869,0.002306805074971165,-0.2959488130631411,-1.4857372108434408e-05,0.007942498409352405,0.020133689463923018
2,2.0,1.0,1.0,2,69,0.0002,138,0.02041913214701807,0.00804325178484322,0.0005981295501215469,0.002240425680879367,-0.2959488130631411,-1.4431991361196772e-05,0.008057683776204416,0.020425140416471907
2,2.0,1.0,1.0,2,70,0.0002,140,0.020710925904595667,0.008158798643097431,0.0005811566883512755,0.0021768707482993192,-0.2959488130631411,-1.4024591304451217e-05,0.008172823234401883,0.02071651374262016
2,2.0,1.0,1.0,2,71,0.0002,142,0.021002603608665016,0.008274282621330065,0.0005648962291761126,0.0021159822786484166,-0.2959488130631411,-1.3634174284626877e-05,0.008287916795614692,0.02100780573581449
2,2.0,1.0,1.0,2,72,0.0002,144,0.021294165252068065,0.008389704661043662,0.0005493088504389163,0.002057613168724279,-0.2959488130631411,-1.3259810829169272e-05,0.008402964471872831,0.021299013094965034
2,2.0,1.0,1.0,2,73,0.0002,146,0.02158561083293109,0.008505065641512377,0.0005343579063236958,0.002001626321386126,-0.2959488130631411,-1.2900634019319401e-05,0.008517966275531696,0.02159013287604922
2,2.0,1.0,1.0,2,74,0.0002,148,0.021876940353670715,0.008620366384618494,0.0005200092117031693,0.0019478938397857319,-0.2959488130631411,-1.2555834650929132e-05,0.008632922219269423,0.021881162449657016
2,2.0,1.0,1.0,2,75,0.0002,150,0.0221681538209324,0.008735607659480504,0.0005062308464637518,0.0018962962962962965,-0.2959488130631411,-1.222465656597338e-05,0.008747832316046478,0.022172099464444543
2,2.0,1.0,1.0,2,76,0.0002,152,0.02245925124480741,0.00885079018645607,0.0004929929777609627,0.0018467220683287162,-0.2959488130631411,-1.190639264553317e-05,0.008862696579101603,0.0224629418149081
2,2.0,1.0,1.0,2,77,0.0002,154,0.022750232638708234,0.008965914640936545,0.0004802676983407671,0.0017990667341316693,-0.2959488130631411,-1.1600380991516612e-05,0.008977515021928062,0.02275368761350384
2,2.0,1.0,1.0,2,78,0.0002,156,0.023041098018897532,0.009080981656740927,0.00046802887927931385,0.0017532325224632913,-0.2959488130631411,-1.1306001512556563e-05,0.009092287658253484,0.02304433516607504
2,2.0,1.0,1.0,2,79,0.0002,158,0.023331847404299055,0.0091959918292161,0.00045625203570217666,0.0017091278107140948,-0.2959488130631411,-1.1022672811999978e-05,0.009207014502028099,0.02333488295042099
2,2.0,1.0,1.0,2,80,0.0002,160,0.02362248081624363,0.009310945718121244,0.00044491420418194384,0.001666666666666667,-0.2959488130631411,-1.0749849298996583e-05,0.00932169556742024,0.023625329597433936
2,2.0,1.0,1.0,2,1,0.0005,2,0.9795760707984708,1.0088603580256876,1.86187861626067,10.666666666666666,-0.2959488130631411,1.0095738046109872,-0.0007134465852997041,0.9896065507459448
2,2.0,1.0,1.0,2,2,0.0005,4,0.3618450459695661,0.3258795620056092,0.927161577989269,2.6666666666666665,-0.2959488130631411,0.32593949840525854,-5.9936399649351824e-05,0.6007888629892619
2,2.0,1.0,1.0,2,3,0.0005,6,0.06751195014270572,0.03161167581806523,0.3723145878239691,1.1851851851851847,-0.2959488130631411,0.03081727478391605,0.0007944010341491836,0.2562231423396041
2,2.0,1.0,1.0,2,4,0.0005,8,0.02133925784766233,0.00613580033219191,0.19591093370690885,0.6666666666666666,-0.2959488130631411,0.0049739356109742006,0.0011618647212177091,0.13645484489652487
2,2.0,1.0,1.0,2,5,0.0005,10,0.010786460594075842,0.00204637641729688,0.12122376870437948,0.42666666666666675,-0.2959488130631411,0.0005728149800947047,0.0014735614372021755,0.08521807190149011
2,2.0,1.0,1.0,2,6,0.0005,12,0.007760894286592213,0.0013504723358057635,0.08261223519058486,0.29629629629629617,-0.2959488130631411,-0.0004228758055998538,0.0017733481414056174,0.05878636393035662
2,2.0,1.0,1.0,2,7,0.0005,14,0.0069590178466966135,0.0014322678758022511,0.060000972441956894,0.2176870748299319,-0.2959488130631411,-0.0006370996598665246,0.0020693675356687757,0.04343625271228876
2,2.0,1.0,1.0,2,8,0.0005,16,0.006973584867625338,0.001724611264910858,0.045594607805346556,0.16666666666666666,-0.2959488130631411,-0.0006392160546229153,0.0023638273195337733,0.03380309678626757
2,2.0,1.0,1.0,2,9,0.0005,18,0.007336316940923404,0.002074100645883703,0.03583969858857737,0.13168724279835387,-0.2959488130631411,-0.0005833768971434949,0.002657477543027198,0.027439803838982986
2,2.0,1.0,1.0,2,10,0.0005,20,0.007864604928734642,0.0024341628260373116,0.02892279677885189,0.10666666666666669,-0.2959488130631411,-0.0005164498598734801,0.0029506126859107917,0.023100949108000098
2,2.0,1.0,1.0,2,11,0.0005,22,0.008478374201312366,0.00279032497378634,0.023837592942125802,0.0881542699724518,-0.2959488130631411,-0.0004530350710476583,0.0032433600448339983,0.02009870148161392
2,2.0,1.0,1.0,2,12,0.0005,24,0.009139186019430201,0.003138647414159257,0.019988361312726202,0.07407407407407404,-0.2959488130631411,-0.00039713082143322254,0.0035357782355924794,0.018027262629294195
2,2.0,1.0,1.0,2,13,0.0005,26,0.009827209585950403,0.003478750772638761,0.01700378673043368,0.0631163708086785,-0.2959488130631411,-0.00034914448705297696,0.003827895259691738,0.01663236729062755
2,2.0,1.0,1.0,2,14,0.0005,28,0.010531594128682098,0.0038113948025286226,0.014642480656845295,0.05442176870748298,-0.2959488130631411,-0.0003083298371622245,0.004119724639690847,0.01574458742493972
2,2.0,1.0,1.0,2,15,0.0005,30,0.011246104365412068,0.004137610661896551,0.012741920279782906,0.047407407407407405,-0.2959488130631411,-0.00027366209819768006,0.004411272760094231,0.015243729690221027
2,2.0,1.0,1.0,2,16,0.0005,32,0.01196700559912578,0.004458396329710956,0.011189386197347719,0.041666666666666664,-0.2959488130631411,-0.00024414606521067084,0.004702542394921627,0.015039792538189935
2,2.0,1.0,1.0,2,17,0.0005,34,0.012691979928302621,0.004774622755094049,0.009904684859292644,0.03690888119953864,-0.2959488130631411,-0.00021891172041021978,0.004993534475504269,0.015063057660002177
2,2.0,1.0,1.0,2,18,0.0005,36,0.013419543723509397,0.005087018583663616,0.008829488516872534,0.032921810699588466,-0.2959488130631411,-0.00019723042073993557,0.005284249004403552,0.015258936487793716
2,2.0,1.0,1.0,2,19,0.0005,38,0.01414872136712031,0.00539618233610889,0.007920543826146322,0.02954755309325946,-0.2959488130631411,-0.00017850320181345136,0.0055746855379223414,0.015584947111338864
2,2.0,1.0,1.0,2,20,0.0005,40,0.014878855836141014,0.005702602145989999,0.007145222363112229,0.026666666666666672,-0.2959488130631411,-0.00016224129749559113,0.00586484344348559,0.016008479798012377
2,2.0,1.0,1.0,2,21,0.0005,42,0.01560949519619903,0.006006675568341391,0.006478532749439517,0.024187452758881324,-0.2959488130631411,-0.00014804646826077628,0.006154722036602167,0.016504858808580887
2,2.0,1.0,1.0,2,22,0.0005,44,0.016340322646507865,0.006308726953097976,0.005901069885197567,0.02203856749311295,-0.2959488130631411,-0.0001355936991128126,0.006444320652210789,0.01705562126727021
2,2.0,1.0,1.0,2,23,0.0005,46,0.01707111230889713,0.006609021847675145,0.0053975795736767975,0.0201638311279143,-0.2959488130631411,-0.0001246168322333041,0.006733638679908449,0.01764704995587247
2,2.0,1.0,1.0,2,24,0.0005,48,0.017801700648204632,0.006907778623661154,0.004955936036251345,0.01851851851851851,-0.2959488130631411,-0.0001148969555840873,0.007022675579245241,0.0182689842220975
2,2.0,1.0,1.0,2,25,0.0005,50,0.018531967615858513,0.007205177745527702,0.00456640186036809,0.017066666666666667,-0.2959488130631411,-0.0001062531385888632,0.007311430884116565,0.018913895647484413
2,2.0,1.0,1.0,2,26,0.0005,52,0.019261823975097903,0.007501369121427348,0.0042210845576475696,0.015779092702169626,-0.2959488130631411,-9.853507991786081e-05,0.007599904201345209,0.019576190612498035
2,2.0,1.0,1.0,2,27,0.0005,54,0.01999120263552634,0.0077964779272232665,0.003913532188925763,0.014631915866483764,-0.2959488130631411,-9.161727911088935e-05,0.007888095206334156,0.020251694173828196
2,2.0,1.0,1.0,2,28,0.0005,56,0.020720052635757713,0.008090609227692391,0.003638428799900663,0.013605442176870744,-0.2959488130631411,-8.539440973598378e-05,0.008176003637428375,0.020937272448484756
2,2.0,1.0,1.0,2,29,0.0005,58,0.021448334904709432,0.008383851654233831,0.0033913624582595234,0.012683313515655964,-0.2959488130631411,-7.977763564698259e-05,0.008463629289880814,0.02163055786662253
2,2.0,1.0,1.0,2,30,0.0005,60,0.02217601923581558,0.008676280342919895,0.0031686467562148904,0.011851851851851851,-0.2959488130631411,-7.46916670100739e-05,0.00875097200992997,0.022329749552027416
2,2.0,1.0,1.0,2,31,0.0005,62,0.022903082100687366,0.008967959292035144,0.002967182137960845,0.01109954908081859,-0.2959488130631411,-7.00723972004158e-05,0.00903803168923556,0.023033468073719046
2,2.0,1.0,1.0,2,32,0.0005,64,0.02362950505104411,0.00925894326254445,0.0027843472070658536,0.010416666666666666,-0.2959488130631411,-6.586499723332251e-05,0.009324808259777773,0.02374064939526016
2,2.0,1.0,1.0,2,33,0.0005,66,0.02435527353823419,0.009549279317502102,0.0026179128257068723,0.009794918885827977,-0.2959488130631411,-6.202237176827774e-05,0.00961130168927038,0.024450467074937973
2,2.0,1.0,1.0,2,34,0.0005,68,0.02508037603247848,0.009839008074978561,0.002465973700743102,0.00922722029988466,-0.2959488130631411,-5.850390208911316e-05,0.009897511977067674,0.025162274870700156
2,2.0,1.0,1.0,2,35,0.0005,70,0.025804803359860573,0.010128164732783385,0.0023268935019214233,0.008707482993197277,-0.2959488130631411,-5.527441775726727e-05,0.010183439150540652,0.025875564138724293
2,2.0,1.0,1.0,2,36,0.0005,72,0.026528548198379798,0.010416779910351892,0.0021992605363465407,0.008230452674897117,-0.2959488130631411,-5.2303351525617714e-05,0.01046908326187751,0.0265899320093812
2,2.0,1.0,1.0,2,37,0.0005,74,0.02725160469235055,0.010704880343765766,0.0020818517200636728,0.0077915753591429274,-0.2959488130631411,-4.956404150258109e-05,0.010754444385268347,0.027305057458869617
2,2.0,1.0,1.0,2,38,0.0005,76,0.027973968154540563,0.010992489461960908,0.001973603117521951,0.007386888273314865,-0.2959488130631411,-4.703315248022477e-05,0.011039522614441133,0.02802068319948975
2,2.0,1.0,1.0,2,39,0.0005,78,0.028695634834817962,0.011279627866578712,0.0018735857149208349,0.007012930089853165,-0.2959488130631411,-4.4690193900853714e-05,0.011324318060479566,0.02873660188500815
2,2.0,1.0,1.0,2,40,0.0005,80,0.02941660173885463,0.011566313733200217,0.0017809853908134006,0.006666666666666668,-0.2959488130631411,-4.251711671920955e-05,0.011608830849919427,0.029452645535951203
2,2.0,1.0,1.0,2,41,0.0005,82,0.030136866485576008,0.011852563148282425,0.0016950862727701454,0.006345429307951616,-0.2959488130631411,-4.04979747831713e-05,0.011893061123065596,0.0301686773831657
2,2.0,1.0,1.0,2,42,0.0005,84,0.030856427193870495,0.012138390393083343,0.0016152568411809671,0.006046863189720331,-0.2959488130631411,-3.861863943038779e-05,0.01217700903251373,0.030884585538518004
2,2.0,1.0,1.0,2,43,0.0005,86,0.03157528239239871,0.01242380818391925,0.001540938273797609,0.005768884081485487,-0.2959488130631411,-3.686655793649907e-05,0.012460674741855748,0.0316002780549375
2,2.0,1.0,1.0,2,44,0.0005,88,0.03229343094723025,0.01270882787616151,0.0014716346272951604,0.005509641873278237,-0.2959488130631411,-3.523054835757877e-05,0.012744058424519089,0.0323156790490592
2,2.0,1.0,1.0,2,45,0.0005,90,0.03301087200361452,0.012993459638069582,0.0014069045321692174,0.005267489711934158,-0.2959488130631411,-3.370062468532886e-05,0.013027160262754911,0.033030725641399694
2,2.0,1.0,1.0,2,46,0.0005,92,0.03372760493865801,0.013277712599402636,0.0013463541400975897,0.005040957781978575,-0.2959488130631411,-3.226784734083887e-05,0.013309980446743475,0.03374536552896765
2,2.0,1.0,1.0,2,47,0.0005,94,0.03444362932290168,0.013561594978874714,0.001289631112399547,0.004828730949147427,-0.2959488130631411,-3.092419490874354e-05,0.013592519173783457,0.03445955504995569
2,2.0,1.0,1.0,2,48,0.0005,96,0.03515894488881233,0.013845114193821673,0.0012364194775678302,0.004629629629629628,-0.2959488130631411,-2.9662453776391207e-05,0.013874776647598064,0.03517325763320673
2,2.0,1.0,1.0,2,49,0.0005,98,0.035873551505003154,0.01412827695486818,0.0011864352171464295,0.004442593363876162,-0.2959488130631411,-2.847612282663725e-05,0.014156753077694817,0.03588644255022824
2,2.0,1.0,1.0,2,50,0.0005,100,0.0365874491549294,0.014411089347834471,0.001139422464385526,0.004266666666666667,-0.2959488130631411,-2.7359330969478624e-05,0.01443844867880395,0.03659908390613982
2,2.0,1.0,1.0,2,51,0.0005,102,0.03730063791918814,0.01469355690481361,0.0010951502203341889,0.004100986799948737,-0.2959488130631411,-2.6306765567640777e-05,0.01471986367038125,0.03731115982026801
2,2.0,1.0,1.0,2,52,0.0005,104,0.03801311796089535,0.014975684666064526,0.0010534095083950244,0.0039447731755424065,-0.2959488130631411,-2.5313610085786475e-05,0.015000998276150312,0.03802265175804871
2,2.0,1.0,1.0,2,53,0.0005,106,0.038724889513375604,0.015257477233971806,0.0010140109016661338,0.0037973181440607564,-0.2959488130631411,-2.437548974104642e-05,0.015281852723712852,0.03873354398400611
2,2.0,1.0,1.0,2,54,0.0005,108,0.03943595286998691,0.01553893882028251,0.000976782368291355,0.003657978966620941,-0.2959488130631411,-2.3488423893047727e-05,0.015562427244175558,0.03944382311225011
2,2.0,1.0,1.0,2,55,0.0005,110,0.04014630837542177,0.015820073287487302,0.0009415673888985787,0.0035261707988980713,-0.2959488130631411,-2.2648784345824513e-05,0.015842722071833126,0.04015347773560793
2,2.0,1.0,1.0,2,56,0.0005,112,0.0408559564184946,0.016100884185223208,0.0009082233075491573,0.003401360544217686,-0.2959488130631411,-2.1853258649229268e-05,0.016122737443872437,0.04086249811864977
2,2.0,1.0,1.0,2,57,0.0005,114,0.04156489742598657,0.01638137478231877,0.0008766198836842333,0.0032830614548066068,-0.2959488130631411,-2.1098817791165292e-05,0.016402473600109935,0.041570875942635616
2,2.0,1.0,1.0,2,58,0.0005,116,0.042273131857420765,0.01666154809509285,0.0008466380175188858,0.003170828378913991,-0.2959488130631411,-2.0382687668518695e-05,0.016681930782761367,0.042278604092936184
2,2.0,1.0,1.0,2,59,0.0005,118,0.04298066020059532,0.016941406912364343,0.0008181686255674874,0.0030642535669826677,-0.2959488130631411,-1.970232384262971e-05,0.016961109236206973,0.04298567648125112
2,2.0,1.0,1.0,2,60,0.0005,120,0.04368748296787073,0.017220953817683016,0.0007911116463902482,0.002962962962962963,-0.2959488130631411,-1.905538913687943e-05,0.017240009206819895,0.043692087896520015
2,2.0,1.0,1.0,2,61,0.0005,122,0.04439360069291498,0.017500191209009808,0.0007653751596362992,0.0028666129176744604,-0.2959488130631411,-1.843973376491892e-05,0.017518630942774727,0.04439783387947083
2,2.0,1.0,1.0,2,62,0.0005,124,0.045099013927834886,0.017779121316262192,0.0007408746038374554,0.0027748872702046475,-0.2959488130631411,-1.7853377628218592e-05,0.01779697469389041,0.04510291061670522
2,2.0,1.0,1.0,2,63,0.0005,126,0.045803723240895655,0.018057746216954385,0.0007175320805178105,0.002687494750986814,-0.2959488130631411,-1.729449452864129e-05,0.018075040711483026,0.04580731485117414
2,2.0,1.0,1.0,2,64,0.0005,128,0.046507729214458116,0.018336067850185878,0.0006952757338904808,0.0026041666666666665,-0.2959488130631411,-1.6761398059894628e-05,0.018352829248245772,0.04651104380616673
2,2.0,1.0,1.0,2,65,0.0005,130,0.047211032443019385,0.01861408802908765,0.0006740391969085587,0.0025246548323471403,-0.2959488130631411,-1.6252529013105477e-05,0.018630340558100755,0.0472140951205704
2,2.0,1.0,1.0,2,66,0.0005,132,0.047913633531959876,0.018891808452095205,0.000653761095670401,0.002448729721456994,-0.2959488130631411,-1.5766444020848258e-05,0.018907574896116053,0.04791646679384122
2,2.0,1.0,1.0,2,67,0.0005,134,0.04861553309601019,0.019169230712971774,0.000634384605268746,0.0023761788074552607,-0.2959488130631411,-1.5301805410261604e-05,0.019184532518382036,0.048618157138770365
2,2.0,1.0,1.0,2,68,0.0005,136,0.04931673175805229,0.0194463563098331,0.0006158570510588869,0.002306805074971165,-0.2959488130631411,-1.4857372108434408e-05,0.019461213681941536,0.049319164741045175
2,2.0,1.0,1.0,2,69,0.0005,138,0.05001723014823767,0.019723186653322844,0.0005981295501215469,0.002240425680879367,-0.2959488130631411,-1.4431991361196772e-05,0.01973761864468404,0.05001948842458149
2,2.0,1.0,1.0,2,70,0.0005,140,0.05071702890308327,0.019999723073969078,0.0005811566883512755,0.0021768707482993192,-0.2959488130631411,-1.4024591304451217e-05,0.02001374766527353,0.05071912722163545
2,2.0,1.0,1.0,2,71,0.0005,142,0.05141612866464662,0.02027596682880395,0.0005648962291761126,0.0021159822786484166,-0.2959488130631411,-1.3634174284626877e-05,0.020289601003088575,0.05141808034696705
2,2.0,1.0,1.0,2,72,0.0005,144,0.05211453007967981,0.020551919107318795,0.0005493088504389163,0.002057613168724279,-0.2959488130631411,-1.3259810829169272e-05,0.020565178918147964,0.05211634717546472
2,2.0,1.0,1.0,2,73,0.0005,146,0.05281223379944411,0.020827581037015264,0.0005343579063236958,0.002001626321386126,-0.2959488130631411,-1.2900634019319401e-05,0.020840481671034583,0.05281392722299119
2,2.0,1.0,1.0,2,74,0.0005,148,0.05350924047872774,0.021102953688221293,0.0005200092117031693,0.0019478938397857319,-0.2959488130631411,-1.2555834650929132e-05,0.021115509522872222,0.0535108201294011
2,2.0,1.0,1.0,2,75,0.0005,150,0.05420555077579425,0.021378038078679718,0.0005062308464637518,0.0018962962962962965,-0.2959488130631411,-1.222465656597338e-05,0.02139026273524569,0.05420702564411406
2,2.0,1.0,1.0,2,76,0.0005,152,0.054901165351608494,0.021652835177522645,0.0004929929777609627,0.0018467220683287162,-0.2959488130631411,-1.190639264553317e-05,0.021664741570168178,0.05490254361322264
2,2.0,1.0,1.0,2,77,0.0005,154,0.055596084869712126,0.021927345909044937,0.0004802676983407671,0.0017990667341316693,-0.2959488130631411,-1.1600380991516612e-05,0.021938946290036454,0.05559737396848337
2,2.0,1.0,1.0,2,78,0.0005,156,0.056290309995760346,0.022201571156066136,0.00046802887927931385,0.0017532325224632913,-0.2959488130631411,-1.1306001512556563e-05,0.022212877157578692,0.05629151671752898
2,2.0,1.0,1.0,2,79,0.0005,158,0.05698384139735124,0.022475511763020428,0.00045625203570217666,0.0017091278107140948,-0.2959488130631411,-1.1022672811999978e-05,0.022486534435832428,0.056984971935387596
2,2.0,1.0,1.0,2,80,0.0005,160,0.05767667974375357,0.022749168538802822,0.00044491420418194384,0.001666666666666667,-0.2959488130631411,-1.0749849298996583e-05,0.02275991838810182,0.05767773975700312
2,2.0,1.0,1.0,2,1,0.001,2,0.979346437333669,1.0081472682528831,1.86187861626067,10.666666666666666,-0.2959488130631411,1.0095738046109872,-0.0014265363581041912,0.9893618163843458
2,2.0,1.0,1.0,2,2,0.001,4,0.3626211616059998,0.32581971548806926,0.927161577989269,2.6666666666666665,-0.2959488130631411,0.32593949840525854,-0.00011978291718928169,0.6006897937694013
2,2.0,1.0,1.0,2,3,0.001,6,0.06955787835317817,0.03240409233917263,0.3723145878239691,1.1851851851851847,-0.2959488130631411,0.03081727478391605,0.001586817555256581,0.2566002896183632
2,2.0,1.0,1.0,2,4,0.001,8,0.024250258242224376,0.007293603608263977,0.19591093370690885,0.6666666666666666,-0.2959488130631411,0.0049739356109742006,0.002319667997289776,0.13722283581786227
2,2.0,1.0,1.0,2,5,0.001,10,0.014476063869858113,0.0035133184241767923,0.12122376870437948,0.42666666666666675,-0.2959488130631411,0.0005728149800947047,0.0029405034440820876,0.08636070689382094
2,2.0,1.0,1.0,2,6,0.001,12,0.012204317969958356,0.003114088984661978,0.08261223519058486,0.29629629629629617,-0.2959488130631411,-0.0004228758055998538,0.0035369647902618317,0.06033562318629738
2,2.0,1.0,1.0,2,7,0.001,14,0.0121460193795625,0.0034882214611806073,0.060000972441956894,0.2176870748299319,-0.2959488130631411,-0.0006370996598665246,0.004125321121047132,0.04545786866004316
2,2.0,1.0,1.0,2,8,0.001,16,0.01289850868652509,0.004070767398566433,0.045594607805346556,0.16666666666666666,-0.2959488130631411,-0.0006392160546229153,0.004709983453189348,0.03639139924271558
2,2.0,1.0,1.0,2,9,0.001,18,0.01399527415609414,0.004709074162491833,0.03583969858857737,0.13168724279835387,-0.2959488130631411,-0.0005833768971434949,0.005292451059635328,0.030711725644646273
2,2.0,1.0,1.0,2,10,0.001,20,0.015254490391803488,0.005356863537241685,0.02892279677885189,0.10666666666666669,-0.2959488130631411,-0.0005164498598734801,0.005873313397115165,0.02718472664832839
2,2.0,1.0,1.0,2,11,0.001,22,0.0165964693835029,0.005999791059435766,0.023837592942125802,0.0881542699724518,-0.2959488130631411,-0.0004530350710476583,0.0064528261304834245,0.025116445052750517
2,2.0,1.0,1.0,2,12,0.001,24,0.01798297984905095,0.006633977019059267,0.019988361312726202,0.07407407407407404,-0.2959488130631411,-0.00039713082143322254,0.00703110784049249,0.024075392543815625
2,2.0,1.0,1.0,2,13,0.001,26,0.01939431039373396,0.00725907153750649,0.01700378673043368,0.0631163708086785,-0.2959488130631411,-0.00034914448705297696,0.0076082160245594666,0.023767484110563
2,2.0,1.0,1.0,2,14,0.001,28,0.020819683303668346,0.007875849465570017,0.014642480656845295,0.05442176870748298,-0.2959488130631411,-0.0003083298371622245,0.008184179302732242,0.023980571533682084
2,2.0,1.0,1.0,2,15,0.001,30,0.022252910555883854,0.00848534996725775,0.012741920279782906,0.047407407407407405,-0.2959488130631411,-0.00027366209819768006,0.00875901206545543,0.02455960880817602
2,2.0,1.0,1.0,2,16,0.001,32,0.02369028966113551,0.009088575444526625,0.011189386197347719,0.041666666666666664,-0.2959488130631411,-0.00024414606521067084,0.009332721509737296,0.025392925664603834
2,2.0,1.0,1.0,2,17,0.001,34,0.0251295257874804,0.009686399443231852,0.009904684859292644,0.03690888119953864,-0.2959488130631411,-0.00021891172041021978,0.009905311163642072,0.02640183672670821
2,2.0,1.0,1.0,2,18,0.001,36,0.02656915263313453,0.010279552286622584,0.008829488516872534,0.032921810699588466,-0.2959488130631411,-0.00019723042073993557,0.01047678270736252,0.027531859937242418
2,2.0,1.0,1.0,2,19,0.001,38,0.02800820819040495,0.010868633732147692,0.007920543826146322,0.02954755309325946,-0.2959488130631411,-0.00017850320181345136,0.011047136933961144,0.028745627437318993
2,2.0,1.0,1.0,2,20,0.001,40,0.029446046574558515,0.011454132963868935,0.007145222363112229,0.026666666666666672,-0.2959488130631411,-0.00016224129749559113,0.011616374261364526,0.030017561562194907
2,2.0,1.0,1.0,2,21,0.001,42,0.030882225306944067,0.012036448536162758,0.006478532749439517,0.024187452758881324,-0.2959488130631411,-0.00014804646826077628,0.012184495004423535,0.03133009293162539
2,2.0,1.0,1.0,2,22,0.001,44,0.03231643587246347,0.012615905817229656,0.005901069885197567,0.02203856749311295,-0.2959488130631411,-0.0001355936991128126,0.012751499516342468,0.03267106579210022
2,2.0,1.0,1.0,2,23,0.001,46,0.03374845984904684,0.013192771426021876,0.0053975795736767975,0.0201638311279143,-0.2959488130631411,-0.0001246168322333041,0.01331738825825518,0.03403199042417804
2,2.0,1.0,1.0,2,24,0.001,48,0.035178140558808635,0.0137672648736053,0.004955936036251345,0.01851851851851851,-0.2959488130631411,-0.0001148969555840873,0.013882161829189388,0.03540687450103924
2,2.0,1.0,1.0,2,25,0.001,50,0.03660536437094386,0.014339567835811362,0.00456640186036809,0.017066666666666667,-0.2959488130631411,-0.0001062531385888632,0.014445820974400225,0.036791441476810065
2,2.0,1.0,1.0,2,26,0.001,52,0.03803004813877875,0.014909831502286697,0.0042210845576475696,0.015779092702169626,-0.2959488130631411,-9.853507991786081e-05,0.015008366582204558,0.03818260532686497
2,2.0,1.0,1.0,2,27,0.001,54,0.039452130614029524,0.015478182395940177,0.003913532188925763,0.014631915866483764,-0.2959488130631411,-9.161727911088935e-05,0.015569799675051066,0.03957811487909693
2,2.0,1.0,1.0,2,28,0.001,56,0.04087156648704782,0.016044726988316993,0.003638428799900663,0.013605442176870744,-0.2959488130631411,-8.539440973598378e-05,0.016130121398052977,0.04097631075862146
2,2.0,1.0,1.0,2,29,0.001,58,0.042288322190281225,0.016609555371146556,0.0033913624582595234,0.012683313515655964,-0.2959488130631411,-7.977763564698259e-05,0.01668933300679354,0.042375957616666404
2,2.0,1.0,1.0,2,30,0.001,60,0.04370237290372625,0.017172744188366063,0.0031686467562148904,0.011851851851851851,-0.2959488130631411,-7.46916670100739e-05,0.017247435855376136,0.04377612711782135
2,2.0,1.0,1.0,2,31,0.001,62,0.04511370039198237,0.01773435898801412,0.002967182137960845,0.01109954908081859,-0.2959488130631411,-7.00723972004158e-05,0.017804431385214536,0.04517611547557822
2,2.0,1.0,1.0,2,32,0.001,64,0.04652229142388553,0.01829445611754249,0.0027843472070658536,0.010416666666666666,-0.2959488130631411,-6.586499723332251e-05,0.018360321114775813,0.046575384737306554
2,2.0,1.0,1.0,2,33,0.001,66,0.047928136605551175,0.01885308425858956,0.0026179128257068723,0.009794918885827977,-0.2959488130631411,-6.202237176827774e-05,0.018915106630357836,0.04797352056042437
2,2.0,1.0,1.0,2,34,0.001,68,0.04933122951004443,0.01941028567578207,0.002465973700743102,0.00922722029988466,-0.2959488130631411,-5.850390208911316e-05,0.01946878957787118,0.04937020155453872
2,2.0,1.0,1.0,2,35,0.001,70,0.05073156602247475,0.019966097237803015,0.0023268935019214233,0.008707482993197277,-0.2959488130631411,-5.527441775726727e-05,0.020021371655560283,0.05076517681511628
2,2.0,1.0,1.0,2,36,0.001,72,0.05212914384239209,0.020520551256068276,0.0021992605363465407,0.008230452674897117,-0.2959488130631411,-5.2303351525617714e-05,0.020572854607593893,0.05215824931371167
2,2.0,1.0,1.0,2,37,0.001,74,0.053523962103200984,0.02107367617691308,0.0020818517200636728,0.0077915753591429274,-0.2959488130631411,-4.956404150258109e-05,0.021123240218415662,0.053549263514316506
2,2.0,1.0,1.0,2,38,0.001,76,0.054916021078278865,0.02162549715531842,0.001973603117521951,0.007386888273314865,-0.2959488130631411,-4.703315248022477e-05,0.021672530307798643,0.05493809606578094
2,2.0,1.0,1.0,2,39,0.001,78,0.056305321952816234,0.02217603653258271,0.0018735857149208349,0.007012930089853165,-0.2959488130631411,-4.4690193900853714e-05,0.022220726726483564,0.05632464875256309
2,2.0,1.0,1.0,2,40,0.001,80,0.0576918666450813,0.0227253142356435,0.0017809853908134006,0.006666666666666668,-0.2959488130631411,-4.251711671920955e-05,0.02276783135236271,0.057708843116577216
2,2.0,1.0,1.0,2,41,0.001,82,0.05907565766595135,0.023273348112330117,0.0016950862727701454,0.006345429307951616,-0.2959488130631411,-4.04979747831713e-05,0.023313846087113288,0.05909061632553232
2,2.0,1.0,1.0,2,42,0.001,84,0.06045669800732667,0.023820154213809674,0.0016152568411809671,0.006046863189720331,-0.2959488130631411,-3.861863943038779e-05,0.023858772853240062,0.06046991797750527
2,2.0,1.0,1.0,2,43,0.001,86,0.0618349910533168,0.024365747033546492,0.001540938273797609,0.005768884081485487,-0.2959488130631411,-3.686655793649907e-05,0.02440261359148299,0.061846707614096615
2,2.0,1.0,1.0,2,44,0.001,88,0.0632105405090363,0.02491013971014261,0.0014716346272951604,0.005509641873278237,-0.2959488130631411,-3.523054835757877e-05,0.024945370258500188,0.06322095277322655
2,2.0,1.0,1.0,2,45,0.001,90,0.06458335034331453,0.02545334420016815,0.0014069045321692174,0.005267489711934158,-0.2959488130631411,-3.370062468532886e-05,0.025487044824853478,0.06459262745574769
2,2.0,1.0,1.0,2,46,0.001,92,0.06595342474216881,0.025995371425866665,0.0013463541400975897,0.005040957781978575,-0.2959488130631411,-3.226784734083887e-05,0.026027639273207503,0.06596171091114239
2,2.0,1.0,1.0,2,47,0.001,94,0.06732076807105214,0.026536231401823318,0.001289631112399547,0.004828730949147427,-0.2959488130631411,-3.092419490874354e-05,0.02656715559673206,0.06732818667093349
2,2.0,1.0,1.0,2,48,0.001,96,0.06868538484388442,0.02707593334392605,0.0012364194775678302,0.004629629629629628,-0.2959488130631411,-2.9662453776391207e-05,0.027105595797702442,0.06869204177532078
2,2.0,1.0,1.0,2,49,0.001,98,0.07004727969775759,0.027614485763403473,0.0011864352171464295,0.004442593363876162,-0.2959488130631411,-2.847612282663725e-05,0.02764296188623011,0.07005326615148522
2,2.0,1.0,1.0,2,50,0.001,100,0.07140645737202789,0.028151896548176236,0.001139422464385526,0.004266666666666667,-0.2959488130631411,-2.7359330969478624e-05,0.028179255879145715,0.07141185211146853
2,2.0,1.0,1.0,2,51,0.001,102,0.07276292269095774,0.028688173033446673,0.0010951502203341889,0.004100986799948737,-0.2959488130631411,-2.6306765567640777e-05,0.028714479799014314,0.07276779394479621
2,2.0,1.0,1.0,2,52,0.001,104,0.07411668054938036,0.02922332206313788,0.0010534095083950244,0.0039447731755424065,-0.2959488130631411,-2.5313610085786475e-05,0.029248635673223666,0.07412108758662832
2,2.0,1.0,1.0,2,53,0.001,106,0.07546773590065159,0.029757350043459863,0.0010140109016661338,0.0037973181440607564,-0.2959488130631411,-2.437548974104642e-05,0.02978172553320091,0.07547173034625194
2,2.0,1.0,1.0,2,54,0.001,108,0.0768160937466883,0.03029026298979548,0.000976782368291355,0.003657978966620941,-0.2959488130631411,-2.3488423893047727e-05,0.030313751413688528,0.0768197206841533
2,2.0,1.0,1.0,2,55,0.001,110,0.078161759129457,0.03082206656776404,0.0009415673888985787,0.0035261707988980713,-0.2959488130631411,-2.2648784345824513e-05,0.030844715352109864,0.07816505802818892
2,2.0,1.0,1.0,2,56,0.001,112,0.0795047371239368,0.03135276612933474,0.0009082233075491573,0.003401360544217686,-0.2959488130631411,-2.1853258649229268e-05,0.03137461938798397,0.07950774262153487
2,2.0,1.0,1.0,2,57,0.001,114,0.0808450328320971,0.03188236674461731,0.0008766198836842333,0.0032830614548066068,-0.2959488130631411,-2.1098817791165292e-05,0.03190346556240847,0.08084777539642227
2,2.0,1.0,1.0,2,58,0.001,116,0.08218265137780878,0.03241087322993036,0.0008466380175188858,0.003170828378913991,-0.2959488130631411,-2.0382687668518695e-05,0.03243125591759888,0.08218515786895307
2,2.0,1.0,1.0,2,59,0.001,118,0.0835175979025039,0.03293829017260658,0.0008181686255674874,0.0030642535669826677,-0.2959488130631411,-1.970232384262971e-05,0.03295799249644921,0.08351989205117366
2,2.0,1.0,1.0,2,60,0.001,120,0.08484987756153739,0.03346462195302807,0.0007911116463902482,0.002962962962962963,-0.2959488130631411,-1.905538913687943e-05,0.03348367734216495,0.08485198037739491
2,2.0,1.0,1.0,2,61,0.001,122,0.08617949552105786,0.03398987276414128,0.0007653751596362992,0.0028666129176744604,-0.2959488130631411,-1.843973376491892e-05,0.0340083124979062,0.08618142564220996
2,2.0,1.0,1.0,2,62,0.001,124,0.08750645695518622,0.034514046628856876,0.0007408746038374554,0.0027748872702046475,-0.2959488130631411,-1.7853377628218592e-05,0.034531900006485095,0.08750823094817375
2,2.0,1.0,1.0,2,63,0.001,126,0.08883076704384019,0.035037147415533154,0.0007175320805178105,0.002687494750986814,-0.2959488130631411,-1.729449452864129e-05,0.035054441910061795,0.08883239966162675
2,2.0,1.0,1.0,2,64,0.001,128,0.09015243097072145,0.035559178851856055,0.0006952757338904808,0.0026041666666666665,-0.2959488130631411,-1.6761398059894628e-05,0.03557594024991595,0.09015393537520246
2,2.0,1.0,1.0,2,65,0.001,130,0.0914714539214222,0.03608014453716629,0.0006740391969085587,0.0025246548323471403,-0.2959488130631411,-1.6252529013105477e-05,0.0360963970661794,0.09147284187585311
2,2.0,1.0,1.0,2,66,0.001,132,0.09278784108223626,0.03660004795362343,0.000653761095670401,0.002448729721456994,-0.2959488130631411,-1.5766444020848258e-05,0.036615814397644275,0.09278912311778818
2,2.0,1.0,1.0,2,67,0.001,134,0.0941015976386731,0.03711889247614536,0.000634384605268746,0.0023761788074552607,-0.2959488130631411,-1.5301805410261604e-05,0.03713419428155562,0.09410278319915943
2,2.0,1.0,1.0,2,68,0.001,136,0.09541272877430007,0.037636681381336856,0.0006158570510588869,0.002306805074971165,-0.2959488130631411,-1.4857372108434408e-05,0.03765153875344529,0.09541382634213445
2,2.0,1.0,1.0,2,69,0.001,138,0.09672123966991963,0.038153417855597616,0.0005981295501215469,0.002240425680879367,-0.2959488130631411,-1.4431991361196772e-05,0.03816784984695881,0.09672225687586589
2,2.0,1.0,1.0,2,70,0.001,140,0.09802713550271047,0.03866910500240256,0.0005811566883512755,0.0021768707482993192,-0.2959488130631411,-1.4024591304451217e-05,0.03868312959370701,0.09802807922177398
2,2.0,1.0,1.0,2,71,0.001,142,0.09933042144542104,0.03918374584885609,0.0005648962291761126,0.0021159822786484166,-0.2959488130631411,-1.3634174284626877e-05,0.039197380023140715,0.09933129788083339
2,2.0,1.0,1.0,2,72,0.001,144,0.1006311026655875,0.03969734335159447,0.0005493088504389163,0.002057613168724279,-0.2959488130631411,-1.3259810829169272e-05,0.03971060316242364,0.10063191742254753
2,2.0,1.0,1.0,2,73,0.001,146,0.10192918432536069,0.04020990040228217,0.0005343579063236958,0.002001626321386126,-0.2959488130631411,-1.2900634019319401e-05,0.04022280103630149,0.10192994247561482
2,2.0,1.0,1.0,2,74,0.001,148,0.10322467158058446,0.04072141983237648,0.0005200092117031693,0.0019478938397857319,-0.2959488130631411,-1.2555834650929132e-05,0.04073397566702741,0.10322537771950635
2,2.0,1.0,1.0,2,75,0.001,150,0.10451756958075453,0.04123190441767077,0.0005062308464637518,0.0018962962962962965,-0.2959488130631411,-1.222465656597338e-05,0.041244129074236746,0.10451822787746418
2,2.0,1.0,1.0,2,76,0.001,152,0.10580788346827741,0.041741356882240954,0.0004929929777609627,0.0018467220683287162,-0.2959488130631411,-1.190639264553317e-05,0.04175326327488649,0.10580849771011352
2,2.0,1.0,1.0,2,77,0.001,154,0.10709561837839043,0.04224977990216433,0.0004802676983407671,0.0017990667341316693,-0.2959488130631411,-1.1600380991516612e-05,0.04226138028315585,0.10709619201011339
2,2.0,1.0,1.0,2,78,0.001,156,0.10838077943872237,0.04275717610886476,0.00046802887927931385,0.0017532325224632913,-0.2959488130631411,-1.1306001512556563e-05,0.042768482110377315,0.10838131559733612
2,2.0,1.0,1.0,2,79,0.001,158,0.10966337176913621,0.04326354809215943,0.00045625203570217666,0.0017091278107140948,-0.2959488130631411,-1.1022672811999978e-05,0.04327457076497143,0.10966387331474636
2,2.0,1.0,1.0,2,80,0.001,160,0.1109434004815113,0.04376889840309012,0.00044491420418194384,0.001666666666666667,-0.2959488130631411,-1.0749849298996583e-05,0.043779648252389114,0.11094387002473756
2,2.0,1.0,1.0,2,1,0.002,2,0.978887515112794,1.006722159144762,1.86187861626067,10.666666666666666,-0.2959488130631411,1.0095738046109872,-0.0028516454662252944,0.9888727303505915
2,2.0,1.0,1.0,2,2,0.002,4,0.36416990065122157,0.3257002917397474,0.927161577989269,2.6666666666666665,-0.2959488130631411,0.32593949840525854,-0.000239206665511138,0.6004952869710525
2,2.0,1.0,1.0,2,3,0.002,6,0.07363440438628666,0.0339829877084355,0.3723145878239691,1.1851851851851847,-0.2959488130631411,0.03081727478391605,0.003165712924519448,0.257376325993478
2,2.0,1.0,1.0,2,4,0.002,8,0.030041747003421326,0.009597074495308167,0.19591093370690885,0.6666666666666666,-0.2959488130631411,0.0049739356109742006,0.004623138884333966,0.13883694230335958
2,2.0,1.0,1.0,2,5,0.002,10,0.02180558933271204,0.006427449832973442,0.12122376870437948,0.42666666666666675,-0.2959488130631411,0.0005728149800947047,0.005854634852878737,0.08884856087050863
2,2.0,1.0,1.0,2,6,0.002,12,0.021018098951475217,0.006612321875791138,0.08261223519058486,0.29629629629629617,-0.2959488130631411,-0.0004228758055998538,0.007035197681390992,0.06386245448868566
2,2.0,1.0,1.0,2,7,0.002,14,0.02241930484703769,0.0075602075511477795,0.060000972441956894,0.2176870748299319,-0.2959488130631411,-0.0006370996598665246,0.008197307211014304,0.05028148850014864
2,2.0,1.0,1.0,2,8,0.002,16,0.02461572130177625,0.008710558742200392,0.045594607805346556,0.16666666666666666,-0.2959488130631411,-0.0006392160546229153,0.009349774796823307,0.04282150185316197
2,2.0,1.0,1.0,2,9,0.002,18,0.02714438641924255,0.009912225566042154,0.03583969858857737,0.13168724279835387,-0.2959488130631411,-0.0005833768971434949,0.01049560246318565,0.03904330853272156
2,2.0,1.0,1.0,2,10,0.002,20,0.02982506549934394,0.01111952798478838,0.02892279677885189,0.10666666666666669,-0.2959488130631411,-0.0005164498598734801,0.01163597784466186,0.037622422783348486
2,2.0,1.0,1.0,2,11,0.002,22,0.032578869998382,0.012318388167443017,0.023837592942125802,0.0881542699724518,-0.2959488130631411,-0.0004530350710476583,0.012771423238490676,0.0377324937604533
2,2.0,1.0,1.0,2,12,0.002,24,0.035368011227002505,0.013505057013478039,0.019988361312726202,0.07407407407407404,-0.2959488130631411,-0.00039713082143322254,0.013902187834911262,0.03882372890396508
2,2.0,1.0,1.0,2,13,0.002,26,0.03817304499678775,0.014679254703141853,0.01700378673043368,0.0631163708086785,-0.2959488130631411,-0.00034914448705297696,0.01502839919019483,0.04053272954366335
2,2.0,1.0,1.0,2,14,0.002,28,0.040983368466864234,0.015841797543169667,0.014642480656845295,0.05442176870748298,-0.2959488130631411,-0.0003083298371622245,0.01615012738033189,0.04262668979534863
2,2.0,1.0,1.0,2,15,0.002,30,0.043792917046114876,0.01699375206271564,0.012741920279782906,0.047407407407407405,-0.2959488130631411,-0.00027366209819768006,0.01726741416091332,0.044960067508679424
2,2.0,1.0,1.0,2,16,0.002,32,0.0465980816189403,0.018136140898756425,0.011189386197347719,0.041666666666666664,-0.2959488130631411,-0.00024414606521067084,0.018380286963967096,0.04744272309181442
2,2.0,1.0,1.0,2,17,0.002,34,0.04939664242900477,0.019269854182432045,0.009904684859292644,0.03690888119953864,-0.2959488130631411,-0.00021891172041021978,0.019488765902842264,0.05001865022685079
2,2.0,1.0,1.0,2,18,0.002,36,0.05218719670389915,0.020395636966827946,0.008829488516872534,0.032921810699588466,-0.2959488130631411,-0.00019723042073993557,0.02059286738756788,0.05265265975545792
2,2.0,1.0,1.0,2,19,0.002,38,0.05496883844180944,0.021514102827694004,0.007920543826146322,0.02954755309325946,-0.2959488130631411,-0.00017850320181345136,0.021692606029507455,0.055322299420457986
2,2.0,1.0,1.0,2,20,0.002,40,0.05774097271584899,0.02262575435700881,0.007145222363112229,0.026666666666666672,-0.2959488130631411,-0.00016224129749559113,0.0227879956545044,0.05801299608012206
2,2.0,1.0,1.0,2,21,0.002,42,0.06050320452447555,0.023731003371555703,0.006478532749439517,0.024187452758881324,-0.2959488130631411,-0.00014804646826077628,0.02387904983981648,0.06071512441026507
2,2.0,1.0,1.0,2,22,0.002,44,0.06325527036666867,0.02483018849304852,0.005901069885197567,0.02203856749311295,-0.2959488130631411,-0.0001355936991128126,0.024965782192161334,0.0634222187469372
2,2.0,1.0,1.0,2,23,0.002,46,0.06599699504734668,0.025923589651341505,0.0053975795736767975,0.0201638311279143,-0.2959488130631411,-0.0001246168322333041,0.02604820648357481,0.0661298662826832
2,2.0,1.0,1.0,2,24,0.002,48,0.06872826378671326,0.027011439753485134,0.004955936036251345,0.01851851851851851,-0.2959488130631411,-0.0001148969555840873,0.02712633670906922,0.06883501082029225
2,2.0,1.0,1.0,2,25,0.002,50,0.07144900383953434,0.028093933963152462,0.00456640186036809,0.017066666666666667,-0.2959488130631411,-0.0001062531385888632,0.028200187101741325,0.0715355074411011
2,2.0,1.0,1.0,2,26,0.002,52,0.07415917215437251,0.029171237045435283,0.0042210845576475696,0.015779092702169626,-0.2959488130631411,-9.853507991786081e-05,0.029269772125353144,0.07422983293704585
2,2.0,1.0,1.0,2,27,0.002,54,0.07685874694630335,0.030243489176615457,0.003913532188925763,0.014631915866483764,-0.2959488130631411,-9.161727911088935e-05,0.030335106455726346,0.07691689450503081
2,2.0,1.0,1.0,2,28,0.002,56,0.07954772185180814,0.03131081054758472,0.003638428799900663,0.013605442176870744,-0.2959488130631411,-8.539440973598378e-05,0.031396204957320706,0.07959590142434081
2,2.0,1.0,1.0,2,29,0.002,58,0.08222610181628642,0.03237330502287222,0.0033913624582595234,0.012683313515655964,-0.2959488130631411,-7.977763564698259e-05,0.032453082658519206,0.08226627773309339
2,2.0,1.0,1.0,2,30,0.002,60,0.084893900161914,0.03343106306053306,0.0031686467562148904,0.011851851851851851,-0.2959488130631411,-7.46916670100739e-05,0.033505754727543136,0.08492760199151389
2,2.0,1.0,1.0,2,31,0.002,62,0.0875511364715631,0.034484164052737076,0.002967182137960845,0.01109954908081859,-0.2959488130631411,-7.00723972004158e-05,0.03455423644993749,0.08757956519506903
2,2.0,1.0,1.0,2,32,0.002,64,0.09019783504403855,0.035532678210816626,0.0027843472070658536,0.010416666666666666,-0.2959488130631411,-6.586499723332251e-05,0.03559854320804995,0.09022194101263131
2,2.0,1.0,1.0,2,33,0.002,66,0.0928340237544456,0.03657666809084342,0.0026179128257068723,0.009794918885827977,-0.2959488130631411,-6.202237176827774e-05,0.0366386904626117,0.09285456450078276
2,2.0,1.0,1.0,2,34,0.002,68,0.09545973320506207,0.03761618983429338,0.002465973700743102,0.00922722029988466,-0.2959488130631411,-5.850390208911316e-05,0.03767469373638249,0.09547731671725844
2,2.0,1.0,1.0,2,35,0.002,70,0.09807499608702375,0.03865129418195862,0.0023268935019214233,0.008707482993197277,-0.2959488130631411,-5.527441775726727e-05,0.038706568599715885,0.0980901134866568
2,2.0,1.0,1.0,2,36,0.002,72,0.10067984669585772,0.039682027306332635,0.0021992605363465407,0.008230452674897117,-0.2959488130631411,-5.2303351525617714e-05,0.03973433065785825,0.10069289711980686
2,2.0,1.0,1.0,2,37,0.002,74,0.1032743205613853,0.04070843149832787,0.0020818517200636728,0.0077915753591429274,-0.2959488130631411,-4.956404150258109e-05,0.04075799553983045,0.10328563025583755
2,2.0,1.0,1.0,2,38,0.002,76,0.1058584541622909,0.041730545736206714,0.001973603117521951,0.007386888273314865,-0.2959488130631411,-4.703315248022477e-05,0.04177757888868694,0.10586829124386393
2,2.0,1.0,1.0,2,39,0.002,78,0.10843228470484079,0.042748406159089036,0.0018735857149208349,0.007012930089853165,-0.2959488130631411,-4.4690193900853714e-05,0.04279309635298989,0.10844087065185826
2,2.0,1.0,1.0,2,40,0.002,80,0.11099584994981715,0.04376204646264509,0.0017809853908134006,0.006666666666666668,-0.2959488130631411,-4.251711671920955e-05,0.0438045635793643,0.11100336860748386
2,2.0,1.0,1.0,2,41,0.002,82,0.11354918807672376,0.044771498231186035,0.0016950862727701454,0.006345429307951616,-0.2959488130631411,-4.04979747831713e-05,0.04481199620596921,0.11355579275829739
2,2.0,1.0,1.0,2,42,0.002,84,0.11609233757613813,0.0457767912173645,0.0016152568411809671,0.006046863189720331,-0.2959488130631411,-3.861863943038779e-05,0.045815409856794886,0.11609815669622574
2,2.0,1.0,1.0,2,43,0.002,86,0.11862533716423262,0.046777953578734766,0.001540938273797609,0.005768884081485487,-0.2959488130631411,-3.686655793649907e-05,0.046814820136671265,0.11863047873293596
2,2.0,1.0,1.0,2,44,0.002,88,0.12114822571440231,0.04777501207851792,0.0014716346272951604,0.005509641873278237,-0.2959488130631411,-3.523054835757877e-05,0.0478102426268755,0.12115278094205435
2,2.0,1.0,1.0,2,45,0.002,90,0.12366104220242646,0.04876799225661238,0.0014069045321692174,0.005267489711934158,-0.2959488130631411,-3.370062468532886e-05,0.04880169288129771,0.12366508840576558
2,2.0,1.0,1.0,2,46,0.002,92,0.12616382566208706,0.04975691857573045,0.0013463541400975897,0.005040957781978575,-0.2959488130631411,-3.226784734083887e-05,0.049789186423071286,0.12616742861881466
2,2.0,1.0,1.0,2,47,0.002,94,0.12865661514929527,0.05074181454669574,0.001289631112399547,0.004828730949147427,-0.2959488130631411,-3.092419490874354e-05,0.050772738741604484,0.12865983101460654
2,2.0,1.0,1.0,2,48,0.002,96,0.13113944971279856,0.051722702836208556,0.0012364194775678302,0.004629629629629628,-0.2959488130631411,-2.9662453776391207e-05,0.05175236528998495,0.13114232658642186
2,2.0,1.0,1.0,2,49,0.002,98,0.13361236837038415,0.052699605359859125,0.0011864352171464295,0.004442593363876162,-0.2959488130631411,-2.847612282663725e-05,0.05272808148268576,0.13361494758329023
2,2.0,1.0,1.0,2,50,0.002,100,0.13607541008932933,0.053672543362582814,0.001139422464385526,0.004266666666666667,-0.2959488130631411,-2.7359330969478624e-05,0.05369990269355229,0.1360777272646199
2,2.0,1.0,1.0,2,51,0.002,102,0.13852861377028614,0.054641537488470726,0.0010951502203341889,0.004100986799948737,-0.2959488130631411,-2.6306765567640777e-05,0.05466784425403837,0.13853069970136336
2,2.0,1.0,1.0,2,52,0.002,104,0.1409720182340941,0.055606607841548195,0.0010534095083950244,0.0039447731755424065,-0.2959488130631411,-2.5313610085786475e-05,0.05563192145163398,0.14097389961428136
2,2.0,1.0,1.0,2,53,0.002,106,0.14340566221079265,0.05656777403876834,0.0010140109016661338,0.0037973181440607564,-0.2959488130631411,-2.437548974104642e-05,0.05659214952850938,0.1434073622417807
2,2.0,1.0,1.0,2,54,0.002,108,0.14582958433064475,0.05752505525640522,0.000976782368291355,0.003657978966620941,-0.2959488130631411,-2.3488423893047727e-05,0.05754854368029827,0.1458311232315963
2,2.0,1.0,1.0,2,55,0.002,110,0.1482438231165749,0.058478470270698135,0.0009415673888985787,0.0035261707988980713,-0.2959488130631411,-2.2648784345824513e-05,0.05850111905504396,0.14824521855160128
2,2.0,1.0,1.0,2,56,0.002,112,0.15064841697800502,0.05942803749361575,0.0009082233075491573,0.003401360544217686,-0.2959488130631411,-2.1853258649229268e-05,0.05944989075226498,0.15064968441620313
2,2.0,1.0,1.0,2,57,0.002,114,0.15304340420568285,0.06037377500434865,0.0008766198836842333,0.0032830614548066068,-0.2959488130631411,-2.1098817791165292e-05,0.060394873822139816,0.1530445572253412
2,2.0,1.0,1.0,2,58,0.002,116,0.1554288229674088,0.061315700577136756,0.0008466380175188858,0.003170828378913991,-0.2959488130631411,-2.0382687668518695e-05,0.061336083264805275,0.15542987351380552
2,2.0,1.0,1.0,2,59,0.002,118,0.1578047113044514,0.062253831705865015,0.0008181686255674874,0.0030642535669826677,-0.2959488130631411,-1.970232384262971e-05,0.062273534029707645,0.15780566990897532
2,2.0,1.0,1.0,2,60,0.002,120,0.16017110712867821,0.06318818562594697,0.0007911116463902482,0.002962962962962963,-0.2959488130631411,-1.905538913687943e-05,0.06320724101508385,0.1601719830955403
2,2.0,1.0,1.0,2,61,0.002,122,0.16252804822014877,0.06411877933372007,0.0007653751596362992,0.0028666129176744604,-0.2959488130631411,-1.843973376491892e-05,0.06413721906748499,0.1625288497859285
2,2.0,1.0,1.0,2,62,0.002,124,0.16487557222500138,0.06504562960373034,0.0007408746038374554,0.0027748872702046475,-0.2959488130631411,-1.7853377628218592e-05,0.06506348298135856,0.16487630669541142
2,2.0,1.0,1.0,2,63,0.002,126,0.16721371665396068,0.06596875300418065,0.0007175320805178105,0.002687494750986814,-0.2959488130631411,-1.729449452864129e-05,0.06598604749870929,0.1672143905212414
2,2.0,1.0,1.0,2,64,0.002,128,0.16954251888101268,0.06688816591075303,0.0006952757338904808,0.0026041666666666665,-0.2959488130631411,-1.6761398059894628e-05,0.06690492730881292,0.16954313792501471
2,2.0,1.0,1.0,2,65,0.002,130,0.17186201614216667,0.06780388451892067,0.0006740391969085587,0.0025246548323471403,-0.2959488130631411,-1.6252529013105477e-05,0.06782013704793377,0.17186258551768904
2,2.0,1.0,1.0,2,66,0.002,132,0.1741722455349064,0.06871592485512557,0.000653761095670401,0.002448729721456994,-0.2959488130631411,-1.5766444020848258e-05,0.06873169129914641,0.17417276984708502
2,2.0,1.0,1.0,2,67,0.002,134,0.17647324401734665,0.06962430278673037,0.000634384605268746,0.0023761788074552607,-0.2959488130631411,-1.5301805410261604e-05,0.06963960459214064,0.1764737273871123
2,2.0,1.0,1.0,2,68,0.002,136,0.17876504840771856,0.07052903403099303,0.0006158570510588869,0.002306805074971165,-0.2959488130631411,-1.4857372108434408e-05,0.07054389140310147,0.17876549452868562
2,2.0,1.0,1.0,2,69,0.002,138,0.18104769538414411,0.0714301341632202,0.0005981295501215469,0.002240425680879367,-0.2959488130631411,-1.4431991361196772e-05,0.07144456615458139,0.18104810757206358
2,2.0,1.0,1.0,2,70,0.002,140,0.1833212214843979,0.0723276186241259,0.0005811566883512755,0.0021768707482993192,-0.2959488130631411,-1.4024591304451217e-05,0.07234164321543035,0.18332160272029818
2,2.0,1.0,1.0,2,71,0.002,142,0.18558566310570623,0.07322150272644995,0.0005648962291761126,0.0021159822786484166,-0.2959488130631411,-1.3634174284626877e-05,0.07323513690073458,0.18558601607363126
2,2.0,1.0,1.0,2,72,0.002,144,0.1878410565045744,0.07411180166096437,0.0005493088504389163,0.002057613168724279,-0.2959488130631411,-1.3259810829169272e-05,0.07412506147179354,0.18784138362471464
2,2.0,1.0,1.0,2,73,0.002,146,0.19008743779717518,0.0749985305020538,0.0005343579063236958,0.002001626321386126,-0.2959488130631411,-1.2900634019319401e-05,0.07501143113607311,0.19008774125472028
2,2.0,1.0,1.0,2,74,0.002,148,0.1923248429590494,0.07588170421260026,0.0005200092117031693,0.0019478938397857319,-0.2959488130631411,-1.2555834650929132e-05,0.0758942600472512,0.19232512472977178
2,2.0,1.0,1.0,2,75,0.002,150,0.19455330782561053,0.07676133764863785,0.0005062308464637518,0.0018962962962962965,-0.2959488130631411,-1.222465656597338e-05,0.07677356230520382,0.19455356969818602
2,2.0,1.0,1.0,2,76,0.002,152,0.19677286809200967,0.07763744556341184,0.0004929929777609627,0.0018467220683287162,-0.2959488130631411,-1.190639264553317e-05,0.07764935195605738,0.19677311168788733
2,2.0,1.0,1.0,2,77,0.002,154,0.1989835593136119,0.07851004261124556,0.0004802676983407671,0.0017990667341316693,-0.2959488130631411,-1.1600380991516612e-05,0.07852164299223707,0.19898378610443646
2,2.0,1.0,1.0,2,78,0.002,156,0.20118541690613034,0.07937914335100282,0.00046802887927931385,0.0017532325224632913,-0.2959488130631411,-1.1306001512556563e-05,0.07939044935251538,0.20118562822923236
2,2.0,1.0,1.0,2,79,0.002,158,0.20337847614602722,0.08024476224928528,0.00045625203570217666,0.0017091278107140948,-0.2959488130631411,-1.1022672811999978e-05,0.08025578492209728,0.2033786732180995
2,2.0,1.0,1.0,2,80,0.002,160,0.20556277217085417,0.08110691368340212,0.00044491420418194384,0.001666666666666667,-0.2959488130631411,-1.0749849298996583e-05,0.08111766353270111,0.20556295610007758
2,2.0,1.0,1.0,2,1,0.005,2,0.9775135061199994,1.0024553953202975,1.86187861626067,10.666666666666666,-0.2959488130631411,1.0095738046109872,-0.007118409290689742,0.987408533763676
2,2.0,1.0,1.0,2,2,0.005,4,0.36878826379656604,0.3253441683246188,0.927161577989269,2.6666666666666665,-0.2959488130631411,0.32593949840525854,-0.0005953300806397221,0.5999406915375356
2,2.0,1.0,1.0,2,3,0.005,6,0.08574207398346445,0.0386724569536428,0.3723145878239691,1.1851851851851847,-0.2959488130631411,0.03081727478391605,0.007855182169726749,0.2598764808341265
2,2.0,1.0,1.0,2,4,0.005,8,0.04717430597478556,0.01641127243962892,0.19591093370690885,0.6666666666666666,-0.2959488130631411,0.0049739356109742006,0.01143733682865472,0.14428992314624814
2,2.0,1.0,1.0,2,5,0.005,10,0.04340146003762002,0.01501370898991744,0.12122376870437948,0.42666666666666675,-0.2959488130631411,0.0005728149800947047,0.014440894009822736,0.0978473044503637
2,2.0,1.0,1.0,2,6,0.005,12,0.04688361366492466,0.01687847150060312,0.08261223519058486,0.29629629629629617,-0.2959488130631411,-0.0004228758055998538,0.017301347306202974,0.07746474457843443
2,2.0,1.0,1.0,2,7,0.005,14,0.05244778861477095,0.019462492228444705,0.060000972441956894,0.2176870748299319,-0.2959488130631411,-0.0006370996598665246,0.02009959188831123,0.06955964752137112
2,2.0,1.0,1.0,2,8,0.005,16,0.05872831187449068,0.022218489992179624,0.045594607805346556,0.16666666666666666,-0.2959488130631411,-0.0006392160546229153,0.02285770604680254,0.06837483316286352
2,2.0,1.0,1.0,2,9,0.005,18,0.06527329156044204,0.02499997159261541,0.03583969858857737,0.13168724279835387,-0.2959488130631411,-0.0005833768971434949,0.025583348489758906,0.070841538651668
2,2.0,1.0,1.0,2,10,0.005,20,0.0719077341366452,0.02776322918561208,0.02892279677885189,0.10666666666666669,-0.2959488130631411,-0.0005164498598734801,0.028279679045485562,0.07523205139051926
2,2.0,1.0,1.0,2,11,0.005,22,0.07855563756539619,0.030495173844683088,0.023837592942125802,0.0881542699724518,-0.2959488130631411,-0.0004530350710476583,0.030948208915730746,0.08061379938593659
2,2.0,1.0,1.0,2,12,0.005,24,0.08518103566928692,0.0331926415950598,0.019988361312726202,0.07407407407407404,-0.2959488130631411,-0.00039713082143322254,0.033589772416493024,0.08650040161643392
2,2.0,1.0,1.0,2,13,0.005,26,0.09176578148891823,0.035855757248451525,0.01700378673043368,0.0631163708086785,-0.2959488130631411,-0.00034914448705297696,0.0362049017355045,0.092638690162024
2,2.0,1.0,1.0,2,14,0.005,28,0.09830029041577482,0.03848565557395239,0.014642480656845295,0.05442176870748298,-0.2959488130631411,-0.0003083298371622245,0.03879398541111462,0.09889426443330399
2,2.0,1.0,1.0,2,15,0.005,30,0.10477935825197193,0.041083678144481606,0.012741920279782906,0.047407407407407405,-0.2959488130631411,-0.00027366209819768006,0.041357340242679286,0.10519367854533815
2,2.0,1.0,1.0,2,16,0.005,32,0.11120014174911386,0.04365109967708153,0.011189386197347719,0.041666666666666664,-0.2959488130631411,-0.00024414606521067084,0.0438952457422922,0.11149554677180784
2,2.0,1.0,1.0,2,17,0.005,34,0.11756112730145052,0.04618904962068299,0.009904684859292644,0.03690888119953864,-0.2959488130631411,-0.00021891172041021978,0.04640796134109321,0.11777587522347763
2,2.0,1.0,1.0,2,18,0.005,36,0.12386157855895796,0.048698504829974454,0.008829488516872534,0.032921810699588466,-0.2959488130631411,-0.00019723042073993557,0.04889573525071439,0.12402041244750452
2,2.0,1.0,1.0,2,19,0.005,38,0.13010122813409508,0.051180305920334346,0.007920543826146322,0.02954755309325946,-0.2959488130631411,-0.00017850320181345136,0.0513588091221478,0.1302205360088843
2,2.0,1.0,1.0,2,20,0.005,40,0.1362800992561053,0.053635179222593754,0.007145222363112229,0.026666666666666672,-0.2959488130631411,-0.00016224129749559113,0.053797420520089345,0.13637097100001794
2,2.0,1.0,1.0,2,21,0.005,42,0.14239839929140008,0.056063757765784816,0.006478532749439517,0.024187452758881324,-0.2959488130631411,-0.00014804646826077628,0.05621180423404559,0.1424684865522005
2,2.0,1.0,1.0,2,22,0.005,44,0.14845645436818933,0.05846659926036474,0.005901069885197567,0.02203856749311295,-0.2959488130631411,-0.0001355936991128126,0.05860219295947755,0.14851113018035622
2,2.0,1.0,1.0,2,23,0.005,46,0.15445466822447051,0.060844200802448845,0.0053975795736767975,0.0201638311279143,-0.2959488130631411,-0.0001246168322333041,0.06096881763468215,0.15449776637105891
2,2.0,1.0,1.0,2,24,0.005,48,0.16039349571882655,0.06319701063400829,0.004955936036251345,0.01851851851851851,-0.2959488130631411,-0.0001148969555840873,0.06331190758959238,0.16042779188565265
2,2.0,1.0,1.0,2,25,0.005,50,0.16627342543384238,0.06552543745454675,0.00456640186036809,0.017066666666666667,-0.2959488130631411,-0.0001062531385888632,0.06563169059313562,0.1663009562544166
2,2.0,1.0,1.0,2,26,0.005,52,0.17209496804234947,0.06782985776777894,0.0042210845576475696,0.015779092702169626,-0.2959488130631411,-9.853507991786081e-05,0.0679283928476968,0.17211724632254738
2,2.0,1.0,1.0,2,27,0.005,54,0.17785864839969634,0.07011062167880383,0.003913532188925763,0.014631915866483764,-0.2959488130631411,-9.161727911088935e-05,0.07020223895791472,0.17787681062332722
2,2.0,1.0,1.0,2,28,0.005,56,0.18356500008926424,0.07236805747930558,0.003638428799900663,0.013605442176870744,-0.2959488130631411,-8.539440973598378e-05,0.07245345188904156,0.18357990899946947
2,2.0,1.0,1.0,2,29,0.005,58,0.18921456161048145,0.07460247528753916,0.0033913624582595234,0.012683313515655964,-0.2959488130631411,-7.977763564698259e-05,0.07468225292318614,0.18922687851942976
2,2.0,1.0,1.0,2,30,0.005,60,0.19480787368332697,0.07681416995086504,0.0031686467562148904,0.011851851851851851,-0.2959488130631411,-7.46916670100739e-05,0.07688886161787511,0.19481811008610353
2,2.0,1.0,1.0,2,31,0.005,62,0.20034547732294472,0.07900342337183874,0.002967182137960845,0.01109954908081859,-0.2959488130631411,-7.00723972004158e-05,0.07907349576903916,0.20035403217060455
2,2.0,1.0,1.0,2,32,0.005,64,0.20582791245214538,0.0811705063820905,0.0027843472070658536,0.010416666666666666,-0.2959488130631411,-6.586499723332251e-05,0.08123637137932382,0.20583509936231123
2,2.0,1.0,1.0,2,33,0.005,66,0.21125571689438682,0.08331568026009223,0.0026179128257068723,0.009794918885827977,-0.2959488130631411,-6.202237176827774e-05,0.0833777026318605,0.21126178421832784
2,2.0,1.0,1.0,2,34,0.005,68,0.2166294256388308,0.08543919796719873,0.002465973700743102,0.00922722029988466,-0.2959488130631411,-5.850390208911316e-05,0.08549770186928785,0.21663457140154813
2,2.0,1.0,1.0,2,35,0.005,70,0.2219495703023111,0.0875413051598325,0.0023268935019214233,0.008707482993197277,-0.2959488130631411,-5.527441775726727e-05,0.08759657957758976,0.22195395342486204
2,2.0,1.0,1.0,2,36,0.005,72,0.2272166787345673,0.08962224102278654,0.0021992605363465407,0.008230452674897117,-0.2959488130631411,-5.2303351525617714e-05,0.08967454437431216,0.22722042753475355
2,2.0,1.0,1.0,2,37,0.005,74,0.23243127472957925,0.09168223895909722,0.0020818517200636728,0.0077915753591429274,-0.2959488130631411,-4.956404150258109e-05,0.0917318030005998,0.23243449341178893
2,2.0,1.0,1.0,2,38,0.005,76,0.23759387781520847,0.09372152716416476,0.001973603117521951,0.007386888273314865,-0.2959488130631411,-4.703315248022477e-05,0.09376856031664499,0.23759665146214637
2,2.0,1.0,1.0,2,39,0.005,78,0.24270500310186705,0.09574032910614488,0.0018735857149208349,0.007012930089853165,-0.2959488130631411,-4.4690193900853714e-05,0.09578501930004574,0.24270740154093412
2,2.0,1.0,1.0,2,40,0.005,80,0.24776516117537573,0.0977388639300148,0.0017809853908134006,0.006666666666666668,-0.2959488130631411,-4.251711671920955e-05,0.097781381046734,0.24776724199344036
2,2.0,1.0,1.0,2,41,0.005,82,0.2527748580237529,0.09971734679927785,0.0016950862727701454,0.006345429307951616,-0.2959488130631411,-4.04979747831713e-05,0.09975784477406102,0.25277666893259293
2,2.0,1.0,1.0,2,42,0.005,84,0.257734594989503,0.10167598918637094,0.0016152568411809671,0.006046863189720331,-0.2959488130631411,-3.861863943038779e-05,0.10171460782580133,0.25773617569299556
2,2.0,1.0,1.0,2,43,0.005,86,0.2626448687417807,0.10361499912082511,0.001540938273797609,0.005768884081485487,-0.2959488130631411,-3.686655793649907e-05,0.10365186567876161,0.26264625241814044
2,2.0,1.0,1.0,2,44,0.005,88,0.26750617126381326,0.1055345814024039,0.0014716346272951604,0.005509641873278237,-0.2959488130631411,-3.523054835757877e-05,0.10556981195076148,0.26750738574859334
2,2.0,1.0,1.0,2,45,0.005,90,0.2723189898522018,0.10743493778510821,0.0014069045321692174,0.005267489711934158,-0.2959488130631411,-3.370062468532886e-05,0.10746863840979354,0.2723200585873125
2,2.0,1.0,1.0,2,46,0.005,92,0.2770838071253293,0.10931626713687176,0.0013463541400975897,0.005040957781978575,-0.2959488130631411,-3.226784734083887e-05,0.1093485349842126,0.27708474992414023
2,2.0,1.0,1.0,2,47,0.005,94,0.28180110103903744,0.11117876557883805,0.001289631112399547,0.004828730949147427,-0.2959488130631411,-3.092419490874354e-05,0.11120968977374679,0.2818019347060522
2,2.0,1.0,1.0,2,48,0.005,96,0.28647134490782367,0.11302262660748852,0.0012364194775678302,0.004629629629629628,-0.2959488130631411,-2.9662453776391207e-05,0.11305228906126491,0.2864720837428831
2,2.0,1.0,1.0,2,49,0.005,98,0.2910950074305598,0.11484804120230396,0.0011864352171464295,0.004442593363876162,-0.2959488130631411,-2.847612282663725e-05,0.1148765173251306,0.29109566364076733
2,2.0,1.0,1.0,2,50,0.005,100,0.29567255271958703,0.11665519792110574,0.001139422464385526,0.004266666666666667,-0.2959488130631411,-2.7359330969478624e-05,0.11668255725207521,0.2956731367572608
2,2.0,1.0,1.0,2,51,0.005,102,0.3002044403324585,0.11844428298496112,0.0010951502203341889,0.004100986799948737,-0.2959488130631411,-2.6306765567640777e-05,0.11847058975052877,0.3002049611735127
2,2.0,1.0,1.0,2,52,0.005,104,0.30469112530586107,0.12021548035417917,0.0010534095083950244,0.0039447731755424065,-0.2959488130631411,-2.5313610085786475e-05,0.12024079396426496,0.3046915906799278
2,2.0,1.0,1.0,2,53,0.005,106,0.3091330581910615,0.12196897179664618,0.0010140109016661338,0.0037973181440607564,-0.2959488130631411,-2.437548974104642e-05,0.12199334728638722,0.30913347477246733
2,2.0,1.0,1.0,2,54,0.005,108,0.31353068509071913,0.12370493694962792,0.000976782368291355,0.003657978966620941,-0.2959488130631411,-2.3488423893047727e-05,0.12372842537352097,0.3135310586574514
2,2.0,1.0,1.0,2,55,0.005,110,0.3178844476964886,0.12542355337587802,0.0009415673888985787,0.0035261707988980713,-0.2959488130631411,-2.2648784345824513e-05,0.12544620216022384,0.3178847832630571
2,2.0,1.0,1.0,2,56,0.005,112,0.3221947833274782,0.12712499661489063,0.0009082233075491573,0.003401360544217686,-0.2959488130631411,-2.1853258649229268e-05,0.12714684987353986,0.3221950852562102
2,2.0,1.0,1.0,2,57,0.005,114,0.32646212496910676,0.12880944022987678,0.0008766198836842333,0.0032830614548066068,-0.2959488130631411,-2.1098817791165292e-05,0.12883053904766795,0.32646239706374397
2,2.0,1.0,1.0,2,58,0.005,116,0.33068690131234135,0.13047705585106212,0.0008466380175188858,0.003170828378913991,-0.2959488130631411,-2.0382687668518695e-05,0.13049743853873064,0.33068714689696016
2,2.0,1.0,1.0,2,59,0.005,118,0.3348695367931498,0.1321280132157479,0.0008181686255674874,0.0030642535669826677,-0.2959488130631411,-1.970232384262971e-05,0.13214771553959054,0.3348697587789016
2,2.0,1.0,1.0,2,60,0.005,120,0.33901045163210586,0.13376248020557185,0.0007911116463902482,0.002962962962962963,-0.2959488130631411,-1.905538913687943e-05,0.13378153559470873,0.33901065257379526
2,2.0,1.0,1.0,2,61,0.005,122,0.3431100618740053,0.13538062288125324,0.0007653751596362992,0.0028666129176744604,-0.2959488130631411,-1.843973376491892e-05,0.13539906261501816,0.3431102440181821
2,2.0,1.0,1.0,2,62,0.005,124,0.34716877942734603,0.13698260551517483,0.0007408746038374554,0.0027748872702046475,-0.2959488130631411,-1.7853377628218592e-05,0.13700045889280305,0.34716894475337284
2,2.0,1.0,1.0,2,63,0.005,126,0.3511870121039028,0.13856859062201454,0.0007175320805178105,0.002687494750986814,-0.2959488130631411,-1.729449452864129e-05,0.13858588511654318,0.35118716235897157
2,2.0,1.0,1.0,2,64,0.005,128,0.3551651636580452,0.1401387389876958,0.0006952757338904808,0.0026041666666666665,-0.2959488130631411,-1.6761398059894628e-05,0.1401555003857557,0.3551653003871883
2,2.0,1.0,1.0,2,65,0.005,130,0.35910363382577115,0.1416932096967577,0.0006740391969085587,0.0025246548323471403,-0.2959488130631411,-1.6252529013105477e-05,0.1417094622257708,0.3591037583977247
2,2.0,1.0,1.0,2,66,0.005,132,0.36300281836386017,0.14323216015843587,0.000653761095670401,0.002448729721456994,-0.2959488130631411,-1.5766444020848258e-05,0.14324792660245672,0.3630029319931657
2,2.0,1.0,1.0,2,67,0.005,134,0.36686310908844444,0.14475574613147785,0.000634384605268746,0.0023761788074552607,-0.2959488130631411,-1.5301805410261604e-05,0.1447710479368881,0.36686321285461293
2,2.0,1.0,1.0,2,68,0.005,136,0.37068489391344295,0.1462641217478638,0.0006158570510588869,0.002306805074971165,-0.2959488130631411,-1.4857372108434408e-05,0.14627897911997223,0.3706849887775465
2,2.0,1.0,1.0,2,69,0.005,138,0.3744685568888453,0.1477574395355768,0.0005981295501215469,0.002240425680879367,-0.2959488130631411,-1.4431991361196772e-05,0.147771871526938,0.3744686437078105
2,2.0,1.0,1.0,2,70,0.005,140,0.37821447823860943,0.1492358504404812,0.0005811566883512755,0.0021768707482993192,-0.2959488130631411,-1.4024591304451217e-05,0.14924987503178566,0.3782145577776218
2,2.0,1.0,1.0,2,71,0.005,142,0.38192303439821496,0.15069950384736447,0.0005648962291761126,0.0021159822786484166,-0.2959488130631411,-1.3634174284626877e-05,0.1507131380216491,0.3819231073415479
2,2.0,1.0,1.0,2,72,0.005,144,0.38559459805187535,0.15214854760024898,0.0005493088504389163,0.002057613168724279,-0.2959488130631411,-1.3259810829169272e-05,0.15216180741107815,0.385594665012393
2,2.0,1.0,1.0,2,73,0.005,146,0.3892295381697882,0.1535831280221172,0.0005343579063236958,0.002001626321386126,-0.2959488130631411,-1.2900634019319401e-05,0.15359602865613653,0.38922959969704674
2,2.0,1.0,1.0,2,74,0.005,148,0.39282822004452944,0.15500338993390222,0.0005200092117031693,0.0019478938397857319,-0.2959488130631411,-1.2555834650929132e-05,0.15501594576855315,0.3928282766320687
2,2.0,1.0,1.0,2,75,0.005,150,0.3963910053276649,0.15640947667304234,0.0005062308464637518,0.0018962962962962965,-0.2959488130631411,-1.222465656597338e-05,0.1564217013296083,0.39639105741919833
2,2.0,1.0,1.0,2,76,0.005,152,0.39991825206553777,0.15780153011140996,0.0004929929777609627,0.0018467220683287162,-0.2959488130631411,-1.190639264553317e-05,0.1578134365040555,0.39991830006057494
2,2.0,1.0,1.0,2,77,0.005,154,0.4034103147351531,0.15917969067285137,0.0004802676983407671,0.0017990667341316693,-0.2959488130631411,-1.1600380991516612e-05,0.1591912910538429,0.40341035899380123
2,2.0,1.0,1.0,2,78,0.005,156,0.4068675442794568,0.1605440973502525,0.00046802887927931385,0.0017532325224632913,-0.2959488130631411,-1.1306001512556563e-05,0.16055540335176505,0.4068675851267277
2,2.0,1.0,1.0,2,79,0.005,158,0.41029028814245394,0.16189488772218563,0.00045625203570217666,0.0017091278107140948,-0.2959488130631411,-1.1022672811999978e-05,0.16190591039499763,0.4102903258720128
2,2.0,1.0,1.0,2,80,0.005,160,0.413678890303943,0.16323219796921984,0.00044491420418194384,0.001666666666666667,-0.2959488130631411,-1.0749849298996583e-05,0.16324294781851884,0.413678925181401
2,2.0,1.0,1.0,2,1,0.01,2,0.9752326833647752,0.9953726672791849,1.86187861626067,10.666666666666666,-0.2959488130631411,1.0095738046109872,-0.014201137331802283,0.9849784111495603
2,2.0,1.0,1.0,2,2,0.01,4,0.3763932466132084,0.32475774573994454,0.927161577989269,2.6666666666666665,-0.2959488130631411,0.32593949840525854,-0.0011817526653140065,0.5991119097622917
2,2.0,1.0,1.0,2,3,0.01,6,0.1055200241176244,0.04633273279309924,0.3723145878239691,1.1851851851851847,-0.2959488130631411,0.03081727478391605,0.015515458009183192,0.26460251993735995
2,2.0,1.0,1.0,2,4,0.01,8,0.0749366333956778,0.027453288682339705,0.19591093370690885,0.6666666666666666,-0.2959488130631411,0.0049739356109742006,0.022479353071365504,0.15528165264752958
2,2.0,1.0,1.0,2,5,0.01,10,0.07811665726194661,0.028816055008998864,0.12122376870437948,0.42666666666666675,-0.2959488130631411,0.0005728149800947047,0.02824324002890416,0.11711880639932946
2,2.0,1.0,1.0,2,6,0.01,12,0.08813016918589112,0.03324943164492972,0.08261223519058486,0.29629629629629617,-0.2959488130631411,-0.0004228758055998538,0.03367230745052957,0.10679971510787784
2,2.0,1.0,1.0,2,7,0.01,14,0.09995067182695772,0.0382910432587627,0.060000972441956894,0.2176870748299319,-0.2959488130631411,-0.0006370996598665246,0.03892814291862923,0.10908245803709592
2,2.0,1.0,1.0,2,8,0.01,16,0.11226156480906746,0.04341663085710773,0.045594607805346556,0.16666666666666666,-0.2959488130631411,-0.0006392160546229153,0.044055846911730645,0.11695467506310758
2,2.0,1.0,1.0,2,9,0.01,18,0.12463248536566895,0.04848861982835212,0.03583969858857737,0.13168724279835387,-0.2959488130631411,-0.0005833768971434949,0.049071996725495615,0.1271866529520343
2,2.0,1.0,1.0,2,10,0.01,20,0.1369003502896673,0.05346781776182036,0.02892279677885189,0.10666666666666669,-0.2959488130631411,-0.0005164498598734801,0.05398426762169384,0.13836735174189102
2,2.0,1.0,1.0,2,11,0.01,22,0.14899714302453482,0.05834402480286888,0.023837592942125802,0.0881542699724518,-0.2959488130631411,-0.0004530350710476583,0.058797059873916535,0.14988039243293202
2,2.0,1.0,1.0,2,12,0.01,24,0.16089306963504657,0.06311628283614856,0.019988361312726202,0.07407407407407404,-0.2959488130631411,-0.00039713082143322254,0.06351341365758179,0.16144677127255722
2,2.0,1.0,1.0,2,13,0.01,26,0.1725752225619529,0.06778660173554757,0.01700378673043368,0.0631163708086785,-0.2959488130631411,-0.00034914448705297696,0.06813574622260055,0.17293452793443476
2,2.0,1.0,1.0,2,14,0.01,28,0.18403872628087004,0.07235783334443985,0.014642480656845295,0.05442176870748298,-0.2959488130631411,-0.0003083298371622245,0.07266616318160207,0.18427890583184894
2,2.0,1.0,1.0,2,15,0.01,30,0.1952827537931311,0.07683293758029841,0.012741920279782906,0.047407407407407405,-0.2959488130631411,-0.00027366209819768006,0.07710659967849609,0.19544747945062502
2,2.0,1.0,1.0,2,16,0.01,32,0.20630861141598722,0.08121474204591778,0.011189386197347719,0.041666666666666664,-0.2959488130631411,-0.00024414606521067084,0.08145888811112845,0.2064241474562034
2,2.0,1.0,1.0,2,17,0.01,34,0.21711876539393415,0.0855058804042968,0.009904684859292644,0.03690888119953864,-0.2959488130631411,-0.00021891172041021978,0.08572479212470702,0.2172014129026472
2,2.0,1.0,1.0,2,18,0.01,36,0.22771632337030434,0.08970879390788261,0.008829488516872534,0.032921810699588466,-0.2959488130631411,-0.00019723042073993557,0.08990602432862255,0.22777648496348146
2,2.0,1.0,1.0,2,19,0.01,38,0.23810474686610028,0.09382575263840204,0.007920543826146322,0.02954755309325946,-0.2959488130631411,-0.00017850320181345136,0.09400425584021549,0.238149226764228
2,2.0,1.0,1.0,2,20,0.01,40,0.2482876862947414,0.09785888029558393,0.007145222363112229,0.026666666666666672,-0.2959488130631411,-0.00016224129749559113,0.09802112159307952,0.24832103402972883
2,2.0,1.0,1.0,2,21,0.01,42,0.2582688834922382,0.10181017692833066,0.006478532749439517,0.024187452758881324,-0.2959488130631411,-0.00014804646826077628,0.10195822339659144,0.2582942016381855
2,2.0,1.0,1.0,2,22,0.01,44,0.268052112713994,0.105681538081346,0.005901069885197567,0.02203856749311295,-0.2959488130631411,-0.0001355936991128126,0.10581713178045882,0.268071555048414
2,2.0,1.0,1.0,2,23,0.01,46,0.2776411442078872,0.10947477034364078,0.0053975795736767975,0.0201638311279143,-0.2959488130631411,-0.0001246168322333041,0.10959938717587409,0.27765623014318974
2,2.0,1.0,1.0,2,24,0.01,48,0.2870397213927922,0.11319160377778575,0.004955936036251345,0.01851851851851851,-0.2959488130631411,-0.0001148969555840873,0.11330650073336984,0.28705153864722527
2,2.0,1.0,1.0,2,25,0.01,50,0.2962515464326616,0.11683370180428937,0.00456640186036809,0.017066666666666667,-0.2959488130631411,-0.0001062531385888632,0.11693995494287823,0.2962608841816108
2,2.0,1.0,1.0,2,26,0.01,52,0.3052802711019511,0.12040266906816405,0.0042210845576475696,0.015779092702169626,-0.2959488130631411,-9.853507991786081e-05,0.12050120414808191,0.3052877089945475
2,2.0,1.0,1.0,2,27,0.01,54,0.3141294910498058,0.12390005772715262,0.003913532188925763,0.014631915866483764,-0.2959488130631411,-9.161727911088935e-05,0.12399167500626351,0.3141354596787769
2,2.0,1.0,1.0,2,28,0.01,56,0.32280274228433703,0.1273273725122172,0.003638428799900663,0.013605442176870744,-0.2959488130631411,-8.539440973598378e-05,0.1274127669219532,0.32280756487238615
2,2.0,1.0,1.0,2,29,0.01,58,0.33130349912878765,0.13068607483396272,0.0033913624582595234,0.012683313515655964,-0.2959488130631411,-7.977763564698259e-05,0.1307658524696097,0.3313074206588892
2,2.0,1.0,1.0,2,30,0.01,60,0.3396351731659467,0.1339775861462461,0.0031686467562148904,0.011851851851851851,-0.2959488130631411,-7.46916670100739e-05,0.13405227781325618,0.3396383809950173
2,2.0,1.0,1.0,2,31,0.01,62,0.3478011128534836,0.13720329072951515,0.002967182137960845,0.01109954908081859,-0.2959488130631411,-7.00723972004158e-05,0.13727336312671556,0.347803751470543
2,2.0,1.0,1.0,2,32,0.01,64,0.35580460359836696,0.1403645380185985,0.0027843472070658536,0.010416666666666666,-0.2959488130631411,-6.586499723332251e-05,0.14043040301583182,0.3558067853059333
2,2.0,1.0,1.0,2,33,0.01,66,0.36364886814738384,0.14346264457099017,0.0026179128257068723,0.009794918885827977,-0.2959488130631411,-6.202237176827774e-05,0.14352466694275845,0.3636506808710245
2,2.0,1.0,1.0,2,34,0.01,68,0.3713370671958006,0.14649889574967473,0.002465973700743102,0.00922722029988466,-0.2959488130631411,-5.850390208911316e-05,0.14655739965176384,0.3713385802483879
2,2.0,1.0,1.0,2,35,0.01,70,0.3788723001465263,0.14947454717791092,0.0023268935019214233,0.008707482993197277,-0.2959488130631411,-5.527441775726727e-05,0.1495298215956682,0.3788735685207538
2,2.0,1.0,1.0,2,36,0.01,72,0.38625760597197467,0.1523908260105108,0.0021992605363465407,0.008230452674897117,-0.2959488130631411,-5.2303351525617714e-05,0.1524431293620364,0.38625867356381305
2,2.0,1.0,1.0,2,37,0.01,74,0.39349596414553956,0.15524893205659884,0.0020818517200636728,0.0077915753591429274,-0.2959488130631411,-4.956404150258109e-05,0.15529849609810142,0.3934968661938477
2,2.0,1.0,1.0,2,38,0.01,76,0.40059029561836756,0.15805003878116924,0.001973603117521951,0.007386888273314865,-0.2959488130631411,-4.703315248022477e-05,0.15809707193364947,0.40059106056508664
2,2.0,1.0,1.0,2,39,0.01,78,0.40754346382458506,0.16079529420710575,0.0018735857149208349,0.007012930089853165,-0.2959488130631411,-4.4690193900853714e-05,0.1608399844010066,0.40754411474299646
2,2.0,1.0,1.0,2,40,0.01,80,0.4143582757022869,0.1634858217348249,0.0017809853908134006,0.006666666666666668,-0.2959488130631411,-4.251711671920955e-05,0.1635283388515441,0.41435883140099483
2,2.0,1.0,1.0,2,41,0.01,82,0.4210374827215836,0.16612272089325014,0.0016950862727701454,0.006345429307951616,-0.2959488130631411,-4.04979747831713e-05,0.1661632188680333,0.4210379586030807
2,2.0,1.0,1.0,2,42,0.01,84,0.42758378191274626,0.16870706803305163,0.0016152568411809671,0.006046863189720331,-0.2959488130631411,-3.861863943038779e-05,0.16874568667248202,0.42758419064521774
2,2.0,1.0,1.0,2,43,0.01,86,0.4339998168899213,0.17123991697104374,0.001540938273797609,0.005768884081485487,-0.2959488130631411,-3.686655793649907e-05,0.17127678352898024,0.43400016893582727
2,2.0,1.0,1.0,2,44,0.01,88,0.4402881788667561,0.17372229959289426,0.0014716346272951604,0.005509641873278237,-0.2959488130631411,-3.523054835757877e-05,0.17375753014125184,0.4402884829009836
2,2.0,1.0,1.0,2,45,0.01,90,0.44645140766143754,0.1761552264199776,0.0014069045321692174,0.005267489711934158,-0.2959488130631411,-3.370062468532886e-05,0.17618892704466294,0.4464516709037433
2,2.0,1.0,1.0,2,46,0.01,92,0.45249199268913187,0.17853968714515117,0.0013463541400975897,0.005040957781978575,-0.2959488130631411,-3.226784734083887e-05,0.178571954992492,0.4524922211697863
2,2.0,1.0,1.0,2,47,0.01,94,0.4584123739406145,0.18087665114137658,0.001289631112399547,0.004828730949147427,-0.2959488130631411,-3.092419490874354e-05,0.18090757533628532,0.4584125727136334
2,2.0,1.0,1.0,2,48,0.01,96,0.46421494294603927,0.18316706794644205,0.0012364194775678302,0.004629629629629628,-0.2959488130631411,-2.9662453776391207e-05,0.18319673040021844,0.46421511626111633
2,2.0,1.0,1.0,2,49,0.01,98,0.4699020437232615,0.18541186772649854,0.0011864352171464295,0.004442593363876162,-0.2959488130631411,-2.847612282663725e-05,0.18544034384932517,0.46990219516498183
2,2.0,1.0,1.0,2,50,0.01,100,0.475475973710241,0.18761196172063577,0.001139422464385526,0.004266666666666667,-0.2959488130631411,-2.7359330969478624e-05,0.18763932105160525,0.47547610631123827
2,2.0,1.0,1.0,2,51,0.01,102,0.4809389846811962,0.18976824266839792,0.0010951502203341889,0.004100986799948737,-0.2959488130631411,-2.6306765567640777e-05,0.18979454943396556,0.4809391010145395
2,2.0,1.0,1.0,2,52,0.01,104,0.48629328364649893,0.191881585221864,0.0010534095083950244,0.0039447731755424065,-0.2959488130631411,-2.5313610085786475e-05,0.19190689883194978,0.4862933859013604
2,2.0,1.0,1.0,2,53,0.01,106,0.4915410337361463,0.19395284634360593,0.0010140109016661338,0.0037973181440607564,-0.2959488130631411,-2.437548974104642e-05,0.19397722183334698,0.49154112378002696
2,2.0,1.0,1.0,2,54,0.01,108,0.49668435506695574,0.19598286569171902,0.000976782368291355,0.003657978966620941,-0.2959488130631411,-2.3488423893047727e-05,0.19600635411561207,0.4966844344970019
2,2.0,1.0,1.0,2,55,0.01,110,0.5017253255934637,0.19797246599288304,0.0009415673888985787,0.0035261707988980713,-0.2959488130631411,-2.2648784345824513e-05,0.19799511477722886,0.501725395778964
2,2.0,1.0,1.0,2,56,0.01,112,0.5066659819427752,0.19992245340433684,0.0009082233075491573,0.003401360544217686,-0.2959488130631411,-2.1853258649229268e-05,0.19994430666298607,0.5066660440604329
2,2.0,1.0,1.0,2,57,0.01,114,0.5115083202334589,0.20183361786548837,0.0008766198836842333,0.0032830614548066068,-0.2959488130631411,-2.1098817791165292e-05,0.20185471668327953,0.5115083752967761
2,2.0,1.0,1.0,2,58,0.01,116,0.5162542968787147,0.20370673343981233,0.0008466380175188858,0.003170828378913991,-0.2959488130631411,-2.0382687668518695e-05,0.20372711612748085,0.5162543457625353
2,2.0,1.0,1.0,2,59,0.01,118,0.5209058293740065,0.20554255864758642,0.0008181686255674874,0.0030642535669826677,-0.2959488130631411,-1.970232384262971e-05,0.20556226097142904,0.520905872835098
2,2.0,1.0,1.0,2,60,0.01,120,0.5254647970694617,0.20734183679002227,0.0007911116463902482,0.002962962962962963,-0.2959488130631411,-1.905538913687943e-05,0.20736089217915915,0.5254648357637705
2,2.0,1.0,1.0,2,61,0.01,122,0.5299330419271797,0.20910529626513052,0.0007653751596362992,0.0028666129176744604,-0.2959488130631411,-1.843973376491892e-05,0.20912373599889544,0.5299330764243714
2,2.0,1.0,1.0,2,62,0.01,124,0.5343123692637031,0.21083365087582612,0.0007408746038374554,0.0027748872702046475,-0.2959488130631411,-1.7853377628218592e-05,0.21085150425345434,0.5343124000594753
2,2.0,1.0,1.0,2,63,0.01,126,0.5386045484780269,0.2125276001305318,0.0007175320805178105,0.002687494750986814,-0.2959488130631411,-1.729449452864129e-05,0.21254489462506043,0.5386045760044974
2,2.0,1.0,1.0,2,64,0.01,128,0.5428113137652724,0.21418782953668075,0.0006952757338904808,0.0026041666666666665,-0.2959488130631411,-1.6761398059894628e-05,0.21420459093474065,0.5428113383997729
2,2.0,1.0,1.0,2,65,0.01,130,0.5469343648162104,0.21581501088731958,0.0006740391969085587,0.0025246548323471403,-0.2959488130631411,-1.6252529013105477e-05,0.21583126341633269,0.5469343868888684
2,2.0,1.0,1.0,2,66,0.01,132,0.5509753675032397,0.21740980254116937,0.000653761095670401,0.002448729721456994,-0.2959488130631411,-1.5766444020848258e-05,0.21742556898519022,0.5509753873032963
2,2.0,1.0,1.0,2,67,0.01,134,0.5549359545525866,0.21897284969630254,0.000634384605268746,0.0023761788074552607,-0.2959488130631411,-1.5301805410261604e-05,0.2189881515017128,0.554935972333884
2,2.0,1.0,1.0,2,68,0.01,136,0.5588177262033078,0.22050478465769008,0.0006158570510588869,0.002306805074971165,-0.2959488130631411,-1.4857372108434408e-05,0.2205196420297985,0.5588177421890054
2,2.0,1.0,1.0,2,69,0.01,138,0.5626222508533345,0.2220062270988324,0.0005981295501215469,0.002240425680879367,-0.2959488130631411,-1.4431991361196772e-05,0.22202065909019358,0.562622265239889
2,2.0,1.0,1.0,2,70,0.01,140,0.5663510656926578,0.2234777843176587,0.0005811566883512755,0.0021768707482993192,-0.2959488130631411,-1.4024591304451217e-05,0.22349180890896314,0.5663510786532534
2,2.0,1.0,1.0,2,71,0.01,142,0.5700056773239626,0.2249200514868422,0.0005648962291761126,0.0021159822786484166,-0.2959488130631411,-1.3634174284626877e-05,0.22493368566112681,0.5700056890114783
2,2.0,1.0,1.0,2,72,0.01,144,0.5735875623709039,0.22633361189872125,0.0005493088504389163,0.002057613168724279,-0.2959488130631411,-1.3259810829169272e-05,0.22634687170955042,0.5735875729205733
2,2.0,1.0,1.0,2,73,0.01,146,0.5770981680745952,0.2277190372050129,0.0005343579063236958,0.002001626321386126,-0.2959488130631411,-1.2900634019319401e-05,0.22773193783903223,0.5770981776060782
2,2.0,1.0,1.0,2,74,0.01,148,0.580538912877856,0.22907688765137119,0.0005200092117031693,0.0019478938397857319,-0.2959488130631411,-1.2555834650929132e-05,0.22908944348602212,0.5805389214972769
2,2.0,1.0,1.0,2,75,0.01,150,0.5839111869982623,0.2304077123070442,0.0005062308464637518,0.0018962962962962965,-0.2959488130631411,-1.222465656597338e-05,0.23041993696361018,0.583911194799767
2,2.0,1.0,1.0,2,76,0.01,152,0.5872163529894818,0.23171204928965144,0.0004929929777609627,0.0018467220683287162,-0.2959488130631411,-1.190639264553317e-05,0.23172395568229698,0.5872163600567578
2,2.0,1.0,1.0,2,77,0.01,154,0.5904557462917184,0.23299042598528724,0.0004802676983407671,0.0017990667341316693,-0.2959488130631411,-1.1600380991516612e-05,0.23300202636627876,0.5904557526992139
2,2.0,1.0,1.0,2,78,0.01,156,0.5936306757710584,0.23424335926403989,0.00046802887927931385,0.0017532325224632913,-0.2959488130631411,-1.1306001512556563e-05,0.23425466526555244,0.5936306815851127
2,2.0,1.0,1.0,2,79,0.01,158,0.5967424242482233,0.2354713556910077,0.00045625203570217666,0.0017091278107140948,-0.2959488130631411,-1.1022672811999978e-05,0.2354823783638197,0.5967424295279872
2,2.0,1.0,1.0,2,80,0.01,160,0.5997922490167391,0.23667491173299599,0.00044491420418194384,0.001666666666666667,-0.2959488130631411,-1.0749849298996583e-05,0.23668566158229498,0.5997922538150001
2,2.0,1.0,1.0,2,1,0.02,2,0.9707055087272013,0.9813142549456926,1.86187861626067,10.666666666666666,-0.2959488130631411,1.0095738046109872,-0.02825954966529476,0.9801564345198648
2,2.0,1.0,1.0,2,2,0.02,4,0.3912612897643112,0.32361126631928877,0.927161577989269,2.6666666666666665,-0.2959488130631411,0.32593949840525854,-0.0023282320859697725,0.5978058208274392
2,2.0,1.0,1.0,2,3,0.02,6,0.14360625222098777,0.0610840599517376,0.3723145878239691,1.1851851851851847,-0.2959488130631411,0.03081727478391605,0.030266785167821553,0.2760187541663037
2,2.0,1.0,1.0,2,4,0.02,8,0.12759712553796532,0.048398146826570565,0.19591093370690885,0.6666666666666666,-0.2959488130631411,0.0049739356109742006,0.043424211215596364,0.18303951345310285
2,2.0,1.0,1.0,2,5,0.02,10,0.14298044054375536,0.05460511722221573,0.12122376870437948,0.42666666666666675,-0.2959488130631411,0.0005728149800947047,0.05403230224212102,0.1646882407451586
2,2.0,1.0,1.0,2,6,0.02,12,0.1640464918249539,0.06338099236631334,0.08261223519058486,0.29629629629629617,-0.2959488130631411,-0.0004228758055998538,0.06380386817191319,0.17286180732632467
2,2.0,1.0,1.0,2,7,0.02,14,0.18607850473857157,0.07242922998446771,0.060000972441956894,0.2176870748299319,-0.2959488130631411,-0.0006370996598665246,0.07306632964433424,0.18997578373669968
2,2.0,1.0,1.0,2,8,0.02,16,0.2078784275679736,0.08127907363268272,0.045594607805346556,0.16666666666666666,-0.2959488130631411,-0.0006392160546229153,0.08191828968730563,0.2097582199630926
2,2.0,1.0,1.0,2,9,0.02,18,0.22907982555351003,0.08981881108533835,0.03583969858857737,0.13168724279835387,-0.2959488130631411,-0.0005833768971434949,0.09040218798248184,0.23005680014715058
2,2.0,1.0,1.0,2,10,0.02,20,0.24956383200598986,0.09802624018726686,0.02892279677885189,0.10666666666666669,-0.2959488130631411,-0.0005164498598734801,0.09854269004714034,0.25010377322665167
2,2.0,1.0,1.0,2,11,0.02,22,0.26929800936019843,0.10590463377744391,0.023837592942125802,0.0881542699724518,-0.2959488130631411,-0.0004530350710476583,0.10635766884849157,0.26961188055004576
2,2.0,1.0,1.0,2,12,0.02,24,0.2882836240712321,0.11346480801479725,0.019988361312726202,0.07407407407407404,-0.2959488130631411,-0.00039713082143322254,0.11386193883623047,0.288473895982044
2,2.0,1.0,1.0,2,13,0.02,26,0.3065360468450795,0.12071955351381564,0.01700378673043368,0.0631163708086785,-0.2959488130631411,-0.00034914448705297696,0.12106869800086861,0.3066555319390088
2,2.0,1.0,1.0,2,14,0.02,28,0.32407671245046044,0.1276818139407367,0.014642480656845295,0.05442176870748298,-0.2959488130631411,-0.0003083298371622245,0.1279901437778989,0.32415403152944994
2,2.0,1.0,1.0,2,15,0.02,30,0.3409295569085514,0.13436409781397723,0.012741920279782906,0.047407407407407405,-0.2959488130631411,-0.00027366209819768006,0.13463775991217491,0.3409808993126777
2,2.0,1.0,1.0,2,16,0.02,32,0.35711934117756616,0.14077831548989567,0.011189386197347719,0.041666666666666664,-0.2959488130631411,-0.00024414606521067084,0.14102246155510634,0.3571542082350714
2,2.0,1.0,1.0,2,17,0.02,34,0.3726708267111667,0.14693576353562193,0.009904684859292644,0.03690888119953864,-0.2959488130631411,-0.00021891172041021978,0.14715467525603215,0.37269497599693036
2,2.0,1.0,1.0,2,18,0.02,36,0.38760835858079135,0.15284715698554852,0.008829488516872534,0.032921810699588466,-0.2959488130631411,-0.00019723042073993557,0.15304438740628845,0.38762537822023546
2,2.0,1.0,1.0,2,19,0.02,38,0.4019556532817914,0.15852267345443494,0.007920543826146322,0.02954755309325946,-0.2959488130631411,-0.00017850320181345136,0.1587011766562484,0.40196783540252334
2,2.0,1.0,1.0,2,20,0.02,40,0.4157356935908555,0.16397199652026317,0.007145222363112229,0.026666666666666672,-0.2959488130631411,-0.00016224129749559113,0.16413423781775877,0.4157445349738911
2,2.0,1.0,1.0,2,21,0.02,42,0.4289706813078302,0.1692043545614969,0.006478532749439517,0.024187452758881324,-0.2959488130631411,-0.00014804646826077628,0.16935240102975768,0.4289771787760915
2,2.0,1.0,1.0,2,22,0.02,44,0.44168202212281393,0.1742285544498337,0.005901069885197567,0.02203856749311295,-0.2959488130631411,-0.0001355936991128126,0.17436414814894652,0.44168685138605757
2,2.0,1.0,1.0,2,23,0.02,46,0.45389032863687095,0.17905301058087225,0.0053975795736767975,0.0201638311279143,-0.2959488130631411,-0.0001246168322333041,0.17917762741310556,0.45389395511923014
2,2.0,1.0,1.0,2,24,0.02,48,0.46561543372494574,0.18368576999470743,0.004955936036251345,0.01851851851851851,-0.2959488130631411,-0.0001148969555840873,0.1838006669502915,0.46561818269958805
2,2.0,1.0,1.0,2,25,0.02,50,0.47687640975660317,0.18813453431628685,0.00456640186036809,0.017066666666666667,-0.2959488130631411,-0.0001062531385888632,0.1882407874548757,0.476878511582401
2,2.0,1.0,1.0,2,26,0.02,52,0.4876915910408419,0.19240667913457427,0.0042210845576475696,0.015779092702169626,-0.2959488130631411,-9.853507991786081e-05,0.19250521421449213,0.487693210851129
2,2.0,1.0,1.0,2,27,0.02,54,0.4980785979186996,0.19650927131718315,0.003913532188925763,0.014631915866483764,-0.2959488130631411,-9.161727911088935e-05,0.19660088859629404,0.498079855418214
2,2.0,1.0,1.0,2,28,0.02,56,0.5080543615458818,0.20044908464891892,0.003638428799900663,0.013605442176870744,-0.2959488130631411,-8.539440973598378e-05,0.2005344790586549,0.508055344405937
2,2.0,1.0,1.0,2,29,0.02,58,0.5176351487775969,0.20423261409485344,0.0033913624582595234,0.012683313515655964,-0.2959488130631411,-7.977763564698259e-05,0.20431239173050042,0.5176359218224686
2,2.0,1.0,1.0,2,30,0.02,60,0.5268365867930435,0.20786608891994884,0.0031686467562148904,0.011851851851851851,-0.2959488130631411,-7.46916670100739e-05,0.20794078058695892,0.5268371983789699
2,2.0,1.0,1.0,2,31,0.02,62,0.5356736872371121,0.2113554848449291,0.002967182137960845,0.01109954908081859,-0.2959488130631411,-7.00723972004158e-05,0.21142555724212952,0.5356741737332339
2,2.0,1.0,1.0,2,32,0.02,64,0.544160869744606,0.21470653537820567,0.0027843472070658536,0.010416666666666666,-0.2959488130631411,-6.586499723332251e-05,0.214772400375439,0.5441612587146257
2,2.0,1.0,1.0,2,33,0.02,66,0.552311984768666,0.21792474243367072,0.0026179128257068723,0.009794918885827977,-0.2959488130631411,-6.202237176827774e-05,0.217986764805439,0.5523122972526652
2,2.0,1.0,1.0,2,34,0.02,68,0.5601403356711947,0.22101538632138423,0.002465973700743102,0.00922722029988466,-0.2959488130631411,-5.850390208911316e-05,0.22107389022347335,0.5601405878375086
2,2.0,1.0,1.0,2,35,0.02,70,0.5676587000567727,0.2239835351809255,0.0023268935019214233,0.008707482993197277,-0.2959488130631411,-5.527441775726727e-05,0.22403880959868278,0.5676589044082538
2,2.0,1.0,1.0,2,36,0.02,72,0.5748793503465703,0.2268340539139556,0.0021992605363465407,0.008230452674897117,-0.2959488130631411,-5.2303351525617714e-05,0.22688635726548123,0.5748795166088385
2,2.0,1.0,1.0,2,37,0.02,74,0.581814073599342,0.22957161266250353,0.0020818517200636728,0.0077915753591429274,-0.2959488130631411,-4.956404150258109e-05,0.2296211767040061,0.5818142093798113
2,2.0,1.0,1.0,2,38,0.02,76,0.5884741905925449,0.23220069487160144,0.001973603117521951,0.007386888273314865,-0.2959488130631411,-4.703315248022477e-05,0.23224772802408167,0.5884743018730291
2,2.0,1.0,1.0,2,39,0.02,78,0.5948705741812491,0.23472560496884065,0.0018735857149208349,0.007012930089853165,-0.2959488130631411,-4.4690193900853714e-05,0.2347702951627415,0.5948706656886411
2,2.0,1.0,1.0,2,40,0.02,80,0.6010136669547534,0.2371504756886585,0.0017809853908134006,0.006666666666666668,-0.2959488130631411,-4.251711671920955e-05,0.2371929928053777,0.6010137424418428
2,2.0,1.0,1.0,2,41,0.02,82,0.6069134982127021,0.23947927506534272,0.0016950862727701454,0.006345429307951616,-0.2959488130631411,-4.04979747831713e-05,0.2395197730401259,0.6069135606721086
2,2.0,1.0,1.0,2,42,0.02,84,0.6125797002828497,0.2417158131157372,0.0016152568411809671,0.006046863189720331,-0.2959488130631411,-3.861863943038779e-05,0.2417544317551676,0.612579752111067
2,2.0,1.0,1.0,2,43,0.02,86,0.6180215242033829,0.24386374823018525,0.001540938273797609,0.005768884081485487,-0.2959488130631411,-3.686655793649907e-05,0.24390061478812175,0.6180215673271944
2,2.0,1.0,1.0,2,44,0.02,88,0.6232478547923372,0.24592659328825595,0.0014716346272951604,0.005509641873278237,-0.2959488130631411,-3.523054835757877e-05,0.24596182383661352,0.6232478907667832
2,2.0,1.0,1.0,2,45,0.02,90,0.6282672251265907,0.24790772151412915,0.0014069045321692174,0.005267489711934158,-0.2959488130631411,-3.370062468532886e-05,0.24794142213881448,0.6282672552112011
2,2.0,1.0,1.0,2,46,0.02,92,0.63308783045227,0.24981037208520884,0.0013463541400975897,0.005040957781978575,-0.2959488130631411,-3.226784734083887e-05,0.24984263993254968,0.6330878556707429
2,2.0,1.0,1.0,2,47,0.02,94,0.6377175415481249,0.2516376555062822,0.001289631112399547,0.004828730949147427,-0.2959488130631411,-3.092419490874354e-05,0.25166857970119094,0.6377175627352113
2,2.0,1.0,1.0,2,48,0.02,96,0.642163917562642,0.25339255876067274,0.0012364194775678302,0.004629629629629628,-0.2959488130631411,-2.9662453776391207e-05,0.25342222121444913,0.6421639354011603
2,2.0,1.0,1.0,2,49,0.02,98,0.6464342183451426,0.2550779502489223,0.0011864352171464295,0.004442593363876162,-0.2959488130631411,-2.847612282663725e-05,0.25510642637174896,0.64643423339531
2,2.0,1.0,1.0,2,50,0.02,100,0.6505354162904131,0.256696584524805,0.001139422464385526,0.004266666666666667,-0.2959488130631411,-2.7359330969478624e-05,0.25672394385577446,0.6505354290131552
2,2.0,1.0,1.0,2,51,0.02,102,0.6544742077156949,0.25825110683788566,0.0010951502203341889,0.004100986799948737,-0.2959488130631411,-2.6306765567640777e-05,0.2582774136034533,0.6544742184912974
2,2.0,1.0,1.0,2,52,0.02,104,0.6582570237883512,0.2597440574912121,0.0010534095083950244,0.0039447731755424065,-0.2959488130631411,-2.5313610085786475e-05,0.2597693711012979,0.6582570329313809
2,2.0,1.0,1.0,2,53,0.02,106,0.6618900410216874,0.26117787602226067,0.0010140109016661338,0.0037973181440607564,-0.2959488130631411,-2.437548974104642e-05,0.2612022515120017,0.6618900487930129
2,2.0,1.0,1.0,2,54,0.02,108,0.6653791913559104,0.26255490521478014,0.000976782368291355,0.003657978966620941,-0.2959488130631411,-2.3488423893047727e-05,0.2625783936386732,0.6653791979723833
2,2.0,1.0,1.0,2,55,0.02,110,0.6687301718404546,0.26387739494877605,0.0009415673888985787,0.0035261707988980713,-0.2959488130631411,-2.2648784345824513e-05,0.26390004373312187,0.6687301774827586
2,2.0,1.0,1.0,2,56,0.02,112,0.6719484539333919,0.2651475058954961,0.0009082233075491573,0.003401360544217686,-0.2959488130631411,-2.1853258649229268e-05,0.26516935915414536,0.6719484587524079
2,2.0,1.0,1.0,2,57,0.02,114,0.6750392924329708,0.26636731306393285,0.0008766198836842333,0.0032830614548066068,-0.2959488130631411,-2.1098817791165292e-05,0.266388411881724,0.6750392965549615
2,2.0,1.0,1.0,2,58,0.02,116,0.6780077340557882,0.26753880920504153,0.0008466380175188858,0.003170828378913991,-0.2959488130631411,-2.0382687668518695e-05,0.26755919189271005,0.6780077375866275
2,2.0,1.0,1.0,2,59,0.02,118,0.680858625675514,0.26866390807956847,0.0008181686255674874,0.0030642535669826677,-0.2959488130631411,-1.970232384262971e-05,0.2686836104034111,0.6808586287041738
2,2.0,1.0,1.0,2,60,0.02,120,0.6835966222356185,0.26974444759514143,0.0007911116463902482,0.002962962962962963,-0.2959488130631411,-1.905538913687943e-05,0.2697635029842783,0.6835966248369909
2,2.0,1.0,1.0,2,61,0.02,122,0.6862261943488914,0.27078219281793986,0.0007653751596362992,0.0028666129176744604,-0.2959488130631411,-1.843973376491892e-05,0.2708006325517048,0.6862261965861313
2,2.0,1.0,1.0,2,62,0.02,124,0.688751635596168,0.2717788388641408,0.0007408746038374554,0.0027748872702046475,-0.2959488130631411,-1.7853377628218592e-05,0.271796692241769,0.6887516375226392
2,2.0,1.0,1.0,2,63,0.02,126,0.6911770695361733,0.27273601367595746,0.0007175320805178105,0.002687494750986814,-0.2959488130631411,-1.729449452864129e-05,0.2727533081704861,0.6911770711970426
2,2.0,1.0,1.0,2,64,0.02,128,0.6935064564378784,0.2736552806870472,0.0006952757338904808,0.0026041666666666665,-0.2959488130631411,-1.6761398059894628e-05,0.2736720420851071,0.6935064578714045
2,2.0,1.0,1.0,2,65,0.02,130,0.6957435997462554,0.27453814138168936,0.0006740391969085587,0.0025246548323471403,-0.2959488130631411,-1.6252529013105477e-05,0.27455439391070247,0.6957436009849665
2,2.0,1.0,1.0,2,66,0.02,132,0.6978921522922172,0.27538603775207343,0.000653761095670401,0.002448729721456994,-0.2959488130631411,-1.5766444020848258e-05,0.2754018041960943,0.6978921533637489
2,2.0,1.0,1.0,2,67,0.02,134,0.6999556222565548,0.2762003546577985,0.000634384605268746,0.0023761788074552607,-0.2959488130631411,-1.5301805410261604e-05,0.2762156564632088,0.6999556231844283
2,2.0,1.0,1.0,2,68,0.02,136,0.7019373788977888,0.2769824220914977,0.0006158570510588869,0.002306805074971165,-0.2959488130631411,-1.4857372108434408e-05,0.27699727946360614,0.7019373797020916
2,2.0,1.0,1.0,2,69,0.02,138,0.7038406580532999,0.27773351735437485,0.0005981295501215469,0.002240425680879367,-0.2959488130631411,-1.4431991361196772e-05,0.27774794934573604,0.7038406587511903
2,2.0,1.0,1.0,2,70,0.02,140,0.7056685674226035,0.27845486714528456,0.0005811566883512755,0.0021768707482993192,-0.2959488130631411,-1.4024591304451217e-05,0.278468891736589,0.7056685680287311
2,2.0,1.0,1.0,2,71,0.02,142,0.7074240916414163,0.27914764956678184,0.0005648962291761126,0.0021159822786484166,-0.2959488130631411,-1.3634174284626877e-05,0.27916128374106647,0.7074240921683069
2,2.0,1.0,1.0,2,72,0.02,144,0.7091100971547937,0.27981299605148874,0.0005493088504389163,0.002057613168724279,-0.2959488130631411,-1.3259810829169272e-05,0.2798262558623179,0.7091100976132501
2,2.0,1.0,1.0,2,73,0.02,146,0.7107293368974754,0.2804519932119689,0.0005343579063236958,0.002001626321386126,-0.2959488130631411,-1.2900634019319401e-05,0.2804648938459882,0.7107293372967123
2,2.0,1.0,1.0,2,74,0.02,148,0.7122844547886442,0.28106568461714004,0.0005200092117031693,0.0019478938397857319,-0.2959488130631411,-1.2555834650929132e-05,0.281078240451791,0.7122844551366322
2,2.0,1.0,1.0,2,75,0.02,150,0.7137779900489779,0.28165507249818567,0.0005062308464637518,0.0018962962962962965,-0.2959488130631411,-1.222465656597338e-05,0.28166729715475164,0.7137779903525254
2,2.0,1.0,1.0,2,76,0.02,152,0.7152123813465203,0.282221119386753,0.0004929929777609627,0.0018467220683287162,-0.2959488130631411,-1.190639264553317e-05,0.2822330257793985,0.7152123816115183
2,2.0,1.0,1.0,2,77,0.02,154,0.7165899707785662,0.2827647496881502,0.0004802676983407671,0.0017990667341316693,-0.2959488130631411,-1.1600380991516612e-05,0.2827763500691417,0.7165899710100817
2,2.0,1.0,1.0,2,78,0.02,156,0.7179130076957613,0.2832868511921391,0.00046802887927931385,0.0017532325224632913,-0.2959488130631411,-1.1306001512556563e-05,0.28329815719365165,0.7179130078981895
2,2.0,1.0,1.0,2,79,0.02,158,0.7191836523748509,0.28378827652377187,0.00045625203570217666,0.0017091278107140948,-0.2959488130631411,-1.1022672811999978e-05,0.28379929919658387,0.7191836525519817
2,2.0,1.0,1.0,2,80,0.02,160,0.7204039795459531,0.2842698445367196,0.00044491420418194384,0.001666666666666667,-0.2959488130631411,-1.0749849298996583e-05,0.2842805943860186,0.7204039797010464
2,2.0,1.0,1.0,2,1,0.05,2,0.9573997517974794,0.9399953679350721,1.86187861626067,10.666666666666666,-0.2959488130631411,1.0095738046109872,-0.06957843667591512,0.9659966407334099
2,2.0,1.0,1.0,2,2,0.05,4,0.43321226352402786,0.32037641371607883,0.927161577989269,2.6666666666666665,-0.2959488130631411,0.32593949840525854,-0.005563084689179709,0.5965497127484818
2,2.0,1.0,1.0,2,3,0.05,6,0.24680085741293012,0.101052769325151,0.3723145878239691,1.1851851851851847,-0.2959488130631411,0.03081727478391605,0.07023549454123496,0.3224766165821323
2,2.0,1.0,1.0,2,4,0.05,8,0.26465358454567656,0.10291013436954222,0.19591093370690885,0.6666666666666666,-0.2959488130631411,0.0049739356109742006,0.09793619875856802,0.2854912592442488
2,2.0,1.0,1.0,2,5,0.05,10,0.3051864778475223,0.11909629204641675,0.12122376870437948,0.42666666666666675,-0.2959488130631411,0.0005728149800947047,0.11852347706632205,0.311247491725918
2,2.0,1.0,1.0,2,6,0.05,12,0.3465093141678689,0.1358013812853045,0.08261223519058486,0.29629629629629617,-0.2959488130631411,-0.0004228758055998538,0.13622425709090435,0.34856911479467995
2,2.0,1.0,1.0,2,7,0.05,14,0.38509142964335163,0.15131128426998802,0.060000972441956894,0.2176870748299319,-0.2959488130631411,-0.0006370996598665246,0.15194838392985455,0.3858929999808667
2,2.0,1.0,1.0,2,8,0.05,16,0.42034690094983107,0.16541251184554695,0.045594607805346556,0.16666666666666666,-0.2959488130631411,-0.0006392160546229153,0.16605172790016987,0.42069317895403036
2,2.0,1.0,1.0,2,9,0.05,18,0.45233572819728407,0.17816198132714384,0.03583969858857737,0.13168724279835387,-0.2959488130631411,-0.0005833768971434949,0.17874535822428733,0.452497864233708
2,2.0,1.0,1.0,2,10,0.05,20,0.48128043870072357,0.18967018982209344,0.02892279677885189,0.10666666666666669,-0.2959488130631411,-0.0005164498598734801,0.19018663968196692,0.481361320251951
2,2.0,1.0,1.0,2,11,0.05,22,0.5074386663956912,0.2000528723995278,0.023837592942125802,0.0881542699724518,-0.2959488130631411,-0.0004530350710476583,0.20050590747057545,0.5074811233020208
2,2.0,1.0,1.0,2,12,0.05,24,0.5310646002550836,0.2094190500415315,0.019988361312726202,0.07407407407407404,-0.2959488130631411,-0.00039713082143322254,0.20981618086296472,0.531087838099391
2,2.0,1.0,1.0,2,13,0.05,26,0.552396745265185,0.21786834729950755,0.01700378673043368,0.0631163708086785,-0.2959488130631411,-0.00034914448705297696,0.21821749178656052,0.5524099150574707
2,2.0,1.0,1.0,2,14,0.05,28,0.5716544757952586,0.22549089953251805,0.014642480656845295,0.05442176870748298,-0.2959488130631411,-0.0003083298371622245,0.22579922936968028,0.5716621629554369
2,2.0,1.0,1.0,2,15,0.05,30,0.5890377667131806,0.23236798714239376,0.012741920279782906,0.047407407407407405,-0.2959488130631411,-0.00027366209819768006,0.23264164924059144,0.5890423683998146
2,2.0,1.0,1.0,2,16,0.05,32,0.6047281067551122,0.23857283526423195,0.011189386197347719,0.041666666666666664,-0.2959488130631411,-0.00024414606521067084,0.23881698132944262,0.6047309222565661
2,2.0,1.0,1.0,2,17,0.05,34,0.6188898270279102,0.2441714046842332,0.009904684859292644,0.03690888119953864,-0.2959488130631411,-0.00021891172041021978,0.24439031640464343,0.6188915828460356
2,2.0,1.0,1.0,2,18,0.05,36,0.631671533136416,0.24922312285961418,0.008829488516872534,0.032921810699588466,-0.2959488130631411,-0.00019723042073993557,0.2494203532803541,0.6316726466517357
2,2.0,1.0,1.0,2,19,0.05,38,0.6432075110261581,0.2537815443306802,0.007920543826146322,0.02954755309325946,-0.2959488130631411,-0.00017850320181345136,0.2539600475324936,0.6432082277928814
2,2.0,1.0,1.0,2,20,0.05,40,0.6536190532954855,0.25789494288448894,0.007145222363112229,0.026666666666666672,-0.2959488130631411,-0.00016224129749559113,0.25805718418198453,0.6536195208438748
2,2.0,1.0,1.0,2,21,0.05,42,0.6630156865254477,0.26160684157473335,0.006478532749439517,0.024187452758881324,-0.2959488130631411,-0.00014804646826077628,0.2617548880429941,0.6630159951630704
2,2.0,1.0,1.0,2,22,0.05,44,0.6714962954775703,0.26495648727544724,0.005901069885197567,0.02203856749311295,-0.2959488130631411,-0.0001355936991128126,0.26509208097456005,0.6714965014152807
2,2.0,1.0,1.0,2,23,0.05,46,0.6791501469636163,0.2679792760050878,0.0053975795736767975,0.0201638311279143,-0.2959488130631411,-0.0001246168322333041,0.2681038928373211,0.6791502857184684
2,2.0,1.0,1.0,2,24,0.05,48,0.686057819238296,0.2707071345615098,0.004955936036251345,0.01851851851851851,-0.2959488130631411,-0.0001148969555840873,0.2708220315170939,0.6860579135583118
2,2.0,1.0,1.0,2,25,0.05,50,0.692292043934746,0.2731688633137033,0.00456640186036809,0.017066666666666667,-0.2959488130631411,-0.0001062531385888632,0.2732751164522922,0.692292108569931
2,2.0,1.0,1.0,2,26,0.05,52,0.6979184678165316,0.2753904443781883,0.0042210845576475696,0.015779092702169626,-0.2959488130631411,-9.853507991786081e-05,0.2754889794581062,0.6979185124386317
2,2.0,1.0,1.0,2,27,0.05,54,0.7029963414308615,0.2773953188785134,0.003913532188925763,0.014631915866483764,-0.2959488130631411,-9.161727911088935e-05,0.27748693615762426,0.702996372446986
2,2.0,1.0,1.0,2,28,0.05,56,0.7075791413520898,0.2792046365371325,0.003638428799900663,0.013605442176870744,-0.2959488130631411,-8.539440973598378e-05,0.2792900309468685,0.7075791630466843
2,2.0,1.0,1.0,2,29,0.05,58,0.7117151322237623,0.28083748046714824,0.0033913624582595234,0.012683313515655964,-0.2959488130631411,-7.977763564698259e-05,0.2809172581027952,0.711715147486649
2,2.0,1.0,1.0,2,30,0.05,60,0.715447874303502,0.2823110697048102,0.0031686467562148904,0.011851851851851851,-0.2959488130631411,-7.46916670100739e-05,0.28238576137182025,0.7154478850994239
2,2.0,1.0,1.0,2,31,0.05,62,0.7188166817202297,0.2836409417422178,0.002967182137960845,0.01109954908081859,-0.2959488130631411,-7.00723972004158e-05,0.28371101413941824,0.7188166893948332
2,2.0,1.0,1.0,2,32,0.05,64,0.721857036182654,0.2848411170750698,0.0027843472070658536,0.010416666666666666,-0.2959488130631411,-6.586499723332251e-05,0.28490698207230314,0.7218570416638668
2,2.0,1.0,1.0,2,33,0.05,66,0.724600960439465,0.28592424756647666,0.0026179128257068723,0.009794918885827977,-0.2959488130631411,-6.202237176827774e-05,0.28598626993824494,0.7246009643712248
2,2.0,1.0,1.0,2,34,0.05,68,0.7270773553871109,0.2869017502396625,0.002465973700743102,0.00922722029988466,-0.2959488130631411,-5.850390208911316e-05,0.28696025414175164,0.7270773582189456
2,2.0,1.0,1.0,2,35,0.05,70,0.7293123043507945,0.28778392794604785,0.0023268935019214233,0.008707482993197277,-0.2959488130631411,-5.527441775726727e-05,0.2878392023638051,0.7293123063982074
2,2.0,1.0,1.0,2,36,0.05,72,0.7313293477265151,0.2885800782075217,0.0021992605363465407,0.008230452674897117,-0.2959488130631411,-5.2303351525617714e-05,0.2886323815590473,0.7313293492121172
2,2.0,1.0,1.0,2,37,0.05,74,0.7331497308655703,0.28929859140026387,0.0020818517200636728,0.0077915753591429274,-0.2959488130631411,-4.956404150258109e-05,0.28934815544176645,0.7331497319471629
2,2.0,1.0,1.0,2,38,0.05,76,0.7347926278043305,0.2899470393300857,0.001973603117521951,0.007386888273314865,-0.2959488130631411,-4.703315248022477e-05,0.2899940724825659,0.7347926285942938
2,2.0,1.0,1.0,2,39,0.05,78,0.736275343190429,0.29053225514422487,0.0018735857149208349,0.007012930089853165,-0.2959488130631411,-4.4690193900853714e-05,0.2905769453381257,0.7362753437691202
2,2.0,1.0,1.0,2,40,0.05,80,0.7376134945282776,0.29106040543050254,0.0017809853908134006,0.006666666666666668,-0.2959488130631411,-4.251711671920955e-05,0.29110292254722175,0.7376134949534189
2,2.0,1.0,1.0,2,41,0.05,82,0.7388211766609012,0.2915370552702486,0.0016950862727701454,0.006345429307951616,-0.2959488130631411,-4.04979747831713e-05,0.29157755324503176,0.7388211769740738
2,2.0,1.0,1.0,2,42,0.05,84,0.739911110218477,0.291967226935641,0.0016152568411809671,0.006046863189720331,-0.2959488130631411,-3.861863943038779e-05,0.29200584557507137,0.7399111104497542
2,2.0,1.0,1.0,2,43,0.05,86,0.7408947755959436,0.292355452853898,0.001540938273797609,0.005768884081485487,-0.2959488130631411,-3.686655793649907e-05,0.2923923194118345,0.74089477576715
2,2.0,1.0,1.0,2,44,0.05,88,0.7417825338698022,0.29270582339946216,0.0014716346272951604,0.005509641873278237,-0.2959488130631411,-3.523054835757877e-05,0.29274105394781974,0.7417825339968379
2,2.0,1.0,1.0,2,45,0.05,90,0.742583735927054,0.2930220300201138,0.0014069045321692174,0.005267489711934158,-0.2959488130631411,-3.370062468532886e-05,0.2930557306447991,0.7425837360215228
2,2.0,1.0,1.0,2,46,0.05,92,0.743306820955149,0.2933074041532712,0.0013463541400975897,0.005040957781978575,-0.2959488130631411,-3.226784734083887e-05,0.29333967200061206,0.7433068210255475
2,2.0,1.0,1.0,2,47,0.05,94,0.7439594053300231,0.29356495234394214,0.001289631112399547,0.004828730949147427,-0.2959488130631411,-3.092419490874354e-05,0.2935958765388509,0.7439594053825818
2,2.0,1.0,1.0,2,48,0.05,96,0.7445483628381564,0.29379738793547894,0.0012364194775678302,0.004629629629629628,-0.2959488130631411,-2.9662453776391207e-05,0.29382705038925533,0.7445483628774704
2,2.0,1.0,1.0,2,49,0.05,98,0.7450798970774826,0.2940071596679272,0.0011864352171464295,0.004442593363876162,-0.2959488130631411,-2.847612282663725e-05,0.2940356357907538,0.7450798971069469
2,2.0,1.0,1.0,2,50,0.05,100,0.7455596067995582,0.29419647748595923,0.001139422464385526,0.004266666666666667,-0.2959488130631411,-2.7359330969478624e-05,0.2942238368169287,0.7455596068216781
2,2.0,1.0,1.0,2,51,0.05,102,0.7459925448811306,0.29436733582888325,0.0010951502203341889,0.004100986799948737,-0.2959488130631411,-2.6306765567640777e-05,0.2943936425944509,0.7459925448977677
2,2.0,1.0,1.0,2,52,0.05,104,0.7463832715462113,0.2945215346485252,0.0010534095083950244,0.0039447731755424065,-0.2959488130631411,-2.5313610085786475e-05,0.294546848258611,0.7463832715587412
2,2.0,1.0,1.0,2,53,0.05,106,0.7467359023991309,0.29466069837677505,0.0010140109016661338,0.0037973181440607564,-0.2959488130631411,-2.437548974104642e-05,0.2946850738665161,0.7467359024085857
2,2.0,1.0,1.0,2,54,0.05,108,0.7470541517745288,0.2947862930429131,0.000976782368291355,0.003657978966620941,-0.2959488130631411,-2.3488423893047727e-05,0.29480978146680614,0.74705415178167
2,2.0,1.0,1.0,2,55,0.05,110,0.7473413718607793,0.2948996417212725,0.0009415673888985787,0.0035261707988980713,-0.2959488130631411,-2.2648784345824513e-05,0.2949222905056183,0.7473413718661817
2,2.0,1.0,1.0,2,56,0.05,112,0.7476005880089879,0.29500193847216494,0.0009082233075491573,0.003401360544217686,-0.2959488130631411,-2.1853258649229268e-05,0.29502379173081417,0.7476005880130812
2,2.0,1.0,1.0,2,57,0.05,114,0.7478345305994016,0.2950942609230774,0.0008766198836842333,0.0032830614548066068,-0.2959488130631411,-2.1098817791165292e-05,0.29511535974086855,0.7478345306025058
2,2.0,1.0,1.0,2,58,0.05,116,0.748045663800898,0.29517758162281393,0.0008466380175188858,0.003170828378913991,-0.2959488130631411,-2.0382687668518695e-05,0.29519796431048245,0.7480456638032483
2,2.0,1.0,1.0,2,59,0.05,118,0.7482362115264416,0.29525277828826985,0.0008181686255674874,0.0030642535669826677,-0.2959488130631411,-1.970232384262971e-05,0.2952724806121125,0.7482362115282288
2,2.0,1.0,1.0,2,60,0.05,120,0.748408180857947,0.2953206430518919,0.0007911116463902482,0.002962962962962963,-0.2959488130631411,-1.905538913687943e-05,0.29533969844102875,0.7484081808593137
2,2.0,1.0,1.0,2,61,0.05,122,0.748563383187215,0.2953818908072687,0.0007653751596362992,0.0028666129176744604,-0.2959488130631411,-1.843973376491892e-05,0.2954003305410336,0.748563383188254
2,2.0,1.0,1.0,2,62,0.05,124,0.748703453295628,0.29543716674086834,0.0007408746038374554,0.0027748872702046475,-0.2959488130631411,-1.7853377628218592e-05,0.29545502011849656,0.7487034532964231
2,2.0,1.0,1.0,2,63,0.05,126,0.7488298665736322,0.2954870531292469,0.0007175320805178105,0.002687494750986814,-0.2959488130631411,-1.729449452864129e-05,0.29550434762377553,0.748829866574246
2,2.0,1.0,1.0,2,64,0.05,128,0.7489439545613131,0.29553207547343413,0.0006952757338904808,0.0026041666666666665,-0.2959488130631411,-1.6761398059894628e-05,0.295548836871494,0.7489439545617683
2,2.0,1.0,1.0,2,65,0.05,130,0.7490469189737217,0.2955727080350892,0.0006740391969085587,0.0025246548323471403,-0.2959488130631411,-1.6252529013105477e-05,0.29558896056410233,0.7490469189740772
2,2.0,1.0,1.0,2,66,0.05,132,0.7491398443588586,0.2956093788328018,0.000653761095670401,0.002448729721456994,-0.2959488130631411,-1.5766444020848258e-05,0.29562514527682265,0.7491398443591335
2,2.0,1.0,1.0,2,67,0.05,134,0.74922370952139,0.29564247415118544,0.000634384605268746,0.0023761788074552607,-0.2959488130631411,-1.5301805410261604e-05,0.2956577759565957,0.7492237095215898
2,2.0,1.0,1.0,2,68,0.05,136,0.7492993978325975,0.2956723426102634,0.0006158570510588869,0.002306805074971165,-0.2959488130631411,-1.4857372108434408e-05,0.2956871999823718,0.7492993978327488
2,2.0,1.0,1.0,2,69,0.05,138,0.7493677065351438,0.2956992988380398,0.0005981295501215469,0.002240425680879367,-0.2959488130631411,-1.4431991361196772e-05,0.295713730829401,0.7493677065352726
2,2.0,1.0,1.0,2,70,0.05,140,0.7494293551406046,0.2957236267849614,0.0005811566883512755,0.0021768707482993192,-0.2959488130631411,-1.4024591304451217e-05,0.29573765137626584,0.7494293551407093
2,2.0,1.0,1.0,2,71,0.05,142,0.7494849930082242,0.29574558271517387,0.0005648962291761126,0.0021159822786484166,-0.2959488130631411,-1.3634174284626877e-05,0.2957592168894585,0.7494849930082805
2,2.0,1.0,1.0,2,72,0.05,144,0.7495352061847159,0.29576539790610307,0.0005493088504389163,0.002057613168724279,-0.2959488130631411,-1.3259810829169272e-05,0.29577865771693224,0.7495352061847663
2,2.0,1.0,1.0,2,73,0.05,146,0.749580523577332,0.2957832810848026,0.0005343579063236958,0.002001626321386126,-0.2959488130631411,-1.2900634019319401e-05,0.29579618171882194,0.7495805235773594
2,2.0,1.0,1.0,2,74,0.05,148,0.7496214225248423,0.29579942062673514,0.0005200092117031693,0.0019478938397857319,-0.2959488130631411,-1.2555834650929132e-05,0.2958119764613861,0.7496214225248796
2,2.0,1.0,1.0,2,75,0.05,150,0.7496583338255598,0.2958139865401544,0.0005062308464637518,0.0018962962962962965,-0.2959488130631411,-1.222465656597338e-05,0.29582621119672037,0.7496583338255839
2,2.0,1.0,1.0,2,76,0.05,152,0.7496916462749404,0.29582713225699725,0.0004929929777609627,0.0018467220683287162,-0.2959488130631411,-1.190639264553317e-05,0.2958390386496428,0.7496916462749568
2,2.0,1.0,1.0,2,77,0.05,154,0.749721710760917,0.29583899624914184,0.0004802676983407671,0.0017990667341316693,-0.2959488130631411,-1.1600380991516612e-05,0.29585059663013336,0.7497217107609211
2,2.0,1.0,1.0,2,78,0.05,156,0.7497488439598479,0.2958497034870876,0.00046802887927931385,0.0017532325224632913,-0.2959488130631411,-1.1306001512556563e-05,0.29586100948860017,0.7497488439598519
2,2.0,1.0,1.0,2,79,0.05,158,0.7497733316721673,0.29585936675638125,0.00045625203570217666,0.0017091278107140948,-0.2959488130631411,-1.1022672811999978e-05,0.29587038942919325,0.7497733316721807
2,2.0,1.0,1.0,2,80,0.05,160,0.7497954318327862,0.2958680878457048,0.00044491420418194384,0.001666666666666667,-0.2959488130631411,-1.0749849298996583e-05,0.2958788376950038,0.7497954318327924
4,2.0,1.0,1.0,1,1,0.0,6,0.7716383157632002,0.7122154169354393,1.9378367009008897,17.88854381999832,0.058571796071826915,-0.7122154169354392,-1.1102230246251565e-16,0.8784294597537136
4,2.0,1.0,1.0,1,2,0.0,12,0.9124403928022066,0.45868567429574403,1.9794547822139053,8.94427190999916,0.058571796071826915,0.4586856742957439,1.1102230246251565e-16,0.9552174583843236
4,2.0,1.0,1.0,1,3,0.0,18,0.5694698925029398,0.047522766643628145,1.367663700412042,5.962847939999439,0.058571796071826915,0.047522766643628284,-1.3877787807814457e-16,0.7546322895973514
4,2.0,1.0,1.0,1,4,0.0,24,0.2715235603962449,0.022827960904140535,0.8976523830325339,4.47213595499958,0.058571796071826915,0.022827960904140285,2.498001805406602e-16,0.5210792266021036
4,2.0,1.0,1.0,1,5,0.0,30,0.14982798164409794,0.013522856275934886,0.6564718918544042,3.5777087639996643,0.058571796071826915,0.013522856275934941,-5.551115123125783e-17,0.3870761961734387
4,2.0,1.0,1.0,1,6,0.0,36,0.09362662460381888,0.009018551022961951,0.516909481864952,2.9814239699997196,0.058571796071826915,0.009018551022962007,-5.551115123125783e-17,0.30598468034171294
4,2.0,1.0,1.0,1,7,0.0,42,0.06382001391244208,0.006478276947628536,0.42689979050349847,2.5555062599997598,0.058571796071826915,0.006478276947628786,-2.498001805406602e-16,0.25262623361884523
4,2.0,1.0,1.0,1,8,0.0,48,0.046262455540591274,0.004893236592469236,0.3641575836523822,2.23606797749979,0.058571796071826915,0.0048932365924686805,5.551115123125783e-16,0.21508708827028805
4,2.0,1.0,1.0,1,9,0.0,54,0.035082292093027156,0.0038327873921492894,0.31789891412496085,1.987615979999813,0.058571796071826915,0.003832787392149567,-2.7755575615628914e-16,0.1873026750824126
4,2.0,1.0,1.0,1,10,0.0,60,0.027530506806237254,0.003086302512160244,0.28234079069317636,1.7888543819998322,0.058571796071826915,0.003086302512160216,2.7755575615628914e-17,0.16592319550393977
4,2.0,1.0,1.0,1,11,0.0,66,0.02219044031611217,0.00254002497494743,0.25412081137281867,1.6262312563634835,0.058571796071826915,0.002540024974946875,5.551115123125783e-16,0.14896456060456595
4,2.0,1.0,1.0,1,12,0.0,72,0.018274217175284657,0.0021277848817448375,0.23115485960677426,1.4907119849998598,0.058571796071826915,0.0021277848817456146,-7.771561172376096e-16,0.1351821629331536
4,2.0,1.0,1.0,1,13,0.0,78,0.015315936716470802,0.0018088193246161566,0.21208308634768186,1.376041832307563,0.058571796071826915,0.0018088193246167672,-6.106226635438361e-16,0.1237575723601243
4,2.0,1.0,1.0,1,14,0.0,84,0.013025921377709637,0.0015568412274291898,0.19598026939368543,1.2777531299998799,0.058571796071826915,0.0015568412274291343,5.551115123125783e-17,0.11413115866278234
4,2.0,1.0,1.0,1,15,0.0,90,0.011216402295656125,0.0013542522822624636,0.18219469091585264,1.1925695879998879,0.058571796071826915,0.0013542522822610203,1.4432899320127035e-15,0.10590751765411544
4,2.0,1.0,1.0,1,16,0.0,96,0.009761325015686495,0.0011888971535115589,0.1702537319261622,1.118033988749895,0.058571796071826915,0.0011888971535116977,-1.3877787807814457e-16,0.09879941809386417
4,2.0,1.0,1.0,1,17,0.0,102,0.008573499022562991,0.00105215435212333,0.15980607544525233,1.0522672835293128,0.058571796071826915,0.0010521543521224974,8.326672684688674e-16,0.09259319101620485
4,2.0,1.0,1.0,1,18,0.0,108,0.007591042748915422,0.0009377676135867152,0.15058496944446342,0.9938079899999065,0.058571796071826915,0.0009377676135875479,-8.326672684688674e-16,0.08712659036663478
4,2.0,1.0,1.0,1,19,0.0,114,0.006769042229832989,0.0008411058142670236,0.1423841075662148,0.9415023063157008,0.058571796071826915,0.0008411058142681338,-1.1102230246251565e-15,0.0822741893295168
4,2.0,1.0,1.0,1,20,0.0,120,0.006074251513536688,0.0007586803103264983,0.13504134133598228,0.8944271909999161,0.058571796071826915,0.0007586803103274142,-9.159339953157541e-16,0.07793748464980424
4,2.0,1.0,1.0,1,21,0.0,126,0.00548162990200618,0.0006878219803418961,0.12842740569247185,0.8518354199999197,0.058571796071826915,0.0006878219803418406,5.551115123125783e-17,0.0740380301062043
4,2.0,1.0,1.0,1,22,0.0,132,0.004972022587822811,0.0006264601833789463,0.1224379424112211,0.8131156281817418,0.058571796071826915,0.0006264601833797789,-8.326672684688674e-16,0.07051257042417977
4,2.0,1.0,1.0,1,23,0.0,138,0.00453057246905364,0.000572968395926271,0.11698774605574043,0.7777627747825355,0.058571796071826915,0.0005729683959276033,-1.3322676295501878e-15,0.06730952732751969
4,2.0,1.0,1.0,1,24,0.0,144,0.004145610921231335,0.0005260544527879996,0.11200654042244727,0.7453559924999299,0.058571796071826915,0.0005260544527891375,-1.1379786002407855e-15,0.0643864187638473
4,2.0,1.0,1.0,1,25,0.0,150,0.0038078691625911265,0.00048468122480832543,0.10743582954742895,0.7155417527999327,0.058571796071826915,0.00048468122480907483,-7.494005416219807e-16,0.06170793435687774
4,2.0,1.0,1.0,1,26,0.0,156,0.003509908438500964,0.0004480084423934827,0.10322651647112313,0.6880209161537815,0.058571796071826915,0.00044800844239320514,2.7755575615628914e-16,0.059244480236572694
4,2.0,1.0,1.0,1,27,0.0,162,0.003245702227358205,0.0004153494512060818,0.09933707931736066,0.6625386599999377,0.058571796071826915,0.00041534945120660915,-5.273559366969494e-16,0.05697106482558856
4,2.0,1.0,1.0,1,28,0.0,168,0.003010325778805334,0.0003861386701281,0.09573215780533116,0.6388765649999399,0.058571796071826915,0.0003861386701287661,-6.661338147750939e-16,0.0548664358128564
4,2.0,1.0,1.0,1,29,0.0,174,0.0027997225590814523,0.00035990682489378534,0.09238144603631808,0.6168463386206317,0.058571796071826915,0.0003599068248948123,-1.0269562977782698e-15,0.05291240458607299
4,2.0,1.0,1.0,1,30,0.0,180,0.0026105265551035206,0.00033626190221303087,0.08925881661140246,0.5962847939999439,0.058571796071826915,0.0003362619022144464,-1.4155343563970746e-15,0.051093312234642516
4,2.0,1.0,1.0,1,31,0.0,186,0.002439925659497133,0.000314874361353662,0.08634162143110463,0.577049800645107,0.058571796071826915,0.0003148743613546612,-9.992007221626409e-16,0.049395603645482566
4,2.0,1.0,1.0,1,32,0.0,192,0.0022855556192895587,0.0002954655483272395,0.08361012883262549,0.5590169943749475,0.058571796071826915,0.00029546554832607375,1.1657341758564144e-15,0.047807484971383415
4,2.0,1.0,1.0,1,33,0.0,198,0.0021454169684349544,0.00027779854331039244,0.08104706693931747,0.5420770854544946,0.058571796071826915,0.00027779854331083653,-4.440892098500626e-16,0.04631864601257056
4,2.0,1.0,1.0,1,34,0.0,204,0.002017809417114824,0.000261670873869968,0.0786372504885102,0.5261336417646564,0.058571796071826915,0.0002616708738700235,-5.551115123125783e-17,0.04492003358321084
4,2.0,1.0,1.0,1,35,0.0,210,0.0019012796233308649,0.0002469086713868529,0.0763672738121792,0.5111012519999518,0.058571796071826915,0.00024690867138663086,2.220446049250313e-16,0.0436036652511043
4,2.0,1.0,1.0,1,36,0.0,216,0.0017945793128810728,0.0002333619527714048,0.07422525664521094,0.49690399499995325,0.058571796071826915,0.00023336195277232075,-9.159339953157541e-16,0.04236247529217572
4,2.0,1.0,1.0,1,37,0.0,222,0.00169663146671728,0.00022090078635378374,0.07220063242447142,0.48347415729725196,0.058571796071826915,0.00022090078635458865,-8.049116928532385e-16,0.04119018653415625
4,2.0,1.0,1.0,1,38,0.0,228,0.0016065028456233588,0.00020941215741401842,0.07028397099556236,0.4707511531578504,0.058571796071826915,0.00020941215741401842,0.0,0.04008120314587263
4,2.0,1.0,1.0,1,39,0.0,234,0.0015233815289046326,0.00019879739109368577,0.06846682935873634,0.4586806107691876,0.058571796071826915,0.00019879739109227024,1.4155343563970746e-15,0.03903052047966983
4,2.0,1.0,1.0,1,40,0.0,240,0.0014465584471617943,0.00018897002217987957,0.06674162540076085,0.44721359549995804,0.058571796071826915,0.00018897002217990733,-2.7755575615628914e-17,0.03803364888052498
4,2.0,1.0,1.0,1,41,0.0,246,0.0013754121166107414,0.00017985402529127614,0.06510153057629844,0.4363059468292273,0.058571796071826915,0.00017985402528983285,1.4432899320127035e-15,0.037086548998360086
4,2.0,1.0,1.0,1,42,0.0,252,0.0013093959556715884,0.00017138233740646158,0.0635403782942772,0.42591770999995987,0.058571796071826915,0.00017138233740615627,3.0531133177191805e-16,0.0361855766248045
4,2.0,1.0,1.0,1,43,0.0,258,0.0012480276958848346,0.00016349561881223718,0.06205258538575673,0.41601264697670504,0.058571796071826915,0.00016349561880887875,3.3584246494910985e-15,0.035327435455753696
4,2.0,1.0,1.0,1,44,0.0,264,0.00119088050065419,0.00015614120944579257,0.06063308451990622,0.4065578140908709,0.058571796071826915,0.0001561412094449044,8.881784197001252e-16,0.034509136480786885
4,2.0,1.0,1.0,1,45,0.0,270,0.0011375754839779706,0.00014927224621491542,0.05927726582408627,0.39752319599996266,0.058571796071826915,0.00014927224621447133,4.440892098500626e-16,0.03372796293845328
4,2.0,1.0,1.0,1,46,0.0,276,0.0010877753822586822,0.00014284691350413548,0.057980926275040284,0.38888138739126776,0.058571796071826915,0.00014284691350296974,1.1657341758564144e-15,0.03298143996638869
4,2.0,1.0,1.0,1,47,0.0,282,0.0010411791802611425,0.0001368278043726301,0.0567402256781064,0.3806073153191131,0.058571796071826915,0.00013682780436841124,4.218847493575595e-15,0.032267308227785486
4,2.0,1.0,1.0,1,48,0.0,288,0.0009975175302832096,0.00013118137415774056,0.05555164825318587,0.37267799624996495,0.058571796071826915,0.00013118137415643605,1.304512053934559e-15,0.03158350091875234
4,2.0,1.0,1.0,1,49,0.0,294,0.0009565488331925165,0.00012587747149975237,0.05441196901007722,0.36507232285710844,0.058571796071826915,0.00012587747150202833,-2.275957200481571e-15,0.0309281236610294
4,2.0,1.0,1.0,1,50,0.0,300,0.0009180558743884237,0.00012088893450987181,0.053318224229382837,0.35777087639996635,0.058571796071826915,0.0001208889345120645,-2.192690473634684e-15,0.030299436865844805
4,2.0,1.0,1.0,1,51,0.0,306,0.0008818429264519922,0.00011619124191358798,0.05226768547477086,0.3507557611764376,0.058571796071826915,0.00011619124191372676,-1.3877787807814457e-16,0.02969584022138736
4,2.0,1.0,1.0,1,52,0.0,312,0.0008477332459497777,0.00011176221080858029,0.05125783665248399,0.34401045807689073,0.058571796071826915,0.00011176221080733129,1.2490009027033011e-15,0.02911585901113973
4,2.0,1.0,1.0,1,53,0.0,318,0.0008155669042192448,0.00010758173402700133,0.05028635370852111,0.33751969471694937,0.058571796071826915,0.00010758173402575233,1.2490009027033011e-15,0.02855813201561203
4,2.0,1.0,1.0,1,54,0.0,324,0.0007851989020922767,0.00010363155129430868,0.049351086615707536,0.33126932999996883,0.058571796071826915,0.00010363155129419765,1.1102230246251565e-16,0.028021400787536423
4,2.0,1.0,1.0,1,55,0.0,330,0.0007564975269483964,9.989504928811788e-05,0.048450043354413594,0.3252462512726967,0.058571796071826915,9.989504928442638e-05,3.6914915568786455e-15,0.027504500121819982
4,2.0,1.0,1.0,1,56,0.0,336,0.0007293429169662469,9.635708651539732e-05,0.047581375633786824,0.31943828249996997,0.058571796071826915,9.635708651614672e-05,-7.494005416219807e-16,0.02700634956768163
4,2.0,1.0,1.0,1,57,0.0,342,0.0007036258033510379,9.300383953178559e-05,0.04674336613637824,0.31383410210523366,0.058571796071826915,9.300383953561586e-05,-3.83026943495679e-15,0.02652594585226753
4,2.0,1.0,1.0,1,58,0.0,348,0.0006792464056641911,8.982266759494095e-05,0.04593441709963977,0.3084231693103158,0.058571796071826915,8.982266759774427e-05,-2.8033131371785203e-15,0.02606235610346603
4,2.0,1.0,1.0,1,59,0.0,354,0.0006561134593277007,8.680199326047133e-05,0.04515304007337386,0.3031956579660732,0.058571796071826915,8.680199325816762e-05,2.3037127760972e-15,0.0256147117751862
4,2.0,1.0,1.0,1,60,0.0,360,0.0006341433575756117,8.393119681557315e-05,0.04439784671401177,0.29814239699997197,0.058571796071826915,8.393119681718297e-05,-1.609823385706477e-15,0.02518220319152617
4,2.0,1.0,1.0,1,61,0.0,366,0.0006132593926341245,8.120052272500566e-05,0.043667540495127985,0.29325481672128395,0.058571796071826915,8.120052272370115e-05,1.304512053934559e-15,0.02476407463744285
4,2.0,1.0,1.0,1,62,0.0,372,0.0005933910832844891,7.860099660014774e-05,0.04296090922945001,0.2885249003225535,0.058571796071826915,7.860099659906528e-05,1.0824674490095276e-15,0.02435961993305783
4,2.0,1.0,1.0,1,63,0.0,378,0.0005744735775843335,7.612435130646689e-05,0.042276818310958544,0.2839451399999733,0.058571796071826915,7.612435130857631e-05,-2.1094237467877974e-15,0.02396817843686884
4,2.0,1.0,1.0,1,64,0.0,384,0.0005564471216243927,7.376296110428449e-05,0.04161420459743964,0.2795084971874737,0.058571796071826915,7.376296110636615e-05,-2.0816681711721685e-15,0.023589131430098983
4,2.0,1.0,1.0,1,65,0.0,390,0.0005392565857468279,7.150978284284348e-05,0.040972070863632123,0.2752083664615126,0.058571796071826915,7.150978283851361e-05,4.3298697960381105e-15,0.023221898840437107
4,2.0,1.0,1.0,1,66,0.0,396,0.0005228510414364562,6.935830334600657e-05,0.04034948076377908,0.2710385427272473,0.058571796071826915,6.935830334764415e-05,-1.6375789613221059e-15,0.022865936268511966
4,2.0,1.0,1.0,1,67,0.0,402,0.0005071833826655325,6.730249225866958e-05,0.03974555424975666,0.2669931913432585,0.058571796071826915,6.730249225586626e-05,2.8033131371785203e-15,0.02252073228498514
4,2.0,1.0,1.0,1,68,0.0,408,0.0004922099865362073,6.533675973061093e-05,0.0391594633973684,0.2630668208823282,0.058571796071826915,6.533675973252606e-05,-1.915134717478395e-15,0.022185805969873997
4,2.0,1.0,1.0,1,69,0.0,414,0.00047789040862611376,6.345591833861741e-05,0.038590428598964395,0.2592542582608452,0.058571796071826915,6.345591833670228e-05,1.915134717478395e-15,0.021860704669213443
4,2.0,1.0,1.0,1,70,0.0,420,0.00046418710887730086,6.165514881231737e-05,0.038037715085354355,0.2555506259999759,0.058571796071826915,6.165514881512069e-05,-2.8033131371785203e-15,0.021545001946893974
4,2.0,1.0,1.0,1,71,0.0,426,0.00045106520477133927,5.992996912979054e-05,0.037500629744253854,0.251951321408427,0.058571796071826915,5.9929969132066496e-05,-2.275957200481571e-15,0.021238295712188254
4,2.0,1.0,1.0,1,72,0.0,432,0.00043849224850323054,5.8276206575086364e-05,0.03697851820612615,0.24845199749997662,0.058571796071826915,5.827620657158916e-05,3.497202527569243e-15,0.020940206505606705
4,2.0,1.0,1.0,1,73,0.0,438,0.00042643802595043745,5.66899724656067e-05,0.03647076217153699,0.245048545479429,0.058571796071826915,5.66899724668557e-05,-1.2490009027033011e-15,0.020650375927645737
4,2.0,1.0,1.0,1,74,0.0,444,0.00041487437447629283,5.5167639270881086e-05,0.03597677695698653,0.24173707864862598,0.058571796071826915,5.5167639268438595e-05,2.4424906541753444e-15,0.0203684651967642
4,2.0,1.0,1.0,1,75,0.0,450,0.00040377501791510895,5.370581983030198e-05,0.03549600923862812,0.23851391759997762,0.058571796071826915,5.370581982955258e-05,7.494005416219807e-16,0.020094153824302276
4,2.0,1.0,1.0,1,76,0.0,456,0.00039311541694475594,5.2301348508421164e-05,0.03502793497546849,0.2353755765789252,0.058571796071826915,5.230134850567336e-05,2.7478019859472624e-15,0.019827138395426616
4,2.0,1.0,1.0,1,77,0.0,462,0.0003828726330288301,5.095126400730954e-05,0.034572057495630436,0.2323187509090691,0.058571796071826915,5.0951264009280184e-05,-1.970645868709653e-15,0.019567131446373037
4,2.0,1.0,1.0,1,78,0.0,468,0.0003730252046666438,4.9652793759374925e-05,0.03412790573091393,0.2293403053845938,0.058571796071826915,4.965279375587772e-05,3.497202527569243e-15,0.01931386042915112
4,2.0,1.0,1.0,1,79,0.0,474,0.0003635530346651761,4.840333966751875e-05,0.03369503258636142,0.2264372635442825,0.058571796071826915,4.840333966610322e-05,1.4155343563970746e-15,0.019067066755923366
4,2.0,1.0,1.0,1,80,0.0,480,0.00035443728733830504,4.7200465085744936e-05,0.033273013432988365,0.22360679774997902,0.058571796071826915,4.720046508172038e-05,4.0245584642661925e-15,0.018826504915953515
4,2.0,1.0,1.0,1,1,0.0002,6,0.7718181760896347,0.7119539856328387,1.9378367009008897,17.88854381999832,0.058571796071826915,-0.7122154169354392,0.00026143130260047887,0.8784530409810333
4,2.0,1.0,1.0,1,2,0.0002,12,0.9124807187845952,0.45827199244469174,1.9794547822139053,8.94427190999916,0.058571796071826915,0.4586856742957439,-0.00041368185105217226,0.9551359530355308
4,2.0,1.0,1.0,1,3,0.0002,18,0.5706323891893887,0.04731165656503464,1.367663700412042,5.962847939999439,0.058571796071826915,0.047522766643628284,-0.00021111007859364594,0.754792495197384
4,2.0,1.0,1.0,1,4,0.0002,24,0.2743323380467053,0.022607777530973983,0.8976523830325339,4.47213595499958,0.058571796071826915,0.022827960904140285,-0.0002201833731663022,0.5217892843667201
4,2.0,1.0,1.0,1,5,0.0002,30,0.15397969258663036,0.01325513418006935,0.6564718918544042,3.5777087639996643,0.058571796071826915,0.013522856275934941,-0.00026772209586559126,0.38833539400604056
4,2.0,1.0,1.0,1,6,0.0002,36,0.0989601905328995,0.00869772624503172,0.516909481864952,2.9814239699997196,0.058571796071826915,0.009018551022962007,-0.00032082477793028696,0.3077703104823334
4,2.0,1.0,1.0,1,7,0.0002,42,0.07025585043933535,0.00610306098669805,0.42689979050349847,2.5555062599997598,0.058571796071826915,0.006478276947628786,-0.00037521596093073595,0.25492467703280025
4,2.0,1.0,1.0,1,8,0.0002,48,0.05375793064139067,0.004463333575916967,0.3641575836523822,2.23606797749979,0.058571796071826915,0.0048932365924686805,-0.0004299030165517137,0.21789102725668258
4,2.0,1.0,1.0,1,9,0.0002,54,0.043612259566128575,0.0033481764363313404,0.31789891412496085,1.987615979999813,0.058571796071826915,0.003832787392149567,-0.00048461095581822655,0.19060903268668425
4,2.0,1.0,1.0,1,10,0.0002,60,0.037078895723523186,0.0025470432388629005,0.28234079069317636,1.7888543819998322,0.058571796071826915,0.003086302512160216,-0.0005392592732973156,0.16973168520160054
4,2.0,1.0,1.0,1,11,0.0002,66,0.03274627321531198,0.0019461981913679594,0.25412081137281867,1.6262312563634835,0.058571796071826915,0.002540024974946875,-0.0005938267835789157,0.15327684994450047
4,2.0,1.0,1.0,1,12,0.0002,72,0.02982956772940848,0.0014794735125247538,0.23115485960677426,1.4907119849998598,0.058571796071826915,0.0021277848817456146,-0.0006483113692208609,0.14000137709061966
4,2.0,1.0,1.0,1,13,0.0002,78,0.02786480698884297,0.0011061024890152982,0.21208308634768186,1.376041832307563,0.058571796071826915,0.0018088193246167672,-0.000702716835601469,0.12908798891550052
4,2.0,1.0,1.0,1,14,0.0002,84,0.026563587627029372,0.000799792824526302,0.19598026939368543,1.2777531299998799,0.058571796071826915,0.0015568412274291343,-0.0007570484029028324,0.11997801223831855
4,2.0,1.0,1.0,1,15,0.0002,90,0.02573901466844697,0.0005429411144826091,0.18219469091585264,1.1925695879998879,0.058571796071826915,0.0013542522822610203,-0.0008113111677784113,0.11227686944917065
4,2.0,1.0,1.0,1,16,0.0002,96,0.02526565221727095,0.00032338752011237815,0.1702537319261622,1.118033988749895,0.058571796071826915,0.0011888971535116977,-0.0008655096333993195,0.10569806476307317
4,2.0,1.0,1.0,1,17,0.0002,102,0.02505675957891862,0.00013250672486153636,0.15980607544525233,1.0522672835293128,0.058571796071826915,0.0010521543521224974,-0.000919647627260961,0.10002859787637222
4,2.0,1.0,1.0,1,18,0.0002,108,0.02505079002886168,3.596073908596065e-05,0.15058496944446342,0.9938079899999065,0.058571796071826915,0.0009377676135875479,-0.0009737283526735085,0.09510683981275181
4,2.0,1.0,1.0,1,19,0.0002,114,0.02520308398698612,0.00018664866329906604,0.1423841075662148,0.9415023063157008,0.058571796071826915,0.0008411058142681338,-0.0010277544775671998,0.09080793874061352
4,2.0,1.0,1.0,1,20,0.0002,120,0.025480592256190482,0.0003230479146152654,0.13504134133598228,0.8944271909999161,0.058571796071826915,0.0007586803103274142,-0.0010817282249426796,0.0870339300886781
4,2.0,1.0,1.0,1,21,0.0002,126,0.02585842875612987,0.00044782947262028694,0.12842740569247185,0.8518354199999197,0.058571796071826915,0.0006878219803418406,-0.0011356514529621275,0.08370687335861851
4,2.0,1.0,1.0,1,22,0.0002,132,0.026317561920079835,0.0005630655386518746,0.1224379424112211,0.8131156281817418,0.058571796071826915,0.0006264601833797789,-0.0011895257220316535,0.08076398770903666
4,2.0,1.0,1.0,1,23,0.0002,138,0.026843234137754912,0.0006703839536124634,0.11698774605574043,0.7777627747825355,0.058571796071826915,0.0005729683959276033,-0.0012433523495400667,0.0781541385237729
4,2.0,1.0,1.0,1,24,0.0002,144,0.027423858035444004,0.0007710780012609442,0.11200654042244727,0.7453559924999299,0.058571796071826915,0.0005260544527891375,-0.0012971324540500817,0.07583525634884819
4,2.0,1.0,1.0,1,25,0.0002,150,0.02805023188533262,0.0008661857659967576,0.10743582954742895,0.7155417527999327,0.058571796071826915,0.00048468122480907483,-0.0013508669908058324,0.07377241149755753
4,2.0,1.0,1.0,1,26,0.0002,156,0.028714972804095185,0.0009565483378851658,0.10322651647112313,0.6880209161537815,0.058571796071826915,0.00044800844239320514,-0.001404556780278371,0.07193635765745916
4,2.0,1.0,1.0,1,27,0.0002,162,0.029412101236300447,0.0010428530799501123,0.09933707931736066,0.6625386599999377,0.058571796071826915,0.00041534945120660915,-0.0014582025311567215,0.07030241621941385
4,2.0,1.0,1.0,1,28,0.0002,168,0.030136732235137575,0.001125666188803276,0.09573215780533116,0.6388765649999399,0.058571796071826915,0.0003861386701287661,-0.001511804858932042,0.06884961167487687
4,2.0,1.0,1.0,1,29,0.0002,174,0.03088484325631946,0.0012054574761128645,0.09238144603631808,0.6168463386206317,0.058571796071826915,0.0003599068248948123,-0.0015653643010076768,0.06755999445089626
4,2.0,1.0,1.0,1,30,0.0002,180,0.031653097516860296,0.0012826194267895608,0.08925881661140246,0.5962847939999439,0.058571796071826915,0.0003362619022144464,-0.0016188813290040072,0.06641810537952969
4,2.0,1.0,1.0,1,31,0.0002,186,0.0324387082130394,0.0013574819975080143,0.08634162143110463,0.577049800645107,0.058571796071826915,0.0003148743613546612,-0.0016723563588626755,0.06541054839960464
4,2.0,1.0,1.0,1,32,0.0002,192,0.03323933313281424,0.0014303242108479053,0.08361012883262549,0.5590169943749475,0.058571796071826915,0.00029546554832607375,-0.001725789759173979,0.06452564683754641
4,2.0,1.0,1.0,1,33,0.0002,198,0.034052992121670345,0.0015013833147583255,0.08104706693931747,0.5420770854544946,0.058571796071826915,0.00027779854331083653,-0.001779181858069162,0.06375316486686075
4,2.0,1.0,1.0,1,34,0.0002,204,0.034878001903790645,0.0015708620750817803,0.0786372504885102,0.5261336417646564,0.058571796071826915,0.0002616708738700235,-0.0018325329489518039,0.06308408026832696
4,2.0,1.0,1.0,1,35,0.0002,210,0.035712924205902885,0.0016389346239217562,0.0763672738121792,0.5111012519999518,0.058571796071826915,0.00024690867138663086,-0.001885843295308387,0.06251039792019304
4,2.0,1.0,1.0,1,36,0.0002,216,0.03655652416651489,0.0017057511819643378,0.07422525664521094,0.49690399499995325,0.058571796071826915,0.00023336195277232075,-0.0019391131347366586,0.06202499589092411
4,2.0,1.0,1.0,1,37,0.0002,222,0.037407736762317345,0.0017714418959820233,0.07220063242447142,0.48347415729725196,0.058571796071826915,0.00022090078635458865,-0.001992342682336612,0.06162149782891081
4,2.0,1.0,1.0,1,38,0.0002,228,0.03826563953155382,0.0018361199761950109,0.07028397099556236,0.4707511531578504,0.058571796071826915,0.00020941215741401842,-0.0020455321336090293,0.06129416671411586
4,2.0,1.0,1.0,1,39,0.0002,234,0.03912943027885141,0.0018998842758072565,0.06846682935873634,0.4586806107691876,0.058571796071826915,0.00019879739109227024,-0.0020986816668995267,0.06103781607607759
4,2.0,1.0,1.0,1,40,0.0002,240,0.039998408747553116,0.0019628214233190777,0.06674162540076085,0.44721359549995804,0.058571796071826915,0.00018897002217990733,-0.002151791445498985,0.06084773557727499
4,2.0,1.0,1.0,1,41,0.0002,246,0.04087196147193706,0.0020250075941462,0.06510153057629844,0.4363059468292273,0.058571796071826915,0.00017985402528983285,-0.0022048616194360326,0.06071962847275599
4,2.0,1.0,1.0,1,42,0.0002,252,0.04174954919382967,0.002086509989624785,0.0635403782942772,0.42591770999995987,0.058571796071826915,0.00017138233740615627,-0.0022578923270309414,0.06064955893203699
4,2.0,1.0,1.0,1,43,0.0002,258,0.042630696358750275,0.0021473880774145193,0.06205258538575673,0.41601264697670504,0.058571796071826915,0.00016349561880887875,-0.002310883696223398,0.06063390758077396
4,2.0,1.0,1.0,1,44,0.0002,264,0.04351498230761064,0.0022076946362990235,0.06063308451990622,0.4065578140908709,0.058571796071826915,0.0001561412094449044,-0.002363835845743928,0.06066933391273979
4,2.0,1.0,1.0,1,45,0.0002,270,0.04440203385813324,0.0022674766398844415,0.05927726582408627,0.39752319599996266,0.058571796071826915,0.00014927224621447133,-0.002416748886098913,0.06075274445590695
4,2.0,1.0,1.0,1,46,0.0002,276,0.045291519030710936,0.0023267760069701493,0.057980926275040284,0.38888138739126776,0.058571796071826915,0.00014284691350296974,-0.002469622920473119,0.06088126576362043
4,2.0,1.0,1.0,1,47,0.0002,282,0.046183141721171106,0.00238563024110669,0.0567402256781064,0.3806073153191131,0.058571796071826915,0.00013682780436841124,-0.002522458045475101,0.06105222145376438
4,2.0,1.0,1.0,1,48,0.0002,288,0.04707663716058175,0.002444072977681344,0.05555164825318587,0.37267799624996495,0.058571796071826915,0.00013118137415643605,-0.00257525435183778,0.06126311264324184
4,2.0,1.0,1.0,1,49,0.0002,294,0.047971768031712436,0.0025021344534718604,0.05441196901007722,0.36507232285710844,0.058571796071826915,0.00012587747150202833,-0.0026280119249738887,0.06151160122793374
4,2.0,1.0,1.0,1,50,0.0002,300,0.04886832113595552,0.002559841911014077,0.053318224229382837,0.35777087639996635,0.058571796071826915,0.0001208889345120645,-0.0026807308455261414,0.06179549554433584
4,2.0,1.0,1.0,1,51,0.0002,306,0.049766104523116916,0.0026172199479083114,0.05226768547477086,0.3507557611764376,0.058571796071826915,0.00011619124191372676,-0.002733411189822038,0.062112738021347494
4,2.0,1.0,1.0,1,52,0.0002,312,0.050664945012087736,0.002674290819474928,0.05125783665248399,0.34401045807689073,0.058571796071826915,0.00011176221080733129,-0.0027860530302822595,0.06246139449202716
4,2.0,1.0,1.0,1,53,0.0002,318,0.05156468604267006,0.0027310747017606773,0.05028635370852111,0.33751969471694937,0.058571796071826915,0.00010758173402575233,-0.0028386564357864297,0.06283964488744187
4,2.0,1.0,1.0,1,54,0.0002,324,0.05246518580890247,0.0027875899206919186,0.049351086615707536,0.33126932999996883,0.058571796071826915,0.00010363155129419765,-0.0028912214719861162,0.06324577507936202
4,2.0,1.0,1.0,1,55,0.0002,330,0.05336631563259797,0.0028438531523173327,0.048450043354413594,0.3252462512726967,0.058571796071826915,9.989504928442638e-05,-0.002943748201601759,0.06367816967691436
4,2.0,1.0,1.0,1,56,0.0002,336,0.05426795854222899,0.00289987959817814,0.047581375633786824,0.31943828249996997,0.058571796071826915,9.635708651614672e-05,-0.0029962366846942867,0.06413530561491022
4,2.0,1.0,1.0,1,57,0.0002,342,0.05517000802819605,0.002955683139327425,0.04674336613637824,0.31383410210523366,0.058571796071826915,9.300383953561586e-05,-0.003048686978863041,0.06461574639968254
4,2.0,1.0,1.0,1,58,0.0002,348,0.056072366949791785,0.00301127647187463,0.04593441709963977,0.3084231693103158,0.058571796071826915,8.982266759774427e-05,-0.003101099139472374,0.06511813690195867
4,2.0,1.0,1.0,1,59,0.0002,354,0.056974946573117746,0.0030666712265924045,0.04515304007337386,0.3031956579660732,0.058571796071826915,8.680199325816762e-05,-0.003153473219850572,0.06564119860649442
4,2.0,1.0,1.0,1,60,0.0002,360,0.0578776657223411,0.0031218780746340713,0.04439784671401177,0.29814239699997197,0.058571796071826915,8.393119681718297e-05,-0.0032058092714512543,0.06618372524514686
4,2.0,1.0,1.0,1,61,0.0002,366,0.05878045002924859,0.0031769068212466334,0.043667540495127985,0.29325481672128395,0.058571796071826915,8.120052272370115e-05,-0.0032581073439703345,0.06674457875421147
4,2.0,1.0,1.0,1,62,0.0002,372,0.05968323126836772,0.0032317664889396636,0.04296090922945001,0.2885249003225535,0.058571796071826915,7.860099659906528e-05,-0.003310367485538729,0.06732268550861424
4,2.0,1.0,1.0,1,63,0.0002,378,0.060585946766436916,0.00328646539150651,0.042276818310958544,0.2839451399999733,0.058571796071826915,7.612435130857631e-05,-0.0033625897428150864,0.06791703279511468
4,2.0,1.0,1.0,1,64,0.0002,384,0.06148853887731465,0.003341011199982258,0.04161420459743964,0.2795084971874737,0.058571796071826915,7.376296110636615e-05,-0.003414774161088624,0.06852666549472664
4,2.0,1.0,1.0,1,65,0.0002,390,0.062390954513734886,0.0033954110015663175,0.040972070863632123,0.2752083664615126,0.058571796071826915,7.150978283851361e-05,-0.003466920784404831,0.06915068295057754
4,2.0,1.0,1.0,1,66,0.0002,396,0.06329314472921621,0.0034496713523194666,0.04034948076377908,0.2710385427272473,0.058571796071826915,6.935830334764415e-05,-0.003519029655667111,0.06978823600272707
4,2.0,1.0,1.0,1,67,0.0002,402,0.06419506434397504,0.0035037983244086413,0.03974555424975666,0.2669931913432585,0.058571796071826915,6.730249225586626e-05,-0.0035711008166645075,0.07043852417525891
4,2.0,1.0,1.0,1,68,0.0002,408,0.06509667160970245,0.003557797548500774,0.0391594633973684,0.2630668208823282,0.058571796071826915,6.533675973252606e-05,-0.0036231343082333,0.07110079300407067
4,2.0,1.0,1.0,1,69,0.0002,414,0.06599792790867087,0.003611674251908753,0.038590428598964395,0.2592542582608452,0.058571796071826915,6.345591833670228e-05,-0.0036751301702454553,0.07177433149621576
4,2.0,1.0,1.0,1,70,0.0002,420,0.06689879748308425,0.0036654332929257905,0.038037715085354355,0.2555506259999759,0.058571796071826915,6.165514881512069e-05,-0.003727088441740911,0.07245846971319798
4,2.0,1.0,1.0,1,71,0.0002,426,0.06779924719136665,0.003719079191797592,0.037500629744253854,0.251951321408427,0.058571796071826915,5.9929969132066496e-05,-0.0037790091609296583,0.07315257647217752
4,2.0,1.0,1.0,1,72,0.0002,432,0.06869924628820978,0.0037726161587176565,0.03697851820612615,0.24845199749997662,0.058571796071826915,5.827620657158916e-05,-0.0038308923652892457,0.07385605715973667
4,2.0,1.0,1.0,1,73,0.0002,438,0.0695987662261841,0.0038260481191424722,0.03647076217153699,0.245048545479429,0.058571796071826915,5.66899724668557e-05,-0.003882738091609328,0.07456835165386315
4,2.0,1.0,1.0,1,74,0.0002,444,0.07049778047591848,0.0038793787367272514,0.03597677695698653,0.24173707864862598,0.058571796071826915,5.5167639268438595e-05,-0.00393454637599569,0.0752889323497447
4,2.0,1.0,1.0,1,75,0.0002,450,0.07139626436332613,0.0039326114341465546,0.03549600923862812,0.23851391759997762,0.058571796071826915,5.370581982955258e-05,-0.003986317253976107,0.07601730228575415
4,2.0,1.0,1.0,1,76,0.0002,456,0.07229419492197364,0.003985749411977019,0.03502793497546849,0.2353755765789252,0.058571796071826915,5.230134850567336e-05,-0.004038050760482692,0.07675299336595091
4,2.0,1.0,1.0,1,77,0.0002,462,0.07319155075892048,0.004038795665922218,0.034572057495630436,0.2323187509090691,0.058571796071826915,5.0951264009280184e-05,-0.004089746929931498,0.07749556467555052
4,2.0,1.0,1.0,1,78,0.0002,468,0.07408831193266141,0.0040917530024530135,0.03412790573091393,0.2293403053845938,0.058571796071826915,4.965279375587772e-05,-0.004141405796208891,0.07824460088589932
4,2.0,1.0,1.0,1,79,0.0002,474,0.07498445984200475,0.004144624053100648,0.03369503258636142,0.2264372635442825,0.058571796071826915,4.840333966610322e-05,-0.004193027392766752,0.07899971074553176
4,2.0,1.0,1.0,1,80,0.0002,480,0.07587997712471184,0.004197411287494762,0.033273013432988365,0.22360679774997902,0.058571796071826915,4.720046508172038e-05,-0.004244611752576483,0.07976052565388704
4,2.0,1.0,1.0,1,1,0.0005,6,0.7720876577746228,0.7115619367254812,1.9378367009008897,17.88854381999832,0.058571796071826915,-0.7122154169354392,0.000653480209958035,0.8784884617838122
4,2.0,1.0,1.0,1,2,0.0005,12,0.9125411129476998,0.4576519349826186,1.9794547822139053,8.94427190999916,0.058571796071826915,0.4586856742957439,-0.001033739313125337,0.9550142067988161
4,2.0,1.0,1.0,1,3,0.0005,18,0.5723695439774091,0.046995638494916,1.367663700412042,5.962847939999439,0.058571796071826915,0.047522766643628284,-0.0005271281487122803,0.7550349765770301
4,2.0,1.0,1.0,1,4,0.0005,24,0.278523830977371,0.02227834998013127,0.8976523830325339,4.47213595499958,0.058571796071826915,0.022827960904140285,-0.0005496109240090141,0.5228614403939186
4,2.0,1.0,1.0,1,5,0.0005,30,0.16016678925694905,0.012854979473431644,0.6564718918544042,3.5777087639996643,0.058571796071826915,0.013522856275934941,-0.0006678768025032977,0.39024196887501095
4,2.0,1.0,1.0,1,6,0.0005,36,0.10689775893243558,0.008218679338109852,0.516909481864952,2.9814239699997196,0.058571796071826915,0.009018551022962007,-0.0007998716848521548,0.31048538720311203
4,2.0,1.0,1.0,1,7,0.0005,42,0.07982087904923141,0.005543344359439262,0.42689979050349847,2.5555062599997598,0.058571796071826915,0.006478276947628786,-0.0009349325881895243,0.25843797775033317
4,2.0,1.0,1.0,1,8,0.0005,48,0.06488274082755585,0.003822651592242543,0.3641575836523822,2.23606797749979,0.058571796071826915,0.0048932365924686805,-0.0010705850002261375,0.2222037204975713
4,2.0,1.0,1.0,1,9,0.0005,54,0.056255355252960215,0.0026266432952607444,0.31789891412496085,1.987615979999813,0.058571796071826915,0.003832787392149567,-0.0012061440968888226,0.19573057391283688
4,2.0,1.0,1.0,1,10,0.0005,60,0.051212373584347715,0.0017448926373750395,0.28234079069317636,1.7888543819998322,0.058571796071826915,0.003086302512160216,-0.0013414098747851766,0.17567757282237395
4,2.0,1.0,1.0,1,11,0.0005,66,0.048349864046803304,0.0010636948573084781,0.25412081137281867,1.6262312563634835,0.058571796071826915,0.002540024974946875,-0.001476330117638397,0.16006728630957998
4,2.0,1.0,1.0,1,12,0.0005,72,0.046887580790225925,0.0005168848151437255,0.23115485960677426,1.4907119849998598,0.058571796071826915,0.0021277848817456146,-0.0016109000666018891,0.14766041917430833
4,2.0,1.0,1.0,1,13,0.0005,78,0.04636445043209403,6.36896509902396e-05,0.21208308634768186,1.376041832307563,0.058571796071826915,0.0018088193246167672,-0.0017451296736265276,0.13764296169373302
4,2.0,1.0,1.0,1,14,0.0005,84,0.04649398995803222,0.00032219115327580816,0.19598026939368543,1.2777531299998799,0.058571796071826915,0.0015568412274291343,-0.0018790323807049425,0.1294590593627471
4,2.0,1.0,1.0,1,15,0.0005,90,0.0470906260043078,0.000658369014319593,0.18219469091585264,1.1925695879998879,0.058571796071826915,0.0013542522822610203,-0.0020126212965806134,0.12271657112113533
4,2.0,1.0,1.0,1,16,0.0005,96,0.04802986240182627,0.0009570108793082177,0.1702537319261622,1.118033988749895,0.058571796071826915,0.0011888971535116977,-0.0021459080328199154,0.1171310827216536
4,2.0,1.0,1.0,1,17,0.0005,102,0.049225645806350804,0.0012267481518142553,0.15980607544525233,1.0522672835293128,0.058571796071826915,0.0010521543521224974,-0.0022789025039367528,0.1124913244074531
4,2.0,1.0,1.0,1,18,0.0005,108,0.05061694486748247,0.0014738454455393846,0.15058496944446342,0.9938079899999065,0.058571796071826915,0.0009377676135875479,-0.0024116130591269325,0.1086370379833268
4,2.0,1.0,1.0,1,19,0.0005,114,0.05215949502533346,0.001702940891706306,0.1423841075662148,0.9415023063157008,0.058571796071826915,0.0008411058142681338,-0.00254404670597444,0.10544436784798161
4,2.0,1.0,1.0,1,20,0.0005,120,0.053820555885382815,0.0019175290271854772,0.13504134133598228,0.8944271909999161,0.058571796071826915,0.0007586803103274142,-0.0026762093375128915,0.10281595517606712
4,2.0,1.0,1.0,1,21,0.0005,126,0.05557548711944471,0.0021202839527149075,0.12842740569247185,0.8518354199999197,0.058571796071826915,0.0006878219803418406,-0.002808105933056748,0.10067406135391324
4,2.0,1.0,1.0,1,22,0.0005,132,0.05740545595177071,0.002313280542863838,0.1224379424112211,0.8131156281817418,0.058571796071826915,0.0006264601833797789,-0.002939740726243617,0.0989556956266773
4,2.0,1.0,1.0,1,23,0.0005,138,0.05929586800759323,0.002498148946182527,0.11698774605574043,0.7777627747825355,0.058571796071826915,0.0005729683959276033,-0.00307111734211013,0.09760910134036285
4,2.0,1.0,1.0,1,24,0.0005,144,0.0612352718292698,0.0026761844549182123,0.11200654042244727,0.7453559924999299,0.058571796071826915,0.0005260544527891375,-0.00320223890770735,0.09659118362226808
4,2.0,1.0,1.0,1,25,0.0005,150,0.06321458033243665,0.0028484269161553055,0.10743582954742895,0.7155417527999327,0.058571796071826915,0.00048468122480907483,-0.0033331081409643804,0.09586560251674303
4,2.0,1.0,1.0,1,26,0.0005,156,0.06522650851149281,0.0030157189797124506,0.10322651647112313,0.6880209161537815,0.058571796071826915,0.00044800844239320514,-0.0034637274221056558,0.09540134487110069
4,2.0,1.0,1.0,1,27,0.0005,162,0.06726516132843108,0.003178749399981917,0.09933707931736066,0.6625386599999377,0.058571796071826915,0.00041534945120660915,-0.0035940988511885263,0.09517164592865739
4,2.0,1.0,1.0,1,28,0.0005,168,0.06932572759906896,0.0033380856244565327,0.09573215780533116,0.6388765649999399,0.058571796071826915,0.0003861386701287661,-0.003724224294585299,0.09515316957775286
4,2.0,1.0,1.0,1,29,0.0005,174,0.07140424980343174,0.0034941985978718393,0.09238144603631808,0.6168463386206317,0.058571796071826915,0.0003599068248948123,-0.0038541054227666516,0.09532538174022095
4,2.0,1.0,1.0,1,30,0.0005,180,0.07349744902163424,0.0036474818388837205,0.08925881661140246,0.5962847939999439,0.058571796071826915,0.0003362619022144464,-0.003983743741098167,0.09567006890647639
4,2.0,1.0,1.0,1,31,0.0005,186,0.07560259039738404,0.0037982662537477396,0.08634162143110463,0.577049800645107,0.058571796071826915,0.0003148743613546612,-0.004113140615102401,0.09617096612308304
4,2.0,1.0,1.0,1,32,0.0005,192,0.07771737874293905,0.003946831742958984,0.08361012883262549,0.5590169943749475,0.058571796071826915,0.00029546554832607375,-0.004242297291285058,0.09681346757723532
4,2.0,1.0,1.0,1,33,0.0005,198,0.0798398768025309,0.004093416371064418,0.08104706693931747,0.5420770854544946,0.058571796071826915,0.00027779854331083653,-0.004371214914375254,0.09758439942575306
4,2.0,1.0,1.0,1,34,0.0005,204,0.08196844071940079,0.004238223667793806,0.0786372504885102,0.5261336417646564,0.058571796071826915,0.0002616708738700235,-0.004499894541663829,0.09847183940418079
4,2.0,1.0,1.0,1,35,0.0005,210,0.08410166868651747,0.00438142848363518,0.0763672738121792,0.5111012519999518,0.058571796071826915,0.00024690867138663086,-0.004628337155021811,0.09946497148693001
4,2.0,1.0,1.0,1,36,0.0005,216,0.08623835978843952,0.004523181718203484,0.07422525664521094,0.49690399499995325,0.058571796071826915,0.00023336195277232075,-0.004756543670975805,0.10055396675434797
4,2.0,1.0,1.0,1,37,0.0005,222,0.08837748078529906,0.004663614162857349,0.07220063242447142,0.48347415729725196,0.058571796071826915,0.00022090078635458865,-0.004884514949211938,0.1017298838582166
4,2.0,1.0,1.0,1,38,0.0005,228,0.09051813913343543,0.004802839642375489,0.07028397099556236,0.4707511531578504,0.058571796071826915,0.00020941215741401842,-0.005012251799789508,0.10298458420476725
4,2.0,1.0,1.0,1,39,0.0005,234,0.09265956093873995,0.004940957598187051,0.06846682935873634,0.4586806107691876,0.058571796071826915,0.00019879739109227024,-0.0051397549892793215,0.10431065829747897
4,2.0,1.0,1.0,1,40,0.0005,240,0.09480107283785211,0.005078055223822903,0.06674162540076085,0.44721359549995804,0.058571796071826915,0.00018897002217990733,-0.00526702524600281,0.1057013606820627
4,2.0,1.0,1.0,1,41,0.0005,246,0.09694208702679252,0.005214209239236961,0.06510153057629844,0.4363059468292273,0.058571796071826915,0.00017985402528983285,-0.005394063264526794,0.10715055167890283
4,2.0,1.0,1.0,1,42,0.0005,252,0.09908208882726732,0.005349487372126843,0.0635403782942772,0.42591770999995987,0.058571796071826915,0.00017138233740615627,-0.0055208697095329995,0.10865264462927753
4,2.0,1.0,1.0,1,43,0.0005,258,0.10122062631041451,0.005483949600350396,0.06205258538575673,0.41601264697670504,0.058571796071826915,0.00016349561880887875,-0.005647445219159275,0.1102025577664658
4,2.0,1.0,1.0,1,44,0.0005,264,0.10335730159773249,0.005617649198466218,0.06063308451990622,0.4065578140908709,0.058571796071826915,0.0001561412094449044,-0.005773790407911122,0.11179567008968776
4,2.0,1.0,1.0,1,45,0.0005,270,0.10549176353633927,0.005750633622928353,0.05927726582408627,0.39752319599996266,0.058571796071826915,0.00014927224621447133,-0.005899905869142824,0.11342778079883664
4,2.0,1.0,1.0,1,46,0.0005,276,0.10762370150582357,0.005882945263789824,0.057980926275040284,0.38888138739126776,0.058571796071826915,0.00014284691350296974,-0.006025792177292794,0.1150950719652026
4,2.0,1.0,1.0,1,47,0.0005,282,0.10975284016111397,0.006014622085414173,0.0567402256781064,0.3806073153191131,0.058571796071826915,0.00013682780436841124,-0.006151449889782584,0.11679407418739052
4,2.0,1.0,1.0,1,48,0.0005,288,0.11187893495318368,0.006145698174557318,0.05555164825318587,0.37267799624996495,0.058571796071826915,0.00013118137415643605,-0.006276879548713754,0.11852163502634644
4,2.0,1.0,1.0,1,49,0.0005,294,0.11400176829862685,0.0062762042108312766,0.05441196901007722,0.36507232285710844,0.058571796071826915,0.00012587747150202833,-0.006402081682333305,0.12027489003925897
4,2.0,1.0,1.0,1,50,0.0005,300,0.11612114629298065,0.006406167871833873,0.053318224229382837,0.35777087639996635,0.058571796071826915,0.0001208889345120645,-0.006527056806345938,0.12205123624666066
4,2.0,1.0,1.0,1,51,0.0005,306,0.11823689588125064,0.006535614183169058,0.05226768547477086,0.3507557611764376,0.058571796071826915,0.00011619124191372676,-0.006651805425082785,0.12384830787508935
4,2.0,1.0,1.0,1,52,0.0005,312,0.12034886241440867,0.0066645658217097115,0.05125783665248399,0.34401045807689073,0.058571796071826915,0.00011176221080733129,-0.006776328032517043,0.12566395422257345
4,2.0,1.0,1.0,1,53,0.0005,318,0.12245690753278793,0.0067930433791410505,0.05028635370852111,0.33751969471694937,0.058571796071826915,0.00010758173402575233,-0.006900625113166803,0.12749621949806514
4,2.0,1.0,1.0,1,54,0.0005,324,0.12456090732736724,0.006921065591614178,0.049351086615707536,0.33126932999996883,0.058571796071826915,0.00010363155129419765,-0.007024697142908376,0.12934332448974867
4,2.0,1.0,1.0,1,55,0.0005,330,0.1266607507380726,0.007048649540416674,0.048450043354413594,0.3252462512726967,0.058571796071826915,9.989504928442638e-05,-0.0071485445897011,0.1312036499216841
4,2.0,1.0,1.0,1,56,0.0005,336,0.12875633815470366,0.007175810827727919,0.047581375633786824,0.31943828249996997,0.058571796071826915,9.635708651614672e-05,-0.007272167914244065,0.13307572136346227
4,2.0,1.0,1.0,1,57,0.0005,342,0.13084758019179854,0.007302563730992112,0.04674336613637824,0.31383410210523366,0.058571796071826915,9.300383953561586e-05,-0.007395567570527728,0.13495819556372127
4,2.0,1.0,1.0,1,58,0.0005,348,0.13293439661313688,0.007428921338776762,0.04593441709963977,0.3084231693103158,0.058571796071826915,8.982266759774427e-05,-0.007518744006374506,0.1368498480851334
4,2.0,1.0,1.0,1,59,0.0005,354,0.13501671538532967,0.007554895670644851,0.04515304007337386,0.3031956579660732,0.058571796071826915,8.680199325816762e-05,-0.007641697663903019,0.1387495621257154
4,2.0,1.0,1.0,1,60,0.0005,360,0.1370944718431456,0.007680497783146389,0.04439784671401177,0.29814239699997197,0.058571796071826915,8.393119681718297e-05,-0.007764428979963572,0.1406563184189482
4,2.0,1.0,1.0,1,61,0.0005,366,0.13916760795171224,0.007805737863747969,0.043667540495127985,0.29325481672128395,0.058571796071826915,8.120052272370115e-05,-0.00788693838647167,0.14256918611280311
4,2.0,1.0,1.0,1,62,0.0005,372,0.14123607165299612,0.00793062531420935,0.04296090922945001,0.2885249003225535,0.058571796071826915,7.860099659906528e-05,-0.008009226310808415,0.144487314535439
4,2.0,1.0,1.0,1,63,0.0005,378,0.14329981628558608,0.008055168824795234,0.042276818310958544,0.2839451399999733,0.058571796071826915,7.612435130857631e-05,-0.00813129317610381,0.14640992576270387
4,2.0,1.0,1.0,1,64,0.0005,384,0.14535880006885737,0.008179376440401231,0.04161420459743964,0.2795084971874737,0.058571796071826915,7.376296110636615e-05,-0.008253139401507598,0.14833630790995148
4,2.0,1.0,1.0,1,65,0.0005,390,0.14741298564315175,0.008303255619632521,0.040972070863632123,0.2752083664615126,0.058571796071826915,7.150978283851361e-05,-0.008374765402471035,0.15026580907717615
4,2.0,1.0,1.0,1,66,0.0005,396,0.14946233965931055,0.00842681328763431,0.04034948076377908,0.2710385427272473,0.058571796071826915,6.935830334764415e-05,-0.008496171590981955,0.1521978318831641
4,2.0,1.0,1.0,1,67,0.0005,402,0.15150683241152163,0.008550055883482982,0.03974555424975666,0.2669931913432585,0.058571796071826915,6.730249225586626e-05,-0.008617358375738848,0.1541318285302134
4,2.0,1.0,1.0,1,68,0.0005,408,0.15354643750842878,0.008672989402674997,0.0391594633973684,0.2630668208823282,0.058571796071826915,6.533675973252606e-05,-0.008738326162407523,0.1560672963465604
4,2.0,1.0,1.0,1,69,0.0005,414,0.15558113157797426,0.008795619435393642,0.038590428598964395,0.2592542582608452,0.058571796071826915,6.345591833670228e-05,-0.008859075353730345,0.15800377375880809
4,2.0,1.0,1.0,1,70,0.0005,420,0.15761089400199912,0.00891795120093461,0.038037715085354355,0.2555506259999759,0.058571796071826915,6.165514881512069e-05,-0.00897960634974973,0.15994083665119932
4,2.0,1.0,1.0,1,71,0.0005,426,0.1596357066773746,0.009039989578778745,0.037500629744253854,0.251951321408427,0.058571796071826915,5.9929969132066496e-05,-0.009099919547910812,0.1618780950730627
4,2.0,1.0,1.0,1,72,0.0005,432,0.1616555538004396,0.009161739136657104,0.03697851820612615,0.24845199749997662,0.058571796071826915,5.827620657158916e-05,-0.009220015343228694,0.16381519025944585
4,2.0,1.0,1.0,1,73,0.0005,438,0.163670421672645,0.009283204155941222,0.03647076217153699,0.245048545479429,0.058571796071826915,5.66899724668557e-05,-0.009339894128408077,0.1657517919337393
4,2.0,1.0,1.0,1,74,0.0005,444,0.16568029852446775,0.009404388654673163,0.03597677695698653,0.24173707864862598,0.058571796071826915,5.5167639268438595e-05,-0.009459556293941601,0.16768759586390553
4,2.0,1.0,1.0,1,75,0.0005,450,0.16768517435603347,0.009525296408412876,0.03549600923862812,0.23851391759997762,0.058571796071826915,5.370581982955258e-05,-0.009579002228242428,0.16962232164717658
4,2.0,1.0,1.0,1,76,0.0005,456,0.16968504079266178,0.009645930969210237,0.03502793497546849,0.2353755765789252,0.058571796071826915,5.230134850567336e-05,-0.00969823231771591,0.1715557107005052
4,2.0,1.0,1.0,1,77,0.0005,462,0.17167989095358438,0.009766295682871712,0.034572057495630436,0.2323187509090691,0.058571796071826915,5.0951264009280184e-05,-0.009817246946880992,0.17348752443634258
4,2.0,1.0,1.0,1,78,0.0005,468,0.17366971933260622,0.009886393704651275,0.03412790573091393,0.2293403053845938,0.058571796071826915,4.965279375587772e-05,-0.009936046498407153,0.1754175426055145
4,2.0,1.0,1.0,1,79,0.0005,474,0.17565452168943851,0.01000622801359824,0.03369503258636142,0.2264372635442825,0.058571796071826915,4.840333966610322e-05,-0.010054631353264343,0.17734556179078206
4,2.0,1.0,1.0,1,80,0.0005,480,0.17763429495066074,0.010125801425632935,0.033273013432988365,0.22360679774997902,0.058571796071826915,4.720046508172038e-05,-0.010173001890714656,0.17927139403637532
4,2.0,1.0,1.0,1,1,0.001,6,0.7725359714598997,0.7109087833373331,1.9378367009008897,17.88854381999832,0.058571796071826915,-0.7122154169354392,0.0013066335981061217,0.8785476265536496
4,2.0,1.0,1.0,1,2,0.001,12,0.9126415173248805,0.4566197458905832,1.9794547822139053,8.94427190999916,0.058571796071826915,0.4586856742957439,-0.002065928405160733,0.9548126545635491
4,2.0,1.0,1.0,1,3,0.001,18,0.5752473123871856,0.046470663309380336,1.367663700412042,5.962847939999439,0.058571796071826915,0.047522766643628284,-0.0010521033342479474,0.7554448521099786
4,2.0,1.0,1.0,1,4,0.001,24,0.28545224117462875,0.02173155812909873,0.8976523830325339,4.47213595499958,0.058571796071826915,0.022827960904140285,-0.001096402775041555,0.5246669535123022
4,2.0,1.0,1.0,1,5,0.001,30,0.1703716145509664,0.012191848904117342,0.6564718918544042,3.5777087639996643,0.058571796071826915,0.013522856275934941,-0.0013310073718175996,0.39346614425655224
4,2.0,1.0,1.0,1,6,0.001,36,0.11996135362138916,0.007426077570169776,0.516909481864952,2.9814239699997196,0.058571796071826915,0.009018551022962007,-0.0015924734527922313,0.31510601489961143
4,2.0,1.0,1.0,1,7,0.001,42,0.09552886450473341,0.004618715326634715,0.42689979050349847,2.5555062599997598,0.058571796071826915,0.006478276947628786,-0.0018595616209940713,0.2644637320287609
4,2.0,1.0,1.0,1,8,0.001,48,0.08311276035132253,0.0027658890189844187,0.3641575836523822,2.23606797749979,0.058571796071826915,0.0048932365924686805,-0.0021273475734842617,0.2296668770887867
4,2.0,1.0,1.0,1,9,0.001,54,0.0769286217066617,0.0014383156723027923,0.31789891412496085,1.987615979999813,0.058571796071826915,0.003832787392149567,-0.0023944717198467746,0.2046811938538337
4,2.0,1.0,1.0,1,10,0.001,60,0.07427275519216014,0.0004257630202339213,0.28234079069317636,1.7888543819998322,0.058571796071826915,0.003086302512160216,-0.002660539491926295,0.1861790823715762
4,2.0,1.0,1.0,1,11,0.001,66,0.07375399034227104,0.00038542521018172793,0.25412081137281867,1.6262312563634835,0.058571796071826915,0.002540024974946875,-0.002925450185128603,0.17219337417790204
4,2.0,1.0,1.0,1,12,0.001,72,0.07459977017923003,0.0010614124153781324,0.23115485960677426,1.4907119849998598,0.058571796071826915,0.0021277848817456146,-0.003189197297123747,0.1614925404101088
4,2.0,1.0,1.0,1,13,0.001,78,0.07635392250021211,0.001642984095925365,0.21208308634768186,1.376041832307563,0.058571796071826915,0.0018088193246167672,-0.003451803420542132,0.15326806908419577
4,2.0,1.0,1.0,1,14,0.001,84,0.07873324136530013,0.00215645673771675,0.19598026939368543,1.2777531299998799,0.058571796071826915,0.0015568412274291343,-0.003713297965145884,0.14696737645194186
4,2.0,1.0,1.0,1,15,0.001,90,0.08155443664722861,0.002619457303777911,0.18219469091585264,1.1925695879998879,0.058571796071826915,0.0013542522822610203,-0.0039737095860389315,0.1421993401668973
4,2.0,1.0,1.0,1,16,0.001,96,0.08469466137505188,0.0030441667386852944,0.1702537319261622,1.118033988749895,0.058571796071826915,0.0011888971535116977,-0.004233063892196992,0.13867829786469874
4,2.0,1.0,1.0,1,17,0.001,102,0.08806909221125303,0.003439228713237763,0.15980607544525233,1.0522672835293128,0.058571796071826915,0.0010521543521224974,-0.0044913830653602604,0.13618951076314295
4,2.0,1.0,1.0,1,18,0.001,108,0.09161764198539801,0.003810918519913137,0.15058496944446342,0.9938079899999065,0.058571796071826915,0.0009377676135875479,-0.004748686133500685,0.13456716688760595
4,2.0,1.0,1.0,1,19,0.001,114,0.0952967901132089,0.004163883609562713,0.1423841075662148,0.9415023063157008,0.058571796071826915,0.0008411058142681338,-0.005004989423830847,0.13368000862802432
4,2.0,1.0,1.0,1,20,0.001,120,0.09907439658799566,0.004501626709832091,0.13504134133598228,0.8944271909999161,0.058571796071826915,0.0007586803103274142,-0.005260307020159505,0.13342175590947541
4,2.0,1.0,1.0,1,21,0.001,126,0.10292631630448223,0.004826829186149129,0.12842740569247185,0.8518354199999197,0.058571796071826915,0.0006878219803418406,-0.005514651166490969,0.13370462820937098
4,2.0,1.0,1.0,1,22,0.001,132,0.106834133228908,0.005141572420920337,0.1224379424112211,0.8131156281817418,0.058571796071826915,0.0006264601833797789,-0.005768032604300116,0.1344549077058381
4,2.0,1.0,1.0,1,23,0.001,138,0.11078361016441118,0.0054474924515375,0.11698774605574043,0.7777627747825355,0.058571796071826915,0.0005729683959276033,-0.006020460847465103,0.1356098618514593
4,2.0,1.0,1.0,1,24,0.001,144,0.11476360692761078,0.005745889951188854,0.11200654042244727,0.7453559924999299,0.058571796071826915,0.0005260544527891375,-0.0062719444039779915,0.13711557489490944
4,2.0,1.0,1.0,1,25,0.001,150,0.11876531183502081,0.006037809729205673,0.10743582954742895,0.7155417527999327,0.058571796071826915,0.00048468122480907483,-0.006522490954014748,0.13892538648355698
4,2.0,1.0,1.0,1,26,0.001,156,0.12278168688525881,0.006324099050623477,0.10322651647112313,0.6880209161537815,0.058571796071826915,0.00044800844239320514,-0.0067721074930166825,0.1409987346264409
4,2.0,1.0,1.0,1,27,0.001,162,0.12680706129816555,0.006605450995704476,0.09933707931736066,0.6625386599999377,0.058571796071826915,0.00041534945120660915,-0.007020800446911085,0.1433002680227503
4,2.0,1.0,1.0,1,28,0.001,168,0.13083682972500288,0.006882437095110522,0.09573215780533116,0.6388765649999399,0.058571796071826915,0.0003861386701287661,-0.007268575765239288,0.14579913932376906
4,2.0,1.0,1.0,1,29,0.001,174,0.1348672254060621,0.007155532171892104,0.09238144603631808,0.6168463386206317,0.058571796071826915,0.0003599068248948123,-0.007515438996786916,0.14846842259927154
4,2.0,1.0,1.0,1,30,0.001,180,0.13889514772527545,0.007425133449062732,0.08925881661140246,0.5962847939999439,0.058571796071826915,0.0003362619022144464,-0.007761395351277178,0.15128461938032697
4,2.0,1.0,1.0,1,31,0.001,186,0.142918029742644,0.007691575388602573,0.08634162143110463,0.577049800645107,0.058571796071826915,0.0003148743613546612,-0.008006449749957234,0.15422723124991805
4,2.0,1.0,1.0,1,32,0.001,192,0.14693373544862243,0.00795514131897379,0.08361012883262549,0.5590169943749475,0.058571796071826915,0.00029546554832607375,-0.008250606867299864,0.15727838538120362
4,2.0,1.0,1.0,1,33,0.001,198,0.15094047935366994,0.00821607262222826,0.08104706693931747,0.5420770854544946,0.058571796071826915,0.00027779854331083653,-0.008493871165539096,0.16042250442013553
4,2.0,1.0,1.0,1,34,0.001,204,0.15493676302987736,0.008474576049534027,0.0786372504885102,0.5261336417646564,0.058571796071826915,0.0002616708738700235,-0.00873624692340405,0.16364601493175535
4,2.0,1.0,1.0,1,35,0.001,210,0.15892132463885822,0.00873082958879473,0.0763672738121792,0.5111012519999518,0.058571796071826915,0.00024690867138663086,-0.008977738260181362,0.16693709014766217
4,2.0,1.0,1.0,1,36,0.001,216,0.16289309849462685,0.008984987203134731,0.07422525664521094,0.49690399499995325,0.058571796071826915,0.00023336195277232075,-0.009218349155907052,0.1702854235374488
4,2.0,1.0,1.0,1,37,0.001,222,0.16685118244403152,0.00923718268206783,0.07220063242447142,0.48347415729725196,0.058571796071826915,0.00022090078635458865,-0.009458083468422418,0.17368203013400027
4,2.0,1.0,1.0,1,38,0.001,228,0.17079481138383845,0.009487532790417613,0.07028397099556236,0.4707511531578504,0.058571796071826915,0.00020941215741401842,-0.009696944947831632,0.1771190727777593
4,2.0,1.0,1.0,1,39,0.001,234,0.17472333562969067,0.009736139857718151,0.06846682935873634,0.4586806107691876,0.058571796071826915,0.00019879739109227024,-0.009934937248810422,0.18058971061886295
4,2.0,1.0,1.0,1,40,0.001,240,0.1786362031471188,0.00998309391894428,0.06674162540076085,0.44721359549995804,0.058571796071826915,0.00018897002217990733,-0.010172063941124188,0.18408796738057778
4,2.0,1.0,1.0,1,41,0.001,246,0.18253294487616412,0.01022847449335626,0.06510153057629844,0.4363059468292273,0.058571796071826915,0.00017985402528983285,-0.010408328518646093,0.18760861706214194
4,2.0,1.0,1.0,1,42,0.001,252,0.18641316254936702,0.010472352069732516,0.0635403782942772,0.42591770999995987,0.058571796071826915,0.00017138233740615627,-0.010643734407138672,0.1911470849470066
4,2.0,1.0,1.0,1,43,0.001,258,0.19027651853049843,0.01071478935214984,0.06205258538575673,0.41601264697670504,0.058571796071826915,0.00016349561880887875,-0.010878284970958718,0.19469936197830398
4,2.0,1.0,1.0,1,44,0.001,264,0.19412272730000102,0.010955842309455566,0.06063308451990622,0.4065578140908709,0.058571796071826915,0.0001561412094449044,-0.01111198351890047,0.19826193076096876
4,2.0,1.0,1.0,1,45,0.001,270,0.19795154828927786,0.011195561063020582,0.05927726582408627,0.39752319599996266,0.058571796071826915,0.00014927224621447133,-0.011344833309235053,0.20183170164257452
4,2.0,1.0,1.0,1,46,0.001,276,0.2017627798251569,0.011433990640660474,0.057980926275040284,0.38888138739126776,0.058571796071826915,0.00014284691350296974,-0.011576837554163444,0.20540595750765234
4,2.0,1.0,1.0,1,47,0.001,282,0.20555625399234734,0.011671171619296483,0.0567402256781064,0.3806073153191131,0.058571796071826915,0.00013682780436841124,-0.011807999423664894,0.20898230608976692
4,2.0,1.0,1.0,1,48,0.001,288,0.2093318322584491,0.01190714067476581,0.05555164825318587,0.37267799624996495,0.058571796071826915,0.00013118137415643605,-0.012038322048922245,0.2125586387601001
4,2.0,1.0,1.0,1,49,0.001,294,0.2130894017348588,0.012141931053785138,0.05441196901007722,0.36507232285710844,0.058571796071826915,0.00012587747150202833,-0.012267808525287166,0.21613309488980956
4,2.0,1.0,1.0,1,50,0.001,300,0.21682887197035328,0.012375572980426713,0.053318224229382837,0.35777087639996635,0.058571796071826915,0.0001208889345120645,-0.012496461914938778,0.21970403100657734
4,2.0,1.0,1.0,1,51,0.001,306,0.22055017219235817,0.012608094007318327,0.05226768547477086,0.3507557611764376,0.058571796071826915,0.00011619124191372676,-0.012724285249232054,0.22326999407379589
4,2.0,1.0,1.0,1,52,0.001,312,0.22425324892606924,0.012839519319964299,0.05125783665248399,0.34401045807689073,0.058571796071826915,0.00011176221080733129,-0.01295128153077163,0.22682969831528882
4,2.0,1.0,1.0,1,53,0.001,318,0.22793806393344795,0.013069872001224475,0.05028635370852111,0.33751969471694937,0.058571796071826915,0.00010758173402575233,-0.013177453735250227,0.23038200509027965
4,2.0,1.0,1.0,1,54,0.001,324,0.23160459242400777,0.013299173261817177,0.049351086615707536,0.33126932999996883,0.058571796071826915,0.00010363155129419765,-0.013402804813111374,0.23392590539403224
4,2.0,1.0,1.0,1,55,0.001,330,0.23525282149736648,0.01352744264172459,0.048450043354413594,0.3252462512726967,0.058571796071826915,9.989504928442638e-05,-0.013627337691009017,0.23746050462042717
4,2.0,1.0,1.0,1,56,0.001,336,0.23888274878381255,0.013754698186646291,0.047581375633786824,0.31943828249996997,0.058571796071826915,9.635708651614672e-05,-0.013851055273162438,0.2409850092748605
4,2.0,1.0,1.0,1,57,0.001,342,0.24249438125484513,0.013980956602960698,0.04674336613637824,0.31383410210523366,0.058571796071826915,9.300383953561586e-05,-0.014073960442496314,0.2444987153705827
4,2.0,1.0,1.0,1,58,0.001,348,0.24608773417982,0.014206233394144369,0.04593441709963977,0.3084231693103158,0.058571796071826915,8.982266759774427e-05,-0.014296056061742113,0.24800099827978633
4,2.0,1.0,1.0,1,59,0.001,354,0.24966283020862212,0.014430542981140576,0.04515304007337386,0.3031956579660732,0.058571796071826915,8.680199325816762e-05,-0.014517344974398744,0.2514913038433495
4,2.0,1.0,1.0,1,60,0.001,360,0.2532196985634009,0.01465389880879367,0.04439784671401177,0.29814239699997197,0.058571796071826915,8.393119681718297e-05,-0.014737830005610852,0.25496914057105413
4,2.0,1.0,1.0,1,61,0.001,366,0.2567583743247357,0.01487631344019777,0.043667540495127985,0.29325481672128395,0.058571796071826915,8.120052272370115e-05,-0.01495751396292147,0.258434072787796
4,2.0,1.0,1.0,1,62,0.001,372,0.2602788978000503,0.015097798640444748,0.04296090922945001,0.2885249003225535,0.058571796071826915,7.860099659906528e-05,-0.015176399637043814,0.2618857146016875
4,2.0,1.0,1.0,1,63,0.001,378,0.2637813139634233,0.015318365451162413,0.042276818310958544,0.2839451399999733,0.058571796071826915,7.612435130857631e-05,-0.01539448980247099,0.26532372458713704
4,2.0,1.0,1.0,1,64,0.001,384,0.26726567195813167,0.015538024256975036,0.04161420459743964,0.2795084971874737,0.058571796071826915,7.376296110636615e-05,-0.015611787218081402,0.26874780109101365
4,2.0,1.0,1.0,1,65,0.001,390,0.2707320246537521,0.015756784844851296,0.040972070863632123,0.2752083664615126,0.058571796071826915,7.150978283851361e-05,-0.01582829462768981,0.2721576780823928
4,2.0,1.0,1.0,1,66,0.001,396,0.27418042825128563,0.015974656457200614,0.04034948076377908,0.2710385427272473,0.058571796071826915,6.935830334764415e-05,-0.01604401476054826,0.27555312147740085
4,2.0,1.0,1.0,1,67,0.001,402,0.2776109419304573,0.016191647839504747,0.03974555424975666,0.2669931913432585,0.058571796071826915,6.730249225586626e-05,-0.016258950331760613,0.2789339258798448
4,2.0,1.0,1.0,1,68,0.001,408,0.2810236275341774,0.016407767283035307,0.0391594633973684,0.2630668208823282,0.058571796071826915,6.533675973252606e-05,-0.016473104042767833,0.2822999116863051
4,2.0,1.0,1.0,1,69,0.001,414,0.284418549285846,0.016623022663320372,0.038590428598964395,0.2592542582608452,0.058571796071826915,6.345591833670228e-05,-0.016686478581657074,0.28565092251117824
4,2.0,1.0,1.0,1,70,0.001,420,0.28779577353554164,0.016837421474765885,0.038037715085354355,0.2555506259999759,0.058571796071826915,6.165514881512069e-05,-0.016899076623581005,0.28898682289294436
4,2.0,1.0,1.0,1,71,0.001,426,0.2911553685319819,0.017050970861897385,0.037500629744253854,0.251951321408427,0.058571796071826915,5.9929969132066496e-05,-0.017110900831029452,0.29230749624810803
4,2.0,1.0,1.0,1,72,0.001,432,0.29449740421713577,0.017263677647598563,0.03697851820612615,0.24845199749997662,0.058571796071826915,5.827620657158916e-05,-0.017321953854170152,0.2956128430434534
4,2.0,1.0,1.0,1,73,0.001,438,0.29782195204135586,0.017475548358658277,0.03647076217153699,0.245048545479429,0.058571796071826915,5.66899724668557e-05,-0.017532238331125133,0.29890277916117747
4,2.0,1.0,1.0,1,74,0.001,444,0.30112908479628653,0.017686589248919277,0.03597677695698653,0.24173707864862598,0.058571796071826915,5.5167639268438595e-05,-0.017741756888187715,0.3021772344344483
4,2.0,1.0,1.0,1,75,0.001,450,0.30441887646395227,0.017896806320297803,0.03549600923862812,0.23851391759997762,0.058571796071826915,5.370581982955258e-05,-0.017950512140127356,0.30543615133396707
4,2.0,1.0,1.0,1,76,0.001,456,0.3076914020802719,0.018106205341850895,0.03502793497546849,0.2353755765789252,0.058571796071826915,5.230134850567336e-05,-0.01815850669035657,0.3086794837884452
4,2.0,1.0,1.0,1,77,0.001,462,0.3109467376113775,0.018314791867172636,0.034572057495630436,0.2323187509090691,0.058571796071826915,5.0951264009280184e-05,-0.018365743131181916,0.3119071961239409
4,2.0,1.0,1.0,1,78,0.001,468,0.3141849598414508,0.01852257125019942,0.03412790573091393,0.2293403053845938,0.058571796071826915,4.965279375587772e-05,-0.018572224043955296,0.3151192621089325
4,2.0,1.0,1.0,1,79,0.001,474,0.3174061462709141,0.018729548659653997,0.03369503258636142,0.2264372635442825,0.058571796071826915,4.840333966610322e-05,-0.0187779519993201,0.3183156640935104
4,2.0,1.0,1.0,1,80,0.001,480,0.32061037502391043,0.018935729092225004,0.033273013432988365,0.22360679774997902,0.058571796071826915,4.720046508172038e-05,-0.018982929557306724,0.321496392232519
4,2.0,1.0,1.0,1,1,0.002,6,0.7734295215126619,0.7096034570264685,1.9378367009008897,17.88854381999832,0.058571796071826915,-0.7122154169354392,0.0026119599089706735,0.8786664408243248
4,2.0,1.0,1.0,1,2,0.002,12,0.9128413807814714,0.45456001216812925,1.9794547822139053,8.94427190999916,0.058571796071826915,0.4586856742957439,-0.004125662127614671,0.9544145989555288
4,2.0,1.0,1.0,1,3,0.002,18,0.5809378291784629,0.045427142928091246,1.367663700412042,5.962847939999439,0.058571796071826915,0.047522766643628284,-0.002095623715537037,0.7562857594865605
4,2.0,1.0,1.0,1,4,0.002,24,0.29909634113888495,0.02064638708333913,0.8976523830325339,4.47213595499958,0.058571796071826915,0.022827960904140285,-0.0021815738208011554,0.5283458683157093
4,2.0,1.0,1.0,1,5,0.002,30,0.19038611752977808,0.01087971283383829,0.6564718918544042,3.5777087639996643,0.058571796071826915,0.013522856275934941,-0.0026431434420966515,0.4000830735512169
4,2.0,1.0,1.0,1,6,0.002,36,0.14547871193721074,0.005862453220711994,0.516909481864952,2.9814239699997196,0.058571796071826915,0.009018551022962007,-0.003156097802250013,0.3246896701965601
4,2.0,1.0,1.0,1,7,0.002,42,0.12608740523725914,0.00279996516512912,0.42689979050349847,2.5555062599997598,0.058571796071826915,0.006478276947628786,-0.003678311782499666,0.27711800055331054
4,2.0,1.0,1.0,1,8,0.002,48,0.1184344550619727,0.0006931923249120509,0.3641575836523822,2.23606797749979,0.058571796071826915,0.0048932365924686805,-0.00420004426755663,0.24555235337737963
4,2.0,1.0,1.0,1,9,0.002,54,0.11682266786468043,0.0008858377374925397,0.31789891412496085,1.987615979999813,0.058571796071826915,0.003832787392149567,-0.004718625129642107,0.22399765453088688
4,2.0,1.0,1.0,1,10,0.002,60,0.11859399833789508,0.0021469933035481725,0.28234079069317636,1.7888543819998322,0.058571796071826915,0.003086302512160216,-0.005233295815708389,0.20914933150736434
4,2.0,1.0,1.0,1,11,0.002,66,0.1223832671257169,0.0032038536220255764,0.25412081137281867,1.6262312563634835,0.058571796071826915,0.002540024974946875,-0.0057438785969724515,0.19904851332057127
4,2.0,1.0,1.0,1,12,0.002,72,0.12743383233486938,0.00412259633193332,0.23115485960677426,1.4907119849998598,0.058571796071826915,0.0021277848817456146,-0.006250381213678935,0.1924579864923055
4,2.0,1.0,1.0,1,13,0.002,78,0.13329989768907735,0.004944048869563955,0.21208308634768186,1.376041832307563,0.058571796071826915,0.0018088193246167672,-0.006752868194180722,0.18855065383721464
4,2.0,1.0,1.0,1,14,0.002,84,0.13970540339181436,0.005694575722399675,0.19598026939368543,1.2777531299998799,0.058571796071826915,0.0015568412274291343,-0.0072514169498288095,0.18674438139969968
4,2.0,1.0,1.0,1,15,0.002,90,0.1464722260899678,0.006391850646742109,0.18219469091585264,1.1925695879998879,0.058571796071826915,0.0013542522822610203,-0.007746102929003129,0.186610381981951
4,2.0,1.0,1.0,1,16,0.002,96,0.15348141984572083,0.007048098025764338,0.1702537319261622,1.118033988749895,0.058571796071826915,0.0011888971535116977,-0.008236995179276035,0.1878206666565833
4,2.0,1.0,1.0,1,17,0.002,102,0.16065122267107712,0.007672001307876236,0.15980607544525233,1.0522672835293128,0.058571796071826915,0.0010521543521224974,-0.008724155659998734,0.19011705105532795
4,2.0,1.0,1.0,1,18,0.002,108,0.16792403351802443,0.008269872216159851,0.15058496944446342,0.9938079899999065,0.058571796071826915,0.0009377676135875479,-0.0092076398297474,0.19329228023461398
4,2.0,1.0,1.0,1,19,0.002,114,0.17525841249287133,0.008846391761116235,0.1423841075662148,0.9415023063157008,0.058571796071826915,0.0008411058142681338,-0.009687497575384368,0.19717800307386651
4,2.0,1.0,1.0,1,20,0.002,120,0.18262400714353055,0.009405093830117756,0.13504134133598228,0.8944271909999161,0.058571796071826915,0.0007586803103274142,-0.01016377414044517,0.2016366316030136
4,2.0,1.0,1.0,1,21,0.002,126,0.18999824301910606,0.009948688960557117,0.12842740569247185,0.8518354199999197,0.058571796071826915,0.0006878219803418406,-0.010636510940898958,0.20655544418281518
4,2.0,1.0,1.0,1,22,0.002,132,0.19736411081216465,0.010479286061919946,0.1224379424112211,0.8131156281817418,0.058571796071826915,0.0006264601833797789,-0.011105746245299725,0.21184204976037413
4,2.0,1.0,1.0,1,23,0.002,138,0.20470865370511615,0.010998547332614017,0.11698774605574043,0.7777627747825355,0.058571796071826915,0.0005729683959276033,-0.01157151572854162,0.21742074953430962
4,2.0,1.0,1.0,1,24,0.002,144,0.21202191271247517,0.01150779846530442,0.11200654042244727,0.7453559924999299,0.058571796071826915,0.0005260544527891375,-0.012033852918093557,0.22322955113565807
4,2.0,1.0,1.0,1,25,0.002,150,0.21929617814005153,0.012008108327542427,0.10743582954742895,0.7155417527999327,0.058571796071826915,0.00048468122480907483,-0.012492789552351502,0.2292176972663167
4,2.0,1.0,1.0,1,26,0.002,156,0.22652544968028132,0.012500347426168734,0.10322651647112313,0.6880209161537815,0.058571796071826915,0.00044800844239320514,-0.01294835586856194,0.23534361981729485
4,2.0,1.0,1.0,1,27,0.002,162,0.2337050412453816,0.012985231383568857,0.09933707931736066,0.6625386599999377,0.058571796071826915,0.00041534945120660915,-0.013400580834775466,0.2415732525658162
4,2.0,1.0,1.0,1,28,0.002,168,0.24083128784311114,0.0134633536673191,0.09573215780533116,0.6388765649999399,0.058571796071826915,0.0003861386701287661,-0.013849492337447866,0.24787864647129393
4,2.0,1.0,1.0,1,29,0.002,174,0.24790132546412158,0.013935210509011142,0.09238144603631808,0.6168463386206317,0.058571796071826915,0.0003599068248948123,-0.014295117333905955,0.254236838620508
4,2.0,1.0,1.0,1,30,0.002,180,0.2549129239221568,0.01440122007464828,0.08925881661140246,0.5962847939999439,0.058571796071826915,0.0003362619022144464,-0.014737481976862726,0.2606289318430647
4,2.0,1.0,1.0,1,31,0.002,186,0.2618643585818524,0.014861737355320398,0.08634162143110463,0.577049800645107,0.058571796071826915,0.0003148743613546612,-0.01517661171667506,0.26703934773944216
4,2.0,1.0,1.0,1,32,0.002,192,0.2687543109764603,0.015317065837433946,0.08361012883262549,0.5590169943749475,0.058571796071826915,0.00029546554832607375,-0.01561253138576002,0.27345522137348255
4,2.0,1.0,1.0,1,33,0.002,198,0.2755817911191787,0.015767466725352397,0.08104706693931747,0.5420770854544946,0.058571796071826915,0.00027779854331083653,-0.016045265268663234,0.2798659110143475
4,2.0,1.0,1.0,1,34,0.002,204,0.2823460762671952,0.016213166286642294,0.0786372504885102,0.5261336417646564,0.058571796071826915,0.0002616708738700235,-0.016474837160512318,0.286262600920355
4,2.0,1.0,1.0,1,35,0.002,210,0.28904666227985876,0.01665436174468299,0.0763672738121792,0.5111012519999518,0.058571796071826915,0.00024690867138663086,-0.01690127041606962,0.2926379791624997
4,2.0,1.0,1.0,1,36,0.002,216,0.295683224701337,0.017091226038294882,0.07422525664521094,0.49690399499995325,0.058571796071826915,0.00023336195277232075,-0.017324587991067203,0.2989859758810052
4,2.0,1.0,1.0,1,37,0.002,222,0.3022555874130136,0.017523911690873487,0.07220063242447142,0.48347415729725196,0.058571796071826915,0.00022090078635458865,-0.017744812477228075,0.3053015501919282
4,2.0,1.0,1.0,1,38,0.002,228,0.3087636972233767,0.01795255397468294,0.07028397099556236,0.4707511531578504,0.058571796071826915,0.00020941215741401842,-0.01816196613209696,0.3115805162757902
4,2.0,1.0,1.0,1,39,0.002,234,0.31520760314851626,0.018377273513452308,0.06846682935873634,0.4586806107691876,0.058571796071826915,0.00019879739109227024,-0.018576070904544578,0.3178194010583718
4,2.0,1.0,1.0,1,40,0.002,240,0.32158743942331247,0.018798178434521737,0.06674162540076085,0.44721359549995804,0.058571796071826915,0.00018897002217990733,-0.018987148456701644,0.3240153274063285
4,2.0,1.0,1.0,1,41,0.002,246,0.3279034114985353,0.019215366157578212,0.06510153057629844,0.4363059468292273,0.058571796071826915,0.00017985402528983285,-0.019395220182868045,0.33016591797208167
4,2.0,1.0,1.0,1,42,0.002,252,0.33415578444245064,0.019628924888543273,0.0635403782942772,0.42591770999995987,0.058571796071826915,0.00017138233740615627,-0.01980030722594943,0.3362692157903598
4,2.0,1.0,1.0,1,43,0.002,258,0.34034487328952756,0.020038934872921854,0.06205258538575673,0.41601264697670504,0.058571796071826915,0.00016349561880887875,-0.020202430491730733,0.34232361850013293
4,2.0,1.0,1.0,1,44,0.002,264,0.34647103497438536,0.020445469451961018,0.06063308451990622,0.4065578140908709,0.058571796071826915,0.0001561412094449044,-0.020601610661405922,0.34832782368025655
4,2.0,1.0,1.0,1,45,0.002,270,0.3525346615631155,0.020848595956317967,0.05927726582408627,0.39752319599996266,0.058571796071826915,0.00014927224621447133,-0.020997868202532438,0.3542807832767043
4,2.0,1.0,1.0,1,46,0.002,276,0.35853617455137465,0.021248376465235225,0.057980926275040284,0.38888138739126776,0.058571796071826915,0.00014284691350296974,-0.021391223378738194,0.3601816654895535
4,2.0,1.0,1.0,1,47,0.002,282,0.36447602004375423,0.02164486845392817,0.0567402256781064,0.3806073153191131,0.058571796071826915,0.00013682780436841124,-0.021781696258296582,0.3660298227995218
4,2.0,1.0,1.0,1,48,0.002,288,0.37035466466446954,0.022038125347604562,0.05555164825318587,0.37267799624996495,0.058571796071826915,0.00013118137415643605,-0.022169306721760998,0.37182476506308687
4,2.0,1.0,1.0,1,49,0.002,294,0.3761725920772714,0.022428196997252833,0.05441196901007722,0.36507232285710844,0.058571796071826915,0.00012587747150202833,-0.02255407446875486,0.37756613680487694
4,2.0,1.0,1.0,1,50,0.002,300,0.38193030001511363,0.022815130089576932,0.053318224229382837,0.35777087639996635,0.058571796071826915,0.0001208889345120645,-0.022936019024088997,0.38325369799653697
4,2.0,1.0,1.0,1,51,0.002,306,0.38762829773781726,0.023198968501343925,0.05226768547477086,0.3507557611764376,0.058571796071826915,0.00011619124191372676,-0.023315159743257652,0.38888730774036717
4,2.0,1.0,1.0,1,52,0.002,312,0.3932671038504758,0.02357975360658439,0.05125783665248399,0.34401045807689073,0.058571796071826915,0.00011176221080733129,-0.02369151581739172,0.3944669103803947
4,2.0,1.0,1.0,1,53,0.002,318,0.3988472444269173,0.02395752454372002,0.05028635370852111,0.33751969471694937,0.058571796071826915,0.00010758173402575233,-0.024065106277745774,0.3999925236479327
4,2.0,1.0,1.0,1,54,0.002,324,0.4043692513920315,0.0243323184485032,0.049351086615707536,0.33126932999996883,0.058571796071826915,0.00010363155129419765,-0.024435949999797396,0.4054642285172613
4,2.0,1.0,1.0,1,55,0.002,330,0.4098336611244814,0.024704170657685334,0.048450043354413594,0.3252462512726967,0.058571796071826915,9.989504928442638e-05,-0.02480406570696976,0.4108821605028341
4,2.0,1.0,1.0,1,56,0.002,336,0.4152410132475143,0.025073114887567416,0.047581375633786824,0.31943828249996997,0.058571796071826915,9.635708651614672e-05,-0.025169471974083563,0.4162465021750089
4,2.0,1.0,1.0,1,57,0.002,342,0.4205918495809098,0.02543918339092191,0.04674336613637824,0.31383410210523366,0.058571796071826915,9.300383953561586e-05,-0.025532187230457526,0.4215574767085633
4,2.0,1.0,1.0,1,58,0.002,348,0.4258867132312456,0.02580240709525039,0.04593441709963977,0.3084231693103158,0.058571796071826915,8.982266759774427e-05,-0.025892229762848135,0.4268153423089349
4,2.0,1.0,1.0,1,59,0.002,354,0.43112614780127767,0.026162815724874222,0.04515304007337386,0.3031956579660732,0.058571796071826915,8.680199325816762e-05,-0.02624961771813239,0.432020387386296
4,2.0,1.0,1.0,1,60,0.002,360,0.4363106967021543,0.026520437909002034,0.04439784671401177,0.29814239699997197,0.058571796071826915,8.393119681718297e-05,-0.026604369105819217,0.43717292636842836
4,2.0,1.0,1.0,1,61,0.002,366,0.4414409025545537,0.026875301277607025,0.043667540495127985,0.29325481672128395,0.058571796071826915,8.120052272370115e-05,-0.026956501800330726,0.44227329606059085
4,2.0,1.0,1.0,1,62,0.002,372,0.44651730666704514,0.02722743254664202,0.04296090922945001,0.2885249003225535,0.058571796071826915,7.860099659906528e-05,-0.027306033543241084,0.4473218524748991
4,2.0,1.0,1.0,1,63,0.002,378,0.4515404485813914,0.02757685759397785,0.042276818310958544,0.2839451399999733,0.058571796071826915,7.612435130857631e-05,-0.027652981945286426,0.45231896806362304
4,2.0,1.0,1.0,1,64,0.002,384,0.4565108656764647,0.027923601527171993,0.04161420459743964,0.2795084971874737,0.058571796071826915,7.376296110636615e-05,-0.02799736448827836,0.4572650293008015
4,2.0,1.0,1.0,1,65,0.002,390,0.46142909282301403,0.028267688744094147,0.040972070863632123,0.2752083664615126,0.058571796071826915,7.150978283851361e-05,-0.02833919852693266,0.4621604345648511
4,2.0,1.0,1.0,1,66,0.002,396,0.46629566208312045,0.028609142987252006,0.04034948076377908,0.2710385427272473,0.058571796071826915,6.935830334764415e-05,-0.02867850129059965,0.4670055922818561
4,2.0,1.0,1.0,1,67,0.002,402,0.4711111024486938,0.02894798739257895,0.03974555424975666,0.2669931913432585,0.058571796071826915,6.730249225586626e-05,-0.029015289884834816,0.47180091929506396
4,2.0,1.0,1.0,1,68,0.002,408,0.47587593961429797,0.0292842445332879,0.0391594633973684,0.2630668208823282,0.058571796071826915,6.533675973252606e-05,-0.029349581293020427,0.4765468394311288
4,2.0,1.0,1.0,1,69,0.002,414,0.4805906957802051,0.029617936459421415,0.038590428598964395,0.2592542582608452,0.058571796071826915,6.345591833670228e-05,-0.029681392377758117,0.481243782237736
4,2.0,1.0,1.0,1,70,0.002,420,0.48525588948192366,0.02994908473353744,0.038037715085354355,0.2555506259999759,0.058571796071826915,6.165514881512069e-05,-0.03001073988235256,0.48589218187086636
4,2.0,1.0,1.0,1,71,0.002,426,0.4898720354432242,0.03027771046296915,0.037500629744253854,0.251951321408427,0.058571796071826915,5.9929969132066496e-05,-0.030337640432101215,0.4904924761129172
4,2.0,1.0,1.0,1,72,0.002,432,0.4944396444497987,0.030603834329049506,0.03697851820612615,0.24845199749997662,0.058571796071826915,5.827620657158916e-05,-0.030662110535621095,0.49504510550547076
4,2.0,1.0,1.0,1,73,0.002,438,0.49895922324138986,0.03092747661363225,0.03647076217153699,0.245048545479429,0.058571796071826915,5.66899724668557e-05,-0.030984166586099107,0.499550512582695
4,2.0,1.0,1.0,1,74,0.002,444,0.5034312744199599,0.031248657223175713,0.03597677695698653,0.24173707864862598,0.058571796071826915,5.5167639268438595e-05,-0.03130382486244415,0.5040091411931986
4,2.0,1.0,1.0,1,75,0.002,450,0.5078562963723088,0.03156739571067513,0.03549600923862812,0.23851391759997762,0.058571796071826915,5.370581982955258e-05,-0.03162110153050468,0.5084214358997915
4,2.0,1.0,1.0,1,76,0.002,456,0.5122347832054785,0.031883711295630446,0.03502793497546849,0.2353755765789252,0.058571796071826915,5.230134850567336e-05,-0.03193601264413612,0.5127878414479553
4,2.0,1.0,1.0,1,77,0.002,462,0.5165672246934844,0.032197622882317894,0.034572057495630436,0.2323187509090691,0.058571796071826915,5.0951264009280184e-05,-0.032248574146327175,0.5171088022949837
4,2.0,1.0,1.0,1,78,0.002,468,0.5208541062341008,0.03250914907644312,0.03412790573091393,0.2293403053845938,0.058571796071826915,4.965279375587772e-05,-0.032558801870198995,0.5213847621928253
4,2.0,1.0,1.0,1,79,0.002,474,0.5250959088146566,0.03281830820042872,0.03369503258636142,0.2264372635442825,0.058571796071826915,4.840333966610322e-05,-0.03286671154009482,0.5256161638184786
4,2.0,1.0,1.0,1,80,0.002,480,0.529293108985821,0.03312511830741742,0.033273013432988365,0.22360679774997902,0.058571796071826915,4.720046508172038e-05,-0.03317231877249914,0.5298034484465797
4,2.0,1.0,1.0,1,1,0.005,6,0.776085690528687,0.7056953218173247,1.9378367009008897,17.88854381999832,0.058571796071826915,-0.7122154169354392,0.006520095118114466,0.8790266991269418
4,2.0,1.0,1.0,1,2,0.005,12,0.9134334452675787,0.44841785520349864,1.9794547822139053,8.94427190999916,0.058571796071826915,0.4586856742957439,-0.010267819092245278,0.9532599546349634
4,2.0,1.0,1.0,1,3,0.005,18,0.5975003521901388,0.042347505028596646,1.367663700412042,5.962847939999439,0.058571796071826915,0.047522766643628284,-0.005175261615031637,0.7589704138899158
4,2.0,1.0,1.0,1,4,0.005,24,0.3383771414455592,0.01745737869229,0.8976523830325339,4.47213595499958,0.058571796071826915,0.022827960904140285,-0.005370582211850286,0.5398886433287897
4,2.0,1.0,1.0,1,5,0.005,30,0.24738707979283792,0.00705428698189986,0.6564718918544042,3.5777087639996643,0.058571796071826915,0.013522856275934941,-0.006468569294035081,0.4211543921316279
4,2.0,1.0,1.0,1,6,0.005,36,0.21737371032314967,0.0013401403044467214,0.516909481864952,2.9814239699997196,0.058571796071826915,0.009018551022962007,-0.0076784107185152856,0.35582591468020186
4,2.0,1.0,1.0,1,7,0.005,42,0.21126852629258464,0.0024193035906493743,0.42689979050349847,2.5555062599997598,0.058571796071826915,0.006478276947628786,-0.00889758053827816,0.31906239983249807
4,2.0,1.0,1.0,1,8,0.005,48,0.21584735424786616,0.005209451146813246,0.3641575836523822,2.23606797749979,0.058571796071826915,0.0048932365924686805,-0.010102687739281926,0.299104792202847
4,2.0,1.0,1.0,1,9,0.005,54,0.2256809114579208,0.007454794955730204,0.31789891412496085,1.987615979999813,0.058571796071826915,0.003832787392149567,-0.011287582347879771,0.289863684518761
4,2.0,1.0,1.0,1,10,0.005,60,0.23825604075201734,0.009364450025498378,0.28234079069317636,1.7888543819998322,0.058571796071826915,0.003086302512160216,-0.012450752537658594,0.2878236036760491
4,2.0,1.0,1.0,1,11,0.005,66,0.2522942427368591,0.011052058281146332,0.25412081137281867,1.6262312563634835,0.058571796071826915,0.002540024974946875,-0.013592083256093207,0.2907546026814407
4,2.0,1.0,1.0,1,12,0.005,72,0.2670956029029933,0.01258411228861503,0.23115485960677426,1.4907119849998598,0.058571796071826915,0.0021277848817456146,-0.014711897170360644,0.29714552567620384
4,2.0,1.0,1.0,1,13,0.005,78,0.2822544602930954,0.014001825014315822,0.21208308634768186,1.376041832307563,0.058571796071826915,0.0018088193246167672,-0.01581064433893259,0.3059344835458769
4,2.0,1.0,1.0,1,14,0.005,84,0.297525094324811,0.01533195608768688,0.19598026939368543,1.2777531299998799,0.058571796071826915,0.0015568412274291343,-0.016888797315116014,0.31636405072153995
4,2.0,1.0,1.0,1,15,0.005,90,0.31275360466346935,0.01659256401885245,0.18219469091585264,1.1925695879998879,0.058571796071826915,0.0013542522822610203,-0.017946816301113472,0.32789180197392054
4,2.0,1.0,1.0,1,16,0.005,96,0.32784125443639867,0.01779624204745084,0.1702537319261622,1.118033988749895,0.058571796071826915,0.0011888971535116977,-0.018985139200962536,0.3401291784430174
4,2.0,1.0,1.0,1,17,0.005,102,0.34272373455306093,0.01895202618022987,0.15980607544525233,1.0522672835293128,0.058571796071826915,0.0010521543521224974,-0.020004180532352367,0.3527978274649742
4,2.0,1.0,1.0,1,18,0.005,108,0.3573589242223788,0.020066565659498173,0.15058496944446342,0.9938079899999065,0.058571796071826915,0.0009377676135875479,-0.02100433327308572,0.3656981638088238
4,2.0,1.0,1.0,1,19,0.005,114,0.37171939697542844,0.02114486561773425,0.1423841075662148,0.9415023063157008,0.058571796071826915,0.0008411058142681338,-0.021985971432002385,0.37868684948523823
4,2.0,1.0,1.0,1,20,0.005,120,0.38578768406898334,0.022190772238210657,0.13504134133598228,0.8944271909999161,0.058571796071826915,0.0007586803103274142,-0.02294945254853807,0.39166077252392734
4,2.0,1.0,1.0,1,21,0.005,126,0.39955319632973674,0.023207297891278858,0.12842740569247185,0.8518354199999197,0.058571796071826915,0.0006878219803418406,-0.0238951198716207,0.40454569702961
4,2.0,1.0,1.0,1,22,0.005,132,0.41301017425099995,0.024196843993216782,0.1224379424112211,0.8131156281817418,0.058571796071826915,0.0006264601833797789,-0.02482330417659656,0.41728822824437894
4,2.0,1.0,1.0,1,23,0.005,138,0.4261562930256878,0.025161356856200218,0.11698774605574043,0.7777627747825355,0.058571796071826915,0.0005729683959276033,-0.02573432525212782,0.42985011103086185
4,2.0,1.0,1.0,1,24,0.005,144,0.4389916948808621,0.02610243865643795,0.11200654042244727,0.7453559924999299,0.058571796071826915,0.0005260544527891375,-0.02662849310922709,0.44220416523416134
4,2.0,1.0,1.0,1,25,0.005,150,0.451518306271925,0.027021427739682705,0.10743582954742895,0.7155417527999327,0.058571796071826915,0.00048468122480907483,-0.02750610896449178,0.454331369789525
4,2.0,1.0,1.0,1,26,0.005,156,0.46373934870326095,0.02791945760050414,0.10322651647112313,0.6880209161537815,0.058571796071826915,0.00044800844239320514,-0.028367466042897346,0.4662187556423308
4,2.0,1.0,1.0,1,27,0.005,162,0.4756589834969236,0.02879750078617095,0.09933707931736066,0.6625386599999377,0.058571796071826915,0.00041534945120660915,-0.02921285023737756,0.47785787113159667
4,2.0,1.0,1.0,1,28,0.005,168,0.4872820507173027,0.02965640198479856,0.09573215780533116,0.6388765649999399,0.058571796071826915,0.0003861386701287661,-0.030042540654927327,0.4892436552183482
4,2.0,1.0,1.0,1,29,0.005,174,0.49861387525186407,0.030496903247788032,0.09238144603631808,0.6168463386206317,0.058571796071826915,0.0003599068248948123,-0.030856810072682844,0.5003736034299232
4,2.0,1.0,1.0,1,30,0.005,180,0.5096601214324452,0.03131966342004758,0.08925881661140246,0.5962847939999439,0.058571796071826915,0.0003362619022144464,-0.031655925322262024,0.5112471455448794
4,2.0,1.0,1.0,1,31,0.005,186,0.5204266831721387,0.03212527325542201,0.08634162143110463,0.577049800645107,0.058571796071826915,0.0003148743613546612,-0.032440147616776674,0.5218651776826315
4,2.0,1.0,1.0,1,32,0.005,192,0.5309196003800802,0.03291426728337661,0.08361012883262549,0.5590169943749475,0.058571796071826915,0.00029546554832607375,-0.033209732831702685,0.5322297079019745
4,2.0,1.0,1.0,1,33,0.005,198,0.5411449950198662,0.03368713320513843,0.08104706693931747,0.5420770854544946,0.058571796071826915,0.00027779854331083653,-0.033964931748449265,0.5423435859144317
4,2.0,1.0,1.0,1,34,0.005,204,0.5511090219914233,0.034444319393673734,0.0786372504885102,0.5261336417646564,0.058571796071826915,0.0002616708738700235,-0.03470599026754376,0.5522102956195437
4,2.0,1.0,1.0,1,35,0.005,210,0.560817831296011,0.03518624092560044,0.0763672738121792,0.5111012519999518,0.058571796071826915,0.00024690867138663086,-0.03543314959698707,0.5618337949165202
4,2.0,1.0,1.0,1,36,0.005,216,0.5702775388580864,0.03591328446731763,0.07422525664521094,0.49690399499995325,0.058571796071826915,0.00023336195277232075,-0.03614664642008995,0.5712183913545287
4,2.0,1.0,1.0,1,37,0.005,222,0.5794942040372468,0.03662581225997122,0.07220063242447142,0.48347415729725196,0.058571796071826915,0.00022090078635458865,-0.03684671304632581,0.5803686451421315
4,2.0,1.0,1.0,1,38,0.005,228,0.5884738123445423,0.03732416539058356,0.07028397099556236,0.4707511531578504,0.058571796071826915,0.00020941215741401842,-0.037533577547997576,0.5892892931829622
4,2.0,1.0,1.0,1,39,0.005,234,0.5972222622315493,0.038008666493884596,0.06846682935873634,0.4586806107691876,0.058571796071826915,0.00019879739109227024,-0.03820746388497687,0.5979851893738026
4,2.0,1.0,1.0,1,40,0.005,240,0.6057453550838239,0.03867962199719814,0.06674162540076085,0.44721359549995804,0.058571796071826915,0.00018897002217990733,-0.03886859201937805,0.6064612575567103
4,2.0,1.0,1.0,1,41,0.005,246,0.6140487877472788,0.03933732399632882,0.06510153057629844,0.4363059468292273,0.058571796071826915,0.00017985402528983285,-0.03951717802161865,0.614722454373747
4,2.0,1.0,1.0,1,42,0.005,252,0.6221381470651994,0.03998205183176416,0.0635403782942772,0.42591770999995987,0.058571796071826915,0.00017138233740615627,-0.04015343416917032,0.6227737399127536
4,2.0,1.0,1.0,1,43,0.005,258,0.630018906016692,0.04061407342012237,0.06205258538575673,0.41601264697670504,0.058571796071826915,0.00016349561880887875,-0.04077756903893125,0.6306200545137244
4,2.0,1.0,1.0,1,44,0.005,264,0.6376964211342709,0.041233646384688155,0.06063308451990622,0.4065578140908709,0.058571796071826915,0.0001561412094449044,-0.04138978759413306,0.6382663004693581
4,2.0,1.0,1.0,1,45,0.005,270,0.6451759309453733,0.04184101902018107,0.05927726582408627,0.39752319599996266,0.058571796071826915,0.00014927224621447133,-0.041990291266395544,0.6457173276305113
4,2.0,1.0,1.0,1,46,0.005,276,0.6524625552345129,0.042436431120115775,0.057980926275040284,0.38888138739126776,0.058571796071826915,0.00014284691350296974,-0.042579278033618745,0.6529779221396438
4,2.0,1.0,1.0,1,47,0.005,282,0.659561294963496,0.04302011468971883,0.0567402256781064,0.3806073153191131,0.058571796071826915,0.00013682780436841124,-0.04315694249408724,0.6600527976789343
4,2.0,1.0,1.0,1,48,0.005,288,0.6664770327190935,0.04359229456313708,0.05555164825318587,0.37267799624996495,0.058571796071826915,0.00013118137415643605,-0.04372347593729352,0.6669465887464829
4,2.0,1.0,1.0,1,49,0.005,294,0.6732145335827044,0.04415318894023722,0.05441196901007722,0.36507232285710844,0.058571796071826915,0.00012587747150202833,-0.044279066411739246,0.6736638455728128
4,2.0,1.0,1.0,1,50,0.005,300,0.6797784463367129,0.044703009855598046,0.053318224229382837,0.35777087639996635,0.058571796071826915,0.0001208889345120645,-0.04482389879011011,0.6802090303671623
4,2.0,1.0,1.0,1,51,0.005,306,0.6861733049381222,0.04524196359008691,0.05226768547477086,0.3507557611764376,0.058571796071826915,0.00011619124191372676,-0.04535815483200064,0.6865865146439267
4,2.0,1.0,1.0,1,52,0.005,312,0.6924035302029441,0.04577025103362704,0.05125783665248399,0.34401045807689073,0.058571796071826915,0.00011176221080733129,-0.04588201324443437,0.6928005774277545
4,2.0,1.0,1.0,1,53,0.005,318,0.6984734316551171,0.04628806800633272,0.05028635370852111,0.33751969471694937,0.058571796071826915,0.00010758173402575233,-0.04639564974035847,0.6988554041739796
4,2.0,1.0,1.0,1,54,0.005,324,0.7043872095020749,0.04679560554399999,0.049351086615707536,0.33126932999996883,0.058571796071826915,0.00010363155129419765,-0.046899237095294186,0.7047550862716219
4,2.0,1.0,1.0,1,55,0.005,330,0.7101489567059073,0.047293050152972395,0.048450043354413594,0.3252462512726967,0.058571796071826915,9.989504928442638e-05,-0.04739294520225682,0.7105036210205788
4,2.0,1.0,1.0,1,56,0.005,336,0.715762661124509,0.047780584038598695,0.047581375633786824,0.31943828249996997,0.058571796071826915,9.635708651614672e-05,-0.04787694112511484,0.7161049119943612
4,2.0,1.0,1.0,1,57,0.005,342,0.7212322077017075,0.04825838531085814,0.04674336613637824,0.31383410210523366,0.058571796071826915,9.300383953561586e-05,-0.048351389150393755,0.7215627697155269
4,2.0,1.0,1.0,1,58,0.005,348,0.7265613806890028,0.04872662817016929,0.04593441709963977,0.3084231693103158,0.058571796071826915,8.982266759774427e-05,-0.048816450837767034,0.7268809125839454
4,2.0,1.0,1.0,1,59,0.005,354,0.7317538658846598,0.0491854830759392,0.04515304007337386,0.3031956579660732,0.058571796071826915,8.680199325816762e-05,-0.04927228506919737,0.7320629680084041
4,2.0,1.0,1.0,1,60,0.005,360,0.7368132528783753,0.04963511690005625,0.04439784671401177,0.29814239699997197,0.058571796071826915,8.393119681718297e-05,-0.049719048096873435,0.737112473700722
4,2.0,1.0,1.0,1,61,0.005,366,0.7417430372918398,0.0500756930671787,0.043667540495127985,0.29325481672128395,0.058571796071826915,8.120052272370115e-05,-0.0501568935899024,0.7420328790984556
4,2.0,1.0,1.0,1,62,0.005,372,0.7465466230072684,0.05050737168342941,0.04296090922945001,0.2885249003225535,0.058571796071826915,7.860099659906528e-05,-0.05058597268002848,0.7468275468881269
4,2.0,1.0,1.0,1,63,0.005,378,0.7512273243773251,0.050930309654870956,0.042276818310958544,0.2839451399999733,0.058571796071826915,7.612435130857631e-05,-0.05100643400617953,0.7514997546056258
4,2.0,1.0,1.0,1,64,0.005,384,0.755788368411253,0.05134466079694881,0.04161420459743964,0.2795084971874737,0.058571796071826915,7.376296110636615e-05,-0.05141842375805518,0.7560526962942976
4,2.0,1.0,1.0,1,65,0.005,390,0.760232896932791,0.05175057593592713,0.040972070863632123,0.2752083664615126,0.058571796071826915,7.150978283851361e-05,-0.05182208571876564,0.7604894842046062
4,2.0,1.0,1.0,1,66,0.005,396,0.7645639687064802,0.052148203003203275,0.04034948076377908,0.2710385427272473,0.058571796071826915,6.935830334764415e-05,-0.05221756130655092,0.7648131505218765
4,2.0,1.0,1.0,1,67,0.005,402,0.7687845615295602,0.052537687123283716,0.03974555424975666,0.2669931913432585,0.058571796071826915,6.730249225586626e-05,-0.05260498961553958,0.7690266491109123
4,2.0,1.0,1.0,1,68,0.005,408,0.772897574287317,0.052919170696071834,0.0391594633973684,0.2630668208823282,0.058571796071826915,6.533675973252606e-05,-0.05298450745580436,0.7731328572681615
4,2.0,1.0,1.0,1,69,0.005,414,0.7769058289702033,0.053292793474077345,0.038590428598964395,0.2592542582608452,0.058571796071826915,6.345591833670228e-05,-0.05335624939241405,0.7771345774736328
4,2.0,1.0,1.0,1,70,0.005,420,0.7808120726514356,0.05365869263504797,0.038037715085354355,0.2555506259999759,0.058571796071826915,6.165514881512069e-05,-0.053720347783863094,0.7810345391361968
4,2.0,1.0,1.0,1,71,0.005,426,0.7846189794241896,0.054017002850475344,0.037500629744253854,0.251951321408427,0.058571796071826915,5.9929969132066496e-05,-0.05407693281960741,0.784835400326924
4,2.0,1.0,1.0,1,72,0.005,432,0.7883291522977516,0.05436785635036449,0.03697851820612615,0.24845199749997662,0.058571796071826915,5.827620657158916e-05,-0.054426132556936076,0.7885397494960651
4,2.0,1.0,1.0,1,73,0.005,438,0.7919451250523372,0.054711382984633475,0.03647076217153699,0.245048545479429,0.058571796071826915,5.66899724668557e-05,-0.05476807295710033,0.7921501071700098
4,2.0,1.0,1.0,1,74,0.005,444,0.795469364052283,0.055047710281427846,0.03597677695698653,0.24173707864862598,0.058571796071826915,5.5167639268438595e-05,-0.055102877920696285,0.7956689276254199
4,2.0,1.0,1.0,1,75,0.005,450,0.7989042700177165,0.05537696350264024,0.03549600923862812,0.23851391759997762,0.058571796071826915,5.370581982955258e-05,-0.055430669322469796,0.7990986005380759
4,2.0,1.0,1.0,1,76,0.005,456,0.802252179754853,0.05569926569686373,0.03502793497546849,0.2353755765789252,0.058571796071826915,5.230134850567336e-05,-0.055751567045369405,0.8024414526045307
4,2.0,1.0,1.0,1,77,0.005,462,0.8055153678451734,0.05601473775000068,0.034572057495630436,0.2323187509090691,0.058571796071826915,5.0951264009280184e-05,-0.05606568901400996,0.8056997491350839
4,2.0,1.0,1.0,1,78,0.005,468,0.8086960482938661,0.056323498433715376,0.03412790573091393,0.2293403053845938,0.058571796071826915,4.965279375587772e-05,-0.05637315122747125,0.8088756956169616
4,2.0,1.0,1.0,1,79,0.005,474,0.8117963761380048,0.05662566445189923,0.03369503258636142,0.2264372635442825,0.058571796071826915,4.840333966610322e-05,-0.056674067791565336,0.811971439246776
4,2.0,1.0,1.0,1,80,0.005,480,0.8148184490150023,0.05692135048530642,0.033273013432988365,0.22360679774997902,0.058571796071826915,4.720046508172038e-05,-0.05696855095038814,0.8149890704316489
4,2.0,1.0,1.0,1,1,0.01,6,0.7804319448796009,0.6992079088802535,1.9378367009008897,17.88854381999832,0.058571796071826915,-0.7122154169354392,0.01300750805518569,0.8796394375080114
4,2.0,1.0,1.0,1,2,0.01,12,0.9143953809263422,0.43830366610595495,1.9794547822139053,8.94427190999916,0.058571796071826915,0.4586856742957439,-0.02038200818978897,0.9514617061711772
4,2.0,1.0,1.0,1,3,0.01,18,0.6234796468872885,0.037381119080991995,1.367663700412042,5.962847939999439,0.058571796071826915,0.047522766643628284,-0.010141647562636288,0.7639364816104349
4,2.0,1.0,1.0,1,4,0.01,24,0.398660234112415,0.012358808040887181,0.8976523830325339,4.47213595499958,0.058571796071826915,0.022827960904140285,-0.010469152863253103,0.5605572873244891
4,2.0,1.0,1.0,1,5,0.01,30,0.33299244911571546,0.0010354010885867057,0.6564718918544042,3.5777087639996643,0.058571796071826915,0.013522856275934941,-0.012487455187348236,0.45941092923476656
4,2.0,1.0,1.0,1,6,0.01,36,0.32304951316884933,0.005661392282220817,0.516909481864952,2.9814239699997196,0.058571796071826915,0.009018551022962007,-0.014679943305182824,0.41303240601803537
4,2.0,1.0,1.0,1,7,0.01,42,0.3338231410624829,0.010373304014304086,0.42689979050349847,2.5555062599997598,0.058571796071826915,0.006478276947628786,-0.01685158096193287,0.3961112688638254
4,2.0,1.0,1.0,1,8,0.01,48,0.35304669475001205,0.014066392771901776,0.3641575836523822,2.23606797749979,0.058571796071826915,0.0048932365924686805,-0.018959629364370456,0.39598843991909033
4,2.0,1.0,1.0,1,9,0.01,54,0.37578110436378553,0.017161575422462716,0.31789891412496085,1.987615979999813,0.058571796071826915,0.003832787392149567,-0.020994362814612283,0.40563701099323435
4,2.0,1.0,1.0,1,10,0.01,60,0.3998010382049205,0.019868520686892877,0.28234079069317636,1.7888543819998322,0.058571796071826915,0.003086302512160216,-0.022954823199053093,0.420879888815373
4,2.0,1.0,1.0,1,11,0.01,66,0.4240185108603747,0.02230259083711081,0.25412081137281867,1.6262312563634835,0.058571796071826915,0.002540024974946875,-0.024842615812057683,0.4391800632843246
4,2.0,1.0,1.0,1,12,0.01,72,0.4478725019788907,0.02453230305951465,0.23115485960677426,1.4907119849998598,0.058571796071826915,0.0021277848817456146,-0.026660087941260263,0.45899395928929987
4,2.0,1.0,1.0,1,13,0.01,78,0.471066267723776,0.026600927549539757,0.21208308634768186,1.376041832307563,0.058571796071826915,0.0018088193246167672,-0.028409746874156525,0.4793840165684753
4,2.0,1.0,1.0,1,14,0.01,84,0.4934441070414072,0.028537226531956755,0.19598026939368543,1.2777531299998799,0.058571796071826915,0.0015568412274291343,-0.03009406775938589,0.49978165240174977
4,2.0,1.0,1.0,1,15,0.01,90,0.5149293160303108,0.030361180880691466,0.18219469091585264,1.1925695879998879,0.058571796071826915,0.0013542522822610203,-0.031715433162952486,0.5198434705341828
4,2.0,1.0,1.0,1,16,0.01,96,0.535491072275458,0.03208722160662357,0.1702537319261622,1.118033988749895,0.058571796071826915,0.0011888971535116977,-0.03327611876013527,0.5393645933648196
4,2.0,1.0,1.0,1,17,0.01,102,0.5551258820210864,0.033726140669051816,0.15980607544525233,1.0522672835293128,0.058571796071826915,0.0010521543521224974,-0.03477829502117431,0.558226307193052
4,2.0,1.0,1.0,1,18,0.01,108,0.5738467575674657,0.03528626627695408,0.15058496944446342,0.9938079899999065,0.058571796071826915,0.0009377676135875479,-0.03622403389054163,0.5763641386591626
4,2.0,1.0,1.0,1,19,0.01,114,0.5916766883407711,0.0367742106193374,0.1423841075662148,0.9415023063157008,0.058571796071826915,0.0008411058142681338,-0.037615316433605536,0.5937481219901664
4,2.0,1.0,1.0,1,20,0.01,120,0.6086445917492218,0.0381953597418381,0.13504134133598228,0.8944271909999161,0.058571796071826915,0.0007586803103274142,-0.03895404005216552,0.6103704095405342
4,2.0,1.0,1.0,1,21,0.01,126,0.6247827454308971,0.0395542028894129,0.12842740569247185,0.8518354199999197,0.058571796071826915,0.0006878219803418406,-0.04024202486975474,0.626237367155428
4,2.0,1.0,1.0,1,22,0.01,132,0.640125130817498,0.04085455907438909,0.1224379424112211,0.8131156281817418,0.058571796071826915,0.0006264601833797789,-0.04148101925776887,0.6413644526782567
4,2.0,1.0,1.0,1,23,0.01,138,0.6547063518052135,0.04209973620089237,0.11698774605574043,0.7777627747825355,0.058571796071826915,0.0005729683959276033,-0.042672704596819974,0.6557728507666849
4,2.0,1.0,1.0,1,24,0.01,144,0.6685609244839322,0.043292644942966606,0.11200654042244727,0.7453559924999299,0.058571796071826915,0.0005260544527891375,-0.04381869939575574,0.669487234657746
4,2.0,1.0,1.0,1,25,0.01,150,0.6817228108851282,0.04443588165914874,0.10743582954742895,0.7155417527999327,0.058571796071826915,0.00048468122480907483,-0.044920562883957814,0.6825342627514555
4,2.0,1.0,1.0,1,26,0.01,156,0.6942251158309976,0.04553178973291348,0.10322651647112313,0.6880209161537815,0.058571796071826915,0.00044800844239320514,-0.04597979817530669,0.6949415616244652
4,2.0,1.0,1.0,1,27,0.01,162,0.7060998942829475,0.0465825056325134,0.09933707931736066,0.6625386599999377,0.058571796071826915,0.00041534945120660915,-0.04699785508372001,0.7067370355770243
4,2.0,1.0,1.0,1,28,0.01,168,0.7173780343643232,0.04758999398373303,0.09573215780533116,0.6388765649999399,0.058571796071826915,0.0003861386701287661,-0.047976132653861796,0.7179483981743102
4,2.0,1.0,1.0,1,29,0.01,174,0.7280891926216918,0.04855607463230377,0.09238144603631808,0.6168463386206317,0.058571796071826915,0.0003599068248948123,-0.04891598145719858,0.7286028564229208
4,2.0,1.0,1.0,1,30,0.01,180,0.7382617655223538,0.04948244379057461,0.08925881661140246,0.5962847939999439,0.058571796071826915,0.0003362619022144464,-0.04981870569278905,0.7387269009232933
4,2.0,1.0,1.0,1,31,0.01,186,0.7479228861195651,0.05037069076259948,0.08634162143110463,0.577049800645107,0.058571796071826915,0.0003148743613546612,-0.05068556512395414,0.7483461702015448
4,2.0,1.0,1.0,1,32,0.01,192,0.757098438142668,0.05122231132705654,0.08361012883262549,0.5590169943749475,0.058571796071826915,0.00029546554832607375,-0.051517776875382615,0.7574853672917907
4,2.0,1.0,1.0,1,33,0.01,198,0.7658130820428776,0.05203871856699555,0.08104706693931747,0.5420770854544946,0.058571796071826915,0.00027779854331083653,-0.05231651711030639,0.7661682132778858
4,2.0,1.0,1.0,1,34,0.01,204,0.7740902890998943,0.05282125172951876,0.0786372504885102,0.5261336417646564,0.058571796071826915,0.0002616708738700235,-0.05308292260338878,0.7744174270246571
4,2.0,1.0,1.0,1,35,0.01,210,0.7819523807975751,0.05357118355073916,0.0763672738121792,0.5111012519999518,0.058571796071826915,0.00024690867138663086,-0.05381809222212579,0.7822547234443398
4,2.0,1.0,1.0,1,36,0.01,216,0.7894205714582581,0.05428972637423406,0.07422525664521094,0.49690399499995325,0.058571796071826915,0.00023336195277232075,-0.05452308832700638,0.789700824814423
4,2.0,1.0,1.0,1,37,0.01,222,0.7965150126839138,0.05497803731265624,0.07220063242447142,0.48347415729725196,0.058571796071826915,0.00022090078635458865,-0.05519893809901083,0.7967754811910566
4,2.0,1.0,1.0,1,38,0.01,228,0.8032548385553323,0.055637222644093653,0.07028397099556236,0.4707511531578504,0.058571796071826915,0.00020941215741401842,-0.05584663480150767,0.8034974970478272
4,2.0,1.0,1.0,1,39,0.01,234,0.809658210833472,0.05626834159135536,0.06846682935873634,0.4586806107691876,0.058571796071826915,0.00019879739109227024,-0.05646713898244763,0.809884762048138
4,2.0,1.0,1.0,1,40,0.01,240,0.8157423636215189,0.05687240959971654,0.06674162540076085,0.44721359549995804,0.058571796071826915,0.00018897002217990733,-0.057061379621896446,0.8159542844220231
4,2.0,1.0,1.0,1,41,0.01,246,0.8215236471039028,0.057450401203848374,0.06510153057629844,0.4363059468292273,0.058571796071826915,0.00017985402528983285,-0.05763025522913821,0.8217222258280974
4,2.0,1.0,1.0,1,42,0.01,252,0.8270175700953295,0.05800325255567998,0.0635403782942772,0.42591770999995987,0.058571796071826915,0.00017138233740615627,-0.058174634893086136,0.8272039368815756
4,2.0,1.0,1.0,1,43,0.01,258,0.8322388412193469,0.0585318636703413,0.06205258538575673,0.41601264697670504,0.058571796071826915,0.00016349561880887875,-0.05869535928915018,0.8324139927510819
4,2.0,1.0,1.0,1,44,0.01,264,0.8372014086003939,0.059037100435965675,0.06063308451990622,0.4065578140908709,0.058571796071826915,0.0001561412094449044,-0.05919324164541058,0.8373662283912329
4,2.0,1.0,1.0,1,45,0.01,270,0.8419184980012094,0.05951979642430814,0.05927726582408627,0.39752319599996266,0.058571796071826915,0.00014927224621447133,-0.05966906867052261,0.8420737731003634
4,2.0,1.0,1.0,1,46,0.01,276,0.8464026493730534,0.059980754532143236,0.057980926275040284,0.38888138739126776,0.058571796071826915,0.00014284691350296974,-0.060123601445646206,0.8465490841843699
4,2.0,1.0,1.0,1,47,0.01,282,0.8506657518126108,0.060420748477913955,0.0567402256781064,0.3806073153191131,0.058571796071826915,0.00013682780436841124,-0.060557576282282366,0.8508039795761689
4,2.0,1.0,1.0,1,48,0.01,288,0.8547190769388856,0.06084052417374791,0.05555164825318587,0.37267799624996495,0.058571796071826915,0.00013118137415643605,-0.06097170554790435,0.8548496693117917
4,2.0,1.0,1.0,1,49,0.01,294,0.8585733107175375,0.061240800989409656,0.05441196901007722,0.36507232285710844,0.058571796071826915,0.00012587747150202833,-0.061366678460911685,0.8586967858028574
4,2.0,1.0,1.0,1,50,0.01,300,0.8622385837703478,0.061622272921986895,0.053318224229382837,0.35777087639996635,0.058571796071826915,0.0001208889345120645,-0.06174316185649896,0.8623554128740687
4,2.0,1.0,1.0,1,51,0.01,306,0.8657245002145983,0.06198560968282911,0.05226768547477086,0.3507557611764376,0.058571796071826915,0.00011619124191372676,-0.062101800924742837,0.8658351135561699
4,2.0,1.0,1.0,1,52,0.01,312,0.8690401650820184,0.062331457711379205,0.05125783665248399,0.34401045807689073,0.058571796071826915,0.00011176221080733129,-0.06244321992218654,0.8691449566408467
4,2.0,1.0,1.0,1,53,0.01,318,0.8721942103700242,0.0626604411240764,0.05028635370852111,0.33751969471694937,0.058571796071826915,0.00010758173402575233,-0.06276802285810215,0.8722935420159429
4,2.0,1.0,1.0,1,54,0.01,324,0.8751948197797021,0.06297316260523211,0.049351086615707536,0.33126932999996883,0.058571796071826915,0.00010363155129419765,-0.06307679415652631,0.8752890248080473
4,2.0,1.0,1.0,1,55,0.01,330,0.8780497521957535,0.0632702042457953,0.048450043354413594,0.3252462512726967,0.058571796071826915,9.989504928442638e-05,-0.06337009929507972,0.878139138365545
4,2.0,1.0,1.0,1,56,0.01,336,0.8807663639635159,0.06355212833507044,0.047581375633786824,0.31943828249996997,0.058571796071826915,9.635708651614672e-05,-0.06364848542158659,0.8808512161196318
4,2.0,1.0,1.0,1,57,0.01,342,0.883351630017637,0.06381947810972805,0.04674336613637824,0.31383410210523366,0.058571796071826915,9.300383953561586e-05,-0.06391248194926366,0.8834322123634384
4,2.0,1.0,1.0,1,58,0.01,348,0.8858121639158832,0.06407277846391397,0.04593441709963977,0.3084231693103158,0.058571796071826915,8.982266759774427e-05,-0.06416260113151172,0.8858887219911772
4,2.0,1.0,1.0,1,59,0.01,354,0.888154236830258,0.0643125366237187,0.04515304007337386,0.3031956579660732,0.058571796071826915,8.680199325816762e-05,-0.06439933861697687,0.8882269992400085
4,2.0,1.0,1.0,1,60,0.01,360,0.8903837955460259,0.06453924278890538,0.04439784671401177,0.29814239699997197,0.058571796071826915,8.393119681718297e-05,-0.06462317398572257,0.8904529754775063
4,2.0,1.0,1.0,1,61,0.01,366,0.8925064795175285,0.06475337074440296,0.043667540495127985,0.29325481672128395,0.058571796071826915,8.120052272370115e-05,-0.06483457126712666,0.89257227607729
4,2.0,1.0,1.0,1,62,0.01,372,0.8945276370278704,0.06495537844380633,0.04296090922945001,0.2885249003225535,0.058571796071826915,7.860099659906528e-05,-0.0650339794404054,0.8945902364247188
4,2.0,1.0,1.0,1,63,0.01,378,0.8964523404976715,0.06514570856686949,0.042276818310958544,0.2839451399999733,0.058571796071826915,7.612435130857631e-05,-0.06522183291817807,0.896511917093634
4,2.0,1.0,1.0,1,64,0.01,384,0.8982854009862464,0.06532478905273836,0.04161420459743964,0.2795084971874737,0.058571796071826915,7.376296110636615e-05,-0.06539855201384473,0.8983421182338371
4,2.0,1.0,1.0,1,65,0.01,390,0.9000313819266096,0.06549303361051947,0.040972070863632123,0.2752083664615126,0.058571796071826915,7.150978283851361e-05,-0.06556454339335799,0.9000853932079491
4,2.0,1.0,1.0,1,66,0.01,396,0.9016946121338993,0.06565084220858938,0.04034948076377908,0.2710385427272473,0.058571796071826915,6.935830334764415e-05,-0.06572020051193703,0.9017460615147516
4,2.0,1.0,1.0,1,67,0.01,402,0.9032791981249552,0.06579860154394826,0.03974555424975666,0.2669931913432585,0.058571796071826915,6.730249225586626e-05,-0.06586590403620413,0.9033282210347419
4,2.0,1.0,1.0,1,68,0.01,408,0.9047890357850026,0.06593668549274136,0.0391594633973684,0.2630668208823282,0.058571796071826915,6.533675973252606e-05,-0.06600202225247388,0.9048357596321879
4,2.0,1.0,1.0,1,69,0.01,414,0.9062278214156737,0.06606545554304971,0.038590428598964395,0.2592542582608452,0.058571796071826915,6.345591833670228e-05,-0.06612891146138641,0.9062723661464467
4,2.0,1.0,1.0,1,70,0.01,420,0.9075990621968725,0.06618526121088088,0.038037715085354355,0.2555506259999759,0.058571796071826915,6.165514881512069e-05,-0.066246916359696,0.9076415408040392
4,2.0,1.0,1.0,1,71,0.01,426,0.9089060860934383,0.06629644044025798,0.037500629744253854,0.251951321408427,0.058571796071826915,5.9929969132066496e-05,-0.06635637040939005,0.9089466050812822
4,2.0,1.0,1.0,1,72,0.01,432,0.9101520512359424,0.06639931998821683,0.03697851820612615,0.24845199749997662,0.058571796071826915,5.827620657158916e-05,-0.06645759619478842,0.9101907110461409
4,2.0,1.0,1.0,1,73,0.01,438,0.9113399548035376,0.06649421579546513,0.03647076217153699,0.245048545479429,0.058571796071826915,5.66899724668557e-05,-0.06655090576793199,0.911376850206292
4,2.0,1.0,1.0,1,74,0.01,444,0.9124726414352466,0.06658143334338763,0.03597677695698653,0.24173707864862598,0.058571796071826915,5.5167639268438595e-05,-0.06663660098265607,0.9125078618894933
4,2.0,1.0,1.0,1,75,0.01,450,0.9135528111948121,0.06666126799805641,0.03549600923862812,0.23851391759997762,0.058571796071826915,5.370581982955258e-05,-0.06671497381788596,0.9135864411806881
4,2.0,1.0,1.0,1,76,0.01,456,0.9145830271128812,0.06673400534182419,0.03502793497546849,0.2353755765789252,0.058571796071826915,5.230134850567336e-05,-0.06678630669032987,0.9146151464392256
4,2.0,1.0,1.0,1,77,0.01,462,0.9155657223290539,0.06679992149308389,0.034572057495630436,0.2323187509090691,0.058571796071826915,5.0951264009280184e-05,-0.06685087275709317,0.9155964064183659
4,2.0,1.0,1.0,1,78,0.01,468,0.9165032068551493,0.06685928341469559,0.03412790573091393,0.2293403053845938,0.058571796071826915,4.965279375587772e-05,-0.06690893620845147,0.9165325270082169
4,2.0,1.0,1.0,1,79,0.01,474,0.9173976739799331,0.06691234921158046,0.03369503258636142,0.2264372635442825,0.058571796071826915,4.840333966610322e-05,-0.06696075255124656,0.9174256976219245
4,2.0,1.0,1.0,1,80,0.01,480,0.9182512063344587,0.06695936841794525,0.033273013432988365,0.22360679774997902,0.058571796071826915,4.720046508172038e-05,-0.06700656888302697,0.9182779972441585
4,2.0,1.0,1.0,1,1,0.02,6,0.7888285822119471,0.6863311295492402,1.9378367009008897,17.88854381999832,0.058571796071826915,-0.7122154169354392,0.025884287386198968,0.8809080655587296
4,2.0,1.0,1.0,1,2,0.02,12,0.9162280275401031,0.4185300251173639,1.9794547822139053,8.94427190999916,0.058571796071826915,0.4586856742957439,-0.04015564917837999,0.9482992902001234
4,2.0,1.0,1.0,1,3,0.02,18,0.669849847634842,0.028047287308205313,1.367663700412042,5.962847939999439,0.058571796071826915,0.047522766643628284,-0.01947547933542297,0.7753623365819488
4,2.0,1.0,1.0,1,4,0.02,24,0.5019743159077626,0.002935088129987877,0.8976523830325339,4.47213595499958,0.058571796071826915,0.022827960904140285,-0.019892872774152408,0.6052955979354175
4,2.0,1.0,1.0,1,5,0.02,30,0.4739403591581661,0.009757798897168116,0.6564718918544042,3.5777087639996643,0.058571796071826915,0.013522856275934941,-0.023280655173103057,0.540634456495658
4,2.0,1.0,1.0,1,6,0.02,36,0.4902757410006314,0.017838965027887156,0.516909481864952,2.9814239699997196,0.058571796071826915,0.009018551022962007,-0.026857516050849163,0.5295321441215479
4,2.0,1.0,1.0,1,7,0.02,42,0.5202894914766009,0.023798451426435913,0.42689979050349847,2.5555062599997598,0.058571796071826915,0.006478276947628786,-0.0302767283740647,0.5432675406122112
4,2.0,1.0,1.0,1,8,0.02,48,0.553823465096666,0.02857955549867329,0.3641575836523822,2.23606797749979,0.058571796071826915,0.0048932365924686805,-0.03347279209114197,0.567620047468794
4,2.0,1.0,1.0,1,9,0.02,54,0.5871168266568032,0.03260722988892113,0.31789891412496085,1.987615979999813,0.058571796071826915,0.003832787392149567,-0.0364400172810707,0.5957026284593222
4,2.0,1.0,1.0,1,10,0.02,60,0.6187033130900099,0.036101429223531656,0.28234079069317636,1.7888543819998322,0.058571796071826915,0.003086302512160216,-0.03918773173569187,0.6242504386654235
4,2.0,1.0,1.0,1,11,0.02,66,0.6480379601903656,0.03918895175535231,0.25412081137281867,1.6262312563634835,0.058571796071826915,0.002540024974946875,-0.04172897673029918,0.6517529440471392
4,2.0,1.0,1.0,1,12,0.02,72,0.674976485643722,0.04194949123853383,0.23115485960677426,1.4907119849998598,0.058571796071826915,0.0021277848817456146,-0.044077276120279445,0.6775488915437989
4,2.0,1.0,1.0,1,13,0.02,78,0.6995566914049676,0.04443684284111557,0.21208308634768186,1.376041832307563,0.058571796071826915,0.0018088193246167672,-0.04624566216573234,0.7013933586012606
4,2.0,1.0,1.0,1,14,0.02,84,0.7218991708534588,0.0466895577077502,0.19598026939368543,1.2777531299998799,0.058571796071826915,0.0015568412274291343,-0.04824639893517933,0.7232477474696943
4,2.0,1.0,1.0,1,15,0.02,90,0.7421595174899428,0.04873668224007707,0.18219469091585264,1.1925695879998879,0.058571796071826915,0.0013542522822610203,-0.05009093452233809,0.7431752325275974
4,2.0,1.0,1.0,1,16,0.02,96,0.7605044242039981,0.05060103175271438,0.1702537319261622,1.118033988749895,0.058571796071826915,0.0011888971535116977,-0.05178992890622608,0.7612872474165694
4,2.0,1.0,1.0,1,17,0.02,102,0.7770995239618974,0.052301150243419095,0.15980607544525233,1.0522672835293128,0.058571796071826915,0.0010521543521224974,-0.05335330459554159,0.7777154649715667
4,2.0,1.0,1.0,1,18,0.02,108,0.7921032688367478,0.053852533792109254,0.15058496944446342,0.9938079899999065,0.058571796071826915,0.0009377676135875479,-0.0547903014056968,0.7925969331266379
4,2.0,1.0,1.0,1,19,0.02,114,0.8056640212731148,0.05526842315167595,0.1423841075662148,0.9415023063157008,0.058571796071826915,0.0008411058142681338,-0.05610952896594408,0.8060662077375749
4,2.0,1.0,1.0,1,20,0.02,120,0.817918892404392,0.056560334742609956,0.13504134133598228,0.8944271909999161,0.058571796071826915,0.0007586803103274142,-0.05731901505293737,0.818251302161098
4,2.0,1.0,1.0,1,21,0.02,126,0.8289935389475241,0.05773842750751129,0.12842740569247185,0.8518354199999197,0.058571796071826915,0.0006878219803418406,-0.05842624948785313,0.8292717586054371
4,2.0,1.0,1.0,1,22,0.02,132,0.8390024814434285,0.05881176371076345,0.1224379424112211,0.8131156281817418,0.058571796071826915,0.0006264601833797789,-0.05943822389414323,0.8392379116438102
4,2.0,1.0,1.0,1,23,0.02,138,0.8480496957814279,0.05978849936687684,0.11698774605574043,0.7777627747825355,0.058571796071826915,0.0005729683959276033,-0.06036146776280445,0.8482508212783654
4,2.0,1.0,1.0,1,24,0.02,144,0.8562293350973187,0.06067602681955374,0.11200654042244727,0.7453559924999299,0.058571796071826915,0.0005260544527891375,-0.061202081272342876,0.856402575714569
4,2.0,1.0,1.0,1,25,0.02,150,0.8636264991645537,0.061481084037503464,0.10743582954742895,0.7155417527999327,0.058571796071826915,0.00048468122480907483,-0.06196576526231254,0.8637767891693149
4,2.0,1.0,1.0,1,26,0.02,156,0.8703180034300984,0.062209840259175066,0.10322651647112313,0.6880209161537815,0.058571796071826915,0.00044800844239320514,-0.06265784870156826,0.8704491920045375
4,2.0,1.0,1.0,1,27,0.02,162,0.8763731206461494,0.06286796448744536,0.09933707931736066,0.6625386599999377,0.058571796071826915,0.00041534945120660915,-0.06328331393865197,0.8764882526949802
4,2.0,1.0,1.0,1,28,0.02,168,0.8818542805495942,0.0634606813059963,0.09573215780533116,0.6388765649999399,0.058571796071826915,0.0003861386701287661,-0.06384681997612507,0.8819557963182187
4,2.0,1.0,1.0,1,29,0.02,174,0.886817720602266,0.06399281714835903,0.09238144603631808,0.6168463386206317,0.058571796071826915,0.0003599068248948123,-0.06435272397325384,0.8869075994675858
4,2.0,1.0,1.0,1,30,0.02,180,0.8913140853747011,0.06446883924884657,0.08925881661140246,0.5962847939999439,0.058571796071826915,0.0003362619022144464,-0.06480510115106101,0.8913939507591412
4,2.0,1.0,1.0,1,31,0.02,186,0.8953889748884156,0.0648928888880816,0.08634162143110463,0.577049800645107,0.058571796071826915,0.0003148743613546612,-0.06520776324943627,0.89546017177251
4,2.0,1.0,1.0,1,32,0.02,192,0.8990834438235294,0.0652688101177014,0.08361012883262549,0.5590169943749475,0.058571796071826915,0.00029546554832607375,-0.06556427566602747,0.899147096720073
4,2.0,1.0,1.0,1,33,0.02,198,0.9024344543778504,0.06560017484724266,0.08104706693931747,0.5420770854544946,0.058571796071826915,0.00027779854331083653,-0.0658779733905535,0.9024915112169841
4,2.0,1.0,1.0,1,34,0.02,204,0.9054752859967742,0.06589030496081671,0.0786372504885102,0.5261336417646564,0.058571796071826915,0.0002616708738700235,-0.06615197583468674,0.9055265517395662
4,2.0,1.0,1.0,1,35,0.02,210,0.9082359053485811,0.06614229197532334,0.0763672738121792,0.5111012519999518,0.058571796071826915,0.00024690867138663086,-0.06638920064670997,0.9082820680313597
4,2.0,1.0,1.0,1,36,0.02,216,0.9107432999039968,0.06635901463774505,0.07422525664521094,0.49690399499995325,0.058571796071826915,0.00023336195277232075,-0.06659237659051737,0.9107849510451415
4,2.0,1.0,1.0,1,37,0.02,222,0.913021778360609,0.06654315477442033,0.07220063242447142,0.48347415729725196,0.058571796071826915,0.00022090078635458865,-0.06676405556077492,0.9130594291241839
4,2.0,1.0,1.0,1,38,0.02,228,0.9150932409761278,0.06669721164163793,0.07028397099556236,0.4707511531578504,0.058571796071826915,0.00020941215741401842,-0.06690662379905195,0.9151273351083515
4,2.0,1.0,1.0,1,39,0.02,234,0.9169774226677878,0.06682351497870342,0.06846682935873634,0.4586806107691876,0.058571796071826915,0.00019879739109227024,-0.0670223123697957,0.9170083469535768
4,2.0,1.0,1.0,1,40,0.02,240,0.9186921115165889,0.06692423692767098,0.06674162540076085,0.44721359549995804,0.058571796071826915,0.00018897002217990733,-0.06711320694985089,0.9187202043107215
4,2.0,1.0,1.0,1,41,0.02,246,0.9202533450958963,0.0670014029552479,0.06510153057629844,0.4363059468292273,0.058571796071826915,0.00017985402528983285,-0.06718125698053773,0.9202789033443719
4,2.0,1.0,1.0,1,42,0.02,252,0.9216755868313773,0.0670569018899175,0.0635403782942772,0.42591770999995987,0.058571796071826915,0.00017138233740615627,-0.06722828422732366,0.9216988718969742
4,2.0,1.0,1.0,1,43,0.02,258,0.9229718843972773,0.06709249516954657,0.06205258538575673,0.41601264697670504,0.058571796071826915,0.00016349561880887875,-0.06725599078835545,0.9229931269289808
4,2.0,1.0,1.0,1,44,0.02,264,0.9241540119650435,0.06710982538050614,0.06063308451990622,0.4065578140908709,0.058571796071826915,0.0001561412094449044,-0.06726596658995104,0.9241734159959324
4,2.0,1.0,1.0,1,45,0.02,270,0.9252325979452709,0.06711042415785405,0.05927726582408627,0.39752319599996266,0.058571796071826915,0.00014927224621447133,-0.06725969640406852,0.9252503443622555
4,2.0,1.0,1.0,1,46,0.02,276,0.926217239703,0.06709571950675638,0.057980926275040284,0.38888138739126776,0.058571796071826915,0.00014284691350296974,-0.06723856642025935,0.9262334892009183
4,2.0,1.0,1.0,1,47,0.02,282,0.9271166065793501,0.0670670425976084,0.0567402256781064,0.3806073153191131,0.058571796071826915,0.00013682780436841124,-0.06720387040197681,0.9271315021885064
4,2.0,1.0,1.0,1,48,0.02,288,0.92793853241867,0.06702563408091969,0.05555164825318587,0.37267799624996495,0.058571796071826915,0.00013118137415643605,-0.06715681545507612,0.9279522016768664
4,2.0,1.0,1.0,1,49,0.02,294,0.928690098679007,0.06697264996265195,0.05441196901007722,0.36507232285710844,0.058571796071826915,0.00012587747150202833,-0.06709852743415398,0.9287026555054275
4,2.0,1.0,1.0,1,50,0.02,300,0.9293777090939837,0.06690916707617452,0.053318224229382837,0.35777087639996635,0.058571796071826915,0.0001208889345120645,-0.06703005601068658,0.929389255411418
4,2.0,1.0,1.0,1,51,0.02,306,0.9300071567550713,0.06683618818313294,0.05226768547477086,0.3507557611764376,0.058571796071826915,0.00011619124191372676,-0.06695237942504667,0.9300177838986144
4,2.0,1.0,1.0,1,52,0.02,312,0.9305836843940136,0.06675464673223155,0.05125783665248399,0.34401045807689073,0.058571796071826915,0.00011176221080733129,-0.06686640894303889,0.9305934743376744
4,2.0,1.0,1.0,1,53,0.02,318,0.931112038564811,0.06666541130204479,0.05028635370852111,0.33751969471694937,0.058571796071826915,0.00010758173402575233,-0.06677299303607054,0.931121064992172
4,2.0,1.0,1.0,1,54,0.02,324,0.9315965183524697,0.06656928975151881,0.049351086615707536,0.33126932999996883,0.058571796071826915,0.00010363155129419765,-0.066672921302813,0.9316048475932699
4,2.0,1.0,1.0,1,55,0.02,330,0.9320410191708708,0.0664670330996136,0.048450043354413594,0.3252462512726967,0.058571796071826915,9.989504928442638e-05,-0.06656692814889803,0.932048711021868
4,2.0,1.0,1.0,1,56,0.02,336,0.9324490721538752,0.0663593391536478,0.047581375633786824,0.31943828249996997,0.058571796071826915,9.635708651614672e-05,-0.06645569624016395,0.9324561805996036
4,2.0,1.0,1.0,1,57,0.02,342,0.9328238795915811,0.0662468559041971,0.04674336613637824,0.31383410210523366,0.058571796071826915,9.300383953561586e-05,-0.06633985974373272,0.9328304534382029
4,2.0,1.0,1.0,1,58,0.02,348,0.933168346816795,0.0661301847029047,0.04593441709963977,0.3084231693103158,0.058571796071826915,8.982266759774427e-05,-0.06622000737050245,0.9331744302503898
4,2.0,1.0,1.0,1,59,0.02,354,0.9334851109048145,0.06600988323819568,0.04515304007337386,0.3031956579660732,0.058571796071826915,8.680199325816762e-05,-0.06609668523145384,0.9334907439837865
4,2.0,1.0,1.0,1,60,0.02,360,0.93377656651199,0.06588646832271083,0.04439784671401177,0.29814239699997197,0.058571796071826915,8.393119681718297e-05,-0.06597039951952802,0.9337817856019386
4,2.0,1.0,1.0,1,61,0.02,366,0.9340448891448226,0.0657604185051634,0.043667540495127985,0.29325481672128395,0.058571796071826915,8.120052272370115e-05,-0.0658416190278871,0.934049727303091
4,2.0,1.0,1.0,1,62,0.02,372,0.9342920561211607,0.06563217651834717,0.04296090922945001,0.2885249003225535,0.058571796071826915,7.860099659906528e-05,-0.06571077751494624,0.9342965434372814
4,2.0,1.0,1.0,1,63,0.02,378,0.9345198654579923,0.0655021515741604,0.042276818310958544,0.2839451399999733,0.058571796071826915,7.612435130857631e-05,-0.06557827592546897,0.9345240293555209
4,2.0,1.0,1.0,1,64,0.02,384,0.9347299528961356,0.06537072151565387,0.04161420459743964,0.2795084971874737,0.058571796071826915,7.376296110636615e-05,-0.06544448447676024,0.9347338184004517
4,2.0,1.0,1.0,1,65,0.02,390,0.9349238072503714,0.0652382348354314,0.040972070863632123,0.2752083664615126,0.058571796071826915,7.150978283851361e-05,-0.06530974461826991,0.9349273972266428
4,2.0,1.0,1.0,1,66,0.02,396,0.935102784254165,0.06510501256901427,0.04034948076377908,0.2710385427272473,0.058571796071826915,6.935830334764415e-05,-0.06517437087236191,0.9351061196190337
4,2.0,1.0,1.0,1,67,0.02,402,0.9352681190506966,0.06497135007119925,0.03974555424975666,0.2669931913432585,0.058571796071826915,6.730249225586626e-05,-0.06503865256345512,0.935271218960799
4,2.0,1.0,1.0,1,68,0.02,408,0.9354209374663182,0.0648375186828475,0.0391594633973684,0.2630668208823282,0.058571796071826915,6.533675973252606e-05,-0.06490285544258002,0.9354238194863975
4,2.0,1.0,1.0,1,69,0.02,414,0.9355622661885946,0.06470376729505128,0.038590428598964395,0.2592542582608452,0.058571796071826915,6.345591833670228e-05,-0.06476722321338799,0.935564946441541
4,2.0,1.0,1.0,1,70,0.02,420,0.9356930419585443,0.06457032381713024,0.038037715085354355,0.2555506259999759,0.058571796071826915,6.165514881512069e-05,-0.06463197896594536,0.9356955352595342
4,2.0,1.0,1.0,1,71,0.02,426,0.9358141198755079,0.06443739655447714,0.037500629744253854,0.251951321408427,0.058571796071826915,5.9929969132066496e-05,-0.0644973265236092,0.9358164398520441
4,2.0,1.0,1.0,1,72,0.02,432,0.9359262809029928,0.06430517550186589,0.03697851820612615,0.24845199749997662,0.058571796071826915,5.827620657158916e-05,-0.06436345170843748,0.9359284401025328
4,2.0,1.0,1.0,1,73,0.02,438,0.9360302386548827,0.06417383355746087,0.03647076217153699,0.245048545479429,0.058571796071826915,5.66899724668557e-05,-0.06423052352992772,0.9360322486413091
4,2.0,1.0,1.0,1,74,0.02,444,0.9361266455332478,0.06404352766242521,0.03597677695698653,0.24173707864862598,0.058571796071826915,5.5167639268438595e-05,-0.06409869530169365,0.9361285169736102
4,2.0,1.0,1.0,1,75,0.02,450,0.9362160982818352,0.06391439987069115,0.03549600923862812,0.23851391759997762,0.058571796071826915,5.370581982955258e-05,-0.06396810569052071,0.936217841024385
4,2.0,1.0,1.0,1,76,0.02,456,0.9362991430127837,0.06378657835317708,0.03502793497546849,0.2353755765789252,0.058571796071826915,5.230134850567336e-05,-0.06383887970168275,0.9363007661572784
4,2.0,1.0,1.0,1,77,0.02,462,0.9363762797583045,0.06366017834043847,0.034572057495630436,0.2323187509090691,0.058571796071826915,5.0951264009280184e-05,-0.06371112960444775,0.9363777917193978
4,2.0,1.0,1.0,1,78,0.02,468,0.9364479665938297,0.06353530300750869,0.03412790573091393,0.2293403053845938,0.058571796071826915,4.965279375587772e-05,-0.06358495580126457,0.9364493751583937
4,2.0,1.0,1.0,1,79,0.02,474,0.9365146233744882,0.06341204430441882,0.03369503258636142,0.2264372635442825,0.058571796071826915,4.840333966610322e-05,-0.06346044764408493,0.9365159357534321
4,2.0,1.0,1.0,1,80,0.02,480,0.9365766351225224,0.06329048373568943,0.033273013432988365,0.22360679774997902,0.058571796071826915,4.720046508172038e-05,-0.06333768420077115,0.936577857997756
4,2.0,1.0,1.0,1,1,0.05,6,0.8117815708909981,0.6484851639012371,1.9378367009008897,17.88854381999832,0.058571796071826915,-0.7122154169354392,0.0637302530342021,0.8850024060893305
4,2.0,1.0,1.0,1,2,0.05,12,0.9210369671086438,0.3627376464017492,1.9794547822139053,8.94427190999916,0.058571796071826915,0.4586856742957439,-0.0959480278939947,0.9416242170584572
4,2.0,1.0,1.0,1,3,0.05,18,0.7728448282894166,0.0043719432737106545,1.367663700412042,5.962847939999439,0.058571796071826915,0.047522766643628284,-0.04315082336991763,0.8153719936429251
4,2.0,1.0,1.0,1,4,0.05,24,0.7088673196631221,0.01986176890429088,0.8976523830325339,4.47213595499958,0.058571796071826915,0.022827960904140285,-0.042689729808431165,0.7348591697171192
4,2.0,1.0,1.0,1,5,0.05,30,0.729269332129334,0.033828388157540544,0.6564718918544042,3.5777087639996643,0.058571796071826915,0.013522856275934941,-0.047351244433475485,0.7401135348584548
4,2.0,1.0,1.0,1,6,0.05,36,0.7651076597083555,0.04284548550378387,0.516909481864952,2.9814239699997196,0.058571796071826915,0.009018551022962007,-0.05186403652674588,0.7696308388297364
4,2.0,1.0,1.0,1,7,0.05,42,0.79909386289526,0.04920217543257653,0.42689979050349847,2.5555062599997598,0.058571796071826915,0.006478276947628786,-0.05568045238020532,0.8011359069561534
4,2.0,1.0,1.0,1,8,0.05,48,0.8276515772526984,0.05389415042032075,0.3641575836523822,2.23606797749979,0.058571796071826915,0.0048932365924686805,-0.05878738701278943,0.8286593985835471
4,2.0,1.0,1.0,1,9,0.05,54,0.8506765228046529,0.05743513526176743,0.31789891412496085,1.987615979999813,0.058571796071826915,0.003832787392149567,-0.061267922653917,0.8512175273914344
4,2.0,1.0,1.0,1,10,0.05,60,0.8689287748874277,0.06012988709839584,0.28234079069317636,1.7888543819998322,0.058571796071826915,0.003086302512160216,-0.06321618961055606,0.8692417685509477
4,2.0,1.0,1.0,1,11,0.05,66,0.8832924026287061,0.062178476532772496,0.25412081137281867,1.6262312563634835,0.058571796071826915,0.002540024974946875,-0.06471850150771938,0.8834855443321936
4,2.0,1.0,1.0,1,12,0.05,72,0.8945640249902551,0.06372200077841131,0.23115485960677426,1.4907119849998598,0.058571796071826915,0.0021277848817456146,-0.06584978566015692,0.894689831780504
4,2.0,1.0,1.0,1,13,0.05,78,0.9034049692712414,0.06486507396549891,0.21208308634768186,1.376041832307563,0.058571796071826915,0.0018088193246167672,-0.06667389329011568,0.9034906440294216
4,2.0,1.0,1.0,1,14,0.05,84,0.9103453388137264,0.06568800812741532,0.19598026939368543,1.2777531299998799,0.058571796071826915,0.0015568412274291343,-0.06724484935484445,0.9104058348729458
4,2.0,1.0,1.0,1,15,0.05,90,0.9158028986514506,0.06625396861662727,0.18219469091585264,1.1925695879998879,0.058571796071826915,0.0013542522822610203,-0.0676082208988883,0.915846890656087
4,2.0,1.0,1.0,1,16,0.05,96,0.9201040481413597,0.06661347754112093,0.1702537319261622,1.118033988749895,0.058571796071826915,0.0011888971535116977,-0.06780237469463263,0.9201368155259689
4,2.0,1.0,1.0,1,17,0.05,102,0.9235027013062789,0.06680741802344785,0.15980607544525233,1.0522672835293128,0.058571796071826915,0.0010521543521224974,-0.06785957237557035,0.9235275947092347
4,2.0,1.0,1.0,1,18,0.05,108,0.9261960112571782,0.06686913789109114,0.15058496944446342,0.9938079899999065,0.058571796071826915,0.0009377676135875479,-0.06780690550467869,0.9262152354436439
4,2.0,1.0,1.0,1,19,0.05,114,0.9283369960640718,0.06682598244718777,0.1423841075662148,0.9415023063157008,0.058571796071826915,0.0008411058142681338,-0.0676670882614559,0.9283520473790743
4,2.0,1.0,1.0,1,20,0.05,120,0.9300444835791235,0.06670044767545899,0.13504134133598228,0.8944271909999161,0.058571796071826915,0.0007586803103274142,-0.0674591279857864,0.9300564048414866
4,2.0,1.0,1.0,1,21,0.05,126,0.9314108611026439,0.06651107039541923,0.12842740569247185,0.8518354199999197,0.058571796071826915,0.0006878219803418406,-0.06719889237576107,0.9314203958749789
4,2.0,1.0,1.0,1,22,0.05,132,0.932508077913241,0.06627312947631847,0.1224379424112211,0.8131156281817418,0.058571796071826915,0.0006264601833797789,-0.06689958965969825,0.9325157670750687
4,2.0,1.0,1.0,1,23,0.05,138,0.9333922790302006,0.06599920715257462,0.11698774605574043,0.7777627747825355,0.058571796071826915,0.0005729683959276033,-0.06657217554850223,0.9333985230429145
4,2.0,1.0,1.0,1,24,0.05,144,0.9341073764463783,0.0656996440791117,0.11200654042244727,0.7453559924999299,0.058571796071826915,0.0005260544527891375,-0.06622569853190084,0.934112476537355
4,2.0,1.0,1.0,1,25,0.05,150,0.9346878000049428,0.06538291194917065,0.10743582954742895,0.7155417527999327,0.058571796071826915,0.00048468122480907483,-0.06586759317397972,0.9346919860171462
4,2.0,1.0,1.0,1,26,0.05,156,0.9351606168580443,0.06505592102871144,0.10322651647112313,0.6880209161537815,0.058571796071826915,0.00044800844239320514,-0.06550392947110464,0.9351640664492833
4,2.0,1.0,1.0,1,27,0.05,162,0.9355471657149854,0.06472427556455812,0.09933707931736066,0.6625386599999377,0.058571796071826915,0.00041534945120660915,-0.06513962501576473,0.9355500178218223
4,2.0,1.0,1.0,1,28,0.05,168,0.9358643184612343,0.06439248694837738,0.09573215780533116,0.6388765649999399,0.058571796071826915,0.0003861386701287661,-0.06477862561850614,0.9358666828880036
4,2.0,1.0,1.0,1,29,0.05,174,0.9361254555822245,0.06406415231174828,0.09238144603631808,0.6168463386206317,0.058571796071826915,0.0003599068248948123,-0.06442405913664309,0.9361274199288445
4,2.0,1.0,1.0,1,30,0.05,180,0.9363412216443433,0.06374210460668313,0.08925881661140246,0.5962847939999439,0.058571796071826915,0.0003362619022144464,-0.06407836650889757,0.936342856379605
4,2.0,1.0,1.0,1,31,0.05,186,0.9365201115807351,0.06342853901058598,0.08634162143110463,0.577049800645107,0.058571796071826915,0.0003148743613546612,-0.06374341337194064,0.9365214738060023
4,2.0,1.0,1.0,1,32,0.05,192,0.9366689266515993,0.06312511956658359,0.08361012883262549,0.5590169943749475,0.058571796071826915,0.00029546554832607375,-0.06342058511490967,0.9366700629281772
4,2.0,1.0,1.0,1,33,0.05,198,0.9367931298639847,0.06283306925008374,0.08104706693931747,0.5420770854544946,0.058571796071826915,0.00027779854331083653,-0.06311086779339457,0.936794078363044
4,2.0,1.0,1.0,1,34,0.05,204,0.9368971236932506,0.06255324608587559,0.0786372504885102,0.5261336417646564,0.058571796071826915,0.0002616708738700235,-0.06281491695974561,0.9368979158497707
4,2.0,1.0,1.0,1,35,0.05,210,0.9369844676432344,0.06228620748890199,0.0763672738121792,0.5111012519999518,0.058571796071826915,0.00024690867138663086,-0.06253311616028862,0.9369851294427107
4,2.0,1.0,1.0,1,36,0.05,216,0.937058049127348,0.06203226463870376,0.07422525664521094,0.49690399499995325,0.058571796071826915,0.00023336195277232075,-0.06226562659147608,0.937058602117322
4,2.0,1.0,1.0,1,37,0.05,222,0.9371202180515169,0.061791528402590556,0.07220063242447142,0.48347415729725196,0.058571796071826915,0.00022090078635458865,-0.062012429188945145,0.9371206801445859
4,2.0,1.0,1.0,1,38,0.05,228,0.9371728931057377,0.06156394808111898,0.07028397099556236,0.4707511531578504,0.058571796071826915,0.00020941215741401842,-0.061773360238533,0.9371732792227138
4,2.0,1.0,1.0,1,39,0.05,234,0.9372176459513766,0.06134934405035039,0.06846682935873634,0.4586806107691876,0.058571796071826915,0.00019879739109227024,-0.06154814144144266,0.9372179685405756
4,2.0,1.0,1.0,1,40,0.05,240,0.9372557680948117,0.0611474352102319,0.06674162540076085,0.44721359549995804,0.058571796071826915,0.00018897002217990733,-0.06133640523241181,0.9372560375542546
4,2.0,1.0,1.0,1,41,0.05,246,0.9372883241645414,0.060957862010707284,0.06510153057629844,0.4363059468292273,0.058571796071826915,0.00017985402528983285,-0.06113771603599712,0.9372885491874123
4,2.0,1.0,1.0,1,42,0.05,252,0.9373161944824158,0.06078020571178297,0.0635403782942772,0.42591770999995987,0.058571796071826915,0.00017138233740615627,-0.060951588049189126,0.9373163823411639
4,2.0,1.0,1.0,1,43,0.05,258,0.9373401091821041,0.06061400443669244,0.06205258538575673,0.41601264697670504,0.058571796071826915,0.00016349561880887875,-0.06077750005550132,0.9373402659631382
4,2.0,1.0,1.0,1,44,0.05,264,0.9373606756352362,0.06045876649532773,0.06063308451990622,0.4065578140908709,0.058571796071826915,0.0001561412094449044,-0.06061490770477263,0.9373608064335454
4,2.0,1.0,1.0,1,45,0.05,270,0.937378400564118,0.06031398138566435,0.05927726582408627,0.39752319599996266,0.058571796071826915,0.00014927224621447133,-0.06046325363187882,0.937378509645123
4,2.0,1.0,1.0,1,46,0.05,276,0.9373937079238148,0.060179128821930904,0.057980926275040284,0.38888138739126776,0.058571796071826915,0.00014284691350296974,-0.06032197573543387,0.9373937988583153
4,2.0,1.0,1.0,1,47,0.05,282,0.9374069534061031,0.06005368608801795,0.0567402256781064,0.3806073153191131,0.058571796071826915,0.00013682780436841124,-0.06019051389238636,0.9374070291830047
4,2.0,1.0,1.0,1,48,0.05,288,0.9374184362382583,0.05993713397178059,0.05555164825318587,0.37267799624996495,0.058571796071826915,0.00013118137415643605,-0.060068315345937026,0.9374184993588532
4,2.0,1.0,1.0,1,49,0.05,294,0.9374284088093287,0.0598289614991978,0.05441196901007722,0.36507232285710844,0.058571796071826915,0.00012587747150202833,-0.05995483897069983,0.9374284613662901
4,2.0,1.0,1.0,1,50,0.05,300,0.9374370845466823,0.0597286696559884,0.053318224229382837,0.35777087639996635,0.058571796071826915,0.0001208889345120645,-0.059849558590500465,0.9374371282902436
4,2.0,1.0,1.0,1,51,0.05,306,0.9374446443792718,0.0596357742573424,0.05226768547477086,0.3507557611764376,0.058571796071826915,0.00011619124191372676,-0.05975196549925613,0.9374446807727366
4,2.0,1.0,1.0,1,52,0.05,312,0.937451242056143,0.05954980810331767,0.05125783665248399,0.34401045807689073,0.058571796071826915,0.00011176221080733129,-0.059661570314125,0.9374512723224434
4,2.0,1.0,1.0,1,53,0.05,318,0.9374570085350651,0.05947032253758544,0.05028635370852111,0.33751969471694937,0.058571796071826915,0.00010758173402575233,-0.05957790427161119,0.9374570336958197
4,2.0,1.0,1.0,1,54,0.05,324,0.9374620556137198,0.05939688851013121,0.049351086615707536,0.33126932999996883,0.058571796071826915,0.00010363155129419765,-0.05950052006142541,0.9374620765220223
4,2.0,1.0,1.0,1,55,0.05,330,0.9374664789422165,0.0593290972298073,0.048450043354413594,0.3252462512726967,0.058571796071826915,9.989504928442638e-05,-0.05942899227909173,0.9374664963101115
4,2.0,1.0,1.0,1,56,0.05,336,0.9374703605288832,0.059266560479991896,0.047581375633786824,0.31943828249996997,0.058571796071826915,9.635708651614672e-05,-0.05936291756650804,0.9374703749504268
4,2.0,1.0,1.0,1,57,0.05,342,0.9374737708299321,0.05920891065971665,0.04674336613637824,0.31383410210523366,0.058571796071826915,9.300383953561586e-05,-0.05930191449925227,0.9374737828005182
4,2.0,1.0,1.0,1,58,0.05,348,0.9374767704964839,0.059155800603248036,0.04593441709963977,0.3084231693103158,0.058571796071826915,8.982266759774427e-05,-0.05924562327084578,0.9374767804290456
4,2.0,1.0,1.0,1,59,0.05,354,0.9374794118387344,0.0591069032230363,0.04515304007337386,0.3031956579660732,0.058571796071826915,8.680199325816762e-05,-0.05919370521629447,0.9374794200773209
4,2.0,1.0,1.0,1,60,0.05,360,0.9374817400560168,0.05906191101401187,0.04439784671401177,0.29814239699997197,0.058571796071826915,8.393119681718297e-05,-0.05914584221082905,0.9374817468871578
4,2.0,1.0,1.0,1,61,0.05,366,0.9374837942726261,0.0590205354512386,0.043667540495127985,0.29325481672128395,0.058571796071826915,8.120052272370115e-05,-0.0591017359739623,0.9374837999348409
4,2.0,1.0,1.0,1,62,0.05,372,0.9374856084120863,0.05898250630780769,0.04296090922945001,0.2885249003225535,0.058571796071826915,7.860099659906528e-05,-0.05906110730440676,0.9374856131038264
4,2.0,1.0,1.0,1,63,0.05,378,0.937487211936712,0.058947570915446855,0.042276818310958544,0.2839451399999733,0.058571796071826915,7.612435130857631e-05,-0.05902369526675543,0.9374872158230528
4,2.0,1.0,1.0,1,64,0.05,384,0.9374886304746118,0.05891549338656623,0.04161420459743964,0.2795084971874737,0.058571796071826915,7.376296110636615e-05,-0.058989256347672596,0.9374886336927946
4,2.0,1.0,1.0,1,65,0.05,390,0.9374898863523873,0.0588860538132091,0.040972070863632123,0.2752083664615126,0.058571796071826915,7.150978283851361e-05,-0.05895756359604761,0.9374898890164574
4,2.0,1.0,1.0,1,66,0.05,396,0.9374909990486645,0.05885904745564302,0.04034948076377908,0.2710385427272473,0.058571796071826915,6.935830334764415e-05,-0.058928405758990665,0.9374910012533622
4,2.0,1.0,1.0,1,67,0.05,402,0.9374919855810159,0.05883428393094554,0.03974555424975666,0.2669931913432585,0.058571796071826915,6.730249225586626e-05,-0.0589015864232014,0.9374919874050083
4,2.0,1.0,1.0,1,68,0.05,408,0.9374928608367032,0.05881158640995521,0.0391594633973684,0.2630668208823282,0.058571796071826915,6.533675973252606e-05,-0.058876923169687734,0.9374928623453065
4,2.0,1.0,1.0,1,69,0.05,414,0.9374936378559615,0.05879079082924875,0.038590428598964395,0.2592542582608452,0.058571796071826915,6.345591833670228e-05,-0.05885424674758545,0.9374936391033626
4,2.0,1.0,1.0,1,70,0.05,420,0.9374943280750714,0.058771745123359295,0.038037715085354355,0.2555506259999759,0.058571796071826915,6.165514881512069e-05,-0.058833400272174416,0.937494329106211
4,2.0,1.0,1.0,1,71,0.05,426,0.9374949415353276,0.05875430848125312,0.037500629744253854,0.251951321408427,0.058571796071826915,5.9929969132066496e-05,-0.058814238450385185,0.9374949423874536
4,2.0,1.0,1.0,1,72,0.05,432,0.9374954870629923,0.05873835063003901,0.03697851820612615,0.24845199749997662,0.058571796071826915,5.827620657158916e-05,-0.0587966268366106,0.9374954877670122
4,2.0,1.0,1.0,1,73,0.05,438,0.9374959724245595,0.0587237511480412,0.03647076217153699,0.245048545479429,0.058571796071826915,5.66899724668557e-05,-0.05878044112050806,0.9374959730060719
4,2.0,1.0,1.0,1,74,0.05,444,0.9374964044609071,0.058710398808659886,0.03597677695698653,0.24173707864862598,0.058571796071826915,5.5167639268438595e-05,-0.058765566447928325,0.9374964049411058
4,2.0,1.0,1.0,1,75,0.05,450,0.9374967892034178,0.058698190955834256,0.03549600923862812,0.23851391759997762,0.058571796071826915,5.370581982955258e-05,-0.05875189677566381,0.9374967895998558
4,2.0,1.0,1.0,1,76,0.05,456,0.9374971319746482,0.0586870329114659,0.03502793497546849,0.2353755765789252,0.058571796071826915,5.230134850567336e-05,-0.058739334259971576,0.9374971323018686
4,2.0,1.0,1.0,1,77,0.05,462,0.9374974374757381,0.05867683741473948,0.034572057495630436,0.2323187509090691,0.058571796071826915,5.0951264009280184e-05,-0.05872778867874876,0.937497437745757
4,2.0,1.0,1.0,1,78,0.05,468,0.9374977098624037,0.05866752409297834,0.03412790573091393,0.2293403053845938,0.058571796071826915,4.965279375587772e-05,-0.05871717688673422,0.9374977100851716
4,2.0,1.0,1.0,1,79,0.05,474,0.9374979528111221,0.0586590189634151,0.03369503258636142,0.2264372635442825,0.058571796071826915,4.840333966610322e-05,-0.0587074223030812,0.9374979529948653
4,2.0,1.0,1.0,1,80,0.05,480,0.9374981695768354,0.05865125396504438,0.033273013432988365,0.22360679774997902,0.058571796071826915,4.720046508172038e-05,-0.0586984544301261,0.9374981697283593
4,2.0,1.0,1.0,2,1,0.0,6,0.9508142163439619,0.6550531954760196,1.9986418100798182,31.155302682473486,0.058571796071826915,0.6550531954760196,0.0,0.975097029194512
4,2.0,1.0,1.0,2,2,0.0,12,0.9166733926169361,0.028581110729709522,1.9494636171173487,7.788825670618372,0.058571796071826915,-0.028581110729709543,2.0816681711721685e-17,0.9574306202628668
4,2.0,1.0,1.0,2,3,0.0,18,0.2581493580574161,0.06274140065510928,1.0056900199814502,3.4617002980526084,0.058571796071826915,-0.06274140065510966,3.885780586188048e-16,0.5080840068900192
4,2.0,1.0,1.0,2,4,0.0,24,0.0827137267637661,0.03631755521266439,0.5312178848986073,1.947206417654593,0.058571796071826915,-0.03631755521266415,-2.3592239273284576e-16,0.2875999422179469
4,2.0,1.0,1.0,2,5,0.0,30,0.0326183223717984,0.023291472107575567,0.3269310902367711,1.2462121072989396,0.058571796071826915,-0.023291472107575206,-3.608224830031759e-16,0.18060543284131617
4,2.0,1.0,1.0,2,6,0.0,36,0.015282474242896638,0.016147878433160318,0.22190344610085305,0.8654250745131521,0.058571796071826915,-0.01614787843315993,-3.885780586188048e-16,0.12362230479528794
4,2.0,1.0,1.0,2,7,0.0,42,0.00808820144494038,0.011842148279772646,0.16073267590130424,0.6358225037239486,0.058571796071826915,-0.011842148279772702,5.551115123125783e-17,0.08993442858515764
4,2.0,1.0,1.0,2,8,0.0,48,0.004677144939733369,0.009053226894176897,0.12191512653514122,0.4868016044136482,0.058571796071826915,-0.009053226894177618,7.216449660063518e-16,0.06838965520995023
4,2.0,1.0,1.0,2,9,0.0,54,0.0028918552529415553,0.007145009269076602,0.09570677353266412,0.3846333664502899,0.058571796071826915,-0.007145009269076741,1.3877787807814457e-16,0.05377597282187999
4,2.0,1.0,1.0,2,10,0.0,60,0.0018839844412257278,0.005782392489118521,0.07716254342752717,0.3115530268247349,0.058571796071826915,-0.005782392489118493,-2.7755575615628914e-17,0.04340488960048998
4,2.0,1.0,1.0,2,11,0.0,66,0.001279970630959637,0.004775595949800815,0.06355065487509248,0.25748184035102056,0.058571796071826915,-0.004775595949800121,-6.938893903907228e-16,0.03577667719279675
4,2.0,1.0,1.0,2,12,0.0,72,0.0009000605751243729,0.004010689482315033,0.053259620325829725,0.21635626862828802,0.058571796071826915,-0.0040106894823137285,-1.304512053934559e-15,0.0300010095685145
4,2.0,1.0,1.0,2,13,0.0,78,0.0006513751803950418,0.0034159417273871284,0.0452877872909928,0.1843509034465887,0.058571796071826915,-0.0034159417273864623,-6.661338147750939e-16,0.025522052824699857
4,2.0,1.0,1.0,2,14,0.0,84,0.0004830374955617778,0.0029443686012058934,0.03898542526180495,0.15895562593098714,0.058571796071826915,-0.002944368601204811,-1.0824674490095276e-15,0.02197811401278245
4,2.0,1.0,1.0,2,15,0.0,90,0.0003657856580179253,0.0025641530168084847,0.03391585631056446,0.1384680119221044,0.058571796071826915,-0.0025641530168093174,8.326672684688674e-16,0.019125523731969605
4,2.0,1.0,1.0,2,16,0.0,96,0.00028207929688961464,0.002253127263897703,0.02977665420198047,0.12170040110341206,0.058571796071826915,-0.0022531272638979805,2.7755575615628914e-16,0.016795216488405772
4,2.0,1.0,1.0,2,17,0.0,102,0.00022102413999391946,0.0019954626119306484,0.026352914702016218,0.10780381551028888,0.058571796071826915,-0.0019954626119305374,-1.1102230246251565e-16,0.014866880641198208
4,2.0,1.0,1.0,2,18,0.0,108,0.00017564184767171476,0.0017796119592264903,0.023488484155813935,0.09615834161257247,0.058571796071826915,-0.0017796119592276005,1.1102230246251565e-15,0.013252993913672717
4,2.0,1.0,1.0,2,19,0.0,114,0.0001413399015052219,0.0015969914151538755,0.021067661700531776,0.08630277751377696,0.058571796071826915,-0.0015969914151541809,3.0531133177191805e-16,0.011888645906939669
4,2.0,1.0,1.0,2,20,0.0,120,0.00011502277426767016,0.0014411123573040974,0.01900322899135048,0.07788825670618373,0.058571796071826915,-0.0014411123573045415,4.440892098500626e-16,0.010724867098247244
4,2.0,1.0,1.0,2,21,0.0,126,9.455904904409618e-05,0.001306996265725835,0.01722842221083578,0.07064694485821651,0.058571796071826915,-0.001306996265726862,1.0269562977782698e-15,0.009724147728187412
4,2.0,1.0,1.0,2,22,0.0,132,7.845285101004684e-05,0.0011907717348440539,0.01569142793538152,0.06437046008775514,0.058571796071826915,-0.0011907717348441094,5.551115123125783e-17,0.008857361402388107
4,2.0,1.0,1.0,2,23,0.0,138,6.56361086387447e-05,0.0010893916074755372,0.014351534292070476,0.05889471206516727,0.058571796071826915,-0.0010893916074744825,-1.0547118733938987e-15,0.00810161148409435
4,2.0,1.0,1.0,2,24,0.0,144,5.533420983439008e-05,0.001000430982579792,0.013176391484845567,0.054089067157072006,0.058571796071826915,-0.0010004309825799584,1.6653345369377348e-16,0.007438696783686284
4,2.0,1.0,1.0,2,25,0.0,150,4.697732909242358e-05,0.0009219407084914422,0.012140030439604804,0.04984848429195759,0.058571796071826915,-0.0009219407084922193,7.771561172376096e-16,0.006854000954236406
4,2.0,1.0,1.0,2,26,0.0,156,4.01408015939797e-05,0.0008523396006899775,0.011221408750562885,0.04608772586164717,0.058571796071826915,-0.0008523396006920037,2.0261570199409107e-15,0.00633567688489904
4,2.0,1.0,1.0,2,27,0.0,162,3.45043432929959e-05,0.000790334111849561,0.010403329319574196,0.04273704071669887,0.058571796071826915,-0.0007903341118489227,-6.38378239159465e-16,0.0058740397764376565
4,2.0,1.0,1.0,2,28,0.0,168,2.9823722454525026e-05,0.0007348577436009363,0.009671626305604098,0.039738906482746784,0.058571796071826915,-0.000734857743600853,-8.326672684688674e-17,0.005461110004165106
4,2.0,1.0,1.0,2,29,0.0,174,2.5910797187833623e-05,0.0006850248432087036,0.009014545398327014,0.03704554421221579,0.058571796071826915,-0.0006850248432078432,-8.604228440844963e-16,0.005090264942169318
4,2.0,1.0,1.0,2,30,0.0,180,2.261926045510343e-05,0.0006400950099264557,0.008422267120936532,0.0346170029805261,0.058571796071826915,-0.0006400950099269553,4.996003610813204e-16,0.00475597103330045
4,2.0,1.0,1.0,2,31,0.0,186,1.983433592567252e-05,0.0005994454151502793,0.007886536620586103,0.03241966980486315,0.058571796071826915,-0.000599445415152472,2.192690473634684e-15,0.00445357563411675
4,2.0,1.0,1.0,2,32,0.0,192,1.746524340140443e-05,0.0005625490871734584,0.007400373588021383,0.030425100275853014,0.058571796071826915,-0.0005625490871730976,-3.608224830031759e-16,0.004179143859669889
4,2.0,1.0,1.0,2,33,0.0,198,1.5439631406821697e-05,0.000528957735637936,0.006957843070414635,0.02860909337233562,0.058571796071826915,-0.0005289577356385744,6.38378239159465e-16,0.003929329639255294
4,2.0,1.0,1.0,2,34,0.0,204,1.3699421972046544e-05,0.0004982880623998487,0.006553872987819937,0.02695095387757222,0.058571796071826915,-0.0004982880623994046,-4.440892098500626e-16,0.003701273020910469
4,2.0,1.0,1.0,2,35,0.0,210,1.2197680498315933e-05,0.00047021077274470024,0.006184107779411282,0.025432900148957945,0.058571796071826915,-0.00047021077274450596,-1.942890293094024e-16,0.003492517788572833
4,2.0,1.0,1.0,2,36,0.0,216,1.0896237404356413e-05,0.00044444169494956,0.005844790225930572,0.02403958540314312,0.058571796071826915,-0.0004444416949498098,2.498001805406602e-16,0.003300944925090985
4,2.0,1.0,1.0,2,37,0.0,222,9.763865888023915e-06,0.0004207345581277444,0.00553266541249454,0.022757708314443747,0.058571796071826915,-0.00042073455812666194,-1.0824674490095276e-15,0.0031247185299738507
4,2.0,1.0,1.0,2,38,0.0,228,8.77487526929066e-06,0.00039887508368324776,0.005244902213094082,0.02157569437844424,0.058571796071826915,-0.0003988750836834143,1.6653345369377348e-16,0.00296224159621211
4,2.0,1.0,1.0,2,39,0.0,234,7.908016895319392e-06,0.00037867612420669494,0.00497902873480571,0.02048343371628763,0.058571796071826915,-0.00037867612420669494,0.0,0.002812119643725799
4,2.0,1.0,1.0,2,40,0.0,240,7.14562746917391e-06,0.00035997364283626987,0.0047328789545901945,0.01947206417654593,0.058571796071826915,-0.0003599736428384903,2.220446049250313e-15,0.002673130653330344
4,2.0,1.0,1.0,2,41,0.0,246,6.47295406785986e-06,0.000342623371067996,0.0045045483837250705,0.018533791006825395,0.058571796071826915,-0.00034262337106677476,-1.2212453270876722e-15,0.002544200083560097
4,2.0,1.0,1.0,2,42,0.0,252,5.877618455274458e-06,0.0003264980171109877,0.004292357055156604,0.01766173621455413,0.058571796071826915,-0.00032649801710787907,-3.1086244689504383e-15,0.0024243800112690008
4,2.0,1.0,1.0,2,43,0.0,258,5.349190178249863e-06,0.000311484923705585,0.00409481848290347,0.016849812159260943,0.058571796071826915,-0.0003114849237062789,6.938893903907228e-16,0.0023128316357801243
4,2.0,1.0,1.0,2,44,0.0,264,4.878844008349148e-06,0.0002974840944363344,0.003910613516779064,0.016092615021938785,0.058571796071826915,-0.0002974840944371948,8.604228440844963e-16,0.002208810540625892
4,2.0,1.0,1.0,2,45,0.0,270,4.4590835865943035e-06,0.00028440652375710807,0.0037385682292998008,0.015385334658011602,0.058571796071826915,-0.0002844065237578852,7.771561172376096e-16,0.0021116542269693124
4,2.0,1.0,1.0,2,46,0.0,276,4.083517580633078e-06,0.0002721727784899264,0.0035776351392470917,0.014723678016291817,0.058571796071826915,-0.00027217277849281296,2.886579864025407e-15,0.002020771527076977
4,2.0,1.0,1.0,2,47,0.0,282,3.7466773530336894e-06,0.00026071178843212195,0.003426877208473231,0.014103803839960835,0.058571796071826915,-0.00026071178843323217,1.1102230246251565e-15,0.001935633580603976
4,2.0,1.0,1.0,2,48,0.0,288,3.443867880870144e-06,0.0002499598115435764,0.003285454153408093,0.013522266789268001,0.058571796071826915,-0.00024995981154596336,2.3869795029440866e-15,0.0018557661153917916
4,2.0,1.0,1.0,2,49,0.0,294,3.1710449788224793e-06,0.00023985954548141897,0.003152610696320821,0.012975969463754053,0.058571796071826915,-0.00023985954547836585,-3.0531133177191805e-15,0.0017807428216565439
4,2.0,1.0,1.0,2,50,0.0,300,2.9247144202049213e-06,0.00023035936236581733,0.0030276664482633856,0.012462121072989397,0.058571796071826915,-0.00023035936236504018,-7.771561172376096e-16,0.0017101796459315368
4,2.0,1.0,1.0,2,51,0.0,306,2.7018478366835907e-06,0.00022141264752684187,0.0029100071698694146,0.01197820172336543,0.058571796071826915,-0.00022141264752667533,-1.6653345369377348e-16,0.00164372986177163
4,2.0,1.0,1.0,2,52,0.0,312,2.4998133253406607e-06,0.00021297722650315265,0.00279907719938043,0.011521931465411793,0.058571796071826915,-0.00021297722650331918,1.6653345369377348e-16,0.0015810797985945967
4,2.0,1.0,1.0,2,53,0.0,318,2.3163169936557537e-06,0.00020501486693300097,0.0026943728732515665,0.011091243389987,0.058571796071826915,-0.00020501486693150217,-1.4988010832439613e-15,0.0015219451301397794
4,2.0,1.0,1.0,2,54,0.0,324,2.149354336511422e-06,0.00019749084453432597,0.0025954367931381598,0.010684260179174718,0.058571796071826915,-0.00019749084453590804,1.582067810090848e-15,0.0014660676402332047
4,2.0,1.0,1.0,2,55,0.0,330,1.9971692669651375e-06,0.00019037356376575,0.0025018528172235945,0.010299273614040821,0.058571796071826915,-0.00019037356376339076,-2.3592239273284576e-15,0.0014132123970063111
4,2.0,1.0,1.0,2,56,0.0,336,1.8582195649985422e-06,0.00018363422553716036,0.0024132416730230175,0.009934726620686696,0.058571796071826915,-0.0001836342255395751,2.4147350785597155e-15,0.0013631652776281368
4,2.0,1.0,1.0,2,57,0.0,342,1.7311475337677962e-06,0.00017724653535639012,0.0023292571050860297,0.009589197501530774,0.058571796071826915,-0.00017724653535763912,1.2490009027033011e-15,0.0013157307947212378
4,2.0,1.0,1.0,2,58,0.0,348,1.6147552163170431e-06,0.00017118644638000613,0.0022495824843761594,0.009261386053053948,0.058571796071826915,-0.00017118644637631464,-3.6914915568786455e-15,0.001270730183177351
4,2.0,1.0,1.0,2,59,0.0,354,1.5079833259878939e-06,0.00016543193278795165,0.002173927817011009,0.008950101316424444,0.058571796071826915,-0.00016543193278856227,6.106226635438361e-16,0.00122799971225046
4,2.0,1.0,1.0,2,60,0.0,360,1.409893087056524e-06,0.00015996278924931828,0.002102027099712576,0.008654250745131525,0.058571796071826915,-0.00015996278924682028,-2.4980018054066022e-15,0.0011873891932212563
4,2.0,1.0,1.0,2,61,0.0,366,1.3196510331159317e-06,0.00015476045337489697,0.0020336359765086,0.0083728306053409,0.058571796071826915,-0.0001547604533780611,3.164135620181696e-15,0.0011487606570188733
4,2.0,1.0,1.0,2,62,0.0,372,1.2365155031002217e-06,0.00014980784790966095,0.001968529658341006,0.008104917451215787,0.058571796071826915,-0.00014980784790910584,-5.551115123125783e-16,0.0011119871801562589
4,2.0,1.0,1.0,2,63,0.0,378,1.1598252742661685e-06,0.00014508924038308946,0.0019065010722249239,0.007849660539801835,0.058571796071826915,-0.0001450892403841164,1.0269562977782698e-15,0.00107695184018076
4,2.0,1.0,1.0,2,64,0.0,384,1.0889898719446123e-06,0.00014059011806133448,0.0018473592115153354,0.0076062750689632535,0.058571796071826915,-0.00014059011806177857,4.440892098500626e-16,0.0010435467845923473
4,2.0,1.0,1.0,2,65,0.0,390,1.023481035034024e-06,0.00013629707614956632,0.0017909276627314284,0.0073740361378635474,0.058571796071826915,-0.00013629707615198106,2.4147350785597155e-15,0.0010116723993616838
4,2.0,1.0,1.0,2,66,0.0,396,9.628251985693836e-07,0.00013219771783257173,0.0017370432875614761,0.007152273343083905,0.058571796071826915,-0.00013219771783254397,-2.7755575615628914e-17,0.0009812365650571986
4,2.0,1.0,1.0,2,67,0.0,402,9.065972169652881e-07,0.0001282805646451446,0.0016855550417642347,0.006940365935057582,0.058571796071826915,-0.00012828056464311843,-2.0261570199409107e-15,0.0009521539901776277
4,2.0,1.0,1.0,2,68,0.0,408,8.544148344391544e-07,0.000124534976075924,0.0016363229148289216,0.006737738469393055,0.058571796071826915,-0.0001245349760763681,4.440892098500626e-16,0.0009243456126178033
4,2.0,1.0,1.0,2,69,0.0,414,8.059336097376857e-07,0.00012095107715182074,0.0015892169766160199,0.006543856896129697,0.058571796071826915,-0.00012095107715187625,5.551115123125783e-17,0.0008977380615725098
4,2.0,1.0,1.0,2,70,0.0,420,7.608430129257826e-07,0.00011751969334708456,0.0015441165186527328,0.006358225037239486,0.058571796071826915,-0.00011751969334694579,-1.3877787807814457e-16,0.0008722631727978158
4,2.0,1.0,1.0,2,71,0.0,426,7.188624213672057e-07,0.00011423229174373217,0.001500909279682782,0.006180381408941379,0.058571796071826915,-0.00011423229173948557,-4.246603069191224e-15,0.0008478575514112199
4,2.0,1.0,1.0,2,72,0.0,432,6.797378684364475e-07,0.00011108092795442115,0.0014594907460027985,0.00600989635078578,0.058571796071826915,-0.00011108092795583668,1.4155343563970746e-15,0.0008244621769833412
4,2.0,1.0,1.0,2,73,0.0,438,6.432393652167079e-07,0.0001080581980674733,0.001419763518494071,0.005846369428124129,0.058571796071826915,-0.00010805819806913863,1.6653345369377348e-15,0.0008020220461591467
4,2.0,1.0,1.0,2,74,0.0,444,6.091581230549536e-07,0.00010515719510986732,0.0013816367392134798,0.005689427078610937,0.058571796071826915,-0.0001051571951092567,-6.106226635438361e-16,0.0007804858489933706
4,2.0,1.0,1.0,2,75,0.0,450,5.77304637428e-07,0.00010237146958827492,0.0013450255711402019,0.005538720476884177,0.058571796071826915,-0.00010237146959546362,7.188694084447889e-15,0.0007598056752184661
4,2.0,1.0,1.0,2,76,0.0,456,5.475063796778201e-07,9.969499354134381e-05,0.0013098507256463251,0.00539392359461106,0.058571796071826915,-9.969499353942868e-05,-1.915134717478395e-15,0.0007399367474801232
4,2.0,1.0,1.0,2,77,0.0,462,5.196062446977123e-07,9.712212795601194e-05,0.0012760380325829374,0.005254731435735114,0.058571796071826915,-9.712212795220942e-05,-3.802513859341161e-15,0.0007208371786534809
4,2.0,1.0,1.0,2,78,0.0,468,4.934609000306622e-07,9.464759299737668e-05,0.00124351804883489,0.005120858429071907,0.058571796071826915,-9.464759299615544e-05,-1.2212453270876722e-15,0.0007024677508161279
4,2.0,1.0,1.0,2,79,0.0,474,4.6893971294981185e-07,9.226644095949865e-05,0.0012122257012951781,0.004992036962421645,0.058571796071826915,-9.226644095483572e-05,-4.6629367034256575e-15,0.0006847917136540709
4,2.0,1.0,1.0,2,80,0.0,480,4.459229022701905e-07,8.997403140550975e-05,0.0011820999609445466,0.004868016044136483,0.058571796071826915,-8.997403140442728e-05,-1.0824674490095276e-15,0.0006677746005288234
4,2.0,1.0,1.0,2,1,0.0002,6,0.9507868231099591,0.6547677740244003,1.9986418100798182,31.155302682473486,0.058571796071826915,0.6550531954760196,-0.0002854214516192499,0.9750301121514194
4,2.0,1.0,1.0,2,2,0.0002,12,0.9167717337042365,0.028507730401015043,1.9494636171173487,7.788825670618372,0.058571796071826915,-0.028581110729709543,7.338032869450006e-05,0.9573912732350573
4,2.0,1.0,1.0,2,3,0.0002,18,0.260344621910775,0.06276365240093289,1.0056900199814502,3.4617002980526084,0.058571796071826915,-0.06274140065510966,-2.2251745823223534e-05,0.5087038715122063
4,2.0,1.0,1.0,2,4,0.0002,24,0.08635883970046176,0.0364326253804621,0.5312178848986073,1.947206417654593,0.058571796071826915,-0.03631755521266415,-0.00011507016779795098,0.28887224053951865
4,2.0,1.0,1.0,2,5,0.0002,30,0.037427613343801625,0.02348353901292352,0.3269310902367711,1.2462121072989396,0.058571796071826915,-0.023291472107575206,-0.00019206690534831483,0.18247739443946667
4,2.0,1.0,1.0,2,6,0.0002,36,0.021150108959813174,0.016408821161444792,0.22190344610085305,0.8654250745131521,0.058571796071826915,-0.01614787843315993,-0.0002609427282848631,0.12605839550797096
4,2.0,1.0,1.0,2,7,0.0002,42,0.014973478225004389,0.012167467665711251,0.16073267590130424,0.6358225037239486,0.058571796071826915,-0.011842148279772702,-0.0003253193859385495,0.09292294788444365
4,2.0,1.0,1.0,2,8,0.0002,48,0.012561481779481687,0.009440206715617683,0.12191512653514122,0.4868016044136482,0.058571796071826915,-0.009053226894177618,-0.0003869798214400644,0.07193457325240414
4,2.0,1.0,1.0,2,9,0.0002,54,0.011765524707228026,0.007591883431746466,0.09570677353266412,0.3846333664502899,0.058571796071826915,-0.007145009269076741,-0.0004468741626697248,0.05789288692268178
4,2.0,1.0,1.0,2,10,0.0002,60,0.011741233383009364,0.006287943129055701,0.07716254342752717,0.3115530268247349,0.058571796071826915,-0.005782392489118493,-0.0005055506399372078,0.048119277809532415
4,2.0,1.0,1.0,2,11,0.0002,66,0.012117014591518815,0.005338943082066783,0.06355065487509248,0.25748184035102056,0.058571796071826915,-0.004775595949800121,-0.0005633471322666617,0.041122998194507876
4,2.0,1.0,1.0,2,12,0.0002,72,0.012714168067251452,0.004631172710944598,0.053259620325829725,0.21635626862828802,0.058571796071826915,-0.0040106894823137285,-0.0006204832286308692,0.0360220144713536
4,2.0,1.0,1.0,2,13,0.0002,78,0.013440414032633519,0.004093049638725393,0.0452877872909928,0.1843509034465887,0.058571796071826915,-0.0034159417273864623,-0.0006771079113389311,0.03226791927928551
4,2.0,1.0,1.0,2,14,0.0002,84,0.01424523460143401,0.003677694493949807,0.03898542526180495,0.15895562593098714,0.058571796071826915,-0.002944368601204811,-0.0007333258927449959,0.029505146398116477
4,2.0,1.0,1.0,2,15,0.0002,90,0.015099592528014294,0.0033533659861136045,0.03391585631056446,0.1384680119221044,0.058571796071826915,-0.0025641530168093174,-0.0007892129693042871,0.02749427525777514
4,2.0,1.0,1.0,2,16,0.0002,96,0.015986093246390665,0.003097952653374758,0.02977665420198047,0.12170040110341206,0.058571796071826915,-0.0022531272638979805,-0.0008448253894767777,0.02606803220441116
4,2.0,1.0,1.0,2,17,0.0002,102,0.01689394022651114,0.002895668406179025,0.026352914702016218,0.10780381551028888,0.058571796071826915,-0.0019954626119305374,-0.0009002057942484876,0.025105037618932666
4,2.0,1.0,1.0,2,18,0.0002,108,0.0178162225426991,0.0027349990701085736,0.023488484155813935,0.09615834161257247,0.058571796071826915,-0.0017796119592276005,-0.0009553871108809731,0.02451378108512284
4,2.0,1.0,1.0,2,19,0.0002,114,0.018748395375099536,0.0026073865942667085,0.021067661700531776,0.08630277751377696,0.058571796071826915,-0.0015969914151541809,-0.0010103951791125276,0.024222808349218822
4,2.0,1.0,1.0,2,20,0.0002,120,0.019687397738604284,0.0025063629244970187,0.01900322899135048,0.07788825670618373,0.058571796071826915,-0.0014411123573045415,-0.0010652505671924772,0.024174785954855574
4,2.0,1.0,1.0,2,21,0.0002,126,0.02063112377257259,0.0024269661212881766,0.01722842221083578,0.07064694485821651,0.058571796071826915,-0.001306996265726862,-0.0011199698555613147,0.02432295157892239
4,2.0,1.0,1.0,2,22,0.0002,132,0.02157809689239587,0.0023653382969089087,0.01569142793538152,0.06437046008775514,0.058571796071826915,-0.0011907717348441094,-0.0011745665620647994,0.024628945889476478
4,2.0,1.0,1.0,2,23,0.0002,138,0.022527263864961622,0.002318443427946598,0.014351534292070476,0.05889471206516727,0.058571796071826915,-0.0010893916074744825,-0.0012290518204721157,0.02506137180376676
4,2.0,1.0,1.0,2,24,0.0002,144,0.02347786169989563,0.002283865868499907,0.013176391484845567,0.054089067157072006,0.058571796071826915,-0.0010004309825799584,-0.0012834348859199485,0.025594701018199186
4,2.0,1.0,1.0,2,25,0.0002,150,0.024429329833208446,0.002259664225257557,0.012140030439604804,0.04984848429195759,0.058571796071826915,-0.0009219407084922193,-0.0013377235167653379,0.02620834474149302
4,2.0,1.0,1.0,2,26,0.0002,156,0.02538125110536582,0.0022442638674443904,0.011221408750562885,0.04608772586164717,0.058571796071826915,-0.0008523396006920037,-0.0013919242667523868,0.02688582375812594
4,2.0,1.0,1.0,2,27,0.0002,162,0.026333311413869853,0.002236376823081837,0.010403329319574196,0.04273704071669887,0.058571796071826915,-0.0007903341118489227,-0.0014460427112329144,0.02761402772086568
4,2.0,1.0,1.0,2,28,0.0002,168,0.02728527169888606,0.002234941367727755,0.009671626305604098,0.039738906482746784,0.058571796071826915,-0.000734857743600853,-0.0015000836241269022,0.02838256928182318
4,2.0,1.0,1.0,2,29,0.0002,174,0.028236948211839308,0.0022390759610156075,0.009014545398327014,0.03704554421221579,0.058571796071826915,-0.0006850248432078432,-0.0015540511178077643,0.02918323658331058
4,2.0,1.0,1.0,2,30,0.0002,180,0.029188198432485213,0.002248043764513652,0.008422267120936532,0.0346170029805261,0.058571796071826915,-0.0006400950099269553,-0.0016079487545866966,0.030009540836282912
4,2.0,1.0,1.0,2,31,0.0002,186,0.030138910894262128,0.0022612250515474386,0.007886536620586103,0.03241966980486315,0.058571796071826915,-0.000599445415152472,-0.0016617796363949666,0.030856350070507927
4,2.0,1.0,1.0,2,32,0.0002,192,0.031088997748281777,0.002278095564595989,0.007400373588021383,0.030425100275853014,0.058571796071826915,-0.0005625490871730976,-0.0017155464774228912,0.031719597165411305
4,2.0,1.0,1.0,2,33,0.0002,198,0.03203838927156588,0.0022982093990521757,0.006957843070414635,0.02860909337233562,0.058571796071826915,-0.0005289577356385744,-0.0017692516634136013,0.032596049606051614
4,2.0,1.0,1.0,2,34,0.0002,204,0.0329870297704844,0.0023211853628065937,0.006553872987819937,0.02695095387757222,0.058571796071826915,-0.0004982880623994046,-0.0018228973004071891,0.03348312920474199
4,2.0,1.0,1.0,2,35,0.0002,210,0.03393487449645316,0.002346696027753198,0.006184107779411282,0.025432900148957945,0.058571796071826915,-0.00047021077274450596,-0.001876485255008692,0.03437877153649817
4,2.0,1.0,1.0,2,36,0.0002,216,0.034881887303690906,0.0023744588828711333,0.005844790225930572,0.02403958540314312,0.058571796071826915,-0.0004444416949498098,-0.0019300171879213235,0.03528131655133547
4,2.0,1.0,1.0,2,37,0.0002,222,0.03582803885562402,0.0024042291400956095,0.00553266541249454,0.022757708314443747,0.058571796071826915,-0.00042073455812666194,-0.0019834945819689476,0.036189423465865234
4,2.0,1.0,1.0,2,38,0.0002,228,0.036773305241140086,0.0024357938493378972,0.005244902213094082,0.02157569437844424,0.058571796071826915,-0.0003988750836834143,-0.002036918765654483,0.03710200447305166
4,2.0,1.0,1.0,2,39,0.0002,234,0.037717666898907876,0.0024689670573028732,0.00497902873480571,0.02048343371628763,0.058571796071826915,-0.00037867612420669494,-0.0020902909330961783,0.0380181730027894
4,2.0,1.0,1.0,2,40,0.0002,240,0.038661107775625925,0.00250358580375154,0.0047328789545901945,0.01947206417654593,0.058571796071826915,-0.0003599736428384903,-0.00214361216091305,0.03893720322772108
4,2.0,1.0,1.0,2,41,0.0002,246,0.03960361466318674,0.002539506793722529,0.0045045483837250705,0.018533791006825395,0.058571796071826915,-0.00034262337106677476,-0.0021968834226557543,0.03985849826637482
4,2.0,1.0,1.0,2,42,0.0002,252,0.040545176672934446,0.0025766036182300334,0.004292357055156604,0.01766173621455413,0.058571796071826915,-0.00032649801710787907,-0.0022501056011221543,0.040781565124565704
4,2.0,1.0,1.0,2,43,0.0002,258,0.04148578481696752,0.0026147644226908184,0.00409481848290347,0.016849812159260943,0.058571796071826915,-0.0003114849237062789,-0.0023032794989845395,0.04170599487086342
4,2.0,1.0,1.0,2,44,0.0002,264,0.04242543167233226,0.002653889942383164,0.003910613516779064,0.016092615021938785,0.058571796071826915,-0.0002974840944371948,-0.0023564058479459693,0.04263144688938726
4,2.0,1.0,1.0,2,45,0.0002,270,0.043364111110323456,0.002693891840401197,0.0037385682292998008,0.015385334658011602,0.058571796071826915,-0.0002844065237578852,-0.0024094853166433117,0.04355763631985296
4,2.0,1.0,1.0,2,46,0.0002,276,0.04430181807734934,0.0027346912960335146,0.0035776351392470917,0.014723678016291817,0.058571796071826915,-0.00027217277849281296,-0.0024625185175407016,0.04448432399821511
4,2.0,1.0,1.0,2,47,0.0002,282,0.04523854841654651,0.0027762178013826244,0.003426877208473231,0.014103803839960835,0.058571796071826915,-0.00026071178843323217,-0.0025155060129493922,0.04541130836654012
4,2.0,1.0,1.0,2,48,0.0002,288,0.04617429872203094,0.0028184081317852716,0.003285454153408093,0.013522266789268001,0.058571796071826915,-0.00024995981154596336,-0.0025684483202393082,0.046338418939857365
4,2.0,1.0,1.0,2,49,0.0002,294,0.04710906621894617,0.0028612054619588934,0.003152610696320821,0.012975969463754053,0.058571796071826915,-0.00023985954547836585,-0.0026213459164805275,0.0472655110087085
4,2.0,1.0,1.0,2,50,0.0002,300,0.04804284866495545,0.00290455860481173,0.0030276664482633856,0.012462121072989397,0.058571796071826915,-0.00023035936236504018,-0.00267419924244669,0.04819246132676061
4,2.0,1.0,1.0,2,51,0.0002,306,0.048975644268213436,0.002948421353754449,0.0029100071698694146,0.01197820172336543,0.058571796071826915,-0.00022141264752667533,-0.0027270087062277737,0.049119164586172534
4,2.0,1.0,1.0,2,52,0.0002,312,0.04990745161969434,0.00299275191285589,0.00279907719938043,0.011521931465411793,0.058571796071826915,-0.00021297722650331918,-0.0027797746863525707,0.050045530526157525
4,2.0,1.0,1.0,2,53,0.0002,318,0.05083826963624405,0.0030375124015324106,0.0026943728732515665,0.011091243389987,0.058571796071826915,-0.00020501486693150217,-0.0028324975346009085,0.05097148155168303
4,2.0,1.0,1.0,2,54,0.0002,324,0.051768097513243294,0.0030826684230114976,0.0025954367931381598,0.010684260179174718,0.058571796071826915,-0.00019749084453590804,-0.0028851775784755895,0.05189695076547148
4,2.0,1.0,1.0,2,55,0.0002,330,0.052696934684764885,0.003128188687203326,0.0025018528172235945,0.010299273614040821,0.058571796071826915,-0.00019037356376339076,-0.0029378151234399352,0.05282188033562597
4,2.0,1.0,1.0,2,56,0.0002,336,0.05362478078997701,0.0031740446803816824,0.0024132416730230175,0.009934726620686696,0.058571796071826915,-0.0001836342255395751,-0.0029904104548421073,0.05374622013696658
4,2.0,1.0,1.0,2,57,0.0002,342,0.05455163564464138,0.00322021037510814,0.0023292571050860297,0.009589197501530774,0.058571796071826915,-0.00017724653535763912,-0.003042963839750501,0.05466992661632118
4,2.0,1.0,1.0,2,58,0.0002,348,0.05547749921706768,0.0032666619748523418,0.0022495824843761594,0.009261386053053948,0.058571796071826915,-0.00017118644637631464,-0.003095475528476027,0.05559296184186339
4,2.0,1.0,1.0,2,59,0.0002,354,0.056402371607671586,0.0033133776887952493,0.002173927817011009,0.008950101316424444,0.058571796071826915,-0.00016543193278856227,-0.003147945756006687,0.05651529270405357
4,2.0,1.0,1.0,2,60,0.0002,360,0.05732625303140937,0.0033603375325751417,0.002102027099712576,0.008654250745131525,0.058571796071826915,-0.00015996278924682028,-0.0032003747433283214,0.05743689024185273
4,2.0,1.0,1.0,2,61,0.0002,366,0.058249143803012604,0.0034075231518800875,0.0020336359765086,0.0083728306053409,0.058571796071826915,-0.0001547604533780611,-0.0032527626985020264,0.05835772907305521
4,2.0,1.0,1.0,2,62,0.0002,372,0.0591710443239698,0.003454917665696805,0.001968529658341006,0.008104917451215787,0.058571796071826915,-0.00014980784790910584,-0.003305109817787699,0.059277786910939864
4,2.0,1.0,1.0,2,63,0.0002,378,0.06009195507152065,0.003502505526889993,0.0019065010722249239,0.007849660539801835,0.058571796071826915,-0.0001450892403841164,-0.0033574162865058765,0.0601970441532569
4,2.0,1.0,1.0,2,64,0.0002,384,0.061011876589303404,0.0035502723980093964,0.0018473592115153354,0.0076062750689632535,0.058571796071826915,-0.00014059011806177857,-0.003409682279947618,0.061115483531708405
4,2.0,1.0,1.0,2,65,0.0002,390,0.061930809479136206,0.003598205040276886,0.0017909276627314284,0.0073740361378635474,0.058571796071826915,-0.00013629707615198106,-0.003461907964124905,0.06203308981213861
4,2.0,1.0,1.0,2,66,0.0002,396,0.06284875439373505,0.0036462912143104542,0.0017370432875614761,0.007152273343083905,0.058571796071826915,-0.00013219771783254397,-0.0035140934964779103,0.06294984953736935
4,2.0,1.0,1.0,2,67,0.0002,402,0.06376571203071846,0.003694519591151163,0.0016855550417642347,0.006940365935057582,0.058571796071826915,-0.00012828056464311843,-0.0035662390265080446,0.06386575080629044
4,2.0,1.0,1.0,2,68,0.0002,408,0.06468168312725076,0.0037428796724456592,0.0016363229148289216,0.006737738469393055,0.058571796071826915,-0.0001245349760763681,-0.003618344696369291,0.06478078308342497
4,2.0,1.0,1.0,2,69,0.0002,414,0.06559666845518564,0.0037913617185511284,0.0015892169766160199,0.006543856896129697,0.058571796071826915,-0.00012095107715187625,-0.003670410641399252,0.06569493703433442
4,2.0,1.0,1.0,2,70,0.0002,420,0.0665106688173176,0.003839956683957868,0.0015441165186527328,0.006358225037239486,0.058571796071826915,-0.00011751969334694579,-0.0037224369906109223,0.06660820438333215
4,2.0,1.0,1.0,2,71,0.0002,426,0.06742368504352914,0.003888656158864995,0.001500909279682782,0.006180381408941379,0.058571796071826915,-0.00011423229173948557,-0.0037744238671255093,0.06752057778973462
4,2.0,1.0,1.0,2,72,0.0002,432,0.068335717987696,0.003937452316531975,0.0014594907460027985,0.00600989635078578,0.058571796071826915,-0.00011108092795583668,-0.0038263713885761386,0.0684320507403691
4,2.0,1.0,1.0,2,73,0.0002,438,0.06924676852510703,0.003986337865594269,0.001419763518494071,0.005846369428124129,0.058571796071826915,-0.00010805819806913863,-0.0038782796675251308,0.06934261745592327
4,2.0,1.0,1.0,2,74,0.0002,444,0.07015683754982738,0.004035306006862305,0.0013816367392134798,0.005689427078610937,0.058571796071826915,-0.0001051571951092567,-0.003930148811753048,0.07025227280899321
4,2.0,1.0,1.0,2,75,0.0002,450,0.07106592597283545,0.0040843503941883075,0.0013450255711402019,0.005538720476884177,0.058571796071826915,-0.00010237146959546362,-0.003981978924592844,0.07116101225255005
4,2.0,1.0,1.0,2,76,0.0002,456,0.07197403471987429,0.004133465098808353,0.0013098507256463251,0.00539392359461106,0.058571796071826915,-9.969499353942868e-05,-0.0040337701052689245,0.07206883175697076
4,2.0,1.0,1.0,2,77,0.0002,462,0.07288116472992501,0.0041826445770216936,0.0012760380325829374,0.005254731435735114,0.058571796071826915,-9.712212795220942e-05,-0.004085522449069484,0.07297572775488377
4,2.0,1.0,1.0,2,78,0.0002,468,0.07378731695366925,0.004231883640679723,0.00124351804883489,0.005120858429071907,0.058571796071826915,-9.464759299615544e-05,-0.004137236047683568,0.07388169709251338
4,2.0,1.0,1.0,2,79,0.0002,474,0.07469249235244002,0.0042811774303527506,0.0012122257012951781,0.004992036962421645,0.058571796071826915,-9.226644095483572e-05,-0.004188910989397915,0.07478673698691016
4,2.0,1.0,1.0,2,80,0.0002,480,0.07559669189650586,0.004330521390694703,0.0011820999609445466,0.004868016044136483,0.058571796071826915,-8.997403140442728e-05,-0.004240547359290275,0.0756908449877952
4,2.0,1.0,1.0,2,1,0.0005,6,0.9507457912054949,0.65433974889072,1.9986418100798182,31.155302682473486,0.058571796071826915,0.6550531954760196,-0.000713446585299593,0.97492991106508
4,2.0,1.0,1.0,2,2,0.0005,12,0.9169187148488923,0.028397961424926163,1.9494636171173487,7.788825670618372,0.058571796071826915,-0.028581110729709543,0.0001831493047833796,0.957332490062359
4,2.0,1.0,1.0,2,3,0.0005,18,0.263624735278821,0.06279695179828611,1.0056900199814502,3.4617002980526084,0.058571796071826915,-0.06274140065510966,-5.555114317644383e-05,0.5096372978808674
4,2.0,1.0,1.0,2,4,0.0005,24,0.09179803591257252,0.036604648372182746,0.5312178848986073,1.947206417654593,0.058571796071826915,-0.03631755521266415,-0.00028709315951859493,0.29079932204468895
4,2.0,1.0,1.0,2,5,0.0005,30,0.04459426073126749,0.023770410250341434,0.3269310902367711,1.2462121072989396,0.058571796071826915,-0.023291472107575206,-0.0004789381427662276,0.18534217221075439
4,2.0,1.0,1.0,2,6,0.0005,36,0.029882032782895918,0.016798219124209396,0.22190344610085305,0.8654250745131521,0.058571796071826915,-0.01614787843315993,-0.0006503406910494669,0.1298444244200233
4,2.0,1.0,1.0,2,7,0.0005,42,0.025205949665648153,0.012652502012163086,0.16073267590130424,0.6358225037239486,0.058571796071826915,-0.011842148279772702,-0.0008103537323903842,0.09766551989926633
4,2.0,1.0,1.0,2,8,0.0005,48,0.024262857301386997,0.010016660600289162,0.12191512653514122,0.4868016044136482,0.058571796071826915,-0.009053226894177618,-0.0009634337061115439,0.07770973454556668
4,2.0,1.0,1.0,2,9,0.0005,54,0.0249174048085381,0.008256964857926707,0.09570677353266412,0.3846333664502899,0.058571796071826915,-0.007145009269076741,-0.0011119555888499666,0.06481076244971594
4,2.0,1.0,1.0,2,10,0.0005,60,0.0263311681348799,0.007039682415478615,0.07716254342752717,0.3115530268247349,0.058571796071826915,-0.005782392489118493,-0.0012572899263601223,0.05631762880293565
4,2.0,1.0,1.0,2,11,0.0005,66,0.028135507107613922,0.00617587749761514,0.06355065487509248,0.25748184035102056,0.058571796071826915,-0.004775595949800121,-0.0014002815478150188,0.0507576484004383
4,2.0,1.0,1.0,2,12,0.0005,72,0.0301533070672364,0.005552169125100842,0.053259620325829725,0.21635626862828802,0.058571796071826915,-0.0040106894823137285,-0.0015414796427871136,0.047252930070894664
4,2.0,1.0,1.0,2,13,0.0005,78,0.03229319664038843,0.005097198658527452,0.0452877872909928,0.1843509034465887,0.058571796071826915,-0.0034159417273864623,-0.0016812569311409897,0.0452421624386153
4,2.0,1.0,1.0,2,14,0.0005,84,0.03450520785282962,0.004764244085782965,0.03898542526180495,0.15895562593098714,0.058571796071826915,-0.002944368601204811,-0.001819875484578154,0.04434041985979259
4,2.0,1.0,1.0,2,15,0.0005,90,0.0367606528207145,0.004521678117518857,0.03391585631056446,0.1384680119221044,0.058571796071826915,-0.0025641530168093174,-0.0019575251007095396,0.04426765734547825
4,2.0,1.0,1.0,2,16,0.0005,96,0.039042368811004535,0.00434747398043564,0.02977665420198047,0.12170040110341206,0.058571796071826915,-0.0022531272638979805,-0.0020943467165376595,0.04481276771184608
4,2.0,1.0,1.0,2,17,0.0005,102,0.04133971946536463,0.004225909868008221,0.026352914702016218,0.10780381551028888,0.058571796071826915,-0.0019954626119305374,-0.0022304472560776833,0.04581503242170549
4,2.0,1.0,1.0,2,18,0.0005,108,0.043645908812877554,0.0041455213217268805,0.023488484155813935,0.09615834161257247,0.058571796071826915,-0.0017796119592276005,-0.00236590936249928,0.04715297937497839
4,2.0,1.0,1.0,2,19,0.0005,114,0.04595647759043564,0.004097789377394245,0.021067661700531776,0.08630277751377696,0.058571796071826915,-0.0015969914151541809,-0.0025007979622400645,0.04873605449913515
4,2.0,1.0,1.0,2,20,0.0005,120,0.04826843074474585,0.004076277161509129,0.01900322899135048,0.07788825670618373,0.058571796071826915,-0.0014411123573045415,-0.002635164804204587,0.05049762542216104
4,2.0,1.0,1.0,2,21,0.0005,126,0.05057971493413593,0.00407604793412597,0.01722842221083578,0.07064694485821651,0.058571796071826915,-0.001306996265726862,-0.0027690516683991084,0.052389101143815876
4,2.0,1.0,1.0,2,22,0.0005,132,0.05288889672987629,0.004093264413407627,0.01569142793538152,0.06437046008775514,0.058571796071826915,-0.0011907717348441094,-0.0029024926785635174,0.05437519940183048
4,2.0,1.0,1.0,2,23,0.0005,138,0.05519495939212127,0.004124907605714795,0.014351534292070476,0.05889471206516727,0.058571796071826915,-0.0010893916074744825,-0.0030355159982403124,0.05643030618492863
4,2.0,1.0,1.0,2,24,0.0005,144,0.057497171599006136,0.0041685760767704305,0.013176391484845567,0.054089067157072006,0.058571796071826915,-0.0010004309825799584,-0.003168145094190472,0.058535770722385784
4,2.0,1.0,1.0,2,25,0.0005,150,0.05979500090433165,0.00422234039938707,0.012140030439604804,0.04984848429195759,0.058571796071826915,-0.0009219407084922193,-0.0033003996908948507,0.060677941327602354
4,2.0,1.0,1.0,2,26,0.0005,156,0.06208805561382347,0.004284636101613448,0.011221408750562885,0.04608772586164717,0.058571796071826915,-0.0008523396006920037,-0.0034322965009214446,0.06284675832134212
4,2.0,1.0,1.0,2,27,0.0005,162,0.06437604508067396,0.004354183902211456,0.010403329319574196,0.04273704071669887,0.058571796071826915,-0.0007903341118489227,-0.0035638497903625332,0.06503475249945417
4,2.0,1.0,1.0,2,28,0.0005,168,0.06665875215801553,0.004429929564865126,0.009671626305604098,0.039738906482746784,0.058571796071826915,-0.000734857743600853,-0.003695071821264273,0.067236333278006
4,2.0,1.0,1.0,2,29,0.0005,174,0.06893601381086267,0.004510998044448156,0.009014545398327014,0.03704554421221579,0.058571796071826915,-0.0006850248432078432,-0.0038259732012403125,0.06944728171321109
4,2.0,1.0,1.0,2,30,0.0005,180,0.07120770728880688,0.0045966581721379185,0.008422267120936532,0.0346170029805261,0.058571796071826915,-0.0006400950099269553,-0.003956563162210963,0.0716643878706133
4,2.0,1.0,1.0,2,31,0.0005,186,0.07347374014375962,0.00468629519970995,0.007886536620586103,0.03241966980486315,0.058571796071826915,-0.000599445415152472,-0.004086849784557478,0.07388518993096332
4,2.0,1.0,1.0,2,32,0.0005,192,0.0757340429402995,0.0047793892659039605,0.007400373588021383,0.030425100275853014,0.058571796071826915,-0.0005625490871730976,-0.004216840178730863,0.07610778521771076
4,2.0,1.0,1.0,2,33,0.0005,198,0.07798856387630138,0.004875498369122766,0.006957843070414635,0.02860909337233562,0.058571796071826915,-0.0005289577356385744,-0.004346540633484192,0.07833069231614873
4,2.0,1.0,1.0,2,34,0.0005,204,0.0802372647734817,0.004974244800097283,0.006553872987819937,0.02695095387757222,0.058571796071826915,-0.0004982880623994046,-0.004475956737697878,0.08055274970505
4,2.0,1.0,1.0,2,35,0.0005,210,0.08248011806117883,0.005075304253825269,0.006184107779411282,0.025432900148957945,0.058571796071826915,-0.00047021077274450596,-0.004605093481080763,0.08277304065767592
4,2.0,1.0,1.0,2,36,0.0005,216,0.0847171044877546,0.005178397032921583,0.005844790225930572,0.02403958540314312,0.058571796071826915,-0.0004444416949498098,-0.004733955337971774,0.08499083717779592
4,2.0,1.0,1.0,2,37,0.0005,222,0.08694821136959363,0.0052832808955275146,0.00553266541249454,0.022757708314443747,0.058571796071826915,-0.00042073455812666194,-0.004862546337400853,0.08720555782968739
4,2.0,1.0,1.0,2,38,0.0005,228,0.0891734312413992,0.005389745205698654,0.005244902213094082,0.02157569437844424,0.058571796071826915,-0.0003988750836834143,-0.00499087012201524,0.08941673578484871
4,2.0,1.0,1.0,2,39,0.0005,234,0.09139276080792647,0.005497606122078974,0.00497902873480571,0.02048343371628763,0.058571796071826915,-0.00037867612420669494,-0.005118929997872279,0.09162399443629991
4,2.0,1.0,1.0,2,40,0.0005,240,0.09360620012446419,0.005606702619524756,0.0047328789545901945,0.01947206417654593,0.058571796071826915,-0.0003599736428384903,-0.005246728976686266,0.09382702865899437
4,2.0,1.0,1.0,2,41,0.0005,246,0.09581375195206365,0.005716893182949323,0.0045045483837250705,0.018533791006825395,0.058571796071826915,-0.00034262337106677476,-0.005374269811882548,0.09602559031247515
4,2.0,1.0,1.0,2,42,0.0005,252,0.09801542124669393,0.005828053046526532,0.004292357055156604,0.01766173621455413,0.058571796071826915,-0.00032649801710787907,-0.005501555029418653,0.0982194769526396
4,2.0,1.0,1.0,2,43,0.0005,258,0.10021121475275008,0.005940071878035663,0.00409481848290347,0.016849812159260943,0.058571796071826915,-0.0003114849237062789,-0.005628586954329384,0.10040852298775613
4,2.0,1.0,1.0,2,44,0.0005,264,0.10240114067741901,0.006052851828041189,0.003910613516779064,0.016092615021938785,0.058571796071826915,-0.0002974840944371948,-0.005755367733603994,0.10259259270772944
4,2.0,1.0,1.0,2,45,0.0005,270,0.10458520842843577,0.006166305879746314,0.0037385682292998008,0.015385334658011602,0.058571796071826915,-0.0002844065237578852,-0.005881899355988429,0.10477157475816726
4,2.0,1.0,1.0,2,46,0.0005,276,0.10676342840204156,0.0062803564476891505,0.0035776351392470917,0.014723678016291817,0.058571796071826915,-0.00027217277849281296,-0.0060081836691963375,0.10694537773553156
4,2.0,1.0,1.0,2,47,0.0005,282,0.10893581181055612,0.006394934183367451,0.003426877208473231,0.014103803839960835,0.058571796071826915,-0.00026071178843323217,-0.006134222394934219,0.10911392665715457
4,2.0,1.0,1.0,2,48,0.0005,288,0.11110237054167804,0.006509976953536611,0.003285454153408093,0.013522266789268001,0.058571796071826915,-0.00024995981154596336,-0.006260017141990648,0.1112771601178658
4,2.0,1.0,1.0,2,49,0.0005,294,0.1132631170428291,0.006625428963255103,0.003152610696320821,0.012975969463754053,0.058571796071826915,-0.00023985954547836585,-0.0063855694177767375,0.11343502798822677
4,2.0,1.0,1.0,2,50,0.0005,300,0.11541806422628931,0.006741240000761484,0.0030276664482633856,0.012462121072989397,0.058571796071826915,-0.00023035936236504018,-0.0065108806383964435,0.11558748954258499
4,2.0,1.0,1.0,2,51,0.0005,306,0.11756722539032571,0.006857364785149256,0.0029100071698694146,0.01197820172336543,0.058571796071826915,-0.00022141264752667533,-0.0066359521376225805,0.11773451192939344
4,2.0,1.0,1.0,2,52,0.0005,312,0.11971061415419348,0.006973762401252442,0.00279907719938043,0.011521931465411793,0.058571796071826915,-0.00021297722650331918,-0.006760785174749123,0.11987606891603188
4,2.0,1.0,1.0,2,53,0.0005,318,0.12184824440354869,0.007090395808526356,0.0026943728732515665,0.011091243389987,0.058571796071826915,-0.00020501486693150217,-0.006885380941594854,0.12201213985414966
4,2.0,1.0,1.0,2,54,0.0005,324,0.12398013024513521,0.00720723141324181,0.0025954367931381598,0.010684260179174718,0.058571796071826915,-0.00019749084453590804,-0.007009740568705902,0.12414270882356004
4,2.0,1.0,1.0,2,55,0.0005,330,0.126106285968701,0.007324238694682017,0.0025018528172235945,0.010299273614040821,0.058571796071826915,-0.00019037356376339076,-0.007133865130918626,0.12626776392092243
4,2.0,1.0,1.0,2,56,0.0005,336,0.12822672601493434,0.007441389877774929,0.0024132416730230175,0.009934726620686696,0.058571796071826915,-0.0001836342255395751,-0.007257755652235354,0.128387296666495
4,2.0,1.0,1.0,2,57,0.0005,342,0.13034146494836418,0.0075586596456747035,0.0023292571050860297,0.009589197501530774,0.058571796071826915,-0.00017724653535763912,-0.007381413110317064,0.1305013015074957
4,2.0,1.0,1.0,2,58,0.0005,348,0.13245051743448577,0.007676024886755367,0.0022495824843761594,0.009261386053053948,0.058571796071826915,-0.00017118644637631464,-0.0075048384403790525,0.13260977540092994
4,2.0,1.0,1.0,2,59,0.0005,354,0.13455389822039343,0.007793464471544387,0.002173927817011009,0.008950101316424444,0.058571796071826915,-0.00016543193278856227,-0.0076280325387558245,0.13471271746191926
4,2.0,1.0,1.0,2,60,0.0005,360,0.1366516221181504,0.007910959055388828,0.002102027099712576,0.008654250745131525,0.058571796071826915,-0.00015996278924682028,-0.007750996266142007,0.13681012866620607
4,2.0,1.0,1.0,2,61,0.0005,366,0.13874370399088487,0.00802849090378191,0.0020336359765086,0.0083728306053409,0.058571796071826915,-0.0001547604533780611,-0.007873730450403849,0.13890201159783605
4,2.0,1.0,1.0,2,62,0.0005,372,0.14083015874052895,0.008146043737160352,0.001968529658341006,0.008104917451215787,0.058571796071826915,-0.00014980784790910584,-0.007996235889251246,0.14098837023422178
4,2.0,1.0,1.0,2,63,0.0005,378,0.14291100129749368,0.008263602592914754,0.0019065010722249239,0.007849660539801835,0.058571796071826915,-0.0001450892403841164,-0.008118513352530637,0.14306920976273046
4,2.0,1.0,1.0,2,64,0.0005,384,0.14498624661194004,0.008381153702465144,0.0018473592115153354,0.0076062750689632535,0.058571796071826915,-0.00014059011806177857,-0.008240563584403365,0.1451445364236785
4,2.0,1.0,1.0,2,65,0.0005,390,0.14705590964609971,0.008498684381403776,0.0017909276627314284,0.0073740361378635474,0.058571796071826915,-0.00013629707615198106,-0.008362387305251795,0.14721435737544236
4,2.0,1.0,1.0,2,66,0.0005,396,0.14912000536755765,0.008616182931289268,0.0017370432875614761,0.007152273343083905,0.058571796071826915,-0.00013219771783254397,-0.008483985213456724,0.14927868057826765
4,2.0,1.0,1.0,2,67,0.0005,402,0.15117854874365966,0.008733638551628842,0.0016855550417642347,0.006940365935057582,0.058571796071826915,-0.00012828056464311843,-0.008605357986985723,0.15133751469405138
4,2.0,1.0,1.0,2,68,0.0005,408,0.1532315547366383,0.00885104126093203,0.0016363229148289216,0.006737738469393055,0.058571796071826915,-0.0001245349760763681,-0.008726506284855662,0.15339086899955967
4,2.0,1.0,1.0,2,69,0.0005,414,0.15527903829914158,0.008968381825622485,0.0015892169766160199,0.006543856896129697,0.058571796071826915,-0.00012095107715187625,-0.008847430748470608,0.15543875331103046
4,2.0,1.0,1.0,2,70,0.0005,420,0.15732101437082335,0.009085651696185165,0.0015441165186527328,0.006358225037239486,0.058571796071826915,-0.00011751969334694579,-0.00896813200283822,0.15748117791877514
4,2.0,1.0,1.0,2,71,0.0005,426,0.15935749787486464,0.009202842949419088,0.001500909279682782,0.006180381408941379,0.058571796071826915,-0.00011423229173948557,-0.009088610657679602,0.15951815352993448
4,2.0,1.0,1.0,2,72,0.0005,432,0.16138850371520563,0.009319948236395231,0.0014594907460027985,0.00600989635078578,0.058571796071826915,-0.00011108092795583668,-0.009208867308439395,0.16154969121857052
4,2.0,1.0,1.0,2,73,0.0005,438,0.16341404677421845,0.009436960735341421,0.001419763518494071,0.005846369428124129,0.058571796071826915,-0.00010805819806913863,-0.009328902537272282,0.16357580238197295
4,2.0,1.0,1.0,2,74,0.0005,444,0.16543414191040628,0.009553874108951893,0.0013816367392134798,0.005689427078610937,0.058571796071826915,-0.0001051571951092567,-0.009448716913842636,0.16559649870219362
4,2.0,1.0,1.0,2,75,0.0005,450,0.16744880395676454,0.009670682465737407,0.0013450255711402019,0.005538720476884177,0.058571796071826915,-0.00010237146959546362,-0.009568310996141943,0.1676117921123669
4,2.0,1.0,1.0,2,76,0.0005,456,0.1694580477188925,0.009787380324796702,0.0013098507256463251,0.00539392359461106,0.058571796071826915,-9.969499353942868e-05,-0.009687685331257273,0.16962169476683361
4,2.0,1.0,1.0,2,77,0.0005,462,0.1714618879737213,0.009903962583916404,0.0012760380325829374,0.005254731435735114,0.058571796071826915,-9.712212795220942e-05,-0.009806840455964194,0.171626219014906
4,2.0,1.0,1.0,2,78,0.0005,468,0.17346033946818262,0.010020424490412322,0.00124351804883489,0.005120858429071907,0.058571796071826915,-9.464759299615544e-05,-0.009925776897416166,0.17362537737756406
4,2.0,1.0,1.0,2,79,0.0005,474,0.17545341691836713,0.010136761614653267,0.0012122257012951781,0.004992036962421645,0.058571796071826915,-9.226644095483572e-05,-0.010044495173698431,0.17561918252692937
4,2.0,1.0,1.0,2,80,0.0005,480,0.17744113500805536,0.010252969825746916,0.0011820999609445466,0.004868016044136483,0.058571796071826915,-8.997403140442728e-05,-0.010162995794342489,0.17760764726773262
4,2.0,1.0,1.0,2,1,0.001,6,0.9506775590173012,0.6536266591179155,1.9986418100798182,31.155302682473486,0.058571796071826915,0.6550531954760196,-0.0014265363581040802,0.9747633735393664
4,2.0,1.0,1.0,2,2,0.001,12,0.9171622742016003,0.028215815667681034,1.9494636171173487,7.788825670618372,0.058571796071826915,-0.028581110729709543,0.0003652950620285089,0.9572351479320187
4,2.0,1.0,1.0,2,3,0.001,18,0.2690576728295271,0.0628522423075931,1.0056900199814502,3.4617002980526084,0.058571796071826915,-0.06274140065510966,-0.00011084165248344269,0.511202565194033
4,2.0,1.0,1.0,2,4,0.001,24,0.10078794598377372,0.0368898062332641,0.5312178848986073,1.947206417654593,0.058571796071826915,-0.03631755521266415,-0.0005722510205999481,0.29405999894639345
4,2.0,1.0,1.0,2,5,0.001,30,0.05641364892686773,0.024245267102294327,0.3269310902367711,1.2462121072989396,0.058571796071826915,-0.023291472107575206,-0.0009537949947191204,0.19026490605434343
4,2.0,1.0,1.0,2,6,0.001,36,0.04425175649446311,0.01744187141983769,0.22190344610085305,0.8654250745131521,0.058571796071826915,-0.01614787843315993,-0.001293992986677761,0.13649438867208674
4,2.0,1.0,1.0,2,7,0.001,42,0.04200865889994143,0.013453095594578524,0.16073267590130424,0.6358225037239486,0.058571796071826915,-0.011842148279772702,-0.0016109473148058218,0.10622671365838438
4,2.0,1.0,1.0,2,8,0.001,48,0.043436148966098154,0.010966795963722381,0.12191512653514122,0.4868016044136482,0.058571796071826915,-0.009053226894177618,-0.0019135690695447627,0.0884558536282954
4,2.0,1.0,1.0,2,9,0.001,54,0.04642090373217844,0.00935161759318226,0.09570677353266412,0.3846333664502899,0.058571796071826915,-0.007145009269076741,-0.002206608324105519,0.07806660319381327
4,2.0,1.0,1.0,2,10,0.001,60,0.05013443796971695,0.008275199813182088,0.07716254342752717,0.3115530268247349,0.058571796071826915,-0.005782392489118493,-0.002492807324063595,0.0724037270422985
4,2.0,1.0,1.0,2,11,0.001,66,0.05421308737799202,0.007549453361870878,0.06355065487509248,0.25748184035102056,0.058571796071826915,-0.004775595949800121,-0.002773857412070757,0.0699268596611613
4,2.0,1.0,1.0,2,12,0.001,72,0.05848244973768146,0.007061548410939311,0.053259620325829725,0.21635626862828802,0.058571796071826915,-0.0040106894823137285,-0.0030508589286255827,0.06964351281215132
4,2.0,1.0,1.0,2,13,0.001,78,0.06285274568251675,0.006740501151041162,0.0452877872909928,0.1843509034465887,0.058571796071826915,-0.0034159417273864623,-0.0033245594236546994,0.07086801939088275
4,2.0,1.0,1.0,2,14,0.001,84,0.06727500624335525,0.006539853833536752,0.03898542526180495,0.15895562593098714,0.058571796071826915,-0.002944368601204811,-0.003595485232331941,0.07311690883705156
4,2.0,1.0,1.0,2,15,0.001,90,0.07172121075491467,0.0064281712033126825,0.03391585631056446,0.1384680119221044,0.058571796071826915,-0.0025641530168093174,-0.003864018186503365,0.07605338431913457
4,2.0,1.0,1.0,2,16,0.001,96,0.07617466913981996,0.006383569684725171,0.02977665420198047,0.12170040110341206,0.058571796071826915,-0.0022531272638979805,-0.004130442420827191,0.07944765811640064
4,2.0,1.0,1.0,2,17,0.001,102,0.08062509890151381,0.006390436667746691,0.026352914702016218,0.10780381551028888,0.058571796071826915,-0.0019954626119305374,-0.004394974055816153,0.08314541070489531
4,2.0,1.0,1.0,2,18,0.001,108,0.08506598279578315,0.006437392613959869,0.023488484155813935,0.09615834161257247,0.058571796071826915,-0.0017796119592276005,-0.004657780654732269,0.08704372401918754
4,2.0,1.0,1.0,2,19,0.001,114,0.08949309125389393,0.00651598576239118,0.021067661700531776,0.08630277751377696,0.058571796071826915,-0.0015969914151541809,-0.004918994347236999,0.09107389753536296
4,2.0,1.0,1.0,2,20,0.001,120,0.0939036260030639,0.006619833262202529,0.01900322899135048,0.07788825670618373,0.058571796071826915,-0.0014411123573045415,-0.005178720904897988,0.09518977279440066
4,2.0,1.0,1.0,2,21,0.001,126,0.09829570780915176,0.006744042422288071,0.01722842221083578,0.07064694485821651,0.058571796071826915,-0.001306996265726862,-0.005437046156561209,0.09936002711336119
4,2.0,1.0,1.0,2,22,0.001,132,0.10266806135160744,0.006884812347252245,0.01569142793538152,0.06437046008775514,0.058571796071826915,-0.0011907717348441094,-0.0056940406124081355,0.1035631535976193
4,2.0,1.0,1.0,2,23,0.001,138,0.10701981644831338,0.007039154462719438,0.014351534292070476,0.05889471206516727,0.058571796071826915,-0.0010893916074744825,-0.0059497628552449555,0.10778419936545267
4,2.0,1.0,1.0,2,24,0.001,144,0.11135037981190798,0.007204693049384064,0.013176391484845567,0.054089067157072006,0.058571796071826915,-0.0010004309825799584,-0.006204262066804106,0.11201263738947147
4,2.0,1.0,1.0,2,25,0.001,150,0.11565935060603205,0.007379520644854642,0.012140030439604804,0.04984848429195759,0.058571796071826915,-0.0009219407084922193,-0.006457579936362423,0.11624096658243935
4,2.0,1.0,1.0,2,26,0.001,156,0.11994646380127527,0.007562091721925901,0.011221408750562885,0.04608772586164717,0.058571796071826915,-0.0008523396006920037,-0.006709752121233897,0.12046378123776591
4,2.0,1.0,1.0,2,27,0.001,162,0.12421155153046981,0.0077511434893206554,0.010403329319574196,0.04273704071669887,0.058571796071826915,-0.0007903341118489227,-0.006960809377471733,0.12467714520682321
4,2.0,1.0,1.0,2,28,0.001,168,0.12845451631116045,0.007945636188216587,0.009671626305604098,0.039738906482746784,0.058571796071826915,-0.000734857743600853,-0.007210778444615734,0.12887816586741482
4,2.0,1.0,1.0,2,29,0.001,174,0.13267531222456874,0.008144707588055827,0.009014545398327014,0.03704554421221579,0.058571796071826915,-0.0006850248432078432,-0.007459682744847984,0.1330647005296128
4,2.0,1.0,1.0,2,30,0.001,180,0.13687393151108806,0.008347637950365305,0.008422267120936532,0.0346170029805261,0.058571796071826915,-0.0006400950099269553,-0.00770754294043835,0.13723515165563774
4,2.0,1.0,1.0,2,31,0.001,186,0.14105039490698912,0.008553822797166072,0.007886536620586103,0.03241966980486315,0.058571796071826915,-0.000599445415152472,-0.0079543773820136,0.14138832234454723
4,2.0,1.0,1.0,2,32,0.001,192,0.14520474459812938,0.008762751558956894,0.007400373588021383,0.030425100275853014,0.058571796071826915,-0.0005625490871730976,-0.008200202471783796,0.14552331318856931
4,2.0,1.0,1.0,2,33,0.001,198,0.14933703902819384,0.008973990695644307,0.006957843070414635,0.02860909337233562,0.058571796071826915,-0.0005289577356385744,-0.008445032960005733,0.1496394478568436
4,2.0,1.0,1.0,2,34,0.001,204,0.15344734903535495,0.009187170251033439,0.006553872987819937,0.02695095387757222,0.058571796071826915,-0.0004982880623994046,-0.008688882188634034,0.15373621884764224
4,2.0,1.0,1.0,2,35,0.001,210,0.15753575495097583,0.009401973065501945,0.006184107779411282,0.025432900148957945,0.058571796071826915,-0.00047021077274450596,-0.00893176229275744,0.15781324755140147
4,2.0,1.0,1.0,2,36,0.001,216,0.16160234440223098,0.009618126063149962,0.005844790225930572,0.02403958540314312,0.058571796071826915,-0.0004444416949498098,-0.009173684368200152,0.16187025457221688
4,2.0,1.0,1.0,2,37,0.001,222,0.16564721063421883,0.009835393169818324,0.00553266541249454,0.022757708314443747,0.058571796071826915,-0.00042073455812666194,-0.009414658611691662,0.16590703747477936
4,2.0,1.0,1.0,2,38,0.001,228,0.1696704512193582,0.010053569522413208,0.005244902213094082,0.02157569437844424,0.058571796071826915,-0.0003988750836834143,-0.009654694438729794,0.16992345395659453
4,2.0,1.0,1.0,2,39,0.001,234,0.17367216705734545,0.010272476707396672,0.00497902873480571,0.02048343371628763,0.058571796071826915,-0.00037867612420669494,-0.009893800583189977,0.17391940901927322
4,2.0,1.0,1.0,2,40,0.001,240,0.17765246159532722,0.010491958824701358,0.0047328789545901945,0.01947206417654593,0.058571796071826915,-0.0003599736428384903,-0.010131985181862868,0.17789484511292214
4,2.0,1.0,1.0,2,41,0.001,246,0.18161144021607878,0.010711879217635278,0.0045045483837250705,0.018533791006825395,0.058571796071826915,-0.00034262337106677476,-0.010369255846568504,0.18184973450882203
4,2.0,1.0,1.0,2,42,0.001,252,0.18554920975478828,0.010932117742970121,0.004292357055156604,0.01766173621455413,0.058571796071826915,-0.00032649801710787907,-0.010605619725862242,0.1857840733549272
4,2.0,1.0,1.0,2,43,0.001,258,0.18946587811590132,0.011152568481831632,0.00409481848290347,0.016849812159260943,0.058571796071826915,-0.0003114849237062789,-0.010841083558125353,0.18969787701209204
4,2.0,1.0,1.0,2,44,0.001,264,0.19336155396736532,0.01137313781179361,0.003910613516779064,0.016092615021938785,0.058571796071826915,-0.0002974840944371948,-0.011075653717356415,0.1935911763714966
4,2.0,1.0,1.0,2,45,0.001,270,0.19723634649554245,0.011593742776569299,0.0037385682292998008,0.015385334658011602,0.058571796071826915,-0.0002844065237578852,-0.011309336252811414,0.19746401492911958
4,2.0,1.0,1.0,2,46,0.001,276,0.20109036520800172,0.011814309701958625,0.0035776351392470917,0.014723678016291817,0.058571796071826915,-0.00027217277849281296,-0.011542136923465812,0.20131644644808444
4,2.0,1.0,1.0,2,47,0.001,282,0.2049237197741136,0.01203477301650141,0.003426877208473231,0.014103803839960835,0.058571796071826915,-0.00026071178843323217,-0.011774061228068178,0.20514853308029307
4,2.0,1.0,1.0,2,48,0.001,288,0.20873651989582975,0.01225507424293032,0.003285454153408093,0.013522266789268001,0.058571796071826915,-0.00024995981154596336,-0.012005114431384356,0.2089603438490929
4,2.0,1.0,1.0,2,49,0.001,294,0.2125288752022747,0.01247516113274566,0.003152610696320821,0.012975969463754053,0.058571796071826915,-0.00023985954547836585,-0.012235301587267294,0.21275195341721592
4,2.0,1.0,1.0,2,50,0.001,300,0.21630089516405593,0.012694986921252982,0.0030276664482633856,0.012462121072989397,0.058571796071826915,-0.00023035936236504018,-0.012464627558887942,0.21652344108166127
4,2.0,1.0,1.0,2,51,0.001,306,0.2200526890227238,0.012914509684178593,0.0029100071698694146,0.01197820172336543,0.058571796071826915,-0.00022141264752667533,-0.012693097036651918,0.22027488994964067
4,2.0,1.0,1.0,2,52,0.001,312,0.2237843657333446,0.013133691780475854,0.00279907719938043,0.011521931465411793,0.058571796071826915,-0.00021297722650331918,-0.012920714553972534,0.2240063862602146
4,2.0,1.0,1.0,2,53,0.001,318,0.2274960339169243,0.01335249936824015,0.0026943728732515665,0.011091243389987,0.058571796071826915,-0.00020501486693150217,-0.013147484501308648,0.227718018823223
4,2.0,1.0,1.0,2,54,0.001,324,0.2311878018215241,0.013570901983127187,0.0025954367931381598,0.010684260179174718,0.058571796071826915,-0.00019749084453590804,-0.013373411138591279,0.23140987855351514
4,2.0,1.0,1.0,2,55,0.001,330,0.23485977729018392,0.013788872170123062,0.0025018528172235945,0.010299273614040821,0.058571796071826915,-0.00019037356376339076,-0.013598498606359671,0.23508205808270408
4,2.0,1.0,1.0,2,56,0.001,336,0.23851206773452827,0.014006385161144608,0.0024132416730230175,0.009934726620686696,0.058571796071826915,-0.0001836342255395751,-0.013822750935605033,0.2387346514343476
4,2.0,1.0,1.0,2,57,0.001,342,0.2421447801129566,0.014223418592054393,0.0023292571050860297,0.009589197501530774,0.058571796071826915,-0.00017724653535763912,-0.014046172056696754,0.2423677537511911
4,2.0,1.0,1.0,2,58,0.001,348,0.24575802091282484,0.014439952253662652,0.0022495824843761594,0.009261386053053948,0.058571796071826915,-0.00017118644637631464,-0.014268765807286338,0.24598146106542196
4,2.0,1.0,1.0,2,59,0.001,354,0.2493518961358575,0.014655967872217929,0.002173927817011009,0.008950101316424444,0.058571796071826915,-0.00016543193278856227,-0.014490535939429366,0.24957587010449797
4,2.0,1.0,1.0,2,60,0.001,360,0.25292651128613186,0.0148714489153213,0.002102027099712576,0.008654250745131525,0.058571796071826915,-0.00015996278924682028,-0.01471148612607448,0.25315107812650084
4,2.0,1.0,1.0,2,61,0.001,366,0.2564819713605404,0.015086380420151285,0.0020336359765086,0.0083728306053409,0.058571796071826915,-0.0001547604533780611,-0.014931619966773224,0.256707182780235
4,2.0,1.0,1.0,2,62,0.001,372,0.2600183808408081,0.015300748840898742,0.001968529658341006,0.008104917451215787,0.058571796071826915,-0.00014980784790910584,-0.015150940992989637,0.2602442819858491
4,2.0,1.0,1.0,2,63,0.001,378,0.2635358436872871,0.015514541913160484,0.0019065010722249239,0.007849660539801835,0.058571796071826915,-0.0001450892403841164,-0.015369452672776368,0.263762473832869
4,2.0,1.0,1.0,2,64,0.001,384,0.26703446333416936,0.015727748533167052,0.0018473592115153354,0.0076062750689632535,0.058571796071826915,-0.00014059011806177857,-0.015587158415105273,0.2672618564928648
4,2.0,1.0,1.0,2,65,0.001,390,0.27051434268570484,0.015940358649900205,0.0017909276627314284,0.0073740361378635474,0.058571796071826915,-0.00013629707615198106,-0.015804061573748224,0.2707425281444322
4,2.0,1.0,1.0,2,66,0.001,396,0.2739755841132525,0.016152363168677325,0.0017370432875614761,0.007152273343083905,0.058571796071826915,-0.00013219771783254397,-0.01602016545084478,0.2742045869086031
4,2.0,1.0,1.0,2,67,0.001,402,0.2774182894533881,0.016363753864742342,0.0016855550417642347,0.006940365935057582,0.058571796071826915,-0.00012828056464311843,-0.016235473300099224,0.27764813079324757
4,2.0,1.0,1.0,2,68,0.001,408,0.2808425600066089,0.016574523305835726,0.0016363229148289216,0.006737738469393055,0.058571796071826915,-0.0001245349760763681,-0.016449988329759357,0.28107325764504937
4,2.0,1.0,1.0,2,69,0.001,414,0.28424849653643114,0.016784664782449166,0.0015892169766160199,0.006543856896129697,0.058571796071826915,-0.00012095107715187625,-0.01666371370529729,0.2844800651079066
4,2.0,1.0,1.0,2,70,0.001,420,0.28763619926940875,0.016994172245217626,0.0015441165186527328,0.006358225037239486,0.058571796071826915,-0.00011751969334694579,-0.01687665255187068,0.28786865058705285
4,2.0,1.0,1.0,2,71,0.001,426,0.29100576789510946,0.017203040248329776,0.001500909279682782,0.006180381408941379,0.058571796071826915,-0.00011423229173948557,-0.01708880795659029,0.291239111217815
4,2.0,1.0,1.0,2,72,0.001,432,0.29435730156667483,0.017411263898521323,0.0014594907460027985,0.00600989635078578,0.058571796071826915,-0.00011108092795583668,-0.017300182970565486,0.2945915438385789
4,2.0,1.0,1.0,2,73,0.001,438,0.2976908989018132,0.017618838808928783,0.001419763518494071,0.005846369428124129,0.058571796071826915,-0.00010805819806913863,-0.017510780610859644,0.2979260449673521
4,2.0,1.0,1.0,2,74,0.001,444,0.3010066579837525,0.01782576105729891,0.0013816367392134798,0.005689427078610937,0.058571796071826915,-0.0001051571951092567,-0.017720603862189654,0.30124271078134424
4,2.0,1.0,1.0,2,75,0.001,450,0.3043046763628089,0.01803202714814328,0.0013450255711402019,0.005538720476884177,0.058571796071826915,-0.00010237146959546362,-0.017929655678547818,0.3045416370993237
4,2.0,1.0,1.0,2,76,0.001,456,0.3075850510576992,0.018237633978279127,0.0013098507256463251,0.00539392359461106,0.058571796071826915,-9.969499353942868e-05,-0.0181379389847397,0.30782291936620837
4,2.0,1.0,1.0,2,77,0.001,462,0.3108478785573935,0.018442578805625387,0.0012760380325829374,0.005254731435735114,0.058571796071826915,-9.712212795220942e-05,-0.018345456677673178,0.3110866526397652
4,2.0,1.0,1.0,2,78,0.001,468,0.31409325482289707,0.018646859220692397,0.00124351804883489,0.005120858429071907,0.058571796071826915,-9.464759299615544e-05,-0.01855221162769624,0.3143329315790698
4,2.0,1.0,1.0,2,79,0.001,474,0.317321275289438,0.01885047312070981,0.0012122257012951781,0.004992036962421645,0.058571796071826915,-9.226644095483572e-05,-0.018758206679754974,0.31756185043456564
4,2.0,1.0,1.0,2,80,0.001,480,0.32053203486813975,0.01905341868586502,0.0011820999609445466,0.004868016044136483,0.058571796071826915,-8.997403140442728e-05,-0.018963444654460593,0.3207735030393448
4,2.0,1.0,1.0,2,1,0.002,6,0.9505416719572851,0.6522015500097945,1.9986418100798182,31.155302682473486,0.058571796071826915,0.6550531954760196,-0.0028516454662250723,0.9744320328925293
4,2.0,1.0,1.0,2,2,0.002,12,0.9176441446550079,0.027854523496752708,1.9494636171173487,7.788825670618372,0.058571796071826915,-0.028581110729709543,0.0007265872329568351,0.9570428043194421
4,2.0,1.0,1.0,2,3,0.002,18,0.279797483712373,0.06296204221973178,1.0056900199814502,3.4617002980526084,0.058571796071826915,-0.06274140065510966,-0.00022064156462212048,0.5143681101965802
4,2.0,1.0,1.0,2,4,0.002,24,0.11848837199569417,0.037454357629634144,0.5312178848986073,1.947206417654593,0.058571796071826915,-0.03631755521266415,-0.0011368024169699925,0.3007588781608038
4,2.0,1.0,1.0,2,5,0.002,30,0.07959078417640231,0.025182854534033988,0.3269310902367711,1.2462121072989396,0.058571796071826915,-0.023291472107575206,-0.001891382426458782,0.20063952337829594
4,2.0,1.0,1.0,2,6,0.002,36,0.07231594608351322,0.018709349245895124,0.22190344610085305,0.8654250745131521,0.058571796071826915,-0.01614787843315993,-0.002561470812735195,0.15097071056656758
4,2.0,1.0,1.0,2,7,0.002,42,0.07469188354139977,0.01502541564896337,0.16073267590130424,0.6358225037239486,0.058571796071826915,-0.011842148279772702,-0.0031832673691906677,0.12549271396116474
4,2.0,1.0,1.0,2,8,0.002,48,0.08057990322336339,0.012827823221349927,0.12191512653514122,0.4868016044136482,0.058571796071826915,-0.009053226894177618,-0.003774596327172308,0.11325958463591707
4,2.0,1.0,1.0,2,9,0.002,54,0.08791091092376269,0.011489976655458756,0.09570677353266412,0.3846333664502899,0.058571796071826915,-0.007145009269076741,-0.004344967386382015,0.1089648682508873
4,2.0,1.0,1.0,2,10,0.002,60,0.09587671957627675,0.010682271092692208,0.07716254342752717,0.3115530268247349,0.058571796071826915,-0.005782392489118493,-0.004899878603573715,0.10958891215859551
4,2.0,1.0,1.0,2,11,0.002,66,0.10412414647218349,0.010218324182929173,0.06355065487509248,0.25748184035102056,0.058571796071826915,-0.004775595949800121,-0.005442728233129052,0.11323613674241174
4,2.0,1.0,1.0,2,12,0.002,72,0.11248479519678045,0.009986423002792066,0.053259620325829725,0.21635626862828802,0.058571796071826915,-0.0040106894823137285,-0.005975733520478338,0.11870188026054361
4,2.0,1.0,1.0,2,13,0.002,78,0.12087267493250076,0.00991634834300284,0.0452877872909928,0.1843509034465887,0.058571796071826915,-0.0034159417273864623,-0.0065004066156163776,0.1252413475877139
4,2.0,1.0,1.0,2,14,0.002,84,0.12924142898606972,0.009962186059144396,0.03898542526180495,0.15895562593098714,0.058571796071826915,-0.002944368601204811,-0.007017817457939585,0.13240534126179943
4,2.0,1.0,1.0,2,15,0.002,90,0.1375649876994537,0.010092900070764438,0.03391585631056446,0.1384680119221044,0.058571796071826915,-0.0025641530168093174,-0.0075287470539551204,0.13992529524144307
4,2.0,1.0,1.0,2,16,0.002,96,0.14582822101883242,0.010286908271595674,0.02977665420198047,0.12170040110341206,0.058571796071826915,-0.0022531272638979805,-0.008033781007697693,0.14763979952977077
4,2.0,1.0,1.0,2,17,0.002,102,0.1540221646063369,0.010528831451171117,0.026352914702016218,0.10780381551028888,0.058571796071826915,-0.0019954626119305374,-0.00853336883924058,0.15545051485756683
4,2.0,1.0,1.0,2,18,0.002,108,0.1621414633849294,0.010807474829305358,0.023488484155813935,0.09615834161257247,0.058571796071826915,-0.0017796119592276005,-0.009027862870077757,0.16329647241480327
4,2.0,1.0,1.0,2,19,0.002,114,0.17018294529009692,0.011114535868319814,0.021067661700531776,0.08630277751377696,0.058571796071826915,-0.0015969914151541809,-0.009517544453165633,0.1711391752326022
4,2.0,1.0,1.0,2,20,0.002,120,0.17814479659208726,0.011443754470628786,0.01900322899135048,0.07788825670618373,0.058571796071826915,-0.0014411123573045415,-0.010002642113324245,0.1789538939512106
4,2.0,1.0,1.0,2,21,0.002,126,0.18602606979728975,0.01179034063714432,0.01722842221083578,0.07064694485821651,0.058571796071826915,-0.001306996265726862,-0.010483344371417458,0.18672450554255432
4,2.0,1.0,1.0,2,22,0.002,132,0.19382638168248767,0.012150580723293336,0.01569142793538152,0.06437046008775514,0.058571796071826915,-0.0011907717348441094,-0.010959808988449227,0.19444037671516395
4,2.0,1.0,1.0,2,23,0.002,138,0.20154572331757503,0.012521561353257438,0.014351534292070476,0.05889471206516727,0.058571796071826915,-0.0010893916074744825,-0.011432169745782955,0.20209444504972346
4,2.0,1.0,1.0,2,24,0.002,144,0.20918433783493706,0.012900972478995715,0.013176391484845567,0.054089067157072006,0.058571796071826915,-0.0010004309825799584,-0.011900541496415756,0.20968201425916685
4,2.0,1.0,1.0,2,25,0.002,150,0.21674264018089917,0.013286964690079894,0.012140030439604804,0.04984848429195759,0.058571796071826915,-0.0009219407084922193,-0.012365023981587675,0.21719998327559417
4,2.0,1.0,1.0,2,26,0.002,156,0.2242211634562773,0.013678044352326668,0.011221408750562885,0.04608772586164717,0.058571796071826915,-0.0008523396006920037,-0.012825704751634665,0.22464634387849675
4,2.0,1.0,1.0,2,27,0.002,162,0.23162052243511055,0.014072995539415184,0.010403329319574196,0.04273704071669887,0.058571796071826915,-0.0007903341118489227,-0.013282661427566261,0.23201984762297578
4,2.0,1.0,1.0,2,28,0.002,168,0.2389413883842081,0.01447082121456117,0.009671626305604098,0.039738906482746784,0.058571796071826915,-0.000734857743600853,-0.013735963470960316,0.23931978139414567
4,2.0,1.0,1.0,2,29,0.002,174,0.2461844714424002,0.014870698426005108,0.009014545398327014,0.03704554421221579,0.058571796071826915,-0.0006850248432078432,-0.014185673582797265,0.24654581383344448
4,2.0,1.0,1.0,2,30,0.002,180,0.253350508134348,0.015271943828965573,0.008422267120936532,0.0346170029805261,0.058571796071826915,-0.0006400950099269553,-0.014631848819038618,0.2536978887418517
4,2.0,1.0,1.0,2,31,0.002,186,0.26044025242239965,0.015673986903005588,0.007886536620586103,0.03241966980486315,0.058571796071826915,-0.000599445415152472,-0.015074541487853116,0.26077615009023036
4,2.0,1.0,1.0,2,32,0.002,192,0.2674544692273475,0.01607634896403337,0.007400373588021383,0.030425100275853014,0.058571796071826915,-0.0005625490871730976,-0.015513799876860274,0.2677808885968363
4,2.0,1.0,1.0,2,33,0.002,198,0.27439392969429754,0.016478626582519723,0.006957843070414635,0.02860909337233562,0.058571796071826915,-0.0005289577356385744,-0.01594966884688115,0.2747125032181438
4,2.0,1.0,1.0,2,34,0.002,204,0.28125940770533386,0.016880478382438696,0.006553872987819937,0.02695095387757222,0.058571796071826915,-0.0004982880623994046,-0.01638219032003929,0.28157147308153796
4,2.0,1.0,1.0,2,35,0.002,210,0.2880516772926227,0.017281614456262445,0.006184107779411282,0.025432900148957945,0.058571796071826915,-0.00047021077274450596,-0.01681140368351794,0.28835833681591916
4,2.0,1.0,1.0,2,36,0.002,216,0.294771510708433,0.017681787820546996,0.005844790225930572,0.02403958540314312,0.058571796071826915,-0.0004444416949498098,-0.017237346125597186,0.2950736771823972
4,2.0,1.0,1.0,2,37,0.002,222,0.30141967697848093,0.018080787474991894,0.00553266541249454,0.022757708314443747,0.058571796071826915,-0.00042073455812666194,-0.017660052916865232,0.3017181095421893
4,2.0,1.0,1.0,2,38,0.002,228,0.307996940814385,0.018478432730499705,0.005244902213094082,0.02157569437844424,0.058571796071826915,-0.0003988750836834143,-0.01807955764681629,0.30829227313054985
4,2.0,1.0,1.0,2,39,0.002,234,0.31450406179461843,0.018874568548126677,0.00497902873480571,0.02048343371628763,0.058571796071826915,-0.00037867612420669494,-0.018495892423919982,0.31479682440196366
4,2.0,1.0,1.0,2,40,0.002,240,0.3209417937481138,0.01926906168842238,0.0047328789545901945,0.01947206417654593,0.058571796071826915,-0.0003599736428384903,-0.01890908804558389,0.3212324319180764
4,2.0,1.0,1.0,2,41,0.002,246,0.32731088429184063,0.019661797514280613,0.0045045483837250705,0.018533791006825395,0.058571796071826915,-0.00034262337106677476,-0.019319174143213838,0.3275997723944646
4,2.0,1.0,1.0,2,42,0.002,252,0.33361207448568386,0.02005267732363049,0.004292357055156604,0.01766173621455413,0.058571796071826915,-0.00032649801710787907,-0.01972617930652261,0.3338995276247876
4,2.0,1.0,1.0,2,43,0.002,258,0.33984609857807757,0.020441616114240516,0.00409481848290347,0.016849812159260943,0.058571796071826915,-0.0003114849237062789,-0.020130131190534237,0.34013238207458046
4,2.0,1.0,1.0,2,44,0.002,264,0.34601368382143893,0.020828540702455073,0.003910613516779064,0.016092615021938785,0.058571796071826915,-0.0002974840944371948,-0.020531056608017878,0.3462990209896011
4,2.0,1.0,1.0,2,45,0.002,270,0.3521155503419142,0.02121338813338669,0.0037385682292998008,0.015385334658011602,0.058571796071826915,-0.0002844065237578852,-0.020928981609628805,0.352400128902447
4,2.0,1.0,1.0,2,46,0.002,276,0.3581524110516786,0.021596104332155086,0.0035776351392470917,0.014723678016291817,0.058571796071826915,-0.00027217277849281296,-0.021323931553662273,0.35843638844946957
4,2.0,1.0,1.0,2,47,0.002,282,0.3641249715945012,0.0219766429554189,0.003426877208473231,0.014103803839960835,0.058571796071826915,-0.00026071178843323217,-0.02171593116698567,0.3644084794309078
4,2.0,1.0,1.0,2,48,0.002,288,0.3700339303175877,0.02235496440991555,0.003285454153408093,0.013522266789268001,0.058571796071826915,-0.00024995981154596336,-0.022105004598369588,0.3703170780628684
4,2.0,1.0,1.0,2,49,0.002,294,0.37587997826393527,0.022731035010907757,0.003152610696320821,0.012975969463754053,0.058571796071826915,-0.00023985954547836585,-0.02249117546542939,0.37616285638136204
4,2.0,1.0,1.0,2,50,0.002,300,0.3816637991813744,0.02310482625829388,0.0030276664482633856,0.012462121072989397,0.058571796071826915,-0.00023035936236504018,-0.02287446689592884,0.38194648176773416
4,2.0,1.0,1.0,2,51,0.002,306,0.3873860695442659,0.02347631421191647,0.0029100071698694146,0.01197820172336543,0.058571796071826915,-0.00022141264752667533,-0.023254901564389793,0.387668616571207
4,2.0,1.0,1.0,2,52,0.002,312,0.3930474585858723,0.023845478950973595,0.00279907719938043,0.011521931465411793,0.058571796071826915,-0.00021297722650331918,-0.023632501724470276,0.39332991780979054
4,2.0,1.0,1.0,2,53,0.002,318,0.39864862833861847,0.02421230410474079,0.0026943728732515665,0.011091243389987,0.058571796071826915,-0.00020501486693150217,-0.024007289237809287,0.39893103693444115
4,2.0,1.0,1.0,2,54,0.002,324,0.404190233681051,0.02457677644424827,0.0025954367931381598,0.010684260179174718,0.058571796071826915,-0.00019749084453590804,-0.024379285599712364,0.4044726196447168
4,2.0,1.0,1.0,2,55,0.002,330,0.409672922389939,0.024938885525917637,0.0025018528172235945,0.010299273614040821,0.058571796071826915,-0.00019037356376339076,-0.024748511962154246,0.409955305746382
4,2.0,1.0,1.0,2,56,0.002,336,0.4150973351964039,0.025298623379848756,0.0024132416730230175,0.009934726620686696,0.058571796071826915,-0.0001836342255395751,-0.02511498915430918,0.41537972904336373
4,2.0,1.0,1.0,2,57,0.002,342,0.42046410584521043,0.025655984236472765,0.0023292571050860297,0.009589197501530774,0.058571796071826915,-0.00017724653535763912,-0.025478737701115126,0.4207465172579242
4,2.0,1.0,1.0,2,58,0.002,348,0.42577386115661553,0.026010964286260485,0.0022495824843761594,0.009261386053053948,0.058571796071826915,-0.00017118644637631464,-0.02583977783988417,0.4260562919741236
4,2.0,1.0,1.0,2,59,0.002,354,0.4310272210901567,0.026363561468116678,0.002173927817011009,0.008950101316424444,0.058571796071826915,-0.00016543193278856227,-0.026198129535328116,0.4313096686004855
4,2.0,1.0,1.0,2,60,0.002,360,0.4362247988097733,0.02671377528247508,0.002102027099712576,0.008654250745131525,0.058571796071826915,-0.00015996278924682028,-0.02655381249322826,0.43650725634861665
4,2.0,1.0,1.0,2,61,0.002,366,0.4413672007502123,0.027061606626056084,0.0020336359765086,0.0083728306053409,0.058571796071826915,-0.0001547604533780611,-0.026906846172678023,0.4416496582250542
4,2.0,1.0,1.0,2,62,0.002,372,0.44645502668392534,0.027407057645293234,0.001968529658341006,0.008104917451215787,0.058571796071826915,-0.00014980784790910584,-0.027257249797384128,0.4467374710341221
4,2.0,1.0,1.0,2,63,0.002,378,0.45148886978861313,0.027750131606201572,0.0019065010722249239,0.007849660539801835,0.058571796071826915,-0.0001450892403841164,-0.027605042365817456,0.45177128538996963
4,2.0,1.0,1.0,2,64,0.002,384,0.45646931671515056,0.028090832778624564,0.0018473592115153354,0.0076062750689632535,0.058571796071826915,-0.00014059011806177857,-0.027950242660562785,0.4567516857362829
4,2.0,1.0,1.0,2,65,0.002,390,0.46139694765553785,0.028429166332986186,0.0017909276627314284,0.0073740361378635474,0.058571796071826915,-0.00013629707615198106,-0.028292869256834205,0.46167925037237956
4,2.0,1.0,1.0,2,66,0.002,396,0.46627233641074484,0.028765138248140087,0.0017370432875614761,0.007152273343083905,0.058571796071826915,-0.00013219771783254397,-0.028632940530307543,0.4665545514846345
4,2.0,1.0,1.0,2,67,0.002,402,0.47109605045861325,0.029098755228919262,0.0016855550417642347,0.006940365935057582,0.058571796071826915,-0.00012828056464311843,-0.028970474664276144,0.4713781551823879
4,2.0,1.0,1.0,2,68,0.002,408,0.47586865102146736,0.02943002463234752,0.0016363229148289216,0.006737738469393055,0.058571796071826915,-0.0001245349760763681,-0.029305489656271153,0.4761506215375624
4,2.0,1.0,1.0,2,69,0.002,414,0.48059069313327596,0.02975895440131622,0.0015892169766160199,0.006543856896129697,0.058571796071826915,-0.00012095107715187625,-0.029638003324164344,0.4808725046273557
4,2.0,1.0,1.0,2,70,0.002,420,0.4852627257067549,0.030085553005124735,0.0015441165186527328,0.006358225037239486,0.058571796071826915,-0.00011751969334694579,-0.02996803331177779,0.4855443525795321
4,2.0,1.0,1.0,2,71,0.002,426,0.4898852915996996,0.030409829385850906,0.001500909279682782,0.006180381408941379,0.058571796071826915,-0.00011423229173948557,-0.03029559709411142,0.49016670761981634
4,2.0,1.0,1.0,2,72,0.002,432,0.4944589276810263,0.03073179291011134,0.0014594907460027985,0.00600989635078578,0.058571796071826915,-0.00011108092795583668,-0.030620711982155505,0.4947401061210397
4,2.0,1.0,1.0,2,73,0.002,438,0.4989841648963842,0.031051453325501757,0.001419763518494071,0.005846369428124129,0.058571796071826915,-0.00010805819806913863,-0.03094339512743262,0.4992650786537031
4,2.0,1.0,1.0,2,74,0.002,444,0.5034615283330148,0.03136882072123781,0.0013816367392134798,0.005689427078610937,0.058571796071826915,-0.0001051571951092567,-0.031263663526128554,0.5037421500377056
4,2.0,1.0,1.0,2,75,0.002,450,0.50789153728435,0.031683905492592035,0.0013450255711402019,0.005538720476884177,0.058571796071826915,-0.00010237146959546362,-0.03158153402299657,0.5081718393949735
4,2.0,1.0,1.0,2,76,0.002,456,0.5122747053136929,0.03199671830861443,0.0013098507256463251,0.00539392359461106,0.058571796071826915,-9.969499353942868e-05,-0.031897023315075004,0.5125546602028228
4,2.0,1.0,1.0,2,77,0.002,462,0.5166115403175913,0.0323072700829416,0.0012760380325829374,0.005254731435735114,0.058571796071826915,-9.712212795220942e-05,-0.03221014795498939,0.5168911203478486
4,2.0,1.0,1.0,2,78,0.002,468,0.5209025445884563,0.03261557194723895,0.00124351804883489,0.005120858429071907,0.058571796071826915,-9.464759299615544e-05,-0.032520924354242794,0.5211817221802321
4,2.0,1.0,1.0,2,79,0.002,474,0.5251482148767573,0.032921635227141324,0.0012122257012951781,0.004992036962421645,0.058571796071826915,-9.226644095483572e-05,-0.03282936878618649,0.5254269625683126
4,2.0,1.0,1.0,2,80,0.002,480,0.52934904245219,0.033225471420255726,0.0011820999609445466,0.004868016044136483,0.058571796071826915,-8.997403140442728e-05,-0.0331354973888513,0.5296273329533244
4,2.0,1.0,1.0,2,1,0.005,6,0.9501386017881004,0.6479347861853301,1.9986418100798182,31.155302682473486,0.058571796071826915,0.6550531954760196,-0.00711840929068952,0.9734517540102013
4,2.0,1.0,1.0,2,2,0.005,12,0.9190484881499744,0.02679443925897975,1.9494636171173487,7.788825670618372,0.058571796071826915,-0.028581110729709543,0.001786671470729792,0.9564840812374437
4,2.0,1.0,1.0,2,3,0.005,18,0.311030595134574,0.06328520813796946,1.0056900199814502,3.4617002980526084,0.058571796071826915,-0.06274140065510966,-0.0005438074828598011,0.524128059783731
4,2.0,1.0,1.0,2,4,0.005,24,0.1694213009237313,0.03910263598512931,0.5312178848986073,1.947206417654593,0.058571796071826915,-0.03631755521266415,-0.0027850807724651566,0.3221503942962791
4,2.0,1.0,1.0,2,5,0.005,30,0.14556877536498636,0.027900687266047525,0.3269310902367711,1.2462121072989396,0.058571796071826915,-0.023291472107575206,-0.0046092151584723184,0.2353654619604093
4,2.0,1.0,1.0,2,6,0.005,36,0.15135325136873834,0.022357368980360393,0.22190344610085305,0.8654250745131521,0.058571796071826915,-0.01614787843315993,-0.0062094905472004636,0.20136350754125693
4,2.0,1.0,1.0,2,7,0.005,42,0.1657583721447916,0.019518690484479045,0.16073267590130424,0.6358225037239486,0.058571796071826915,-0.011842148279772702,-0.007676542204706344,0.19326431818204803
4,2.0,1.0,1.0,2,8,0.005,48,0.18297683704977707,0.018108340474719237,0.12191512653514122,0.4868016044136482,0.058571796071826915,-0.009053226894177618,-0.009055113580541618,0.19842216133926627
4,2.0,1.0,1.0,2,9,0.005,54,0.20107918511224,0.017514222288192438,0.09570677353266412,0.3846333664502899,0.058571796071826915,-0.007145009269076741,-0.010369213019115697,0.21013928637894114
4,2.0,1.0,1.0,2,10,0.005,60,0.2193267355661641,0.01741523748059362,0.07716254342752717,0.3115530268247349,0.058571796071826915,-0.005782392489118493,-0.011632844991475128,0.22493410792587554
4,2.0,1.0,1.0,2,11,0.005,66,0.23740694394869877,0.01763037078835114,0.06355065487509248,0.25748184035102056,0.058571796071826915,-0.004775595949800121,-0.01285477483855102,0.24107451518177378
4,2.0,1.0,1.0,2,12,0.005,72,0.25517875561795844,0.018051507842248238,0.053259620325829725,0.21635626862828802,0.058571796071826915,-0.0040106894823137285,-0.01404081835993451,0.257708346331752
4,2.0,1.0,1.0,2,13,0.005,78,0.27257679339494834,0.01861096963705272,0.0452877872909928,0.1843509034465887,0.058571796071826915,-0.0034159417273864623,-0.015195027909666259,0.2744099443718375
4,2.0,1.0,1.0,2,14,0.005,84,0.2895716088876257,0.01926471632336249,0.03898542526180495,0.15895562593098714,0.058571796071826915,-0.002944368601204811,-0.01632034772215768,0.2909615523477879
4,2.0,1.0,1.0,2,15,0.005,90,0.30615183090250664,0.019983149137443867,0.03391585631056446,0.1384680119221044,0.058571796071826915,-0.0025641530168093174,-0.01741899612063455,0.3072495873936143
4,2.0,1.0,1.0,2,16,0.005,96,0.32231560480925014,0.020745826088323288,0.02977665420198047,0.12170040110341206,0.058571796071826915,-0.0022531272638979805,-0.018492698824425308,0.3232145458344565
4,2.0,1.0,1.0,2,17,0.005,102,0.33806625540363355,0.02153829959004787,0.026352914702016218,0.10780381551028888,0.058571796071826915,-0.0019954626119305374,-0.01954283697811733,0.33882602839967646
4,2.0,1.0,1.0,2,18,0.005,108,0.35340998487242925,0.022350156197290583,0.023488484155813935,0.09615834161257247,0.058571796071826915,-0.0017796119592276005,-0.020570544238062982,0.3540698306645149
4,2.0,1.0,1.0,2,19,0.005,114,0.36835460153417376,0.02317376371618224,0.021067661700531776,0.08630277751377696,0.058571796071826915,-0.0015969914151541809,-0.021576772301028058,0.368941024686147
4,2.0,1.0,1.0,2,20,0.005,120,0.3829087937063085,0.024003448613390113,0.01900322899135048,0.07788825670618373,0.058571796071826915,-0.0014411123573045415,-0.02256233625608557,0.3834401224364645
4,2.0,1.0,1.0,2,21,0.005,126,0.39708170294700296,0.024834942940021337,0.01722842221083578,0.07064694485821651,0.058571796071826915,-0.001306996265726862,-0.023527946674294475,0.39757088006521457
4,2.0,1.0,1.0,2,22,0.005,132,0.4108826672590363,0.025665004500230126,0.01569142793538152,0.06437046008775514,0.058571796071826915,-0.0011907717348441094,-0.024474232765386017,0.41133900468439344
4,2.0,1.0,1.0,2,23,0.005,138,0.4243210636629713,0.02649115099272413,0.014351534292070476,0.05889471206516727,0.058571796071826915,-0.0010893916074744825,-0.025401759385249648,0.4247513728137438
4,2.0,1.0,1.0,2,24,0.005,144,0.4374062104028369,0.02731147070995367,0.013176391484845567,0.054089067157072006,0.058571796071826915,-0.0010004309825799584,-0.02631103972737371,0.43781554709960635
4,2.0,1.0,1.0,2,25,0.005,150,0.45014730577856843,0.02812448563985291,0.012140030439604804,0.04984848429195759,0.058571796071826915,-0.0009219407084922193,-0.027202544931360692,0.45053947142435574
4,2.0,1.0,1.0,2,26,0.005,156,0.4625533899429124,0.028929051054803298,0.011221408750562885,0.04608772586164717,0.058571796071826915,-0.0008523396006920037,-0.028076711454111294,0.46293127524467953
4,2.0,1.0,1.0,2,27,0.005,162,0.4746333213612862,0.02972428090564208,0.010403329319574196,0.04273704071669887,0.058571796071826915,-0.0007903341118489227,-0.028933946793793158,0.47499914626785134
4,2.0,1.0,1.0,2,28,0.005,168,0.48639576278332264,0.03050949172850652,0.009671626305604098,0.039738906482746784,0.058571796071826915,-0.000734857743600853,-0.029774633984905666,0.48675124673523545
4,2.0,1.0,1.0,2,29,0.005,174,0.4978491734688614,0.031284160008653514,0.009014545398327014,0.03704554421221579,0.058571796071826915,-0.0006850248432078432,-0.03059913516544567,0.498195658038749
4,2.0,1.0,1.0,2,30,0.005,180,0.5090018055719966,0.032047889445396896,0.008422267120936532,0.0346170029805261,0.058571796071826915,-0.0006400950099269553,-0.03140779443546994,0.5093403440511718
4,2.0,1.0,1.0,2,31,0.005,186,0.5198617033132228,0.032800385584188796,0.007886536620586103,0.03241966980486315,0.058571796071826915,-0.000599445415152472,-0.032200940169036324,0.5201931270023005
4,2.0,1.0,1.0,2,32,0.005,192,0.5304367040300542,0.03354143598750231,0.007400373588021383,0.030425100275853014,0.058571796071826915,-0.0005625490871730976,-0.03297888690032921,0.5307616718789364
4,2.0,1.0,1.0,2,33,0.005,198,0.5407344404956425,0.03427089461077572,0.006957843070414635,0.02860909337233562,0.058571796071826915,-0.0005289577356385744,-0.03374193687513714,0.5410534766848116
4,2.0,1.0,1.0,2,34,0.005,204,0.5507623440894711,0.034988669399538,0.006553872987819937,0.02695095387757222,0.058571796071826915,-0.0004982880623994046,-0.034490381337138595,0.5510758667702661
4,2.0,1.0,1.0,2,35,0.005,210,0.5605276485343634,0.03569471237510885,0.006184107779411282,0.025432900148957945,0.058571796071826915,-0.00047021077274450596,-0.035224501602364344,0.5608359920122602
4,2.0,1.0,1.0,2,36,0.005,216,0.5700373940015755,0.03638901165817397,0.005844790225930572,0.02403958540314312,0.058571796071826915,-0.0004444416949498098,-0.03594456996322416,0.5703408260035512
4,2.0,1.0,1.0,2,37,0.005,222,0.5792984314449209,0.03707158501257886,0.00553266541249454,0.022757708314443747,0.058571796071826915,-0.00042073455812666194,-0.0366508504544522,0.5795971666640589
4,2.0,1.0,1.0,2,38,0.005,228,0.58831742706632,0.03774247459010331,0.005244902213094082,0.02157569437844424,0.058571796071826915,-0.0003988750836834143,-0.0373435995064199,0.5886116378602309
4,2.0,1.0,1.0,2,39,0.005,234,0.5971008668432406,0.038401742630278304,0.00497902873480571,0.02048343371628763,0.058571796071826915,-0.00037867612420669494,-0.03802306650607161,0.5973906917373953
4,2.0,1.0,1.0,2,40,0.005,240,0.6056550610689216,0.039049467924366296,0.0047328789545901945,0.01947206417654593,0.058571796071826915,-0.0003599736428384903,-0.038689494281527806,0.6059406115529006
4,2.0,1.0,1.0,2,41,0.005,246,0.6139861488703491,0.03968574289444672,0.0045045483837250705,0.018533791006825395,0.058571796071826915,-0.00034262337106677476,-0.039343119523379946,0.6142675148562237
4,2.0,1.0,1.0,2,42,0.005,252,0.6221001026788436,0.040310671170218984,0.004292357055156604,0.01766173621455413,0.058571796071826915,-0.00032649801710787907,-0.039984173153111105,0.6223773569037736
4,2.0,1.0,1.0,2,43,0.005,258,0.6300027326359916,0.04092436557088443,0.00409481848290347,0.016849812159260943,0.058571796071826915,-0.0003114849237062789,-0.04061288064717815,0.6302759342257798
4,2.0,1.0,1.0,2,44,0.005,264,0.6376996909223863,0.04152694641811722,0.003910613516779064,0.016092615021938785,0.058571796071826915,-0.0002974840944371948,-0.04122946232368002,0.6379688882843102
4,2.0,1.0,1.0,2,45,0.005,270,0.645196476000742,0.04211854012109985,0.0037385682292998008,0.015385334658011602,0.058571796071826915,-0.0002844065237578852,-0.04183413359734196,0.6454617091771944
4,2.0,1.0,1.0,2,46,0.005,276,0.6524984367678726,0.04269927798602324,0.0035776351392470917,0.014723678016291817,0.058571796071826915,-0.00027217277849281296,-0.04242710520753043,0.6527597393541695
4,2.0,1.0,1.0,2,47,0.005,282,0.659610776611907,0.04326929521165494,0.003426877208473231,0.014103803839960835,0.058571796071826915,-0.00026071178843323217,-0.04300858342322171,0.6598681773202019
4,2.0,1.0,1.0,2,48,0.005,288,0.6665385573728,0.0438287300396681,0.003285454153408093,0.013522266789268001,0.058571796071826915,-0.00024995981154596336,-0.043578770228122135,0.6667920813073279
4,2.0,1.0,1.0,2,49,0.005,294,0.6732867032051271,0.044377723034252144,0.003152610696320821,0.012975969463754053,0.058571796071826915,-0.00023985954547836585,-0.04413786348877378,0.6735363729012525
4,2.0,1.0,1.0,2,50,0.005,300,0.6798600043434073,0.04491641647014744,0.0030276664482633856,0.012462121072989397,0.058571796071826915,-0.00023035936236504018,-0.0446860571077824,0.680105840612381
4,2.0,1.0,1.0,2,51,0.005,306,0.6862631207701866,0.04544495381180759,0.0029100071698694146,0.01197820172336543,0.058571796071826915,-0.00022141264752667533,-0.045223541164280914,0.6865051433840771
4,2.0,1.0,1.0,2,52,0.005,312,0.692500585788318,0.04596347926957407,0.00279907719938043,0.011521931465411793,0.058571796071826915,-0.00021297722650331918,-0.045750502043070754,0.6927388140326035
4,2.0,1.0,1.0,2,53,0.005,318,0.6985768094984559,0.046472137420924146,0.0026943728732515665,0.011091243389987,0.058571796071826915,-0.00020501486693150217,-0.046267122553992644,0.6988112626152982
4,2.0,1.0,1.0,2,54,0.005,324,0.704496082183685,0.04697107288711559,0.0025954367931381598,0.010684260179174718,0.058571796071826915,-0.00019749084453590804,-0.046773582042579684,0.7047267797243468
4,2.0,1.0,1.0,2,55,0.005,330,0.7102625776029174,0.04746043005689898,0.0025018528172235945,0.010299273614040821,0.058571796071826915,-0.00019037356376339076,-0.04727005649313559,0.7104895397047922
4,2.0,1.0,1.0,2,56,0.005,336,0.7158803561950267,0.04794035285047392,0.0024132416730230175,0.009934726620686696,0.058571796071826915,-0.0001836342255395751,-0.047756718624934344,0.7161036037959898
4,2.0,1.0,1.0,2,57,0.005,342,0.7213533681956731,0.048410984517878494,0.0023292571050860297,0.009589197501530774,0.058571796071826915,-0.00017724653535763912,-0.048233737982520855,0.72157292319638
4,2.0,1.0,1.0,2,58,0.005,348,0.7266854566689345,0.04887246746689668,0.0022495824843761594,0.009261386053053948,0.058571796071826915,-0.00017118644637631464,-0.04870128102052036,0.7269013420518071
4,2.0,1.0,1.0,2,59,0.005,354,0.7318803604557793,0.04932494311643425,0.002173927817011009,0.008950101316424444,0.058571796071826915,-0.00016543193278856227,-0.049159511183645685,0.732092600368007
4,2.0,1.0,1.0,2,60,0.005,360,0.7369417170413929,0.04976855177171926,0.002102027099712576,0.008654250745131525,0.058571796071826915,-0.00015996278924682028,-0.04960858898247244,0.7371503368482036
4,2.0,1.0,1.0,2,61,0.005,366,0.7418730653435859,0.05020343251848482,0.0020336359765086,0.0083728306053409,0.058571796071826915,-0.0001547604533780611,-0.050048672065106756,0.7420780916567424
4,2.0,1.0,1.0,2,62,0.005,372,0.7466778484240886,0.050629723133446006,0.001968529658341006,0.008104917451215787,0.058571796071826915,-0.00014980784790910584,-0.0504799152855369,0.7468793091102213
4,2.0,1.0,1.0,2,63,0.005,378,0.7513594161249812,0.051047560008972676,0.0019065010722249239,0.007849660539801835,0.058571796071826915,-0.0001450892403841164,-0.05090247076858856,0.7515573402972417
4,2.0,1.0,1.0,2,64,0.005,384,0.7559210276321892,0.0514570780901206,0.0018473592115153354,0.0076062750689632535,0.058571796071826915,-0.00014059011806177857,-0.05131648797205882,0.7561154456282568
4,2.0,1.0,1.0,2,65,0.005,390,0.760365853967945,0.051858410822272424,0.0017909276627314284,0.0073740361378635474,0.058571796071826915,-0.00013629707615198106,-0.05172211374612044,0.7605567973170682
4,2.0,1.0,1.0,2,66,0.005,396,0.7646969804141278,0.05225169010814368,0.0017370432875614761,0.007152273343083905,0.058571796071826915,-0.00013219771783254397,-0.052119492390311134,0.7648844817954654
4,2.0,1.0,1.0,2,67,0.005,402,0.7689174088684955,0.05263704627287442,0.0016855550417642347,0.006940365935057582,0.058571796071826915,-0.00012828056464311843,-0.0525087657082313,0.7691015020624529
4,2.0,1.0,1.0,2,68,0.005,408,0.7730300601355173,0.05301460803624299,0.0016363229148289216,0.006737738469393055,0.058571796071826915,-0.0001245349760763681,-0.052890073060166624,0.77321077996971
4,2.0,1.0,1.0,2,69,0.005,414,0.7770377761535953,0.05338450249097441,0.0015892169766160199,0.006543856896129697,0.058571796071826915,-0.00012095107715187625,-0.05326355141382253,0.7772151584448623
4,2.0,1.0,1.0,2,70,0.005,420,0.7809433221605933,0.05374685508654262,0.0015441165186527328,0.006358225037239486,0.058571796071826915,-0.00011751969334694579,-0.05362933539319568,0.7811174036539201
4,2.0,1.0,1.0,2,71,0.005,426,0.7847493887991186,0.054101789617615206,0.001500909279682782,0.006180381408941379,0.058571796071826915,-0.00011423229173948557,-0.05398755732587572,0.7849202071047303
4,2.0,1.0,1.0,2,72,0.005,432,0.7884585941634383,0.05444942821665511,0.0014594907460027985,0.00600989635078578,0.058571796071826915,-0.00011108092795583668,-0.054338347288699275,0.7886261876926604
4,2.0,1.0,1.0,2,73,0.005,438,0.7920734857896041,0.0547898913501403,0.001419763518494071,0.005846369428124129,0.058571796071826915,-0.00010805819806913863,-0.05468183315207116,0.7922378936901283
4,2.0,1.0,1.0,2,74,0.005,444,0.7955965425902537,0.055123297817912115,0.0013816367392134798,0.005689427078610937,0.058571796071826915,-0.0001051571951092567,-0.05501814062280286,0.7957578046815283
4,2.0,1.0,1.0,2,75,0.005,450,0.7990301767358204,0.05544976475531799,0.0013450255711402019,0.005538720476884177,0.058571796071826915,-0.00010237146959546362,-0.055347393285722524,0.7991883334447782
4,2.0,1.0,1.0,2,76,0.005,456,0.8023767354834026,0.055769407637724325,0.0013098507256463251,0.00539392359461106,0.058571796071826915,-9.969499353942868e-05,-0.055669712644184896,0.8025318277812374
4,2.0,1.0,1.0,2,77,0.005,462,0.8056385029549972,0.0560823402871665,0.0012760380325829374,0.005254731435735114,0.058571796071826915,-9.712212795220942e-05,-0.05598521815921429,0.805790572295001
4,2.0,1.0,1.0,2,78,0.005,468,0.8088177018663338,0.056388674880817016,0.00124351804883489,0.005120858429071907,0.058571796071826915,-9.464759299615544e-05,-0.05629402728782086,0.8089667901232359
4,2.0,1.0,1.0,2,79,0.005,474,0.8119164952078286,0.05668852196108924,0.0012122257012951781,0.004992036962421645,0.058571796071826915,-9.226644095483572e-05,-0.056596255520134406,0.8120626446186407
4,2.0,1.0,1.0,2,80,0.005,480,0.8149369878787509,0.05698199044704464,0.0011820999609445466,0.004868016044136483,0.058571796071826915,-8.997403140442728e-05,-0.05689201641564021,0.8150802409856959
4,2.0,1.0,1.0,2,1,0.01,6,0.9494819393362363,0.6408520581442174,1.9986418100798182,31.155302682473486,0.058571796071826915,0.6550531954760196,-0.014201137331802172,0.9718628990682159
4,2.0,1.0,1.0,2,2,0.01,12,0.9212561792426409,0.02510560142648874,1.9494636171173487,7.788825670618372,0.058571796071826915,-0.028581110729709543,0.0034755093032208043,0.9556112003824195
4,2.0,1.0,1.0,2,3,0.01,18,0.3599411362558207,0.06380314771092917,1.0056900199814502,3.4617002980526084,0.058571796071826915,-0.06274140065510966,-0.0010617470558195036,0.5411582672143286
4,2.0,1.0,1.0,2,4,0.01,24,0.2475068907182777,0.04170332150891584,0.5312178848986073,1.947206417654593,0.058571796071826915,-0.03631755521266415,-0.00538576629625169,0.3611919440742345
4,2.0,1.0,1.0,2,5,0.01,30,0.24456507436807662,0.032127401717305715,0.3269310902367711,1.2462121072989396,0.058571796071826915,-0.023291472107575206,-0.008835929609730508,0.30056946463305934
4,2.0,1.0,1.0,2,6,0.01,36,0.2674281821174338,0.02794957617111521,0.22190344610085305,0.8654250745131521,0.058571796071826915,-0.01614787843315993,-0.01180169773795528,0.2937728446270039
4,2.0,1.0,1.0,2,7,0.01,42,0.2966723033932257,0.026307916366029277,0.16073267590130424,0.6358225037239486,0.058571796071826915,-0.011842148279772702,-0.014465768086256575,0.3095772082137993
4,2.0,1.0,1.0,2,8,0.01,48,0.3270784636638526,0.0259723797960279,0.12191512653514122,0.4868016044136482,0.058571796071826915,-0.009053226894177618,-0.016919152901850282,0.3339182799912905
4,2.0,1.0,1.0,2,9,0.01,54,0.3569961309883847,0.026356514746656984,0.09570677353266412,0.3846333664502899,0.058571796071826915,-0.007145009269076741,-0.019211505477580243,0.36095139758732275
4,2.0,1.0,1.0,2,10,0.01,60,0.38585103537342136,0.027154891562559583,0.07716254342752717,0.3115530268247349,0.058571796071826915,-0.005782392489118493,-0.02137249907344109,0.3883374681008978
4,2.0,1.0,1.0,2,11,0.01,66,0.413445990697632,0.028196905948987272,0.06355065487509248,0.25748184035102056,0.058571796071826915,-0.004775595949800121,-0.02342130999918715,0.4151324625461783
4,2.0,1.0,1.0,2,12,0.01,72,0.43973094748084274,0.02938186438260837,0.053259620325829725,0.21635626862828802,0.058571796071826915,-0.0040106894823137285,-0.02537117490029464,0.4409541685176198
4,2.0,1.0,1.0,2,13,0.01,78,0.46471765555651734,0.030647694851781343,0.0452877872909928,0.1843509034465887,0.058571796071826915,-0.0034159417273864623,-0.02723175312439488,0.4656574493651514
4,2.0,1.0,1.0,2,14,0.01,84,0.48844481670264983,0.03195480195082259,0.03898542526180495,0.15895562593098714,0.058571796071826915,-0.002944368601204811,-0.02901043334961778,0.4892024291564166
4,2.0,1.0,1.0,2,15,0.01,90,0.510962741015008,0.03327724984487411,0.03391585631056446,0.1384680119221044,0.058571796071826915,-0.0025641530168093174,-0.030713096828064793,0.5115978915773635
4,2.0,1.0,1.0,2,16,0.01,96,0.5323261840355582,0.03459771152856858,0.02977665420198047,0.12170040110341206,0.058571796071826915,-0.0022531272638979805,-0.0323445842646706,0.5328755666859248
4,2.0,1.0,1.0,2,17,0.01,102,0.552590856721072,0.03590445549022471,0.026352914702016218,0.10780381551028888,0.058571796071826915,-0.0019954626119305374,-0.03390899287829417,0.5530778419987081
4,2.0,1.0,1.0,2,18,0.01,108,0.5718116804510822,0.03718948391603211,0.023488484155813935,0.09615834161257247,0.058571796071826915,-0.0017796119592276005,-0.035409871956804506,0.5722516326290408
4,2.0,1.0,1.0,2,19,0.01,114,0.5900419111872547,0.03844734690007663,0.021067661700531776,0.08630277751377696,0.058571796071826915,-0.0015969914151541809,-0.03685035548492245,0.5904452199458126
4,2.0,1.0,1.0,2,20,0.01,120,0.6073327136568355,0.039674366859864765,0.01900322899135048,0.07788825670618373,0.058571796071826915,-0.0014411123573045415,-0.038233254502560224,0.6077065851320819
4,2.0,1.0,1.0,2,21,0.01,126,0.6237329758263349,0.04086811922987803,0.01722842221083578,0.07064694485821651,0.058571796071826915,-0.001306996265726862,-0.039561122964151166,0.6240825250169793
4,2.0,1.0,1.0,2,22,0.01,132,0.6392892545642832,0.04202707745889436,0.01569142793538152,0.06437046008775514,0.058571796071826915,-0.0011907717348441094,-0.040836305724050254,0.6396181909843727
4,2.0,1.0,1.0,2,23,0.01,138,0.654045793801411,0.04315036580392105,0.014351534292070476,0.05889471206516727,0.058571796071826915,-0.0010893916074744825,-0.04206097419644657,0.6543568630426349
4,2.0,1.0,1.0,2,24,0.01,144,0.6680445826885991,0.04423758432771192,0.013176391484845567,0.054089067157072006,0.058571796071826915,-0.0010004309825799584,-0.04323715334513196,0.6683398574153074
4,2.0,1.0,1.0,2,25,0.01,150,0.6813254353125989,0.045288683171781814,0.012140030439604804,0.04984848429195759,0.058571796071826915,-0.0009219407084922193,-0.044366742463289595,0.6816065110186406
4,2.0,1.0,1.0,2,26,0.01,156,0.6939260812975747,0.04630387103207652,0.011221408750562885,0.04608772586164717,0.058571796071826915,-0.0008523396006920037,-0.045451531431384515,0.6941942104284975
4,2.0,1.0,1.0,2,27,0.01,162,0.705882261025395,0.0472835477438282,0.010403329319574196,0.04273704071669887,0.058571796071826915,-0.0007903341118489227,-0.04649321363197928,0.7061384463731977
4,2.0,1.0,1.0,2,28,0.01,168,0.7172278217625578,0.048228254101496865,0.009671626305604098,0.039738906482746784,0.058571796071826915,-0.000734857743600853,-0.04749339635789601,0.7174728824339065
4,2.0,1.0,1.0,2,29,0.01,174,0.7279948124945952,0.049138634159310864,0.009014545398327014,0.03704554421221579,0.058571796071826915,-0.0006850248432078432,-0.04845360931610302,0.7282294310896511
4,2.0,1.0,1.0,2,30,0.01,180,0.7382135761797077,0.05001540667679506,0.008422267120936532,0.0346170029805261,0.058571796071826915,-0.0006400950099269553,-0.04937531166686811,0.7384383328978451
4,2.0,1.0,1.0,2,31,0.01,186,0.7479128386908316,0.05085934333830716,0.007886536620586103,0.03241966980486315,0.058571796071826915,-0.000599445415152472,-0.05025989792315469,0.748128236212566
4,2.0,1.0,1.0,2,32,0.01,192,0.7571197940591137,0.05167125204040745,0.007400373588021383,0.030425100275853014,0.058571796071826915,-0.0005625490871730976,-0.05110870295323435,0.757326275839199
4,2.0,1.0,1.0,2,33,0.01,198,0.7658601858470371,0.052451964005775814,0.006957843070414635,0.02860909337233562,0.058571796071826915,-0.0005289577356385744,-0.05192300627013724,0.7660581496485181
4,2.0,1.0,1.0,2,34,0.01,204,0.7741583846130744,0.05320232381067592,0.006553872987819937,0.02695095387757222,0.058571796071826915,-0.0004982880623994046,-0.05270403574827651,0.7743481925708184
4,2.0,1.0,1.0,2,35,0.01,210,0.7820374615134945,0.053923181648123694,0.006184107779411282,0.025432900148957945,0.058571796071826915,-0.00047021077274450596,-0.05345297087537919,0.7822194476457229
4,2.0,1.0,1.0,2,36,0.01,216,0.7895192581383468,0.05461538731884373,0.005844790225930572,0.02403958540314312,0.058571796071826915,-0.0004444416949498098,-0.05417094562389392,0.789693733968183
4,2.0,1.0,1.0,2,37,0.01,222,0.7966244527092092,0.055279785566074144,0.00553266541249454,0.022757708314443747,0.058571796071826915,-0.00042073455812666194,-0.05485905100794748,0.7967917114785796
4,2.0,1.0,1.0,2,38,0.01,228,0.8033726227838435,0.05591721246180924,0.005244902213094082,0.02157569437844424,0.058571796071826915,-0.0003988750836834143,-0.05551833737812582,0.8035329426139557
4,2.0,1.0,1.0,2,39,0.01,234,0.8097823046213182,0.05652849262002438,0.00497902873480571,0.02048343371628763,0.058571796071826915,-0.00037867612420669494,-0.056149816495817684,0.8099359508824103
4,2.0,1.0,1.0,2,40,0.01,240,0.8158710493643722,0.057114437063441395,0.0047328789545901945,0.01947206417654593,0.058571796071826915,-0.0003599736428384903,-0.056754463420602905,0.8160182764505615
4,2.0,1.0,1.0,2,41,0.01,246,0.8216554761950257,0.0576758416089104,0.0045045483837250705,0.018533791006825395,0.058571796071826915,-0.00034262337106677476,-0.057333218237843625,0.8217965288512432
4,2.0,1.0,1.0,2,42,0.01,252,0.8271513226163094,0.058213485665736336,0.004292357055156604,0.01766173621455413,0.058571796071826915,-0.00032649801710787907,-0.05788698764862846,0.8272864369284826
4,2.0,1.0,1.0,2,43,0.01,258,0.8323734920087599,0.05872813136392835,0.00409481848290347,0.016849812159260943,0.058571796071826915,-0.0003114849237062789,-0.05841664644022207,0.8325028961410685
4,2.0,1.0,1.0,2,44,0.01,264,0.8373360986046054,0.059220522946486914,0.003910613516779064,0.016092615021938785,0.058571796071826915,-0.0002974840944371948,-0.05892303885204972,0.8374600133477913
4,2.0,1.0,1.0,2,45,0.01,270,0.842052510016829,0.05969138637346062,0.0037385682292998008,0.015385334658011602,0.058571796071826915,-0.0002844065237578852,-0.05940697984970274,0.8421711491962416
4,2.0,1.0,1.0,2,46,0.01,276,0.8465353874541434,0.06014142909594307,0.0035776351392470917,0.014723678016291817,0.058571796071826915,-0.00027217277849281296,-0.059869256317450256,0.8466489582345308
4,2.0,1.0,1.0,2,47,0.01,282,0.8507967237466411,0.060571339966500035,0.003426877208473231,0.014103803839960835,0.058571796071826915,-0.00026071178843323217,-0.0603106281780668,0.8509054268619456
4,2.0,1.0,1.0,2,48,0.01,288,0.8548478793007742,0.06098178925896564,0.003285454153408093,0.013522266789268001,0.058571796071826915,-0.00024995981154596336,-0.06073182944741968,0.8549519092303688
4,2.0,1.0,1.0,2,49,0.01,294,0.8586996160962281,0.061373428775755856,0.003152610696320821,0.012975969463754053,0.058571796071826915,-0.00023985954547836585,-0.06113356923027749,0.8587991612040111
4,2.0,1.0,1.0,2,50,0.01,300,0.8623621298315781,0.061746892025039295,0.0030276664482633856,0.012462121072989397,0.058571796071826915,-0.00023035936236504018,-0.061516532662674255,0.8624573724799788
4,2.0,1.0,1.0,2,51,0.01,306,0.8658450803197453,0.062102794453250065,0.0029100071698694146,0.01197820172336543,0.058571796071826915,-0.00022141264752667533,-0.06188138180572339,0.8659361969680971
4,2.0,1.0,1.0,2,52,0.01,312,0.8691576202291889,0.062441733721281395,0.00279907719938043,0.011521931465411793,0.058571796071826915,-0.00021297722650331918,-0.062228756494778076,0.8692447815229614
4,2.0,1.0,1.0,2,53,0.01,318,0.8723084222613022,0.0627642900146464,0.0026943728732515665,0.011091243389987,0.058571796071826915,-0.00020501486693150217,-0.0625592751477149,0.8723917931174403
4,2.0,1.0,1.0,2,54,0.01,324,0.8753057048498685,0.06307102637983503,0.0025954367931381598,0.010684260179174718,0.058571796071826915,-0.00019749084453590804,-0.06287353553529912,0.8753854445415765
4,2.0,1.0,1.0,2,55,0.01,330,0.8781572564635776,0.06336248908031547,0.0025018528172235945,0.010299273614040821,0.058571796071826915,-0.00019037356376339076,-0.06317211551655208,0.8782335187070283
4,2.0,1.0,1.0,2,56,0.01,336,0.8808704585882506,0.0636392079669412,0.0024132416730230175,0.009934726620686696,0.058571796071826915,-0.0001836342255395751,-0.06345557374140162,0.8809433916328455
4,2.0,1.0,1.0,2,57,0.01,342,0.8834523074612086,0.06390169685838157,0.0023292571050860297,0.009589197501530774,0.058571796071826915,-0.00017724653535763912,-0.06372445032302393,0.8835220541844009
4,2.0,1.0,1.0,2,58,0.01,348,0.8859094346262791,0.06415045392797619,0.0022495824843761594,0.009261386053053948,0.058571796071826915,-0.00017118644637631464,-0.06397926748159988,0.8859761326333742
4,2.0,1.0,1.0,2,59,0.01,354,0.8882481263741204,0.0643859620941532,0.002173927817011009,0.008950101316424444,0.058571796071826915,-0.00016543193278856227,-0.06422053016136464,0.8883119081032049
4,2.0,1.0,1.0,2,60,0.01,360,0.8904743421289895,0.06460868941188141,0.002102027099712576,0.008654250745131525,0.058571796071826915,-0.00015996278924682028,-0.0644487266226346,0.8905353349609227
4,2.0,1.0,1.0,2,61,0.01,366,0.8925937318397763,0.06481908946331254,0.0020336359765086,0.0083728306053409,0.058571796071826915,-0.0001547604533780611,-0.06466432900993448,0.8926520582127611
4,2.0,1.0,1.0,2,62,0.01,372,0.8946116524297909,0.06501760174589145,0.001968529658341006,0.008104917451215787,0.058571796071826915,-0.00014980784790910584,-0.06486779389798235,0.8946674299583386
4,2.0,1.0,1.0,2,63,0.01,378,0.8965331833569692,0.0652046520567029,0.0019065010722249239,0.007849660539801835,0.058571796071826915,-0.0001450892403841164,-0.06505956281631878,0.8965865249545653
4,2.0,1.0,1.0,2,64,0.01,384,0.8983631413331855,0.06538065287199753,0.0018473592115153354,0.0076062750689632535,0.058571796071826915,-0.00014059011806177857,-0.06524006275393575,0.8984141553380569
4,2.0,1.0,1.0,2,65,0.01,390,0.9001060942486928,0.06554600372097331,0.0017909276627314284,0.0073740361378635474,0.058571796071826915,-0.00013629707615198106,-0.06540970664482133,0.9001548845521428
4,2.0,1.0,1.0,2,66,0.01,396,0.9017663743451743,0.06570109155323482,0.0017370432875614761,0.007152273343083905,0.058571796071826915,-0.00013219771783254397,-0.06556889383540228,0.9018130405219504
4,2.0,1.0,1.0,2,67,0.01,402,0.9033480906785484,0.0658462910993391,0.0016855550417642347,0.006940365935057582,0.058571796071826915,-0.00012828056464311843,-0.06571801053469598,0.903392728118535
4,2.0,1.0,1.0,2,68,0.01,408,0.9048551409103072,0.06598196522408131,0.0016363229148289216,0.006737738469393055,0.058571796071826915,-0.0001245349760763681,-0.06585743024800494,0.9048978409510062
4,2.0,1.0,1.0,2,69,0.01,414,0.9062912224640554,0.06610846527212662,0.0015892169766160199,0.006543856896129697,0.058571796071826915,-0.00012095107715187625,-0.06598751419497474,0.9063320725234448
4,2.0,1.0,1.0,2,70,0.01,420,0.9076598430819859,0.06622613140588868,0.0015441165186527328,0.006358225037239486,0.058571796071826915,-0.00011751969334694579,-0.06610861171254173,0.9076989267909873
4,2.0,1.0,1.0,2,71,0.01,426,0.908964330813913,0.06633529293539857,0.001500909279682782,0.006180381408941379,0.058571796071826915,-0.00011423229173948557,-0.06622106064365908,0.9090017281483582
4,2.0,1.0,1.0,2,72,0.01,432,0.9102078434699167,0.06643626864014594,0.0014594907460027985,0.00600989635078578,0.058571796071826915,-0.00011108092795583668,-0.0663251877121901,0.910243630881352
4,2.0,1.0,1.0,2,73,0.01,438,0.9113933775657812,0.0665293670828364,0.001419763518494071,0.005846369428124129,0.058571796071826915,-0.00010805819806913863,-0.06642130888476726,0.9114276281107718
4,2.0,1.0,1.0,2,74,0.01,444,0.912523776788837,0.06661488691505074,0.0013816367392134798,0.005689427078610937,0.058571796071826915,-0.0001051571951092567,-0.06650972971994148,0.9125565602565323
4,2.0,1.0,1.0,2,75,0.01,450,0.9136017400103645,0.06669311717487766,0.0013450255711402019,0.005538720476884177,0.058571796071826915,-0.00010237146959546362,-0.0665907457052822,0.9136331230478321
4,2.0,1.0,1.0,2,76,0.01,456,0.9146298288691356,0.0667643375765427,0.0013098507256463251,0.00539392359461106,0.058571796071826915,-9.969499353942868e-05,-0.06666464258300327,0.9146598751045039
4,2.0,1.0,1.0,2,77,0.01,462,0.9156104749495029,0.06682881879215763,0.0012760380325829374,0.005254731435735114,0.058571796071826915,-9.712212795220942e-05,-0.06673169666420542,0.9156392451123941
4,2.0,1.0,1.0,2,78,0.01,468,0.916545986575987,0.0668868227256792,0.00124351804883489,0.005120858429071907,0.058571796071826915,-9.464759299615544e-05,-0.06679217513268304,0.9165735386152312
4,2.0,1.0,1.0,2,79,0.01,474,0.9174385552452297,0.06693860277922956,0.0012122257012951781,0.004992036962421645,0.058571796071826915,-9.226644095483572e-05,-0.06684633633827472,0.9174649444435381
4,2.0,1.0,1.0,2,80,0.01,480,0.9182902617149018,0.06698440411181913,0.0011820999609445466,0.004868016044136483,0.058571796071826915,-8.997403140442728e-05,-0.06689443008041471,0.918315540800708
4,2.0,1.0,1.0,2,1,0.02,6,0.9482239710236784,0.6267936458107247,1.9986418100798182,31.155302682473486,0.058571796071826915,0.6550531954760196,-0.02825954966529487,0.9688474296535594
4,2.0,1.0,1.0,2,2,0.02,12,0.9252067523683536,0.022010443330605076,1.9494636171173487,7.788825670618372,0.058571796071826915,-0.028581110729709543,0.006570667399104467,0.95406502242242
4,2.0,1.0,1.0,2,3,0.02,18,0.4469737964298268,0.06476245744843066,1.0056900199814502,3.4617002980526084,0.058571796071826915,-0.06274140065510966,-0.0020210567933209994,0.5772141049388138
4,2.0,1.0,1.0,2,4,0.02,24,0.38107616771000097,0.046389893379967406,0.5312178848986073,1.947206417654593,0.058571796071826915,-0.03631755521266415,-0.010072338167303255,0.4449442926660906
4,2.0,1.0,1.0,2,5,0.02,30,0.40728051652132935,0.039538914419145046,0.3269310902367711,1.2462121072989396,0.058571796071826915,-0.023291472107575206,-0.01624744231156984,0.43196341709934816
4,2.0,1.0,1.0,2,6,0.02,36,0.4508159145883588,0.037490647360478885,0.22190344610085305,0.8654250745131521,0.058571796071826915,-0.01614787843315993,-0.021342768927318956,0.4608055855869136
4,2.0,1.0,1.0,2,7,0.02,42,0.4955467804014909,0.037576660144715904,0.16073267590130424,0.6358225037239486,0.058571796071826915,-0.011842148279772702,-0.025734511864943202,0.5001385961350845
4,2.0,1.0,1.0,2,8,0.02,48,0.5376310903858916,0.0386684096961008,0.12191512653514122,0.4868016044136482,0.058571796071826915,-0.009053226894177618,-0.029615182801923184,0.540047642189345
4,2.0,1.0,1.0,2,9,0.02,54,0.5761845139130507,0.04023936024481675,0.09570677353266412,0.3846333664502899,0.058571796071826915,-0.007145009269076741,-0.03309435097574001,0.5776224257673035
4,2.0,1.0,1.0,2,10,0.02,60,0.6111535838255439,0.04202352247538248,0.07716254342752717,0.3115530268247349,0.058571796071826915,-0.005782392489118493,-0.036241129986263984,0.6121032665514703
4,2.0,1.0,1.0,2,11,0.02,66,0.642739766311239,0.04387861359704005,0.06355065487509248,0.25748184035102056,0.058571796071826915,-0.004775595949800121,-0.03910301764723993,0.6434220868385914
4,2.0,1.0,1.0,2,12,0.02,72,0.6712180178049654,0.04572566544243223,0.053259620325829725,0.21635626862828802,0.058571796071826915,-0.0040106894823137285,-0.0417149759601185,0.6717411245435283
4,2.0,1.0,1.0,2,13,0.02,78,0.6968738335048675,0.047520105823199765,0.0452877872909928,0.1843509034465887,0.058571796071826915,-0.0034159417273864623,-0.0441041640958133,0.6972947132579383
4,2.0,1.0,1.0,2,14,0.02,84,0.7199804172056037,0.049236947208886765,0.03898542526180495,0.15895562593098714,0.058571796071826915,-0.002944368601204811,-0.046292578607681954,0.720331115886434
4,2.0,1.0,1.0,2,15,0.02,90,0.7407907404493086,0.05086276744708872,0.03391585631056446,0.1384680119221044,0.058571796071826915,-0.0025641530168093174,-0.048298614430279406,0.7410903680392873
4,2.0,1.0,1.0,2,16,0.02,96,0.7595354897691421,0.052391162786658,0.02977665420198047,0.12170040110341206,0.058571796071826915,-0.0022531272638979805,-0.05013803552276002,0.7597960743579877
4,2.0,1.0,1.0,2,17,0.02,102,0.7764234171336564,0.053820068420745874,0.026352914702016218,0.10780381551028888,0.058571796071826915,-0.0019954626119305374,-0.05182460580881534,0.776652920761987
4,2.0,1.0,1.0,2,18,0.02,108,0.7916426550558453,0.055150127845546966,0.023488484155813935,0.09615834161257247,0.058571796071826915,-0.0017796119592276005,-0.053370515886319365,0.7918466035973317
4,2.0,1.0,1.0,2,19,0.02,114,0.8053623739595788,0.05638367355751413,0.021067661700531776,0.08630277751377696,0.058571796071826915,-0.0015969914151541809,-0.054786682142359946,0.8055447755794063
4,2.0,1.0,1.0,2,20,0.02,120,0.8177345049851698,0.05752407573888359,0.01900322899135048,0.07788825670618373,0.058571796071826915,-0.0014411123573045415,-0.056082963381579046,0.817898387024787
4,2.0,1.0,1.0,2,21,0.02,126,0.8288954050776218,0.058575318727280286,0.01722842221083578,0.07064694485821651,0.058571796071826915,-0.001306996265726862,-0.057268322461553424,0.8290431382287096
4,2.0,1.0,1.0,2,22,0.02,132,0.838967412164834,0.05954172195521187,0.01569142793538152,0.06437046008775514,0.058571796071826915,-0.0011907717348441094,-0.05835095022036776,0.8391009119847466
4,2.0,1.0,1.0,2,23,0.02,138,0.84806027185864,0.06042775447712811,0.014351534292070476,0.05889471206516727,0.058571796071826915,-0.0010893916074744825,-0.059338362869653626,0.8481811274285104
4,2.0,1.0,1.0,2,24,0.02,144,0.8562724332012868,0.061237911242458296,0.013176391484845567,0.054089067157072006,0.058571796071826915,-0.0010004309825799584,-0.06023748025987834,0.8563819913709465
4,2.0,1.0,1.0,2,25,0.02,150,0.8636922185660085,0.06197663075057333,0.012140030439604804,0.04984848429195759,0.058571796071826915,-0.0009219407084922193,-0.06105469004208111,0.8637916405004573
4,2.0,1.0,1.0,2,26,0.02,156,0.8703988761809933,0.06264824080821071,0.011221408750562885,0.04608772586164717,0.058571796071826915,-0.0008523396006920037,-0.061795901207518704,0.870489176279333
4,2.0,1.0,1.0,2,27,0.02,162,0.8764635249771391,0.06325692357769001,0.010403329319574196,0.04273704071669887,0.058571796071826915,-0.0007903341118489227,-0.06246658946584109,0.8765455983653385
4,2.0,1.0,1.0,2,28,0.02,168,0.881950001616135,0.06380669397724875,0.009671626305604098,0.039738906482746784,0.058571796071826915,-0.000734857743600853,-0.0630718362336479,0.8820246441055264
4,2.0,1.0,1.0,2,29,0.02,174,0.8869156191805956,0.06430138737523075,0.009014545398327014,0.03704554421221579,0.058571796071826915,-0.0006850248432078432,-0.06361636253202291,0.8869835421746476
4,2.0,1.0,1.0,2,30,0.02,180,0.8914118463862477,0.06474465377062813,0.008422267120936532,0.0346170029805261,0.058571796071826915,-0.0006400950099269553,-0.06410455876070117,0.8914736883421563
4,2.0,1.0,1.0,2,31,0.02,186,0.895484915458389,0.0651399564968944,0.007886536620586103,0.03241966980486315,0.058571796071826915,-0.000599445415152472,-0.06454051108174193,0.8955412509555781
4,2.0,1.0,1.0,2,32,0.02,192,0.8991763660794371,0.06549057406340361,0.007400373588021383,0.030425100275853014,0.058571796071826915,-0.0005625490871730976,-0.06492802497623051,0.8992277131923467
4,2.0,1.0,1.0,2,33,0.02,198,0.9025235321030649,0.06579960414929537,0.006957843070414635,0.02860909337233562,0.058571796071826915,-0.0005289577356385744,-0.06527064641365679,0.9025703585445912
4,2.0,1.0,1.0,2,34,0.02,204,0.9055599770622406,0.0660699690443788,0.006553872987819937,0.02695095387757222,0.058571796071826915,-0.0004982880623994046,-0.0655716809819794,0.905602705413297
4,2.0,1.0,1.0,2,35,0.02,210,0.9083158838825369,0.06630442203017528,0.006184107779411282,0.025432900148957945,0.058571796071826915,-0.00047021077274450596,-0.06583421125743077,0.9083548961233604
4,2.0,1.0,1.0,2,36,0.02,216,0.910818403650312,0.06650555433565394,0.005844790225930572,0.02403958540314312,0.058571796071826915,-0.0004444416949498098,-0.06606111264070413,0.9108540451425563
4,2.0,1.0,1.0,2,37,0.02,222,0.913091967776601,0.06667580240404675,0.00553266541249454,0.022757708314443747,0.058571796071826915,-0.00042073455812666194,-0.06625506784592008,0.9131245508010477
4,2.0,1.0,1.0,2,38,0.02,228,0.9151585674391487,0.06681745528101579,0.005244902213094082,0.02157569437844424,0.058571796071826915,-0.0003988750836834143,-0.06641858019733238,0.9151883743638006
4,2.0,1.0,1.0,2,39,0.02,234,0.9170380037730035,0.06693266198824471,0.00497902873480571,0.02048343371628763,0.058571796071826915,-0.00037867612420669494,-0.06655398586403802,0.9170652899064226
4,2.0,1.0,1.0,2,40,0.02,240,0.9187481119108551,0.06702343878606444,0.0047328789545901945,0.01947206417654593,0.058571796071826915,-0.0003599736428384903,-0.06666346514322595,0.9187731080818458
4,2.0,1.0,1.0,2,41,0.02,246,0.9203049616436623,0.06709167625774112,0.0045045483837250705,0.018533791006825395,0.058571796071826915,-0.00034262337106677476,-0.06674905288667435,0.920327876539055
4,2.0,1.0,1.0,2,42,0.02,252,0.9217230371763929,0.06713914616946756,0.004292357055156604,0.01766173621455413,0.058571796071826915,-0.00032649801710787907,-0.06681264815235968,0.9217440594626016
4,2.0,1.0,1.0,2,43,0.02,258,0.9230153981895716,0.06716750807608507,0.00409481848290347,0.016849812159260943,0.058571796071826915,-0.0003114849237062789,-0.06685602315237879,0.9230346984387774
4,2.0,1.0,1.0,2,44,0.02,264,0.9241938241811762,0.06717831565410279,0.003910613516779064,0.016092615021938785,0.058571796071826915,-0.0002974840944371948,-0.0668808315596656,0.9242115566201203
4,2.0,1.0,1.0,2,45,0.02,270,0.9252689438526993,0.06717302275239734,0.0037385682292998008,0.015385334658011602,0.058571796071826915,-0.0002844065237578852,-0.06688861622863945,0.9252852479498025
4,2.0,1.0,1.0,2,46,0.02,276,0.9262503511150234,0.06715298915719159,0.0035776351392470917,0.014723678016291817,0.058571796071826915,-0.00027217277849281296,-0.06688081637869878,0.9262653530197089
4,2.0,1.0,1.0,2,47,0.02,282,0.9271467091217314,0.06711948607267873,0.003426877208473231,0.014103803839960835,0.058571796071826915,-0.00026071178843323217,-0.0668587742842455,0.9271605229686084
4,2.0,1.0,1.0,2,48,0.02,288,0.9279658435875489,0.06707370132189275,0.003285454153408093,0.013522266789268001,0.058571796071826915,-0.00024995981154596336,-0.06682374151034678,0.9279785726769751
4,2.0,1.0,1.0,2,49,0.02,294,0.9287148265157275,0.0670167442748329,0.003152610696320821,0.012975969463754053,0.058571796071826915,-0.00023985954547836585,-0.06677688472935453,0.9287265643815126
4,2.0,1.0,1.0,2,50,0.02,300,0.9294000513387686,0.06694965051257287,0.0030276664482633856,0.012462121072989397,0.058571796071826915,-0.00023035936236504018,-0.06671929115020783,0.9294108827126569
4,2.0,1.0,1.0,2,51,0.02,306,0.9300273003701199,0.0668733862370097,0.0029100071698694146,0.01197820172336543,0.058571796071826915,-0.00022141264752667533,-0.06665197358948302,0.9300373020524125
4,2.0,1.0,1.0,2,52,0.02,312,0.9306018053693954,0.06678885243677085,0.00279907719938043,0.011521931465411793,0.058571796071826915,-0.00021297722650331918,-0.06657587521026753,0.9306110470138655
4,2.0,1.0,1.0,2,53,0.02,318,0.9311283019385078,0.06669688881996767,0.0026943728732515665,0.011091243389987,0.058571796071826915,-0.00020501486693150217,-0.06649187395303617,0.9311368467597043
4,2.0,1.0,1.0,2,54,0.02,324,0.9316110783903477,0.06659827752481023,0.0025954367931381598,0.010684260179174718,0.058571796071826915,-0.00019749084453590804,-0.06640078668027433,0.9316189838002717
4,2.0,1.0,1.0,2,55,0.02,330,0.932054019663746,0.0664937466188714,0.0025018528172235945,0.010299273614040821,0.058571796071826915,-0.00019037356376339076,-0.06630337305510801,0.9320613378446315
4,2.0,1.0,1.0,2,56,0.02,336,0.9324606467979815,0.06638397339774813,0.0024132416730230175,0.009934726620686696,0.058571796071826915,-0.0001836342255395751,-0.06620033917220855,0.9324674252172543
4,2.0,1.0,1.0,2,57,0.02,342,0.9328341524259951,0.06626958749356206,0.0023292571050860297,0.009589197501530774,0.058571796071826915,-0.00017724653535763912,-0.06609234095820442,0.9328404342990915
4,2.0,1.0,1.0,2,58,0.02,348,0.9331774326972091,0.06615117380338004,0.0022495824843761594,0.009261386053053948,0.058571796071826915,-0.00017118644637631464,-0.06597998735700372,0.933183257403279
4,2.0,1.0,1.0,2,59,0.02,354,0.9334931159976556,0.06602927524737787,0.002173927817011009,0.008950101316424444,0.058571796071826915,-0.00016543193278856227,-0.0658638433145893,0.9334985194528473
4,2.0,1.0,1.0,2,60,0.02,360,0.9337835887965721,0.06590439536601797,0.002102027099712576,0.008654250745131525,0.058571796071826915,-0.00015996278924682028,-0.06574443257677115,0.9337886037892182
4,2.0,1.0,1.0,2,61,0.02,366,0.934051018914192,0.06577700076527179,0.0020336359765086,0.0083728306053409,0.058571796071826915,-0.0001547604533780611,-0.06562224031189373,0.9340556754055949
4,2.0,1.0,1.0,2,62,0.02,372,0.9342973764745791,0.06564752341835522,0.001968529658341006,0.008104917451215787,0.058571796071826915,-0.00014980784790910584,-0.06549771557044612,0.9343017018691421
4,2.0,1.0,1.0,2,63,0.02,378,0.9345244527799215,0.06551636283212742,0.0019065010722249239,0.007849660539801835,0.058571796071826915,-0.0001450892403841164,-0.0653712735917433,0.9345284721676496
4,2.0,1.0,1.0,2,64,0.02,384,0.9347338773180139,0.06538388808587448,0.0018473592115153354,0.0076062750689632535,0.058571796071826915,-0.00014059011806177857,-0.0652432979678127,0.9347376136921952
4,2.0,1.0,1.0,2,65,0.02,390,0.934927133092648,0.06525043974972924,0.0017909276627314284,0.0073740361378635474,0.058571796071826915,-0.00013629707615198106,-0.06511414267357726,0.9349306075453787
4,2.0,1.0,1.0,2,66,0.02,396,0.9351055704469511,0.06511633168970091,0.0017370432875614761,0.007152273343083905,0.058571796071826915,-0.00013219771783254397,-0.06498413397186836,0.9351088023448784
4,2.0,1.0,1.0,2,67,0.02,402,0.9352704195321255,0.06498185276582095,0.0016855550417642347,0.006940365935057582,0.058571796071826915,-0.00012828056464311843,-0.06485357220117784,0.9352734266743719
4,2.0,1.0,1.0,2,68,0.02,408,0.9354228015582345,0.0648472684296249,0.0016363229148289216,0.006737738469393055,0.058571796071826915,-0.0001245349760763681,-0.06472273345354854,0.9354256003184187
4,2.0,1.0,1.0,2,69,0.02,414,0.9355637389495974,0.06471282222674163,0.0015892169766160199,0.006543856896129697,0.058571796071826915,-0.00012095107715187625,-0.06459187114958975,0.9355663444037194
4,2.0,1.0,1.0,2,70,0.02,420,0.93569416451478,0.06457873721018045,0.0015441165186527328,0.006358225037239486,0.058571796071826915,-0.00011751969334694579,-0.06446121751683351,0.9356965905562377
4,2.0,1.0,1.0,2,71,0.02,426,0.9358149297297579,0.06444521726943915,0.001500909279682782,0.006180381408941379,0.058571796071826915,-0.00011423229173948557,-0.06433098497769967,0.9358171891731586
4,2.0,1.0,1.0,2,72,0.02,432,0.9359268122228528,0.06431244838037037,0.0014594907460027985,0.00600989635078578,0.058571796071826915,-0.00011108092795583668,-0.06420136745241453,0.9359289168975984
4,2.0,1.0,1.0,2,73,0.02,438,0.936030522540885,0.06418059978042105,0.001419763518494071,0.005846369428124129,0.058571796071826915,-0.00010805819806913863,-0.06407254158235191,0.9360324833756165
4,2.0,1.0,1.0,2,74,0.02,444,0.9361267102678844,0.06404982507356442,0.0013816367392134798,0.005689427078610937,0.058571796071826915,-0.0001051571951092567,-0.06394466787845517,0.9361285373668708
4,2.0,1.0,1.0,2,75,0.02,450,0.9362159695604935,0.06392026326906991,0.0013450255711402019,0.005538720476884177,0.058571796071826915,-0.00010237146959546362,-0.06381789179947445,0.9362176722726064
4,2.0,1.0,1.0,2,76,0.02,456,0.9362988441575726,0.0637920397579161,0.0013098507256463251,0.00539392359461106,0.058571796071826915,-9.969499353942868e-05,-0.06369234476437667,0.9363004311389045
4,2.0,1.0,1.0,2,77,0.02,462,0.9363758319158165,0.06366526723051977,0.0012760380325829374,0.005254731435735114,0.058571796071826915,-9.712212795220942e-05,-0.06356814510256756,0.9363773111863254
4,2.0,1.0,1.0,2,78,0.02,468,0.9364473889178275,0.06354004653918993,0.00124351804883489,0.005120858429071907,0.058571796071826915,-9.464759299615544e-05,-0.06344539894619378,0.9364487679128128
4,2.0,1.0,1.0,2,79,0.02,474,0.9365139331944997,0.06341646750854532,0.0012122257012951781,0.004992036962421645,0.058571796071826915,-9.226644095483572e-05,-0.06332420106759049,0.9365152188112555
4,2.0,1.0,1.0,2,80,0.02,480,0.9365758480992517,0.0632946096968599,0.0011820999609445466,0.004868016044136483,0.058571796071826915,-8.997403140442728e-05,-0.06320463566545548,0.9365770467397307
4,2.0,1.0,1.0,2,1,0.05,6,0.9448668936947785,0.5854747588001045,1.9986418100798182,31.155302682473486,0.058571796071826915,0.6550531954760196,-0.06957843667591512,0.9609826105736143
4,2.0,1.0,1.0,2,2,0.05,12,0.9339359124752709,0.014796205630132751,1.9494636171173487,7.788825670618372,0.058571796071826915,-0.028581110729709543,0.013784905099576791,0.9506892751490289
4,2.0,1.0,1.0,2,3,0.05,18,0.6387677390703764,0.06705221078435325,1.0056900199814502,3.4617002980526084,0.058571796071826915,-0.06274140065510966,-0.004310810129243593,0.6859800654665176
4,2.0,1.0,1.0,2,4,0.05,24,0.6472556297674676,0.05694179977053053,0.5312178848986073,1.947206417654593,0.058571796071826915,-0.03631755521266415,-0.020624244557866378,0.6609151026015925
4,2.0,1.0,1.0,2,5,0.05,30,0.7007523896884423,0.05504564942519581,0.3269310902367711,1.2462121072989396,0.058571796071826915,-0.023291472107575206,-0.031754177317620605,0.7046044783505565
4,2.0,1.0,1.0,2,6,0.05,36,0.750983366109196,0.056016381469284005,0.22190344610085305,0.8654250745131521,0.058571796071826915,-0.01614787843315993,-0.039868503036124076,0.7523532486288091
4,2.0,1.0,1.0,2,7,0.05,42,0.7917321159955594,0.05785886305153891,0.16073267590130424,0.6358225037239486,0.058571796071826915,-0.011842148279772702,-0.04601671477176621,0.7923468623679935
4,2.0,1.0,1.0,2,8,0.05,48,0.8236780713383534,0.05982414206599479,0.12191512653514122,0.4868016044136482,0.058571796071826915,-0.009053226894177618,-0.05077091517181717,0.8240097495909103
4,2.0,1.0,1.0,2,9,0.05,54,0.8484855650241241,0.06162624362319574,0.09570677353266412,0.3846333664502899,0.058571796071826915,-0.007145009269076741,-0.054481234354119,0.8486893355461933
4,2.0,1.0,1.0,2,10,0.05,60,0.8677085508961613,0.06316533200859048,0.07716254342752717,0.3115530268247349,0.058571796071826915,-0.005782392489118493,-0.05738293951947199,0.8678449245347233
4,2.0,1.0,1.0,2,11,0.05,66,0.8826131923882006,0.06442059586485496,0.06355065487509248,0.25748184035102056,0.058571796071826915,-0.004775595949800121,-0.05964499991505485,0.882709633910115
4,2.0,1.0,1.0,2,12,0.05,72,0.8941904581660984,0.06540515896796414,0.053259620325829725,0.21635626862828802,0.058571796071826915,-0.0040106894823137285,-0.06139446948565042,0.8942611651623074
4,2.0,1.0,1.0,2,13,0.05,78,0.9032049000796041,0.06614588373199276,0.0452877872909928,0.1843509034465887,0.058571796071826915,-0.0034159417273864623,-0.0627299420046063,0.9032580319243648
4,2.0,1.0,1.0,2,14,0.05,84,0.9102433170278313,0.06667397655737128,0.03898542526180495,0.15895562593098714,0.058571796071826915,-0.002944368601204811,-0.06372960795616647,0.9102839605476738
4,2.0,1.0,1.0,2,15,0.05,90,0.9157554229422509,0.06702057508643633,0.03391585631056446,0.1384680119221044,0.058571796071826915,-0.0025641530168093174,-0.06445642206962701,0.9157869441088426
4,2.0,1.0,1.0,2,16,0.05,96,0.920085967214244,0.06721473837783724,0.02977665420198047,0.12170040110341206,0.058571796071826915,-0.0022531272638979805,-0.06496161111393926,0.9201106897019438
4,2.0,1.0,1.0,2,17,0.05,102,0.9234995439797092,0.06728262996779844,0.026352914702016218,0.10780381551028888,0.058571796071826915,-0.0019954626119305374,-0.0652871673558679,0.9235191207681948
4,2.0,1.0,1.0,2,18,0.05,108,0.9261995712740231,0.06724729970497592,0.023488484155813935,0.09615834161257247,0.058571796071826915,-0.0017796119592276005,-0.06546768774574832,0.9262152040048941
4,2.0,1.0,1.0,2,19,0.05,114,0.9283427506539369,0.06712876237569987,0.021067661700531776,0.08630277751377696,0.058571796071826915,-0.0015969914151541809,-0.06553177096054569,0.9283553272833759
4,2.0,1.0,1.0,2,20,0.05,120,0.9300500672880871,0.06694421589717695,0.01900322899135048,0.07788825670618373,0.058571796071826915,-0.0014411123573045415,-0.0655031035398724,0.9300602526429356
4,2.0,1.0,1.0,2,21,0.05,126,0.9314151573061967,0.06670831620514245,0.01722842221083578,0.07064694485821651,0.058571796071826915,-0.001306996265726862,-0.06540131993941559,0.9314234547713918
4,2.0,1.0,1.0,2,22,0.05,132,0.932510676701268,0.06643346524559227,0.01569142793538152,0.06437046008775514,0.058571796071826915,-0.0011907717348441094,-0.06524269351074816,0.9325174713104213
4,2.0,1.0,1.0,2,23,0.05,138,0.9333931545311966,0.06613008967543088,0.014351534292070476,0.05889471206516727,0.058571796071826915,-0.0010893916074744825,-0.0650406980679564,0.9333987436136164
4,2.0,1.0,1.0,2,24,0.05,144,0.9341066964195579,0.06580689946236662,0.013176391484845567,0.054089067157072006,0.058571796071826915,-0.0010004309825799584,-0.06480646847978666,0.9341113116870947
4,2.0,1.0,1.0,2,25,0.05,150,0.9346858153782069,0.06547112193032296,0.012140030439604804,0.04984848429195759,0.058571796071826915,-0.0009219407084922193,-0.06454918122183075,0.9346896390060151
4,2.0,1.0,1.0,2,26,0.05,156,0.9351575995286789,0.06512871025246547,0.011221408750562885,0.04608772586164717,0.058571796071826915,-0.0008523396006920037,-0.06427637065177347,0.9351607759630969
4,2.0,1.0,1.0,2,27,0.05,162,0.9355433753116008,0.06478452722048678,0.010403329319574196,0.04273704071669887,0.058571796071826915,-0.0007903341118489227,-0.06399419310863785,0.9355460200074248
4,2.0,1.0,1.0,2,28,0.05,168,0.9358599862714995,0.06444250602374665,0.009671626305604098,0.039738906482746784,0.058571796071826915,-0.000734857743600853,-0.0637076482801458,0.9358621922059753
4,2.0,1.0,1.0,2,29,0.05,174,0.9361207784386312,0.06410579015621543,0.009014545398327014,0.03704554421221579,0.058571796071826915,-0.0006850248432078432,-0.06342076531300758,0.9361226210053392
4,2.0,1.0,1.0,2,30,0.05,180,0.9363363613805677,0.06377685466304875,0.008422267120936532,0.0346170029805261,0.058571796071826915,-0.0006400950099269553,-0.0631367596531218,0.936337902096096
4,2.0,1.0,1.0,2,31,0.05,186,0.936515197411115,0.06345761087528112,0.007886536620586103,0.03241966980486315,0.058571796071826915,-0.000599445415152472,-0.06285816546012865,0.9365164867463465
4,2.0,1.0,1.0,2,32,0.05,192,0.9366640589004225,0.06314949663755504,0.007400373588021383,0.030425100275853014,0.058571796071826915,-0.0005625490871730976,-0.06258694755038194,0.9366651384627271
4,2.0,1.0,1.0,2,33,0.05,198,0.9367883841331528,0.06285355385520058,0.006957843070414635,0.02860909337233562,0.058571796071826915,-0.0005289577356385744,-0.062324596119562016,0.9367892883636496
4,2.0,1.0,1.0,2,34,0.05,204,0.9368925549621422,0.06257049499808374,0.006553872987819937,0.02695095387757222,0.058571796071826915,-0.0004982880623994046,-0.06207220693568434,0.9368933124680752
4,2.0,1.0,1.0,2,35,0.05,210,0.9369801140401554,0.062300760014199194,0.006184107779411282,0.025432900148957945,0.058571796071826915,-0.00047021077274450596,-0.06183054924145469,0.9369807486504511
4,2.0,1.0,1.0,2,36,0.05,216,0.9370539352580696,0.06204456493292647,0.005844790225930572,0.02403958540314312,0.058571796071826915,-0.0004444416949498098,-0.06160012323797666,0.9370544668668582
4,2.0,1.0,1.0,2,37,0.05,222,0.9371163578548612,0.06180194327969628,0.00553266541249454,0.022757708314443747,0.058571796071826915,-0.00042073455812666194,-0.061381208721569616,0.9371168031012369
4,2.0,1.0,1.0,2,38,0.05,228,0.937169292252749,0.06157278128168968,0.005244902213094082,0.02157569437844424,0.058571796071826915,-0.0003988750836834143,-0.061173906198006264,0.9371696650726113
4,2.0,1.0,1.0,2,39,0.05,234,0.9372143038281038,0.06135684771779272,0.00497902873480571,0.02048343371628763,0.058571796071826915,-0.00037867612420669494,-0.060978171593586025,0.937214615905304
4,2.0,1.0,1.0,2,40,0.05,240,0.9372526794185327,0.061153819154545826,0.0047328789545901945,0.01947206417654593,0.058571796071826915,-0.0003599736428384903,-0.060793845511707335,0.9372529405558877
4,2.0,1.0,1.0,2,41,0.05,246,0.9372854802851673,0.06096330121196059,0.0045045483837250705,0.018533791006825395,0.058571796071826915,-0.00034262337106677476,-0.06062067784089382,0.9372856987110698
4,2.0,1.0,1.0,2,42,0.05,252,0.9373135844183154,0.060784846417476446,0.004292357055156604,0.01766173621455413,0.058571796071826915,-0.00032649801710787907,-0.06045834840036857,0.9373137670413934
4,2.0,1.0,1.0,2,43,0.05,258,0.9373377204350651,0.060617969131790655,0.00409481848290347,0.016849812159260943,0.058571796071826915,-0.0003114849237062789,-0.06030648420808438,0.9373378730563005
4,2.0,1.0,1.0,2,44,0.05,264,0.9373584948238161,0.06046215796522471,0.003910613516779064,0.016092615021938785,0.058571796071826915,-0.0002974840944371948,-0.06016467387078751,0.9373586223137954
4,2.0,1.0,1.0,2,45,0.05,270,0.9373764139091098,0.060316886046895606,0.0037385682292998008,0.015385334658011602,0.058571796071826915,-0.0002844065237578852,-0.06003247952313772,0.937376520356525
4,2.0,1.0,1.0,2,46,0.05,276,0.9373919016143583,0.06018161945984129,0.0035776351392470917,0.014723678016291817,0.058571796071826915,-0.00027217277849281296,-0.059909446681348476,0.9373919904505937
4,2.0,1.0,1.0,2,47,0.05,282,0.9374053138702472,0.06005582411270281,0.003426877208473231,0.014103803839960835,0.058571796071826915,-0.00026071178843323217,-0.05979511232426958,0.9374053879740618
4,2.0,1.0,1.0,2,48,0.05,288,0.9374169503376532,0.05993897128156062,0.003285454153408093,0.013522266789268001,0.058571796071826915,-0.00024995981154596336,-0.05968901147001466,0.9374170121231865
4,2.0,1.0,1.0,2,49,0.05,294,0.9374270639741764,0.05983054202347121,0.003152610696320821,0.012975969463754053,0.058571796071826915,-0.00023985954547836585,-0.059590682477992846,0.937427115465082
4,2.0,1.0,1.0,2,50,0.05,300,0.9374358688640865,0.05973003063548217,0.0030276664482633856,0.012462121072989397,0.058571796071826915,-0.00023035936236504018,-0.05949967127311713,0.9374359117558226
4,2.0,1.0,1.0,2,51,0.05,306,0.9374435466455738,0.0596369473086984,0.0029100071698694146,0.01197820172336543,0.058571796071826915,-0.00022141264752667533,-0.05941553466117173,0.9374435823579947
4,2.0,1.0,1.0,2,52,0.05,312,0.9374502518018132,0.059550820106180645,0.00279907719938043,0.011521931465411793,0.058571796071826915,-0.00021297722650331918,-0.059337842879677326,0.9374502815232831
4,2.0,1.0,1.0,2,53,0.05,318,0.937456116028923,0.05947119637521094,0.0026943728732515665,0.011091243389987,0.058571796071826915,-0.00020501486693150217,-0.05926618150827944,0.937456140753586
4,2.0,1.0,1.0,2,54,0.05,324,0.9374612518519287,0.05939764368889461,0.0025954367931381598,0.010684260179174718,0.058571796071826915,-0.00019749084453590804,-0.0592001528443587,0.9374612724110015
4,2.0,1.0,1.0,2,55,0.05,330,0.9374657556263035,0.05932975039833911,0.0025018528172235945,0.010299273614040821,0.058571796071826915,-0.00019037356376339076,-0.05913937683457572,0.9374657727144071
4,2.0,1.0,1.0,2,56,0.05,336,0.9374697100361423,0.05926712586497207,0.0024132416730230175,0.009934726620686696,0.058571796071826915,-0.0001836342255395751,-0.059083491639432495,0.9374697242334172
4,2.0,1.0,1.0,2,57,0.05,342,0.9374731861787983,0.059209400432324165,0.0023292571050860297,0.009589197501530774,0.058571796071826915,-0.00017724653535763912,-0.059032153896966526,0.9374731979695374
4,2.0,1.0,1.0,2,58,0.05,348,0.9374762453088952,0.05915622518778594,0.0022495824843761594,0.009261386053053948,0.058571796071826915,-0.00017118644637631464,-0.058985038741409625,0.9374762550971778
4,2.0,1.0,1.0,2,59,0.05,354,0.9374789403010055,0.05910727155728916,0.002173927817011009,0.008950101316424444,0.058571796071826915,-0.00016543193278856227,-0.0589418396245006,0.9374789484238003
4,2.0,1.0,1.0,2,60,0.05,360,0.9374813168793654,0.05906223076919107,0.002102027099712576,0.008654250745131525,0.058571796071826915,-0.00015996278924682028,-0.05890226797994425,0.9374813236175641
4,2.0,1.0,1.0,2,61,0.05,366,0.9374834146542151,0.05902081321808203,0.0020336359765086,0.0083728306053409,0.058571796071826915,-0.0001547604533780611,-0.05886605276470397,0.9374834202417869
4,2.0,1.0,1.0,2,62,0.05,372,0.9374852679971655,0.05898274775423998,0.001968529658341006,0.008104917451215787,0.058571796071826915,-0.00014980784790910584,-0.05883293990633087,0.9374852726289369
4,2.0,1.0,1.0,2,63,0.05,378,0.9374869067823092,0.05894778092034293,0.0019065010722249239,0.007849660539801835,0.058571796071826915,-0.0001450892403841164,-0.058802691679958816,0.9374869106204645
4,2.0,1.0,1.0,2,64,0.05,384,0.9374883570150497,0.058915676153392695,0.0018473592115153354,0.0076062750689632535,0.058571796071826915,-0.00014059011806177857,-0.058775086035330916,0.9374883601945091
4,2.0,1.0,1.0,2,65,0.05,390,0.9374896413667946,0.05888621296668088,0.0017909276627314284,0.0073740361378635474,0.058571796071826915,-0.00013629707615198106,-0.0587499158905289,0.9374896439997289
4,2.0,1.0,1.0,2,66,0.05,396,0.9374907796305648,0.05885918612404144,0.0017370432875614761,0.007152273343083905,0.058571796071826915,-0.00013219771783254397,-0.058726988406208894,0.9374907818102204
4,2.0,1.0,1.0,2,67,0.05,402,0.9374917891100296,0.058834404816302366,0.0016855550417642347,0.006940365935057582,0.058571796071826915,-0.00012828056464311843,-0.05870612425165925,0.9374917909138816
4,2.0,1.0,1.0,2,68,0.05,408,0.9374926849523371,0.058811691847975966,0.0016363229148289216,0.006737738469393055,0.058571796071826915,-0.0001245349760763681,-0.0586871568718996,0.9374926864447216
4,2.0,1.0,1.0,2,69,0.05,414,0.9374934804334145,0.058790882840506695,0.0015892169766160199,0.006543856896129697,0.058571796071826915,-0.00012095107715187625,-0.05866993176335482,0.9374934816677765
4,2.0,1.0,1.0,2,70,0.05,420,0.9374941872030109,0.058771825457104854,0.0015441165186527328,0.006358225037239486,0.058571796071826915,-0.00011751969334694579,-0.05865430576375791,0.9374941882236537
4,2.0,1.0,1.0,2,71,0.05,426,0.9374948154954974,0.05875437865292471,0.001500909279682782,0.006180381408941379,0.058571796071826915,-0.00011423229173948557,-0.058640146361185225,0.937494816339183
4,2.0,1.0,1.0,2,72,0.05,432,0.9374953743115841,0.05873841195341714,0.0014594907460027985,0.00600989635078578,0.058571796071826915,-0.00011108092795583668,-0.058627331025461304,0.9374953750088073
4,2.0,1.0,1.0,2,73,0.05,438,0.9374958715752123,0.05872380476284635,0.001419763518494071,0.005846369428124129,0.058571796071826915,-0.00010805819806913863,-0.058615746564777214,0.9374958721512409
4,2.0,1.0,1.0,2,74,0.05,444,0.9374963142692296,0.05871044570424798,0.0013816367392134798,0.005689427078610937,0.058571796071826915,-0.0001051571951092567,-0.05860528850913872,0.9374963147450298
4,2.0,1.0,1.0,2,75,0.05,450,0.9374967085529413,0.05869823199157768,0.0013450255711402019,0.005538720476884177,0.058571796071826915,-0.00010237146959546362,-0.058595860521982214,0.9374967089458306
4,2.0,1.0,1.0,2,76,0.05,456,0.9374970598640612,0.05868706883427955,0.0013098507256463251,0.00539392359461106,0.058571796071826915,-9.969499353942868e-05,-0.05858737384074012,0.9374970601884116
4,2.0,1.0,1.0,2,77,0.05,462,0.9374973730073332,0.05867686887417953,0.0012760380325829374,0.005254731435735114,0.058571796071826915,-9.712212795220942e-05,-0.05857974674622732,0.9374973732750349
4,2.0,1.0,1.0,2,78,0.05,468,0.9374976522316236,0.058667551654252054,0.00124351804883489,0.005120858429071907,0.058571796071826915,-9.464759299615544e-05,-0.0585729040612559,0.9374976524525404
4,2.0,1.0,1.0,2,79,0.05,474,0.937497901297122,0.05865904311861313,0.0012122257012951781,0.004992036962421645,0.058571796071826915,-9.226644095483572e-05,-0.05856677667765829,0.9374979014793543
4,2.0,1.0,1.0,2,80,0.05,480,0.937498123533937,0.05865127514281658,0.0011820999609445466,0.004868016044136483,0.058571796071826915,-8.997403140442728e-05,-0.05856130111141215,0.9374981236842539
5,2.0,1.0,1.0,1,1,0.0,8,0.8507616427217863,0.7123024838319771,1.9992595228829722,21.856406460551042,0.058658862968365255,-0.7123024838319769,-2.220446049250313e-16,0.9223674120011975
5,2.0,1.0,1.0,1,2,0.0,16,0.9446505886757196,0.4585986073992056,1.9933486575636479,10.928203230275521,0.058658862968365255,0.4585986073992056,0.0,0.9719313703527221
5,2.0,1.0,1.0,1,3,0.0,24,0.7245289622718609,0.04743569974708997,1.6959154263928513,7.285468820183681,0.058658862968365255,0.047435699747089805,1.6653345369377348e-16,0.8511926704758814
5,2.0,1.0,1.0,1,4,0.0,32,0.33775297280548755,0.02274089400760196,1.1795520131861552,5.464101615137761,0.058658862968365255,0.02274089400760207,-1.1102230246251565e-16,0.5811651854726754
5,2.0,1.0,1.0,1,5,0.0,40,0.1843340666580695,0.013435789379396684,0.8833691438787252,4.3712812921102095,0.058658862968365255,0.013435789379396712,-2.7755575615628914e-17,0.42934143366098465
5,2.0,1.0,1.0,1,6,0.0,48,0.11448528029284355,0.008931484126423611,0.7034837735389087,3.6427344100918404,0.058658862968365255,0.0089314841264235,1.1102230246251565e-16,0.33835673525562454
5,2.0,1.0,1.0,1,7,0.0,56,0.0776634192129475,0.006391210051090335,0.5842198556012722,3.12234378007872,0.058658862968365255,0.006391210051089821,5.134781488891349e-16,0.27868157314926356
5,2.0,1.0,1.0,1,8,0.0,64,0.056057895533996316,0.004810318659239171,0.49966021817864975,2.7320508075688803,0.058658862968365255,0.00481031865923974,-5.689893001203927e-16,0.23676548636572442
5,2.0,1.0,1.0,1,9,0.0,72,0.042346100773412054,0.003756488907342641,0.43663980432876204,2.4284896067278936,0.058658862968365255,0.003756488907342856,-2.1510571102112408e-16,0.20578168230776014
5,2.0,1.0,1.0,1,10,0.0,80,0.03311369019243815,0.0030173913465906255,0.3878611810037032,2.1856406460551048,0.058658862968365255,0.0030173913465912777,-6.522560269672795e-16,0.18197167414858784
5,2.0,1.0,1.0,1,11,0.0,88,0.02660523609964971,0.002478326085487717,0.34897790628462816,1.9869460418682767,0.058658862968365255,0.002478326085486801,9.159339953157541e-16,0.16311111580652798
5,2.0,1.0,1.0,1,12,0.0,96,0.02184623972793731,0.0020727091780965434,0.31724672505971135,1.8213672050459202,0.058658862968365255,0.002072709178095933,6.106226635438361e-16,0.14780473513368036
5,2.0,1.0,1.0,1,13,0.0,104,0.01826144968994514,0.0017596454237429476,0.29085282225487297,1.6812620354270034,0.058658862968365255,0.001759645423743031,-8.326672684688674e-17,0.13513493142021726
5,2.0,1.0,1.0,1,14,0.0,112,0.015493840824137739,0.0015128490408489043,0.2685482258932246,1.56117189003936,0.058658862968365255,0.0015128490408484185,4.85722573273506e-16,0.12447425767659091
5,2.0,1.0,1.0,1,15,0.0,120,0.013312420783917256,0.001314779435099403,0.24944661665977255,1.457093764036736,0.058658862968365255,0.0013147794350993058,9.71445146547012e-17,0.11537946430763069
5,2.0,1.0,1.0,1,16,0.0,128,0.011562414884512151,0.0011533577255288113,0.23290113361772682,1.3660254037844402,0.058658862968365255,0.0011533577255281868,6.245004513516506e-16,0.1075286700583235
5,2.0,1.0,1.0,1,17,0.0,136,0.010136974838929058,0.0010200402193085434,0.21842855615081938,1.2856709682677083,0.058658862968365255,0.001020040219309029,-4.85722573273506e-16,0.10068254485723094
5,2.0,1.0,1.0,1,18,0.0,144,0.008960414599225253,0.0009086424294721951,0.20566057393088252,1.2142448033639468,0.058658862968365255,0.0009086424294730971,-9.020562075079397e-16,0.09465946650613677
5,2.0,1.0,1.0,1,19,0.0,152,0.007977906392483747,0.0008145964605379558,0.19431149652538396,1.1503371821342652,0.058658862968365255,0.0008145964605386635,-7.077671781985373e-16,0.08931912668899952
5,2.0,1.0,1.0,1,20,0.0,160,0.007148942487179566,0.000734468048368582,0.18415627864280135,1.0928203230275524,0.058658862968365255,0.0007344680483670624,1.519617764955683e-15,0.08455141919080542
5,2.0,1.0,1.0,1,21,0.0,168,0.0064430687905294715,0.000665634257880951,0.17501521062673192,1.0407812600262398,0.058658862968365255,0.0006656342578802293,7.216449660063518e-16,0.08026872859669554
5,2.0,1.0,1.0,1,22,0.0,176,0.005837031146686211,0.00060606343393977,0.16674302848331163,0.9934730209341384,0.058658862968365255,0.0006060634339411369,-1.366962099069724e-15,0.07640046561825457
5,2.0,1.0,1.0,1,23,0.0,184,0.005312824020812568,0.0005541618818973998,0.1592210226275161,0.9502785417630888,0.058658862968365255,0.000554161881897719,-3.191891195797325e-16,0.07288912141610694
5,2.0,1.0,1.0,1,24,0.0,192,0.004856329598160403,0.000508665078574784,0.1523512236651968,0.9106836025229601,0.058658862968365255,0.000508665078573084,1.700029006457271e-15,0.06968737043510259
5,2.0,1.0,1.0,1,25,0.0,200,0.004456351602379893,0.00046855920152498454,0.14605205373934793,0.8742562584220417,0.058658862968365255,0.0004685592015255119,-5.273559366969494e-16,0.06675591061754624
5,2.0,1.0,1.0,1,26,0.0,208,0.004103918193000489,0.0004330236776279861,0.14025502947100477,0.8406310177135017,0.058658862968365255,0.0004330236776280416,-5.551115123125783e-17,0.06406183101506177
5,2.0,1.0,1.0,1,27,0.0,216,0.0037917715663586815,0.00040138854584325506,0.13490223104052548,0.8094965355759645,0.058658862968365255,0.0004013885458443722,-1.1171619185290638e-15,0.061577362450484285
5,2.0,1.0,1.0,1,28,0.0,224,0.003513989208363766,0.00037310241867755806,0.12994433725417628,0.78058594501968,0.058658862968365255,0.00037310241867703764,5.204170427930421e-16,0.05927891031693003
5,2.0,1.0,1.0,1,29,0.0,232,0.0032656993606785534,0.0003477081314170599,0.1253390840891851,0.7536691882948635,0.058658862968365255,0.00034770813141678236,2.7755575615628914e-16,0.05714629787377308
5,2.0,1.0,1.0,1,30,0.0,240,0.0030428648289219096,0.0003248240386036355,0.121050043821717,0.728546882018368,0.058658862968365255,0.00032482403860155384,2.0816681711721685e-15,0.05516216845740604
5,2.0,1.0,1.0,1,31,0.0,248,0.0028421169897872023,0.00030412950758386403,0.11704564947732848,0.7050453696951949,0.058658862968365255,0.0003041295075847522,-8.881784197001252e-16,0.053311508980549795
5,2.0,1.0,1.0,1,32,0.0,256,0.0026606270993410064,0.00028535356519392846,0.11329840889593033,0.6830127018922201,0.058658862968365255,0.00028535356519521216,-1.2836953722228372e-15,0.05158126694197971
5,2.0,1.0,1.0,1,33,0.0,264,0.002496005617702135,0.00026826593723572323,0.10978426671771643,0.6623153472894256,0.058658862968365255,0.00026826593723576486,-4.163336342344337e-17,0.04996004020917211
5,2.0,1.0,1.0,1,34,0.0,272,0.0023462227872039776,0.0002526699207511737,0.10648208276342398,0.6428354841338542,0.058658862968365255,0.0002526699207501121,1.061650767297806e-15,0.04843782393137045
5,2.0,1.0,1.0,1,35,0.0,280,0.002209545484580966,0.00023839667251900065,0.10337320274081484,0.6244687560157439,0.058658862968365255,0.0002383966725174741,1.5265566588595902e-15,0.04700580266927479
5,2.0,1.0,1.0,1,36,0.0,288,0.002084486643015082,0.00022530060079190006,0.10044110273862156,0.6071224016819734,0.058658862968365255,0.00022530060079188619,1.3877787807814457e-17,0.04565617858534361
5,2.0,1.0,1.0,1,37,0.0,296,0.0019697644625138455,0.00021325562311119706,0.09767109310834333,0.5907136881230013,0.058658862968365255,0.0002132556231121685,-9.71445146547012e-16,0.044382028598446394
5,2.0,1.0,1.0,1,38,0.0,304,0.0018642693010151312,0.00020215210891122437,0.0950500704613909,0.5751685910671326,0.058658862968365255,0.00020215210891140478,-1.8041124150158794e-16,0.043177184959331885
5,2.0,1.0,1.0,1,39,0.0,312,0.0017670366359853196,0.00019189436725526587,0.0925663088918148,0.5604206784756677,0.058658862968365255,0.00019189436725564057,-3.7470027081099033e-16,0.042036134883955203
5,2.0,1.0,1.0,1,40,0.0,320,0.0016772248564328462,0.00018239857131260862,0.09020928336526676,0.5464101615137762,0.058658862968365255,0.00018239857131414905,-1.5404344466674047e-15,0.04095393578679768
5,2.0,1.0,1.0,1,41,0.0,328,0.0015940969232394187,0.00017359103486103145,0.08796951963155607,0.533083084403684,0.058658862968365255,0.00017359103486183636,-8.049116928532385e-16,0.039926143355435414
5,2.0,1.0,1.0,1,42,0.0,336,0.0015170051461645961,0.0001654067741443735,0.08583846612264835,0.5203906300131199,0.058658862968365255,0.0001654067741452131,-8.396061623727746e-16,0.03894875025160974
5,2.0,1.0,1.0,1,43,0.0,344,0.0014453784862465957,0.00015778830232628105,0.08380838416493025,0.5082885223383963,0.058658862968365255,0.00015778830232401897,2.2620794126737565e-15,0.03801813365026776
5,2.0,1.0,1.0,1,44,0.0,352,0.001378711915803077,0.00015068461447492743,0.08187225351932316,0.4967365104670692,0.058658862968365255,0.0001506846144738172,1.1102230246251565e-15,0.03713101016409935
5,2.0,1.0,1.0,1,45,0.0,360,0.0013165574633182686,0.00014405032943043405,0.08002369080717661,0.48569792134557876,0.058658862968365255,0.00014405032943017038,2.636779683484747e-16,0.036284396967762804
5,2.0,1.0,1.0,1,46,0.0,368,0.0012585166449907703,0.00013784496140156755,0.07825687881496905,0.4751392708815444,0.058658862968365255,0.00013784496139912505,2.4424906541753444e-15,0.035475578148760706
5,2.0,1.0,1.0,1,47,0.0,376,0.0012042340428043419,0.0001320322993750983,0.07656650502057,0.46502992469257537,0.058658862968365255,0.00013203229937705507,-1.9567680809018384e-15,0.03470207548272662
5,2.0,1.0,1.0,1,48,0.0,384,0.0011533918346637861,0.00012657987642699514,0.07494770796639703,0.45534180126148005,0.058658862968365255,0.0001265798764252951,1.700029006457271e-15,0.033961622968635044
5,2.0,1.0,1.0,1,49,0.0,392,0.0011057051185865419,0.00012145851439786248,0.07339603033432254,0.44604911143981707,0.058658862968365255,0.00012145851439963884,-1.7763568394002505e-15,0.03325214457111707
5,2.0,1.0,1.0,1,50,0.0,400,0.0010609179018992165,0.0001166419318885184,0.07190737776435753,0.43712812921102084,0.058658862968365255,0.00011664193188952454,-1.0061396160665481e-15,0.03257173470815544
5,2.0,1.0,1.0,1,51,0.0,408,0.0010187996494663842,0.00011210640574502856,0.07047798261268282,0.4285569894225695,0.058658862968365255,0.00011210640574355057,1.4779844015322396e-15,0.0319186410968124
5,2.0,1.0,1.0,1,52,0.0,416,0.0009791423034593016,0.0001078304778264344,0.06910437197083485,0.42031550885675084,0.058658862968365255,0.00010783047782658706,-1.5265566588595902e-16,0.031291249630960326
5,2.0,1.0,1.0,1,53,0.0,424,0.000941757702651369,0.00010379470025513593,0.06778333937237567,0.41238502755756684,0.058658862968365255,0.00010379470025810578,-2.9698465908722937e-15,0.03068807101550306
5,2.0,1.0,1.0,1,54,0.0,432,0.0009064753409234738,9.99814135081295e-05,0.0665119196999872,0.40474826778798223,0.058658862968365255,9.998141350939238e-05,-1.2628786905111156e-15,0.030107728923446746
5,2.0,1.0,1.0,1,55,0.0,440,0.0008731404152004796,9.637455256867461e-05,0.0652873668781493,0.3973892083736553,0.058658862968365255,9.637455257043015e-05,-1.7555401576885288e-15,0.029548949477105832
5,2.0,1.0,1.0,1,56,0.0,448,0.0008416121206058502,9.29594771733877e-05,0.06410713399694691,0.39029297250984,0.058658862968365255,9.29594771741371e-05,-7.494005416219807e-16,0.02901055188377254
5,2.0,1.0,1.0,1,57,0.0,456,0.0008117621578738188,8.972282276867305e-05,0.06296885556319062,0.38344572737808846,0.058658862968365255,8.972282277104615e-05,-2.373101715136272e-15,0.028491440080627543
5,2.0,1.0,1.0,1,58,0.0,464,0.000783473423239256,8.665236936922921e-05,0.06187033161771789,0.37683459414743176,0.058658862968365255,8.665236937155374e-05,-2.3245294578089215e-15,0.027990595264173572
5,2.0,1.0,1.0,1,59,0.0,472,0.0007566388558026826,8.373692586947229e-05,0.06080951349372987,0.37044756712798377,0.058658862968365255,8.373692587079762e-05,-1.3253287356462806e-15,0.027507069196789767
5,2.0,1.0,1.0,1,60,0.0,480,0.0007311604209200295,8.096622778300255e-05,0.05978449102159088,0.364273441009184,0.058658862968365255,8.096622778507034e-05,-2.067790383364354e-15,0.02703997819765194
5,2.0,1.0,1.0,1,61,0.0,488,0.00070694821194206,7.833084665243017e-05,0.05879348101143064,0.35830174525493513,0.058658862968365255,7.833084664643497e-05,5.995204332975845e-15,0.02658849773773423
5,2.0,1.0,1.0,1,62,0.0,496,0.000683919654315801,7.582210961926128e-05,0.05783481686703273,0.35252268484759747,0.058658862968365255,7.582210961883107e-05,4.3021142204224816e-16,0.026151857569155706
5,2.0,1.0,1.0,1,63,0.0,504,0.0006619987993593535,7.343202788376302e-05,0.05690693920337427,0.34692708667541333,0.058658862968365255,7.343202788781533e-05,-4.052314039881821e-15,0.025729337328249086
5,2.0,1.0,1.0,1,64,0.0,512,0.0006411156960769437,7.115323296228576e-05,0.05600838735638287,0.34150635094611004,0.058658862968365255,7.115323296158493e-05,7.008282842946301e-16,0.025320262559391828
5,2.0,1.0,1.0,1,65,0.0,520,0.0006212058314924995,6.897891973685344e-05,0.055137791687445585,0.33625240708540066,0.058658862968365255,6.897891973484116e-05,2.0122792321330962e-15,0.024924001113379154
5,2.0,1.0,1.0,1,66,0.0,528,0.0006022096308955227,6.690279555233991e-05,0.0542938665971272,0.3311576736447128,0.058658862968365255,6.690279555077172e-05,1.5681900222830336e-15,0.02453995987977242
5,2.0,1.0,1.0,1,67,0.0,536,0.0005840720109092645,6.491903457318815e-05,0.05347540417298275,0.32621502179926926,0.058658862968365255,6.491903457456205e-05,-1.3739009929736312e-15,0.02416758181765674
5,2.0,1.0,1.0,1,68,0.0,544,0.0005667419791040018,6.302223682449343e-05,0.052681268405261356,0.3214177420669271,0.058658862968365255,6.302223682277952e-05,1.7139067942650854e-15,0.023806343253429965
5,2.0,1.0,1.0,1,69,0.0,552,0.0005501722745919757,6.12073913700828e-05,0.05191038991214342,0.3167595139210296,0.058658862968365255,6.120739137346898e-05,-3.3861802251067274e-15,0.0234557514180729
5,2.0,1.0,1.0,1,70,0.0,560,0.0005343190450004531,5.946984315048642e-05,0.05116176112283503,0.31223437800787196,0.058658862968365255,5.9469843154857926e-05,-4.371503159461554e-15,0.02311534219943174
5,2.0,1.0,1.0,1,71,0.0,568,0.0005191415555697576,5.780526306520262e-05,0.050434431872826806,0.30783671071198654,0.058658862968365255,5.780526306523037e-05,-2.7755575615628914e-17,0.022784678087946993
5,2.0,1.0,1.0,1,72,0.0,576,0.0005046019268424295,5.62096209609092e-05,0.04972750537071901,0.3035612008409867,0.058658862968365255,5.620962095606585e-05,4.8433479449272454e-15,0.022463346296694345
5,2.0,1.0,1.0,1,73,0.0,584,0.0004906648977323069,5.46791611874195e-05,0.049040134500516384,0.2994028282267266,0.058658862968365255,5.4679161189397085e-05,-1.97758476261356e-15,0.022150957038649725
5,2.0,1.0,1.0,1,74,0.0,592,0.00047729761121284575,5.3210380469889684e-05,0.048371518427308295,0.29535684406150065,0.058658862968365255,5.321038047230442e-05,-2.4147350785597155e-15,0.02184714194611733
5,2.0,1.0,1.0,1,75,0.0,600,0.00046446942027345006,5.180000780501126e-05,0.04772089947762883,0.2914187528073473,0.058658862968365255,5.18000077999875e-05,5.023759186428833e-15,0.021551552618772903
5,2.0,1.0,1.0,1,76,0.0,608,0.0004521517118374341,5.0444986238490364e-05,0.047087560268935603,0.2875842955335663,0.058658862968365255,5.044498624154348e-05,-3.0531133177191805e-15,0.0212638592882671
5,2.0,1.0,1.0,1,77,0.0,616,0.00044031774679775815,4.914245625378677e-05,0.046470821065260313,0.28384943455261097,0.058658862968365255,4.914245625509128e-05,-1.304512053934559e-15,0.020983749588652532
5,2.0,1.0,1.0,1,78,0.0,624,0.0004289425147112613,4.7889740678833115e-05,0.04587003733853042,0.28021033923783384,0.058658862968365255,4.7889740676959613e-05,1.8735013540549517e-15,0.020710927422923055
5,2.0,1.0,1.0,1,79,0.0,632,0.0004180026012856608,4.668433089197177e-05,0.04528459751710837,0.2766633729183676,0.058658862968365255,4.6684330892693415e-05,-7.216449660063518e-16,0.020445111917051388
5,2.0,1.0,1.0,1,80,0.0,640,0.000407476067712631,4.5523874251635066e-05,0.044713920904993355,0.2732050807568881,0.058658862968365255,4.552387424519577e-05,6.439293542825908e-15,0.020186036453720323
5,2.0,1.0,1.0,1,1,0.0002,8,0.8509171688468398,0.7120410525293763,1.9992595228829722,21.856406460551042,0.058658862968365255,-0.7123024838319769,0.00026143130260047887,0.9223874964326786
5,2.0,1.0,1.0,1,2,0.0002,16,0.9447492038005154,0.4581849255481532,1.9933486575636479,10.928203230275521,0.058658862968365255,0.4585986073992056,-0.0004136818510523943,0.9719259594853134
5,2.0,1.0,1.0,1,3,0.0002,24,0.7254660816259992,0.04722458966849627,1.6959154263928513,7.285468820183681,0.058658862968365255,0.047435699747089805,-0.00021111007859353492,0.8512736425351995
5,2.0,1.0,1.0,1,4,0.0002,32,0.3411660409300332,0.022520710634435434,1.1795520131861552,5.464101615137761,0.058658862968365255,0.02274089400760207,-0.00022018337316663528,0.5820409014496679
5,2.0,1.0,1.0,1,5,0.0002,40,0.1896603929552042,0.013168067283531731,0.8833691438787252,4.3712812921102095,0.058658862968365255,0.013435789379396712,-0.00026772209586498064,0.43098849693709934
5,2.0,1.0,1.0,1,6,0.0002,48,0.12144738533759925,0.008610659348493477,0.7034837735389087,3.6427344100918404,0.058658862968365255,0.0089314841264235,-0.0003208247779300233,0.34073368270838567
5,2.0,1.0,1.0,1,7,0.0002,56,0.0861301404911361,0.00601578465811245,0.5842198556012722,3.12234378007872,0.058658862968365255,0.006391210051089821,-0.00037542539297737154,0.28176647320747295
5,2.0,1.0,1.0,1,8,0.0002,64,0.06595968447828993,0.004379844234824043,0.49966021817864975,2.7320508075688803,0.058658862968365255,0.00481031865923974,-0.00043047442441569717,0.24054689023072767
5,2.0,1.0,1.0,1,9,0.0002,72,0.05364210825306526,0.0032708588844476347,0.43663980432876204,2.4284896067278936,0.058658862968365255,0.003756488907342856,-0.0004856300228952212,0.21025483459672129
5,2.0,1.0,1.0,1,10,0.0002,80,0.04577783530095769,0.0024766225609033493,0.3878611810037032,2.1856406460551048,0.058658862968365255,0.0030173913465912777,-0.0005407687856879284,0.18713614038277251
5,2.0,1.0,1.0,1,11,0.0002,88,0.040619697263462484,0.00188248087534984,0.34897790628462816,1.9869460418682767,0.058658862968365255,0.002478326085486801,-0.000595845210136961,0.16896946118538048
5,2.0,1.0,1.0,1,12,0.0002,96,0.03719813403237704,0.001421865195778485,0.31724672505971135,1.8213672050459202,0.058658862968365255,0.002072709178095933,-0.0006508439823174478,0.15436176082975467
5,2.0,1.0,1.0,1,13,0.0002,104,0.034941011982279946,0.0010538834680992731,0.29085282225487297,1.6812620354270034,0.058658862968365255,0.001759645423743031,-0.0007057619556437578,0.14239720956199142
5,2.0,1.0,1.0,1,14,0.0002,112,0.0334933640619538,0.0007522481957004806,0.2685482258932246,1.56117189003936,0.058658862968365255,0.0015128490408484185,-0.0007606008451479379,0.13244983391476572
5,2.0,1.0,1.0,1,15,0.0002,120,0.032625608109411286,0.0004994152996593906,0.24944661665977255,1.457093764036736,0.058658862968365255,0.0013147794350993058,-0.0008153641354399152,0.12407765782676458
5,2.0,1.0,1.0,1,16,0.0002,128,0.03218396660085343,0.0002833019743633258,0.23290113361772682,1.3660254037844402,0.058658862968365255,0.0011533577255281868,-0.000870055751164861,0.11695993186883871
5,2.0,1.0,1.0,1,17,0.0002,136,0.032062315622520265,9.536072243954835e-05,0.21842855615081938,1.2856709682677083,0.058658862968365255,0.001020040219309029,-0.0009246794968694808,0.1108583515695192
5,2.0,1.0,1.0,1,18,0.0002,144,0.03218550775215434,7.059641167440206e-05,0.20566057393088252,1.2142448033639468,0.058658862968365255,0.0009086424294730971,-0.0009792388411474992,0.10559223579262314
5,2.0,1.0,1.0,1,19,0.0002,152,0.03249912396769217,0.000219140394976218,0.19431149652538396,1.1503371821342652,0.058658862968365255,0.0008145964605386635,-0.0010337368555148815,0.10102214578875644
5,2.0,1.0,1.0,1,20,0.0002,160,0.03296297234909762,0.0003537081726901134,0.18415627864280135,1.0928203230275524,0.058658862968365255,0.0007344680483670624,-0.0010881762210571758,0.09703878086699574
5,2.0,1.0,1.0,1,21,0.0002,168,0.03354684673216146,0.00047692500453228037,0.17501521062673192,1.0407812600262398,0.058658862968365255,0.0006656342578802293,-0.0011425592624125097,0.09355527083935125
5,2.0,1.0,1.0,1,22,0.0002,176,0.03422769039856244,0.0005908245563245804,0.16674302848331163,0.9934730209341384,0.058658862968365255,0.0006060634339411369,-0.0011968879902657173,0.09050171259057443
5,2.0,1.0,1.0,1,23,0.0002,184,0.03498765708105245,0.0006970022619944213,0.1592210226275161,0.9502785417630888,0.058658862968365255,0.000554161881897719,-0.0012511641438921403,0.08782122394863764
5,2.0,1.0,1.0,1,24,0.0002,192,0.035812758952716184,0.0007967241516464579,0.1523512236651968,0.9106836025229601,0.058658862968365255,0.000508665078573084,-0.001305389230219542,0.08546704493797294
5,2.0,1.0,1.0,1,25,0.0002,200,0.03669190696679281,0.000891005356628144,0.14605205373934793,0.8742562584220417,0.058658862968365255,0.0004685592015255119,-0.0013595645581536558,0.08340037569907628
5,2.0,1.0,1.0,1,26,0.0002,208,0.03761621861027864,0.000980667590483042,0.14025502947100477,0.8406310177135017,0.058658862968365255,0.0004330236776280416,-0.0014136912681110836,0.08158874142084815
5,2.0,1.0,1.0,1,27,0.0002,216,0.038578511170392904,0.0010663818112686477,0.13490223104052548,0.8094965355759645,0.058658862968365255,0.0004013885458443722,-0.00146777035711302,0.0800047402029444
5,2.0,1.0,1.0,1,28,0.0002,224,0.03957292578890481,0.001148700281269073,0.12994433725417628,0.78058594501968,0.058658862968365255,0.00037310241867703764,-0.0015218026999461107,0.07862507315998749
5,2.0,1.0,1.0,1,29,0.0002,232,0.040594645094032544,0.001228080935582035,0.1253390840891851,0.7536691882948635,0.058658862968365255,0.00034770813141678236,-0.0015757890669988173,0.07742978532105362
5,2.0,1.0,1.0,1,30,0.0002,240,0.041639678700567506,0.0013049061006187787,0.121050043821717,0.728546882018368,0.058658862968365255,0.00032482403860155384,-0.0016297301392203326,0.07640166590945584
5,2.0,1.0,1.0,1,31,0.0002,248,0.04270469855154779,0.001379497013167065,0.11704564947732848,0.7050453696951949,0.058658862968365255,0.0003041295075847522,-0.0016836265207518172,0.07552577051849026
5,2.0,1.0,1.0,1,32,0.0002,256,0.04378691128880097,0.001452125184323548,0.11329840889593033,0.6830127018922201,0.058658862968365255,0.00028535356519521216,-0.0017374787495187602,0.07478903752060037
5,2.0,1.0,1.0,1,33,0.0002,264,0.04488395843009996,0.0015230213689990182,0.10978426671771643,0.6623153472894256,0.058658862968365255,0.00026826593723576486,-0.001791287306234783,0.07417997806020207
5,2.0,1.0,1.0,1,34,0.0002,272,0.045993837636839396,0.001592382701233172,0.10648208276342398,0.6428354841338542,0.058658862968365255,0.0002526699207501121,-0.0018450526219832841,0.07368842404529087
5,2.0,1.0,1.0,1,35,0.0002,280,0.047114840127939095,0.0016603784121651186,0.10337320274081484,0.6244687560157439,0.058658862968365255,0.0002383966725174741,-0.0018987750846825927,0.07330532225038897
5,2.0,1.0,1.0,1,36,0.0002,288,0.04824550056259125,0.0017271544437772943,0.10044110273862156,0.6071224016819734,0.058658862968365255,0.00022530060079188619,-0.0019524550445691805,0.0730225653691336
5,2.0,1.0,1.0,1,37,0.0002,296,0.04938455663091568,0.0017928371957857264,0.09767109310834333,0.5907136881230013,0.058658862968365255,0.0002132556231121685,-0.002006092818897895,0.07283285288340166
5,2.0,1.0,1.0,1,38,0.0002,304,0.050530916260794534,0.0018575365870603724,0.0950500704613909,0.5751685910671326,0.058658862968365255,0.00020215210891140478,-0.0020596886959717772,0.07272957613944346
5,2.0,1.0,1.0,1,39,0.0002,312,0.05168363084310745,0.0019213485713429831,0.0925663088918148,0.5604206784756677,0.058658862968365255,0.00019189436725564057,-0.0021132429385986237,0.07270672317640686
5,2.0,1.0,1.0,1,40,0.0002,320,0.052841873245011106,0.001984357215759222,0.09020928336526676,0.5464101615137762,0.058658862968365255,0.00018239857131414905,-0.002166755787073371,0.07275879973668546
5,2.0,1.0,1.0,1,41,0.0002,328,0.054004919656949535,0.00204663642689297,0.08796951963155607,0.533083084403684,0.058658862968365255,0.00017359103486183636,-0.0022202274617548062,0.07288076357103679
5,2.0,1.0,1.0,1,42,0.0002,336,0.05517213452782266,0.002108251391167479,0.08583846612264835,0.5203906300131199,0.058658862968365255,0.0001654067741452131,-0.002273658165312692,0.07306796968598735
5,2.0,1.0,1.0,1,43,0.0002,344,0.05634295800208733,0.0021692597823365634,0.08380838416493025,0.5082885223383963,0.058658862968365255,0.00015778830232401897,-0.0023270480846605823,0.07331612460382589
5,2.0,1.0,1.0,1,44,0.0002,352,0.0575168953948727,0.002229712778198792,0.08187225351932316,0.4967365104670692,0.058658862968365255,0.0001506846144738172,-0.002380397392672609,0.07362124804418718
5,2.0,1.0,1.0,1,45,0.0002,360,0.05869350833567022,0.0022896559202175426,0.08002369080717661,0.48569792134557876,0.058658862968365255,0.00014405032943017038,-0.002433706249647713,0.07397964071063409
5,2.0,1.0,1.0,1,46,0.0002,368,0.05987240728502119,0.002349129843222414,0.07825687881496905,0.4751392708815444,0.058658862968365255,0.00013784496139912505,-0.002486974804621539,0.07438785709078817
5,2.0,1.0,1.0,1,47,0.0002,376,0.06105324518622102,0.0024081708971474686,0.07656650502057,0.46502992469257537,0.058658862968365255,0.00013203229937705507,-0.0025402031965245236,0.07484268236491029
5,2.0,1.0,1.0,1,48,0.0002,384,0.06223571205929368,0.0024668116787253183,0.07494770796639703,0.45534180126148005,0.058658862968365255,0.0001265798764252951,-0.0025933915551506134,0.0753411126734128
5,2.0,1.0,1.0,1,49,0.0002,392,0.06341953038082204,0.0025250814877125424,0.07339603033432254,0.44604911143981707,0.058658862968365255,0.00012145851439963884,-0.0026465400021121813,0.07588033812449566
5,2.0,1.0,1.0,1,50,0.0002,400,0.06460445112169788,0.0025830067196721956,0.07190737776435753,0.43712812921102084,0.058658862968365255,0.00011664193188952454,-0.00269964865156172,0.07645772803313239
5,2.0,1.0,1.0,1,51,0.0002,408,0.0657902503378569,0.0026406112051992406,0.07047798261268282,0.4285569894225695,0.058658862968365255,0.00011210640574355057,-0.002752717610942791,0.07707081797536999
5,2.0,1.0,1.0,1,52,0.0002,416,0.06697672622744344,0.0026979165037655933,0.06910437197083485,0.42031550885675084,0.058658862968365255,0.00010783047782658706,-0.0028057469815921804,0.07771729831987735
5,2.0,1.0,1.0,1,53,0.0002,424,0.06816369658298882,0.002754942159033144,0.06778333937237567,0.41238502755756684,0.058658862968365255,0.00010379470025810578,-0.00285873685929125,0.0783950039641047
5,2.0,1.0,1.0,1,54,0.0002,432,0.06935099657901811,0.0028117059212623002,0.0665119196999872,0.40474826778798223,0.058658862968365255,9.998141350939238e-05,-0.0029116873347716926,0.07910190505674211
5,2.0,1.0,1.0,1,55,0.0002,440,0.07053847684566117,0.0028682239415896357,0.0652873668781493,0.3973892083736553,0.058658862968365255,9.637455257043015e-05,-0.002964598494160066,0.07983609853323106
5,2.0,1.0,1.0,1,56,0.0002,448,0.07172600178671618,0.002924510942194959,0.06410713399694691,0.39029297250984,0.058658862968365255,9.29594771741371e-05,-0.0030174704193690963,0.08059580032785778
5,2.0,1.0,1.0,1,57,0.0002,456,0.0729134481073268,0.0029805803656913765,0.06296885556319062,0.38344572737808846,0.058658862968365255,8.972282277104615e-05,-0.0030703031884624227,0.08137933815584701
5,2.0,1.0,1.0,1,58,0.0002,464,0.07410070352202103,0.003036444506597978,0.06187033161771789,0.37683459414743176,0.058658862968365255,8.665236937155374e-05,-0.003123096875969532,0.08218514478288864
5,2.0,1.0,1.0,1,59,0.0002,472,0.07528766561825773,0.0030921146273035563,0.06080951349372987,0.37044756712798377,0.058658862968365255,8.373692587079762e-05,-0.003175851553174354,0.08301175171841466
5,2.0,1.0,1.0,1,60,0.0002,480,0.0764742408543142,0.0031476010606083377,0.05978449102159088,0.364273441009184,0.058658862968365255,8.096622778507034e-05,-0.003228567288393408,0.08385778328377058
5,2.0,1.0,1.0,1,61,0.0002,488,0.07766034367401375,0.003202913300537562,0.05879348101143064,0.35830174525493513,0.058658862968365255,7.833084664643497e-05,-0.0032812441471839968,0.08472195101800076
5,2.0,1.0,1.0,1,62,0.0002,496,0.07884589572254863,0.0032580600829906006,0.05783481686703273,0.35252268484759747,0.058658862968365255,7.582210961883107e-05,-0.0033338821926094317,0.08560304839229424
5,2.0,1.0,1.0,1,63,0.0002,504,0.08003082515077131,0.0033130494574749106,0.05690693920337427,0.34692708667541333,0.058658862968365255,7.343202788781533e-05,-0.003386481485362726,0.08649994581094224
5,2.0,1.0,1.0,1,64,0.0002,512,0.08121506599651762,0.003367888851028275,0.05600838735638287,0.34150635094611004,0.058658862968365255,7.115323296158493e-05,-0.00343904208398986,0.0874115858810055
5,2.0,1.0,1.0,1,65,0.0002,520,0.08239855763351289,0.003422585125324909,0.055137791687445585,0.33625240708540066,0.058658862968365255,6.897891973484116e-05,-0.00349156404505975,0.08833697893650994
5,2.0,1.0,1.0,1,66,0.0002,528,0.08358124427939517,0.003477144627732111,0.0542938665971272,0.3311576736447128,0.058658862968365255,6.690279555077172e-05,-0.0035440474232828825,0.0892751988050439
5,2.0,1.0,1.0,1,67,0.0002,536,0.0847630745558674,0.0035315732370833908,0.05347540417298275,0.32621502179926926,0.058658862968365255,6.491903457456205e-05,-0.003596492271657953,0.09022537880638182
5,2.0,1.0,1.0,1,68,0.0002,544,0.08594400109467792,0.0035858764047551686,0.052681268405261356,0.3214177420669271,0.058658862968365255,6.302223682277952e-05,-0.003648898641577948,0.09118670797363698
5,2.0,1.0,1.0,1,69,0.0002,552,0.08712398018404754,0.003640059191611228,0.05191038991214342,0.3167595139210296,0.058658862968365255,6.120739137346898e-05,-0.003701266582984697,0.0921584274880545
5,2.0,1.0,1.0,1,70,0.0002,560,0.08830297145097843,0.0036941263012612163,0.05116176112283503,0.31223437800787196,0.058658862968365255,5.9469843154857926e-05,-0.0037535961444160743,0.09313982731895881
5,2.0,1.0,1.0,1,71,0.0002,568,0.08948093757513909,0.003748082110070952,0.050434431872826806,0.30783671071198654,0.058658862968365255,5.780526306523037e-05,-0.0038058873731361825,0.0941302430604247
5,2.0,1.0,1.0,1,72,0.0002,576,0.09065784403104793,0.003801930694265987,0.04972750537071901,0.3035612008409867,0.058658862968365255,5.620962095606585e-05,-0.003858140315222053,0.09512905295648413
5,2.0,1.0,1.0,1,73,0.0002,584,0.09183365885512429,0.0038556758544443376,0.049040134500516384,0.2994028282267266,0.058658862968365255,5.4679161189397085e-05,-0.003910355015633735,0.09613567510650639
5,2.0,1.0,1.0,1,74,0.0002,592,0.09300835243513905,0.003909321137791452,0.048371518427308295,0.29535684406150065,0.058658862968365255,5.321038047230442e-05,-0.003962531518263757,0.09714956484261894
5,2.0,1.0,1.0,1,75,0.0002,600,0.09418189731953464,0.003962869858244712,0.04772089947762883,0.2914187528073473,0.058658862968365255,5.18000077999875e-05,-0.0040146698660447,0.0981702122709331
5,2.0,1.0,1.0,1,76,0.0002,608,0.09535426804447067,0.004016325114776641,0.047087560268935603,0.2875842955335663,0.058658862968365255,5.044498624154348e-05,-0.004066770101018184,0.0991971399684302
5,2.0,1.0,1.0,1,77,0.0002,616,0.09652544097675286,0.004069689808062632,0.046470821065260313,0.28384943455261097,0.058658862968365255,4.914245625509128e-05,-0.004118832264317723,0.10022990082747024
5,2.0,1.0,1.0,1,78,0.0002,624,0.09769539417114248,0.004122966655635836,0.04587003733853042,0.28021033923783384,0.058658862968365255,4.7889740676959613e-05,-0.004170856396312796,0.10126807604010375
5,2.0,1.0,1.0,1,79,0.0002,632,0.09886410724031536,0.004176158205719524,0.04528459751710837,0.2766633729183676,0.058658862968365255,4.6684330892693415e-05,-0.004222842536612217,0.10231127321431802
5,2.0,1.0,1.0,1,80,0.0002,640,0.10003156123639989,0.004229266849845849,0.044713920904993355,0.2732050807568881,0.058658862968365255,4.552387424519577e-05,-0.004274790724091045,0.10335912461479613
5,2.0,1.0,1.0,1,1,0.0005,8,0.8511501111475926,0.7116490036220189,1.9992595228829722,21.856406460551042,0.058658862968365255,-0.7123024838319769,0.000653480209957924,0.9224176906835304
5,2.0,1.0,1.0,1,2,0.0005,16,0.9448965185858522,0.45756486808608005,1.9933486575636479,10.928203230275521,0.058658862968365255,0.4585986073992056,-0.001033739313125559,0.9719179087266643
5,2.0,1.0,1.0,1,3,0.0005,24,0.7268650594616293,0.04690857159837794,1.6959154263928513,7.285468820183681,0.058658862968365255,0.047435699747089805,-0.000527128148711864,0.8513979010659201
5,2.0,1.0,1.0,1,4,0.0005,32,0.34625104331046397,0.02219128308359289,1.1795520131861552,5.464101615137761,0.058658862968365255,0.02274089400760207,-0.0005496109240091807,0.5833631780435014
5,2.0,1.0,1.0,1,5,0.0005,40,0.19758168810063736,0.012767912576893595,0.8833691438787252,4.3712812921102095,0.058658862968365255,0.013435789379396712,-0.0006678768025031173,0.43348207492201263
5,2.0,1.0,1.0,1,6,0.0005,48,0.13178307231347142,0.008131612441571387,0.7034837735389087,3.6427344100918404,0.058658862968365255,0.0089314841264235,-0.0007998716848521131,0.34434835232348593
5,2.0,1.0,1.0,1,7,0.0005,56,0.09867734507685766,0.005455758653338666,0.5842198556012722,3.12234378007872,0.058658862968365255,0.006391210051089821,-0.0009354513977511553,0.28648442748607517
5,2.0,1.0,1.0,1,8,0.0005,64,0.08060772327417975,0.0037383195826580368,0.49966021817864975,2.7320508075688803,0.058658862968365255,0.00481031865923974,-0.0010719990765817033,0.24636916224894884
5,2.0,1.0,1.0,1,9,0.0005,72,0.07032324004010204,0.0025478255790202936,0.43663980432876204,2.4284896067278936,0.058658862968365255,0.003756488907342856,-0.0012086633283225623,0.21719548568659264
5,2.0,1.0,1.0,1,10,0.0005,80,0.06444642648095766,0.001672253892223259,0.3878611810037032,2.1856406460551048,0.058658862968365255,0.0030173913465912777,-0.0013451374543680186,0.19521856575310137
5,2.0,1.0,1.0,1,11,0.0005,88,0.06124249046931596,0.0009970172286870305,0.34897790628462816,1.9869460418682767,0.058658862968365255,0.002478326085486801,-0.0014813088567997706,0.17822423801943746
5,2.0,1.0,1.0,1,12,0.0005,96,0.05974928451842265,0.00045556909837819737,0.31724672505971135,1.8213672050459202,0.058658862968365255,0.002072709178095933,-0.0016171400797177354,0.16482528781391742
5,2.0,1.0,1.0,1,13,0.0005,104,0.059399366272983256,7.02151896878056e-06,0.29085282225487297,1.6812620354270034,0.058658862968365255,0.001759645423743031,-0.0017526239047742503,0.1541107422347965
5,2.0,1.0,1.0,1,14,0.0005,112,0.0598408764780205,0.00037491612159303023,0.2685482258932246,1.56117189003936,0.058658862968365255,0.0015128490408484185,-0.0018877651624414488,0.14545871304609376
5,2.0,1.0,1.0,1,15,0.0005,120,0.060846372620994016,0.0007077936076913954,0.24944661665977255,1.457093764036736,0.058658862968365255,0.0013147794350993058,-0.0020225730427907013,0.1384306215872954
5,2.0,1.0,1.0,1,16,0.0005,128,0.0622635996939388,0.0010037000694631051,0.23290113361772682,1.3660254037844402,0.058658862968365255,0.0011533577255281868,-0.002157057794991292,0.13270845185137728
5,2.0,1.0,1.0,1,17,0.0005,136,0.06398754869415968,0.0012711891215701626,0.21842855615081938,1.2856709682677083,0.058658862968365255,0.001020040219309029,-0.0022912293408791917,0.1280559608438778
5,2.0,1.0,1.0,1,18,0.0005,144,0.06594390954070262,0.0015164543144504453,0.20566057393088252,1.2142448033639468,0.058658862968365255,0.0009086424294730971,-0.0024250967439235424,0.12429383483098463
5,2.0,1.0,1.0,1,19,0.0005,152,0.06807890644772063,0.0017440716013737353,0.19431149652538396,1.1503371821342652,0.058658862968365255,0.0008145964605386635,-0.002558668061912399,0.12128328426760764
5,2.0,1.0,1.0,1,20,0.0005,160,0.07035285179783557,0.0019574823188243246,0.18415627864280135,1.0928203230275524,0.058658862968365255,0.0007344680483670624,-0.002691950367191387,0.11891492228027006
5,2.0,1.0,1.0,1,21,0.0005,168,0.07273594222109447,0.002159315576162474,0.17501521062673192,1.0407812600262398,0.058658862968365255,0.0006656342578802293,-0.002824949834042703,0.11710105345067279
5,2.0,1.0,1.0,1,22,0.0005,176,0.0752054482608473,0.0023516084126561365,0.16674302848331163,0.9934730209341384,0.058658862968365255,0.0006060634339411369,-0.0029576718465972734,0.11577022477250398
5,2.0,1.0,1.0,1,23,0.0005,184,0.07774379378044483,0.0025359592244920265,0.1592210226275161,0.9502785417630888,0.058658862968365255,0.000554161881897719,-0.0030901211063897455,0.11486331440878086
5,2.0,1.0,1.0,1,24,0.0005,192,0.08033721722955145,0.00271363665224221,0.1523512236651968,0.9106836025229601,0.058658862968365255,0.000508665078573084,-0.003222301730815294,0.11433068869686533
5,2.0,1.0,1.0,1,25,0.0005,200,0.08297482172332171,0.0028856581380566487,0.14605205373934793,0.8742562584220417,0.058658862968365255,0.0004685592015255119,-0.0033542173395821606,0.11413011505847594
5,2.0,1.0,1.0,1,26,0.0005,208,0.0856478900480615,0.003052847451355818,0.14025502947100477,0.8406310177135017,0.058658862968365255,0.0004330236776280416,-0.00348587112898386,0.11422521781472195
5,2.0,1.0,1.0,1,27,0.0005,216,0.08834938340182341,0.003215877389121574,0.13490223104052548,0.8094965355759645,0.058658862968365255,0.0004013885458443722,-0.0036172659349659464,0.11458432820080901
5,2.0,1.0,1.0,1,28,0.0005,224,0.09107356963250957,0.0033753018676207086,0.12994433725417628,0.78058594501968,0.058658862968365255,0.00037310241867703764,-0.0037484042862977462,0.11517962255505924
5,2.0,1.0,1.0,1,29,0.0005,232,0.09381574410416027,0.0035315803179060967,0.1253390840891851,0.7536691882948635,0.058658862968365255,0.00034770813141678236,-0.003879288449322879,0.1159864717789663
5,2.0,1.0,1.0,1,30,0.0005,240,0.09657201772380852,0.003685096426947601,0.121050043821717,0.728546882018368,0.058658862968365255,0.00032482403860155384,-0.004009920465549155,0.11698294561780423
5,2.0,1.0,1.0,1,31,0.0005,248,0.09933915427641615,0.003836172675713137,0.11704564947732848,0.7050453696951949,0.058658862968365255,0.0003041295075847522,-0.004140302183297889,0.1181494300789784
5,2.0,1.0,1.0,1,32,0.0005,256,0.10211444438189654,0.003985081719137112,0.11329840889593033,0.6830127018922201,0.058658862968365255,0.00028535356519521216,-0.0042704352843323246,0.11946832721685124
5,2.0,1.0,1.0,1,33,0.0005,264,0.10489560694566125,0.004132055369148645,0.10978426671771643,0.6623153472894256,0.058658862968365255,0.00026826593723576486,-0.00440032130638441,0.12092381470078574
5,2.0,1.0,1.0,1,34,0.0005,272,0.10768071145626557,0.004277291741457127,0.10648208276342398,0.6428354841338542,0.058658862968365255,0.0002526699207501121,-0.0045299616622072394,0.12250164876605424
5,2.0,1.0,1.0,1,35,0.0005,280,0.11046811623850417,0.0044209609832336905,0.10337320274081484,0.6244687560157439,0.058658862968365255,0.0002383966725174741,-0.0046593576557511646,0.12418899880363504
5,2.0,1.0,1.0,1,36,0.0005,288,0.11325641902451888,0.00456320989515633,0.10044110273862156,0.6071224016819734,0.058658862968365255,0.00022530060079188619,-0.004788510495948216,0.12597430531456769
5,2.0,1.0,1.0,1,37,0.0005,296,0.11604441711271929,0.0047041656853598,0.09767109310834333,0.5907136881230013,0.058658862968365255,0.0002132556231121685,-0.004917421308471968,0.12784715549681697
5,2.0,1.0,1.0,1,38,0.0005,304,0.1188310750465037,0.004843939036929208,0.0950500704613909,0.5751685910671326,0.058658862968365255,0.00020215210891140478,-0.005046091145840613,0.12979817255496695
5,2.0,1.0,1.0,1,39,0.0005,312,0.12161549823361617,0.004982626628822831,0.0925663088918148,0.5604206784756677,0.058658862968365255,0.00019189436725564057,-0.005174520996078472,0.13181891609612
5,2.0,1.0,1.0,1,40,0.0005,320,0.12439691129027552,0.005120313218882282,0.09020928336526676,0.5464101615137762,0.058658862968365255,0.00018239857131414905,-0.005302711790196431,0.13390179183868878
5,2.0,1.0,1.0,1,41,0.0005,328,0.1271746401673679,0.005257073373790229,0.08796951963155607,0.533083084403684,0.058658862968365255,0.00017359103486183636,-0.005430664408652065,0.1360399694272352
5,2.0,1.0,1.0,1,42,0.0005,336,0.12994809732230073,0.005392972912815638,0.08583846612264835,0.5203906300131199,0.058658862968365255,0.0001654067741452131,-0.0055583796869608515,0.13822730750436285
5,2.0,1.0,1.0,1,43,0.0005,344,0.13271676935763466,0.00552807011824754,0.08380838416493025,0.5082885223383963,0.058658862968365255,0.00015778830232401897,-0.005685858420571559,0.14045828540744482
5,2.0,1.0,1.0,1,44,0.0005,352,0.13548020666857297,0.005662416754652545,0.08187225351932316,0.4967365104670692,0.058658862968365255,0.0001506846144738172,-0.0058131013691263625,0.14272794098317873
5,2.0,1.0,1.0,1,45,0.0005,360,0.13823801473467257,0.005796058930741491,0.08002369080717661,0.48569792134557876,0.058658862968365255,0.00014405032943017038,-0.005940109260171661,0.14503181408154697
5,2.0,1.0,1.0,1,46,0.0005,368,0.14098984676410486,0.005929037831023873,0.07825687881496905,0.4751392708815444,0.058658862968365255,0.00013784496139912505,-0.006066882792422998,0.147365895327039
5,2.0,1.0,1.0,1,47,0.0005,376,0.1437353974557467,0.006061390339274844,0.07656650502057,0.46502992469257537,0.058658862968365255,0.00013203229937705507,-0.006193422638651899,0.14972657978429868
5,2.0,1.0,1.0,1,48,0.0005,384,0.1464743976890106,0.006193149571751259,0.07494770796639703,0.45534180126148005,0.058658862968365255,0.0001265798764252951,-0.0063197294481765545,0.15211062514736534
5,2.0,1.0,1.0,1,49,0.0005,392,0.14920660998713942,0.0063243453347461565,0.07339603033432254,0.44604911143981707,0.058658862968365255,0.00012145851439963884,-0.006445803849145795,0.1545151140922137
5,2.0,1.0,1.0,1,50,0.0005,400,0.1519318246279544,0.006455004518575974,0.07190737776435753,0.43712812921102084,0.058658862968365255,0.00011664193188952454,-0.006571646450465499,0.1569374204438309
5,2.0,1.0,1.0,1,51,0.0005,408,0.15464985629854378,0.0065851514378495735,0.07047798261268282,0.4285569894225695,0.058658862968365255,0.00011210640574355057,-0.006697257843593124,0.15937517882297336
5,2.0,1.0,1.0,1,52,0.0005,416,0.15736054120868914,0.00671480812626124,0.06910437197083485,0.42031550885675084,0.058658862968365255,0.00010783047782658706,-0.006822638604087827,0.16182625745401008
5,2.0,1.0,1.0,1,53,0.0005,424,0.160063734592639,0.006843994592733611,0.06778333937237567,0.41238502755756684,0.058658862968365255,0.00010379470025810578,-0.006947789292991717,0.16428873383377407
5,2.0,1.0,1.0,1,54,0.0005,432,0.1627593085405522,0.006972729044569748,0.0665119196999872,0.40474826778798223,0.058658862968365255,9.998141350939238e-05,-0.00707271045807914,0.16676087298105152
5,2.0,1.0,1.0,1,55,0.0005,440,0.1654471501110435,0.007101028082413405,0.0652873668781493,0.3973892083736553,0.058658862968365255,9.637455257043015e-05,-0.007197402634983835,0.16924110800718362
5,2.0,1.0,1.0,1,56,0.0005,448,0.1681271596837508,0.007228906871003152,0.06410713399694691,0.39029297250984,0.058658862968365255,9.29594771741371e-05,-0.007321866348177289,0.17172802276896207
5,2.0,1.0,1.0,1,57,0.0005,456,0.1707992495178443,0.0073563792891057495,0.06296885556319062,0.38344572737808846,0.058658862968365255,8.972282277104615e-05,-0.007446102111876796,0.17422033638572754
5,2.0,1.0,1.0,1,58,0.0005,464,0.17346334248755357,0.007483458061472173,0.06187033161771789,0.37683459414743176,0.058658862968365255,8.665236937155374e-05,-0.007570110430843727,0.176716889422449
5,2.0,1.0,1.0,1,59,0.0005,472,0.17611937097035224,0.007610154875245287,0.06080951349372987,0.37044756712798377,0.058658862968365255,8.373692587079762e-05,-0.0076938918011160845,0.17921663155947923
5,2.0,1.0,1.0,1,60,0.0005,480,0.17876727586692565,0.00773648048288586,0.05978449102159088,0.364273441009184,0.058658862968365255,8.096622778507034e-05,-0.00781744671067093,0.1817186105874451
5,2.0,1.0,1.0,1,61,0.0005,488,0.18140700573579205,0.00786244479334991,0.05879348101143064,0.35830174525493513,0.058658862968365255,7.833084664643497e-05,-0.007940775639996345,0.18422196258240006
5,2.0,1.0,1.0,1,62,0.0005,496,0.18403851602699683,0.007988056953064551,0.05783481686703273,0.35252268484759747,0.058658862968365255,7.582210961883107e-05,-0.008063879062683382,0.18672590313126414
5,2.0,1.0,1.0,1,63,0.0005,504,0.18666176840260573,0.008113325417947029,0.05690693920337427,0.34692708667541333,0.058658862968365255,7.343202788781533e-05,-0.008186757445834844,0.18922971949177486
5,2.0,1.0,1.0,1,64,0.0005,512,0.18927673013264035,0.008238258017605679,0.05600838735638287,0.34150635094611004,0.058658862968365255,7.115323296158493e-05,-0.008309411250567264,0.19173276358350058
5,2.0,1.0,1.0,1,65,0.0005,520,0.1918833735572527,0.008362862012676414,0.055137791687445585,0.33625240708540066,0.058658862968365255,6.897891973484116e-05,-0.008431840932411255,0.19423444571804305
5,2.0,1.0,1.0,1,66,0.0005,528,0.1944816756068113,0.008487144146107989,0.0542938665971272,0.3311576736447128,0.058658862968365255,6.690279555077172e-05,-0.00855404694165876,0.19673422898656007
5,2.0,1.0,1.0,1,67,0.0005,536,0.1970716173729954,0.008611110689143178,0.05347540417298275,0.32621502179926926,0.058658862968365255,6.491903457456205e-05,-0.00867602972371774,0.19923162423212654
5,2.0,1.0,1.0,1,68,0.0005,544,0.19965318372479668,0.008734767482567442,0.052681268405261356,0.3214177420669271,0.058658862968365255,6.302223682277952e-05,-0.008797789719390221,0.20172618554242794
5,2.0,1.0,1.0,1,69,0.0005,552,0.20222636296407825,0.008858119973832596,0.05191038991214342,0.3167595139210296,0.058658862968365255,6.120739137346898e-05,-0.008919327365206065,0.20421750620566503
5,2.0,1.0,1.0,1,70,0.0005,560,0.20479114651623487,0.008981173250466046,0.05116176112283503,0.31223437800787196,0.058658862968365255,5.9469843154857926e-05,-0.009040643093620904,0.20670521507902387
5,2.0,1.0,1.0,1,71,0.0005,568,0.20734752865174622,0.009103932070230067,0.050434431872826806,0.30783671071198654,0.058658862968365255,5.780526306523037e-05,-0.009161737333295297,0.20918897332471897
5,2.0,1.0,1.0,1,72,0.0005,576,0.20989550623539466,0.00922640088834182,0.04972750537071901,0.3035612008409867,0.058658862968365255,5.620962095606585e-05,-0.009282610509297885,0.21166847147386952
5,2.0,1.0,1.0,1,73,0.0005,584,0.21243507849978427,0.00934858388212624,0.049040134500516384,0.2994028282267266,0.058658862968365255,5.4679161189397085e-05,-0.009403263043315638,0.2141434267827919
5,2.0,1.0,1.0,1,74,0.0005,592,0.21496624684076604,0.009470484973330036,0.048371518427308295,0.29535684406150065,0.058658862968365255,5.321038047230442e-05,-0.00952369535380234,0.2166135808504422
5,2.0,1.0,1.0,1,75,0.0005,600,0.21748901463225323,0.009592107848384684,0.04772089947762883,0.2914187528073473,0.058658862968365255,5.18000077999875e-05,-0.009643907856184672,0.21907869746922207
5,2.0,1.0,1.0,1,76,0.0005,608,0.22000338705835498,0.009713455976797236,0.047087560268935603,0.2875842955335663,0.058658862968365255,5.044498624154348e-05,-0.00976390096303878,0.22153856068440517
5,2.0,1.0,1.0,1,77,0.0005,616,0.22250937096102485,0.009834532627890288,0.046470821065260313,0.28384943455261097,0.058658862968365255,4.914245625509128e-05,-0.00988367508414538,0.22399297304033156
5,2.0,1.0,1.0,1,78,0.0005,624,0.2250069747017167,0.009955340886054508,0.04587003733853042,0.28021033923783384,0.058658862968365255,4.7889740676959613e-05,-0.010003230626731467,0.22644175399391675
5,2.0,1.0,1.0,1,79,0.0005,632,0.22749620803542725,0.01007588366463913,0.04528459751710837,0.2766633729183676,0.058658862968365255,4.6684330892693415e-05,-0.010122567995531823,0.22888473847807952
5,2.0,1.0,1.0,1,80,0.0005,640,0.22997708199598077,0.01019616371865631,0.044713920904993355,0.2732050807568881,0.058658862968365255,4.552387424519577e-05,-0.010241687592901505,0.23132177559978045
5,2.0,1.0,1.0,1,1,0.001,8,0.8515374249081189,0.7109958502338705,1.9992595228829722,21.856406460551042,0.058658862968365255,-0.7123024838319769,0.0013066335981063437,0.9224681938969361
5,2.0,1.0,1.0,1,2,0.001,16,0.9451404299297985,0.45653267899404476,1.9933486575636479,10.928203230275521,0.058658862968365255,0.4585986073992056,-0.002065928405160844,0.9719046643038093
5,2.0,1.0,1.0,1,3,0.001,24,0.7291789312671397,0.04638359641284198,1.6959154263928513,7.285468820183681,0.058658862968365255,0.047435699747089805,-0.0010521033342478225,0.8516123760019001
5,2.0,1.0,1.0,1,4,0.001,32,0.3546346034496458,0.021644491232560265,1.1795520131861552,5.464101615137761,0.058658862968365255,0.02274089400760207,-0.0010964027750418048,0.5855897209055877
5,2.0,1.0,1.0,1,5,0.001,40,0.21060405382019143,0.012104782007579556,0.8833691438787252,4.3712812921102095,0.058658862968365255,0.013435789379396712,-0.0013310073718171556,0.4376978074150511
5,2.0,1.0,1.0,1,6,0.001,48,0.14872655672402368,0.00733901067363156,0.7034837735389087,3.6427344100918404,0.058658862968365255,0.0089314841264235,-0.0015924734527919399,0.35050020485067124
5,2.0,1.0,1.0,1,7,0.001,56,0.11918823432369341,0.004530626526220272,0.5842198556012722,3.12234378007872,0.058658862968365255,0.006391210051089821,-0.0018605835248695496,0.2945806132234621
5,2.0,1.0,1.0,1,8,0.001,64,0.10448546623588506,0.0026801904353050895,0.49966021817864975,2.7320508075688803,0.058658862968365255,0.00481031865923974,-0.0021301282239346506,0.2564560681995261
5,2.0,1.0,1.0,1,9,0.001,72,0.0974386939458084,0.0013570720946722084,0.43663980432876204,2.4284896067278936,0.058658862968365255,0.003756488907342856,-0.0023994168126706475,0.22934689186030863
5,2.0,1.0,1.0,1,10,0.001,80,0.09470729682053447,0.0003495481465578959,0.3878611810037032,2.1856406460551048,0.058658862968365255,0.0030173913465912777,-0.002667843200033382,0.20952809831146327
5,2.0,1.0,1.0,1,11,0.001,88,0.09457719546097976,0.000456861241380134,0.34897790628462816,1.9869460418682767,0.058658862968365255,0.002478326085486801,-0.002935187326866935,0.19479999945005172
5,2.0,1.0,1.0,1,12,0.001,96,0.09609872716929169,0.0011286691349162853,0.31724672505971135,1.8213672050459202,0.058658862968365255,0.002072709178095933,-0.003201378313012218,0.1837853927263031
5,2.0,1.0,1.0,1,13,0.001,104,0.09871242384181489,0.0017067597206807741,0.29085282225487297,1.6812620354270034,0.058658862968365255,0.001759645423743031,-0.003466405144423805,0.17557913771114414
5,2.0,1.0,1.0,1,14,0.001,112,0.10207177579998539,0.0022174315063574687,0.2685482258932246,1.56117189003936,0.058658862968365255,0.0015128490408484185,-0.0037302805472058873,0.16956104657704552
5,2.0,1.0,1.0,1,15,0.001,120,0.1059530849774516,0.002678246310184179,0.24944661665977255,1.457093764036736,0.058658862968365255,0.0013147794350993058,-0.003993025745283485,0.16529013999334247
5,2.0,1.0,1.0,1,16,0.001,128,0.11020681715587977,0.003101306211530007,0.23290113361772682,1.3660254037844402,0.058658862968365255,0.0011533577255281868,-0.004254663937058194,0.1624420487648285
5,2.0,1.0,1.0,1,17,0.001,136,0.11473000750141538,0.003495177349507335,0.21842855615081938,1.2856709682677083,0.058658862968365255,0.001020040219309029,-0.004515217568816364,0.16077056253353833
5,2.0,1.0,1.0,1,18,0.001,144,0.11944992882401761,0.003866064871857977,0.20566057393088252,1.2142448033639468,0.058658862968365255,0.0009086424294730971,-0.004774707301331074,0.16008333216158227
5,2.0,1.0,1.0,1,19,0.001,152,0.12431406515711996,0.004218555272983246,0.19431149652538396,1.1503371821342652,0.058658862968365255,0.0008145964605386635,-0.0050331517335219095,0.1602261890074655
5,2.0,1.0,1.0,1,20,0.001,160,0.12928375698144023,0.004556099406611586,0.18415627864280135,1.0928203230275524,0.058658862968365255,0.0007344680483670624,-0.005290567454978648,0.16107286077584482
5,2.0,1.0,1.0,1,21,0.001,168,0.1343300592688781,0.004881334970936298,0.17501521062673192,1.0407812600262398,0.058658862968365255,0.0006656342578802293,-0.005546969228816527,0.16251812729188211
5,2.0,1.0,1.0,1,22,0.001,176,0.13943097415711037,0.005196306779182827,0.16674302848331163,0.9934730209341384,0.058658862968365255,0.0006060634339411369,-0.005802370213123964,0.16447318542449615
5,2.0,1.0,1.0,1,23,0.001,184,0.14456956082578887,0.005502620298089893,0.1592210226275161,0.9502785417630888,0.058658862968365255,0.000554161881897719,-0.006056782179987612,0.1668624324412948
5,2.0,1.0,1.0,1,24,0.001,192,0.14973261874961707,0.0058015506366503045,0.1523512236651968,0.9106836025229601,0.058658862968365255,0.000508665078573084,-0.006310215715223388,0.16962115703233308
5,2.0,1.0,1.0,1,25,0.001,200,0.15490975390861017,0.006094121191817965,0.14605205373934793,0.8742562584220417,0.058658862968365255,0.0004685592015255119,-0.006562680393343477,0.172693811079296
5,2.0,1.0,1.0,1,26,0.001,208,0.16009270580812962,0.006381161250002931,0.14025502947100477,0.8406310177135017,0.058658862968365255,0.0004330236776280416,-0.006814184927630973,0.1760326570720418
5,2.0,1.0,1.0,1,27,0.001,216,0.1652748552912664,0.006663348751559148,0.13490223104052548,0.8094965355759645,0.058658862968365255,0.0004013885458443722,-0.00706473729740352,0.17959666578342748
5,2.0,1.0,1.0,1,28,0.001,224,0.17045085971337748,0.006941242436563869,0.12994433725417628,0.78058594501968,0.058658862968365255,0.00037310241867703764,-0.007314344855240906,0.18335058943436724
5,2.0,1.0,1.0,1,29,0.001,232,0.17561637917349948,0.007215306285732193,0.1253390840891851,0.7536691882948635,0.058658862968365255,0.00034770813141678236,-0.007563014417148975,0.18726416641033014
5,2.0,1.0,1.0,1,30,0.001,240,0.18076786873543793,0.0074859282996761894,0.121050043821717,0.728546882018368,0.058658862968365255,0.00032482403860155384,-0.007810752338277743,0.19131143144301554
5,2.0,1.0,1.0,1,31,0.001,248,0.18590241907393001,0.007753435069040429,0.11704564947732848,0.7050453696951949,0.058658862968365255,0.0003041295075847522,-0.008057564576625181,0.19547011493978741
5,2.0,1.0,1.0,1,32,0.001,256,0.19101763306991348,0.008018103181457487,0.11329840889593033,0.6830127018922201,0.058658862968365255,0.00028535356519521216,-0.008303456746652699,0.19972112017941987
5,2.0,1.0,1.0,1,33,0.001,264,0.19611152938104381,0.008280168227360565,0.10978426671771643,0.6623153472894256,0.058658862968365255,0.00026826593723576486,-0.00854843416459633,0.20404806955721416
5,2.0,1.0,1.0,1,34,0.001,272,0.20118246645656757,0.008539831966044582,0.10648208276342398,0.6428354841338542,0.058658862968365255,0.0002526699207501121,-0.008792501886794694,0.20843691225806482
5,2.0,1.0,1.0,1,35,0.001,280,0.20622908219182834,0.008797268069716375,0.10337320274081484,0.6244687560157439,0.058658862968365255,0.0002383966725174741,-0.00903566474223385,0.21287558638923987
5,2.0,1.0,1.0,1,36,0.001,288,0.21125024565120842,0.009052626759479293,0.10044110273862156,0.6071224016819734,0.058658862968365255,0.00022530060079188619,-0.00927792736027118,0.2173537290819671
5,2.0,1.0,1.0,1,37,0.001,296,0.2162450181800134,0.009306038571193692,0.09767109310834333,0.5907136881230013,0.058658862968365255,0.0002132556231121685,-0.00951929419430586,0.2218624285321712
5,2.0,1.0,1.0,1,38,0.001,304,0.2212126218767183,0.009557617433167444,0.0950500704613909,0.5751685910671326,0.058658862968365255,0.00020215210891140478,-0.009759769542078849,0.2263940124456436
5,2.0,1.0,1.0,1,39,0.001,312,0.2261524138769757,0.00980746319585915,0.0925663088918148,0.5604206784756677,0.058658862968365255,0.00019189436725564057,-0.009999357563114791,0.2309418678809172
5,2.0,1.0,1.0,1,40,0.001,320,0.2310638652577126,0.010055663722446567,0.09020928336526676,0.5464101615137762,0.058658862968365255,0.00018239857131414905,-0.010238062293760716,0.2355002880246409
5,2.0,1.0,1.0,1,41,0.001,328,0.23594654363768275,0.010302296625339033,0.08796951963155607,0.533083084403684,0.058658862968365255,0.00017359103486183636,-0.01047588766020087,0.2400643419671552
5,2.0,1.0,1.0,1,42,0.001,336,0.2408000987532456,0.01054743071559678,0.08583846612264835,0.5203906300131199,0.058658862968365255,0.0001654067741452131,-0.010712837489741993,0.24462976405207973
5,2.0,1.0,1.0,1,43,0.001,344,0.2456242504427526,0.010791127218308993,0.08380838416493025,0.5082885223383963,0.058658862968365255,0.00015778830232401897,-0.010948915520633012,0.24919285984087974
5,2.0,1.0,1.0,1,44,0.001,352,0.2504187785913705,0.011033440796171579,0.08187225351932316,0.4967365104670692,0.058658862968365255,0.0001506846144738172,-0.011184125410645396,0.2537504261548038
5,2.0,1.0,1.0,1,45,0.001,360,0.2551835146797894,0.011274420415128175,0.08002369080717661,0.48569792134557876,0.058658862968365255,0.00014405032943017038,-0.011418470744558346,0.2582996830301099
5,2.0,1.0,1.0,1,46,0.001,368,0.25991833465155767,0.011514110079338183,0.07825687881496905,0.4751392708815444,0.058658862968365255,0.00013784496139912505,-0.011651955040737308,0.26283821574896227
5,2.0,1.0,1.0,1,47,0.001,376,0.26462315286970683,0.011752549457569025,0.07656650502057,0.46502992469257537,0.058658862968365255,0.00013203229937705507,-0.01188458175694608,0.2673639253906477
5,2.0,1.0,1.0,1,48,0.001,384,0.26929791697696703,0.01198977441898276,0.07494770796639703,0.45534180126148005,0.058658862968365255,0.0001265798764252951,-0.012116354295408055,0.27187498658962217
5,2.0,1.0,1.0,1,49,0.001,392,0.2739426035089385,0.012225817492975188,0.07339603033432254,0.44604911143981707,0.058658862968365255,0.00012145851439963884,-0.012347276007374827,0.2763698113929836
5,2.0,1.0,1.0,1,50,0.001,400,0.2785572141371708,0.012460708265180469,0.07190737776435753,0.43712812921102084,0.058658862968365255,0.00011664193188952454,-0.012577350197069993,0.280847018284593
5,2.0,1.0,1.0,1,51,0.001,408,0.2831417724412649,0.012694473719537282,0.07047798261268282,0.4285569894225695,0.058658862968365255,0.00011210640574355057,-0.012806580125280832,0.28530540559040307
5,2.0,1.0,1.0,1,52,0.001,416,0.28769632112679355,0.012927138534689284,0.06910437197083485,0.42031550885675084,0.058658862968365255,0.00010783047782658706,-0.01303496901251587,0.28974392860366094
5,2.0,1.0,1.0,1,53,0.001,424,0.29222091962050545,0.013158725341556501,0.06778333937237567,0.41238502755756684,0.058658862968365255,0.00010379470025810578,-0.013262520041814607,0.2941616798730178
5,2.0,1.0,1.0,1,54,0.001,432,0.29671564198562494,0.013389254947763884,0.0665119196999872,0.40474826778798223,0.058658862968365255,9.998141350939238e-05,-0.013489236361273277,0.29855787218399776
5,2.0,1.0,1.0,1,55,0.001,440,0.30118057510987783,0.013618746533761411,0.0652873668781493,0.3973892083736553,0.058658862968365255,9.637455257043015e-05,-0.013715121086331841,0.30293182383780215
5,2.0,1.0,1.0,1,56,0.001,448,0.3056158171263791,0.013847217824608085,0.06410713399694691,0.39029297250984,0.058658862968365255,9.29594771741371e-05,-0.013940177301782222,0.30728294589293004
5,2.0,1.0,1.0,1,57,0.001,456,0.31002147603408026,0.014074685240835952,0.06296885556319062,0.38344572737808846,0.058658862968365255,8.972282277104615e-05,-0.014164408063606998,0.31161073108676607
5,2.0,1.0,1.0,1,58,0.001,464,0.3143976684897434,0.014301164031252242,0.06187033161771789,0.37683459414743176,0.058658862968365255,8.665236937155374e-05,-0.014387816400623796,0.31591474419763366
5,2.0,1.0,1.0,1,59,0.001,472,0.3187445187476807,0.014526668390106821,0.06080951349372987,0.37044756712798377,0.058658862968365255,8.373692587079762e-05,-0.014610405315977619,0.32019461364419627
5,2.0,1.0,1.0,1,60,0.001,480,0.32306215772708213,0.014751211560705885,0.05978449102159088,0.364273441009184,0.058658862968365255,8.096622778507034e-05,-0.014832177788490955,0.32445002414965407
5,2.0,1.0,1.0,1,61,0.001,488,0.3273507221901236,0.014974805927230425,0.05879348101143064,0.35830174525493513,0.058658862968365255,7.833084664643497e-05,-0.01505313677387686,0.3286807103240331
5,2.0,1.0,1.0,1,62,0.001,496,0.331610354015921,0.015197463096264519,0.05783481686703273,0.35252268484759747,0.058658862968365255,7.582210961883107e-05,-0.01527328520588335,0.33288645103938125
5,2.0,1.0,1.0,1,63,0.001,504,0.33584119955824465,0.015419193969355899,0.05690693920337427,0.34692708667541333,0.058658862968365255,7.343202788781533e-05,-0.015492625997243714,0.33706706449117607
5,2.0,1.0,1.0,1,64,0.001,512,0.3400434090761024,0.015640008807674848,0.05600838735638287,0.34150635094611004,0.058658862968365255,7.115323296158493e-05,-0.015711162040636432,0.3412224038545826
5,2.0,1.0,1.0,1,65,0.001,520,0.3442171362281816,0.01585991728980797,0.055137791687445585,0.33625240708540066,0.058658862968365255,6.897891973484116e-05,-0.01592889620954281,0.34535235345735077
5,2.0,1.0,1.0,1,66,0.001,528,0.3483625376231362,0.01607892856342512,0.0542938665971272,0.3311576736447128,0.058658862968365255,6.690279555077172e-05,-0.01614583135897589,0.34945682540220835
5,2.0,1.0,1.0,1,67,0.001,536,0.3524797724190032,0.01629705129163682,0.05347540417298275,0.32621502179926926,0.058658862968365255,6.491903457456205e-05,-0.01636197032621138,0.3535357565810198
5,2.0,1.0,1.0,1,68,0.001,544,0.3565690019658385,0.016514293694587664,0.052681268405261356,0.3214177420669271,0.058658862968365255,6.302223682277952e-05,-0.016577315931410444,0.35758910603104377
5,2.0,1.0,1.0,1,69,0.001,552,0.36063038948641457,0.01673066358688076,0.05191038991214342,0.3167595139210296,0.058658862968365255,6.120739137346898e-05,-0.016791870978254228,0.36161685259035525
5,2.0,1.0,1.0,1,70,0.001,560,0.3646640997906221,0.016946168411289736,0.05116176112283503,0.31223437800787196,0.058658862968365255,5.9469843154857926e-05,-0.017005638254444594,0.3656189928154053
5,2.0,1.0,1.0,1,71,0.001,568,0.36867029901959314,0.01716081526916672,0.050434431872826806,0.30783671071198654,0.058658862968365255,5.780526306523037e-05,-0.01721862053223195,0.3695955391285995
5,2.0,1.0,1.0,1,72,0.001,576,0.3726491544162944,0.017374610947935368,0.04972750537071901,0.3035612008409867,0.058658862968365255,5.620962095606585e-05,-0.017430820568891434,0.3735465181680915
5,2.0,1.0,1.0,1,73,0.001,584,0.3766008341195056,0.01758756194594928,0.049040134500516384,0.2994028282267266,0.058658862968365255,5.4679161189397085e-05,-0.017642241107138676,0.377471969315595
5,2.0,1.0,1.0,1,74,0.001,592,0.38052550697870446,0.017799674495037186,0.048371518427308295,0.29535684406150065,0.058658862968365255,5.321038047230442e-05,-0.01785288487550949,0.3813719433811899
5,2.0,1.0,1.0,1,75,0.001,600,0.38442334238753495,0.01801095458096337,0.04772089947762883,0.2914187528073473,0.058658862968365255,5.18000077999875e-05,-0.018062754588763358,0.3852465014267939
5,2.0,1.0,1.0,1,76,0.001,608,0.38829451013384697,0.0182214079619913,0.047087560268935603,0.2875842955335663,0.058658862968365255,5.044498624154348e-05,-0.018271852948232845,0.3890957137122739
5,2.0,1.0,1.0,1,77,0.001,616,0.3921391802645354,0.01843104018582898,0.046470821065260313,0.28384943455261097,0.058658862968365255,4.914245625509128e-05,-0.01848018264208407,0.3929196587501938
5,2.0,1.0,1.0,1,78,0.001,624,0.3959575229637362,0.018639856605002447,0.04587003733853042,0.28021033923783384,0.058658862968365255,4.7889740676959613e-05,-0.018687746345679407,0.3967184224569903
5,2.0,1.0,1.0,1,79,0.001,632,0.39974970844282354,0.01884786239094105,0.04528459751710837,0.2766633729183676,0.058658862968365255,4.6684330892693415e-05,-0.018894546721833744,0.4004920973897572
5,2.0,1.0,1.0,1,80,0.001,640,0.40351590684114114,0.019055062546796113,0.044713920904993355,0.2732050807568881,0.058658862968365255,4.552387424519577e-05,-0.01910058642104131,0.40424078205924296
5,2.0,1.0,1.0,1,1,0.002,8,0.8523086005895874,0.709690523923006,1.9992595228829722,21.856406460551042,0.058658862968365255,-0.7123024838319769,0.0026119599089708956,0.9225698678302763
5,2.0,1.0,1.0,1,2,0.002,16,0.9456222548783384,0.45447294527159093,1.9933486575636479,10.928203230275521,0.058658862968365255,0.4585986073992056,-0.004125662127614671,0.9718788176210209
5,2.0,1.0,1.0,1,3,0.002,24,0.7337408313018117,0.04534007603155271,1.6959154263928513,7.285468820183681,0.058658862968365255,0.047435699747089805,-0.0020956237155370927,0.8520683855231924
5,2.0,1.0,1.0,1,4,0.002,32,0.371064287315247,0.020559320186800525,1.1795520131861552,5.464101615137761,0.058658862968365255,0.02274089400760207,-0.002181573820801544,0.590124992050179
5,2.0,1.0,1.0,1,5,0.002,40,0.2359882251090002,0.010792645937300005,0.8833691438787252,4.3712812921102095,0.058658862968365255,0.013435789379396712,-0.002643143442096707,0.44634278397260346
5,2.0,1.0,1.0,1,6,0.002,48,0.18157952120133614,0.005775386324173487,0.7034837735389087,3.6427344100918404,0.058658862968365255,0.0089314841264235,-0.003156097802250013,0.3632532066252435
5,2.0,1.0,1.0,1,7,0.002,56,0.1587490033828456,0.002710915946028833,0.5842198556012722,3.12234378007872,0.058658862968365255,0.006391210051089821,-0.0036802941050609883,0.3115807853208911
5,2.0,1.0,1.0,1,8,0.002,64,0.15029831072608624,0.000604898378037115,0.49966021817864975,2.7320508075688803,0.058658862968365255,0.00481031865923974,-0.004205420281202625,0.2779296218356674
5,2.0,1.0,1.0,1,9,0.002,72,0.14919083823932655,0.0009716633248882875,0.43663980432876204,2.4284896067278936,0.058658862968365255,0.003756488907342856,-0.004728152232231143,0.2555738464246926
5,2.0,1.0,1.0,1,10,0.002,80,0.1521603911175673,0.0022299247631176883,0.3878611810037032,2.1856406460551048,0.058658862968365255,0.0030173913465912777,-0.005247316109708966,0.24081298376864074
5,2.0,1.0,1.0,1,11,0.002,88,0.15753533551667842,0.003284175275792771,0.34897790628462816,1.9869460418682767,0.058658862968365255,0.002478326085486801,-0.005762501361279572,0.23144546454487958
5,2.0,1.0,1.0,1,12,0.002,96,0.16439214491726406,0.004200882096527775,0.31724672505971135,1.8213672050459202,0.058658862968365255,0.002072709178095933,-0.006273591274623708,0.2260683019277296
5,2.0,1.0,1.0,1,13,0.002,104,0.17218853965835468,0.005020940907943583,0.29085282225487297,1.6812620354270034,0.058658862968365255,0.001759645423743031,-0.006780586331686614,0.22373052011099667
5,2.0,1.0,1.0,1,14,0.002,112,0.1805899833161102,0.005770683919828698,0.2685482258932246,1.56117189003936,0.058658862968365255,0.0015128490408484185,-0.0072835329606771165,0.22375171846252512
5,2.0,1.0,1.0,1,15,0.002,120,0.1893815529805689,0.006467714159825451,0.24944661665977255,1.457093764036736,0.058658862968365255,0.0013147794350993058,-0.007782493594924757,0.2256231957412039
5,2.0,1.0,1.0,1,16,0.002,128,0.1984204415851143,0.007124176210994232,0.23290113361772682,1.3660254037844402,0.058658862968365255,0.0011533577255281868,-0.008277533936522419,0.22895223518643393
5,2.0,1.0,1.0,1,17,0.002,136,0.2076090497637716,0.00774867746914612,0.21842855615081938,1.2856709682677083,0.058658862968365255,0.001020040219309029,-0.00876871768845515,0.23342940720574823
5,2.0,1.0,1.0,1,18,0.002,144,0.21687908001112732,0.008347462173300527,0.20566057393088252,1.2142448033639468,0.058658862968365255,0.0009086424294730971,-0.009256104602773624,0.2388081999390491
5,2.0,1.0,1.0,1,19,0.002,152,0.22618178367549568,0.008925153541187128,0.19431149652538396,1.1503371821342652,0.058658862968365255,0.0008145964605386635,-0.009739750001725792,0.2448913037621625
5,2.0,1.0,1.0,1,20,0.002,160,0.23548178699422195,0.009485236883253277,0.18415627864280135,1.0928203230275524,0.058658862968365255,0.0007344680483670624,-0.01021970493162034,0.2515206201223759
5,2.0,1.0,1.0,1,21,0.002,168,0.24475307188671824,0.010030382303847361,0.17501521062673192,1.0407812600262398,0.058658862968365255,0.0006656342578802293,-0.01069601656172759,0.2585695344814601
5,2.0,1.0,1.0,1,22,0.002,176,0.2539762939290585,0.010562665216411964,0.16674302848331163,0.9934730209341384,0.058658862968365255,0.0006060634339411369,-0.0111687286503531,0.26593673440808424
5,2.0,1.0,1.0,1,23,0.002,184,0.2631369527611849,0.011083720117554985,0.1592210226275161,0.9502785417630888,0.058658862968365255,0.000554161881897719,-0.011637881999452704,0.2735411992857921
5,2.0,1.0,1.0,1,24,0.002,192,0.27222411911577526,0.011594849787619085,0.1523512236651968,0.9106836025229601,0.058658862968365255,0.000508665078573084,-0.01210351486619217,0.28131813677686723
5,2.0,1.0,1.0,1,25,0.002,200,0.2812295332380579,0.012097104120439003,0.14605205373934793,0.8742562584220417,0.058658862968365255,0.0004685592015255119,-0.012565663321964515,0.2892157028280541
5,2.0,1.0,1.0,1,26,0.002,208,0.29014695598341167,0.012591337881868156,0.14025502947100477,0.8406310177135017,0.058658862968365255,0.0004330236776280416,-0.013024361559496198,0.297192370485159
5,2.0,1.0,1.0,1,27,0.002,216,0.2989716948937229,0.013078253606946325,0.13490223104052548,0.8094965355759645,0.058658862968365255,0.0004013885458443722,-0.013479642152790697,0.3052148310144467
5,2.0,1.0,1.0,1,28,0.002,224,0.3077002534159834,0.013558433857272748,0.12994433725417628,0.78058594501968,0.058658862968365255,0.00037310241867703764,-0.013931536275949785,0.3132563267415761
5,2.0,1.0,1.0,1,29,0.002,232,0.31633006807153174,0.014032365755627649,0.1253390840891851,0.7536691882948635,0.058658862968365255,0.00034770813141678236,-0.014380073887044431,0.32129533035987445
5,2.0,1.0,1.0,1,30,0.002,240,0.3248593092989309,0.014500459843932237,0.121050043821717,0.728546882018368,0.058658862968365255,0.00032482403860155384,-0.01482528388253379,0.32931449997459983
5,2.0,1.0,1.0,1,31,0.002,248,0.3332867289743373,0.014963064719595846,0.11704564947732848,0.7050453696951949,0.058658862968365255,0.0003041295075847522,-0.015267194227180599,0.3372998522706854
5,2.0,1.0,1.0,1,32,0.002,256,0.34161154254774484,0.015420478498303733,0.11329840889593033,0.6830127018922201,0.058658862968365255,0.00028535356519521216,-0.015705832063498945,0.34524010755853335
5,2.0,1.0,1.0,1,33,0.002,264,0.3498333371267721,0.01587295786706168,0.10978426671771643,0.6623153472894256,0.058658862968365255,0.00026826593723576486,-0.016141223804297444,0.3531261699753871
5,2.0,1.0,1.0,1,34,0.002,272,0.35795199920502463,0.0163207252903209,0.10648208276342398,0.6428354841338542,0.058658862968365255,0.0002526699207501121,-0.016573395211071013,0.36095071390096534
5,2.0,1.0,1.0,1,35,0.002,280,0.36596765740197024,0.016763974788174346,0.10337320274081484,0.6244687560157439,0.058658862968365255,0.0002383966725174741,-0.01700237146069182,0.3687078538900541
5,2.0,1.0,1.0,1,36,0.002,288,0.37388063677380523,0.017202876601506947,0.10044110273862156,0.6071224016819734,0.058658862968365255,0.00022530060079188619,-0.017428177202298833,0.37639288037144547
5,2.0,1.0,1.0,1,37,0.002,296,0.3816914221160653,0.017637580982902717,0.09767109310834333,0.5907136881230013,0.058658862968365255,0.0002132556231121685,-0.017850836606014886,0.38400204724757375
5,2.0,1.0,1.0,1,38,0.002,304,0.3894006283070689,0.018068221295908092,0.0950500704613909,0.5751685910671326,0.058658862968365255,0.00020215210891140478,-0.018270373404819497,0.3915324005627482
5,2.0,1.0,1.0,1,39,0.002,312,0.3970089762041725,0.01849491656339941,0.0925663088918148,0.5604206784756677,0.058658862968365255,0.00019189436725564057,-0.01868681093065505,0.39898163976876744
5,2.0,1.0,1.0,1,40,0.002,320,0.40451727294884,0.01891777357434765,0.09020928336526676,0.5464101615137762,0.058658862968365255,0.00018239857131414905,-0.0191001721456618,0.4063480049509117
5,2.0,1.0,1.0,1,41,0.002,328,0.41192639579454005,0.019336888634473255,0.08796951963155607,0.533083084403684,0.058658862968365255,0.00017359103486183636,-0.01951047966933509,0.413630184802148
5,2.0,1.0,1.0,1,42,0.002,336,0.41923727876642636,0.01975234902802392,0.08583846612264835,0.5203906300131199,0.058658862968365255,0.0001654067741452131,-0.019917755802169132,0.4208272412407487
5,2.0,1.0,1.0,1,43,0.002,344,0.4264509016102227,0.020164234244033144,0.08380838416493025,0.5082885223383963,0.058658862968365255,0.00015778830232401897,-0.020322022546357163,0.4279385474287193
5,2.0,1.0,1.0,1,44,0.002,352,0.4335682806016745,0.020572617009484755,0.08187225351932316,0.4967365104670692,0.058658862968365255,0.0001506846144738172,-0.020723301623958572,0.43496373662094506
5,2.0,1.0,1.0,1,45,0.002,360,0.4405904608757566,0.020977564163450244,0.08002369080717661,0.48569792134557876,0.058658862968365255,0.00014405032943017038,-0.021121614492880414,0.44190265980094084
5,2.0,1.0,1.0,1,46,0.002,368,0.44751851000339826,0.021379137399618997,0.07825687881496905,0.4751392708815444,0.058658862968365255,0.00013784496139912505,-0.021516982361018122,0.44875535047165205
5,2.0,1.0,1.0,1,47,0.002,376,0.4543535125968281,0.02177739389943327,0.07656650502057,0.46502992469257537,0.058658862968365255,0.00013203229937705507,-0.021909426198810325,0.4555219952943122
5,2.0,1.0,1.0,1,48,0.002,384,0.461096565766697,0.022172386873923144,0.07494770796639703,0.45534180126148005,0.058658862968365255,0.0001265798764252951,-0.02229896675034844,0.4622029095245188
5,2.0,1.0,1.0,1,49,0.002,392,0.46774877528751935,0.02256416602898774,0.07339603033432254,0.44604911143981707,0.058658862968365255,0.00012145851439963884,-0.022685624543387378,0.4687985163976311
5,2.0,1.0,1.0,1,50,0.002,400,0.4743112523544182,0.02295277796630954,0.07190737776435753,0.43712812921102084,0.058658862968365255,0.00011664193188952454,-0.023069419898199064,0.47530932977681895
5,2.0,1.0,1.0,1,51,0.002,408,0.48078511083529496,0.023338266529886964,0.07047798261268282,0.4285569894225695,0.058658862968365255,0.00011210640574355057,-0.023450372935630515,0.4817359395056853
5,2.0,1.0,1.0,1,52,0.002,416,0.48717146493953156,0.023720673106472162,0.06910437197083485,0.42031550885675084,0.058658862968365255,0.00010783047782658706,-0.02382850358429875,0.4880789990103363
5,2.0,1.0,1.0,1,53,0.002,424,0.4934714272381542,0.02410003688685658,0.06778333937237567,0.41238502755756684,0.058658862968365255,0.00010379470025810578,-0.024203831587114685,0.4943392147783659
5,2.0,1.0,1.0,1,54,0.002,432,0.4996861069813575,0.02447639509369777,0.0665119196999872,0.40474826778798223,0.058658862968365255,9.998141350939238e-05,-0.024576376507207162,0.500517337408913
5,2.0,1.0,1.0,1,55,0.002,440,0.5058166086685736,0.02484978318074968,0.0652873668781493,0.3973892083736553,0.058658862968365255,9.637455257043015e-05,-0.02494615773332011,0.5066141539817373
5,2.0,1.0,1.0,1,56,0.002,448,0.5118640308333652,0.025220235007536132,0.06410713399694691,0.39029297250984,0.058658862968365255,9.29594771741371e-05,-0.02531319448471027,0.512630481537021
5,2.0,1.0,1.0,1,57,0.002,456,0.5178294650118098,0.02558778299289015,0.06296885556319062,0.38344572737808846,0.058658862968365255,8.972282277104615e-05,-0.025677505815661195,0.5185671614931597
5,2.0,1.0,1.0,1,58,0.002,464,0.5237139948678475,0.025952458250233568,0.06187033161771789,0.37683459414743176,0.058658862968365255,8.665236937155374e-05,-0.02603911061960512,0.5244250548588505
5,2.0,1.0,1.0,1,59,0.002,472,0.5295186954532823,0.02631429070705644,0.06080951349372987,0.37044756712798377,0.058658862968365255,8.373692587079762e-05,-0.026398027632927236,0.5302050381196621
5,2.0,1.0,1.0,1,60,0.002,480,0.535244632583488,0.026673309210709463,0.05978449102159088,0.364273441009184,0.058658862968365255,8.096622778507034e-05,-0.026754275438494533,0.535907999698743
5,2.0,1.0,1.0,1,61,0.002,488,0.5408928623129532,0.027029541622241457,0.05879348101143064,0.35830174525493513,0.058658862968365255,7.833084664643497e-05,-0.027107872468887892,0.5415348369075634
5,2.0,1.0,1.0,1,62,0.002,496,0.5464644304967672,0.027383014899851586,0.05783481686703273,0.35252268484759747,0.058658862968365255,7.582210961883107e-05,-0.027458837009470417,0.5470864533158581
5,2.0,1.0,1.0,1,63,0.002,504,0.551960372426673,0.027733755173247516,0.05690693920337427,0.34692708667541333,0.058658862968365255,7.343202788781533e-05,-0.02780718720113533,0.5525637564810336
5,2.0,1.0,1.0,1,64,0.002,512,0.557381712531517,0.028081787810028225,0.05600838735638287,0.34150635094611004,0.058658862968365255,7.115323296158493e-05,-0.02815294104298981,0.5579676559865147
5,2.0,1.0,1.0,1,65,0.002,520,0.5627294641337127,0.028427137475085264,0.055137791687445585,0.33625240708540066,0.058658862968365255,6.897891973484116e-05,-0.028496116394820106,0.5632990617461485
5,2.0,1.0,1.0,1,66,0.002,528,0.5680046292542301,0.02876982818383017,0.0542938665971272,0.3311576736447128,0.058658862968365255,6.690279555077172e-05,-0.028836730979380942,0.5685588825382608
5,2.0,1.0,1.0,1,67,0.002,536,0.573208198459905,0.02910988335001334,0.05347540417298275,0.32621502179926926,0.058658862968365255,6.491903457456205e-05,-0.029174802384587903,0.573748024738282
5,2.0,1.0,1.0,1,68,0.002,544,0.5783411507475413,0.029447325828733533,0.052681268405261356,0.3214177420669271,0.058658862968365255,6.302223682277952e-05,-0.029510348065556313,0.5788673912234257
5,2.0,1.0,1.0,1,69,0.002,552,0.5834044534600817,0.02978217795521765,0.05191038991214342,0.3167595139210296,0.058658862968365255,6.120739137346898e-05,-0.02984338534659112,0.5839178804267174
5,2.0,1.0,1.0,1,70,0.002,560,0.5883990622307786,0.030114461579817176,0.05116176112283503,0.31223437800787196,0.058658862968365255,5.9469843154857926e-05,-0.030173931422972033,0.5889003855208575
5,2.0,1.0,1.0,1,71,0.002,568,0.593325920951738,0.030444198099681113,0.050434431872826806,0.30783671071198654,0.058658862968365255,5.780526306523037e-05,-0.030502003362746343,0.5938157937151962
5,2.0,1.0,1.0,1,72,0.002,576,0.5981859617638187,0.03077140848744098,0.04972750537071901,0.3035612008409867,0.058658862968365255,5.620962095606585e-05,-0.030827618108397046,0.5986649856513362
5,2.0,1.0,1.0,1,73,0.002,584,0.6029801050650891,0.03109611331724041,0.049040134500516384,0.2994028282267266,0.058658862968365255,5.4679161189397085e-05,-0.031150792478429806,0.6034488348849311
5,2.0,1.0,1.0,1,74,0.002,592,0.6077092595355571,0.031418332788400935,0.048371518427308295,0.29535684406150065,0.058658862968365255,5.321038047230442e-05,-0.03147154316887324,0.6081682074428635
5,2.0,1.0,1.0,1,75,0.002,600,0.6123743221760707,0.03173808674697212,0.04772089947762883,0.2914187528073473,0.058658862968365255,5.18000077999875e-05,-0.03178988675477211,0.6128239614464615
5,2.0,1.0,1.0,1,76,0.002,608,0.6169761783595512,0.032055394705366794,0.047087560268935603,0.2875842955335663,0.058658862968365255,5.044498624154348e-05,-0.03210583969160834,0.6174169467926276
5,2.0,1.0,1.0,1,77,0.002,616,0.6215157018930038,0.03237027586031275,0.046470821065260313,0.28384943455261097,0.058658862968365255,4.914245625509128e-05,-0.03241941831656784,0.6219480048858261
5,2.0,1.0,1.0,1,78,0.002,624,0.6259937550889273,0.032682749109255074,0.04587003733853042,0.28021033923783384,0.058658862968365255,4.7889740676959613e-05,-0.032730638849932034,0.6264179684147356
5,2.0,1.0,1.0,1,79,0.002,632,0.6304111888448201,0.03299283306539324,0.04528459751710837,0.2766633729183676,0.058658862968365255,4.6684330892693415e-05,-0.03303951739628593,0.6308276611682431
5,2.0,1.0,1.0,1,80,0.002,640,0.6347688427297604,0.03330054607147172,0.044713920904993355,0.2732050807568881,0.058658862968365255,4.552387424519577e-05,-0.033346069945716914,0.6351778978860247
5,2.0,1.0,1.0,1,1,0.005,8,0.8545947304932764,0.7057823887138623,1.9992595228829722,21.856406460551042,0.058658862968365255,-0.7123024838319769,0.006520095118114577,0.922880121156479
5,2.0,1.0,1.0,1,2,0.005,16,0.9470207742276742,0.4483307883069599,1.9933486575636479,10.928203230275521,0.058658862968365255,0.4585986073992056,-0.010267819092245722,0.9718062491566113
5,2.0,1.0,1.0,1,3,0.005,24,0.7469144285066615,0.04226043813205846,1.6959154263928513,7.285468820183681,0.058658862968365255,0.047435699747089805,-0.005175261615031346,0.8536410185782524
5,2.0,1.0,1.0,1,4,0.005,32,0.4177600039510321,0.017370311795751603,1.1795520131861552,5.464101615137761,0.058658862968365255,0.02274089400760207,-0.0053705822118504665,0.604324758692673
5,2.0,1.0,1.0,1,5,0.005,40,0.30711871921848877,0.006967220085361769,0.8833691438787252,4.3712812921102095,0.058658862968365255,0.013435789379396712,-0.006468569294034943,0.4737583967170511
5,2.0,1.0,1.0,1,6,0.005,48,0.2723609775572273,0.001253073407908263,0.7034837735389087,3.6427344100918404,0.058658862968365255,0.0089314841264235,-0.007678410718515237,0.4044635762397767
5,2.0,1.0,1.0,1,7,0.005,56,0.2665584995508239,0.0025108915228478357,0.5842198556012722,3.12234378007872,0.058658862968365255,0.006391210051089821,-0.008902101573937657,0.36749623525153474
5,2.0,1.0,1.0,1,8,0.005,64,0.27343220640384014,0.0053045093802639234,0.49966021817864975,2.7320508075688803,0.058658862968365255,0.00481031865923974,-0.010114828039503664,0.34946551478087573
5,2.0,1.0,1.0,1,9,0.005,72,0.2863866319348314,0.007552384814470459,0.43663980432876204,2.4284896067278936,0.058658862968365255,0.003756488907342856,-0.011308873721813315,0.3434034237368574
5,2.0,1.0,1.0,1,10,0.005,80,0.3023950426476282,0.009464359773958327,0.3878611810037032,2.1856406460551048,0.058658862968365255,0.0030173913465912777,-0.012481751120549604,0.3452174901834552
5,2.0,1.0,1.0,1,11,0.005,88,0.3199308666334023,0.01115448494330272,0.34897790628462816,1.9869460418682767,0.058658862968365255,0.002478326085486801,-0.013632811028789521,0.35228028685925594
5,2.0,1.0,1.0,1,12,0.005,96,0.338167142723539,0.012689391500291566,0.31724672505971135,1.8213672050459202,0.058658862968365255,0.002072709178095933,-0.0147621006783875,0.36281970172133815
5,2.0,1.0,1.0,1,13,0.005,104,0.35663119924500086,0.014110291543126846,0.29085282225487297,1.6812620354270034,0.058658862968365255,0.001759645423743031,-0.015869936966869877,0.3756175365737362
5,2.0,1.0,1.0,1,14,0.005,112,0.3750420706162365,0.015443886857793201,0.2685482258932246,1.56117189003936,0.058658862968365255,0.0015128490408484185,-0.01695673589864162,0.38983333851430324
5,2.0,1.0,1.0,1,15,0.005,120,0.393228276184054,0.01670816242686648,0.24944661665977255,1.457093764036736,0.058658862968365255,0.0013147794350993058,-0.018022941861965784,0.4048880108034386
5,2.0,1.0,1.0,1,16,0.005,128,0.4110837012041999,0.017915640455779938,0.23290113361772682,1.3660254037844402,0.058658862968365255,0.0011533577255281868,-0.019068998181308125,0.4203831050343305
5,2.0,1.0,1.0,1,17,0.005,136,0.428542715131065,0.019075295190541304,0.21842855615081938,1.2856709682677083,0.058658862968365255,0.001020040219309029,-0.020095335409850333,0.43604460437767917
5,2.0,1.0,1.0,1,18,0.005,144,0.4455655331875398,0.020193724958892822,0.20566057393088252,1.2142448033639468,0.058658862968365255,0.0009086424294730971,-0.02110236738836592,0.45168411512616247
5,2.0,1.0,1.0,1,19,0.005,152,0.46212928626932426,0.021275894218779984,0.19431149652538396,1.1503371821342652,0.058658862968365255,0.0008145964605386635,-0.022090490679318647,0.46717229891483614
5,2.0,1.0,1.0,1,20,0.005,160,0.4782223997519315,0.022325617347710172,0.18415627864280135,1.0928203230275524,0.058658862968365255,0.0007344680483670624,-0.023060085396077235,0.4824207531296288
5,2.0,1.0,1.0,1,21,0.005,168,0.4938409574125262,0.02334588226956509,0.17501521062673192,1.0407812600262398,0.058658862968365255,0.0006656342578802293,-0.02401151652744532,0.4973696420177185
5,2.0,1.0,1.0,1,22,0.005,176,0.5089862928374234,0.024339071920384994,0.16674302848331163,0.9934730209341384,0.058658862968365255,0.0006060634339411369,-0.02494513535432613,0.51197921524177
5,2.0,1.0,1.0,1,23,0.005,184,0.5236633604323908,0.025307118905460654,0.1592210226275161,0.9502785417630888,0.058658862968365255,0.000554161881897719,-0.025861280787358373,0.5262239514340485
5,2.0,1.0,1.0,1,24,0.005,192,0.5378796135232655,0.026251615483953987,0.1523512236651968,0.9106836025229601,0.058658862968365255,0.000508665078573084,-0.02676028056252707,0.5400884799049376
5,2.0,1.0,1.0,1,25,0.005,200,0.5516442194062656,0.02717389307997168,0.14605205373934793,0.8742562584220417,0.058658862968365255,0.0004685592015255119,-0.02764245228149719,0.5535647141762728
5,2.0,1.0,1.0,1,26,0.005,208,0.5649675026282611,0.028075080627337053,0.14025502947100477,0.8406310177135017,0.058658862968365255,0.0004330236776280416,-0.028508104304965094,0.5666498179314289
5,2.0,1.0,1.0,1,27,0.005,216,0.5778605455517491,0.028956147969675352,0.13490223104052548,0.8094965355759645,0.058658862968365255,0.0004013885458443722,-0.029357536515519724,0.5793447479257554
5,2.0,1.0,1.0,1,28,0.005,224,0.5903348990180914,0.029817938549615924,0.12994433725417628,0.78058594501968,0.058658862968365255,0.00037310241867703764,-0.030191040968292962,0.5916532006358506
5,2.0,1.0,1.0,1,29,0.005,232,0.602402371174549,0.03066119431551358,0.1253390840891851,0.7536691882948635,0.058658862968365255,0.00034770813141678236,-0.031008902446930362,0.6035808442028261
5,2.0,1.0,1.0,1,30,0.005,240,0.6140748725062279,0.031486574901695305,0.121050043821717,0.728546882018368,0.058658862968365255,0.00032482403860155384,-0.03181139894029686,0.6151347539405689
5,2.0,1.0,1.0,1,31,0.005,248,0.6253643017515719,0.032294672545674766,0.11704564947732848,0.7050453696951949,0.058658862968365255,0.0003041295075847522,-0.03259880205325952,0.6263229944800093
5,2.0,1.0,1.0,1,32,0.005,256,0.6362824618666953,0.03308602379740713,0.11329840889593033,0.6830127018922201,0.058658862968365255,0.00028535356519521216,-0.033371377362602345,0.6371543085152594
5,2.0,1.0,1.0,1,33,0.005,264,0.6468409982812864,0.03386111879015035,0.10978426671771643,0.6623153472894256,0.058658862968365255,0.00026826593723576486,-0.034129384727386115,0.647637883731023
5,2.0,1.0,1.0,1,34,0.005,272,0.6570513538282153,0.03462040864055117,0.10648208276342398,0.6428354841338542,0.058658862968365255,0.0002526699207501121,-0.034873078561301285,0.6577831775474906
5,2.0,1.0,1.0,1,35,0.005,280,0.6669247362352733,0.03536431140077605,0.10337320274081484,0.6244687560157439,0.058658862968365255,0.0002383966725174741,-0.03560270807329352,0.6675997849599166
5,2.0,1.0,1.0,1,36,0.005,288,0.6764720951402526,0.036093216880809145,0.10044110273862156,0.6071224016819734,0.058658862968365255,0.00022530060079188619,-0.03631851748160103,0.6770973387356167
5,2.0,1.0,1.0,1,37,0.005,296,0.6857041063631493,0.03680749058230201,0.09767109310834333,0.5907136881230013,0.058658862968365255,0.0002132556231121685,-0.03702074620541418,0.6862854340722617
5,2.0,1.0,1.0,1,38,0.005,304,0.6946311617311902,0.03750747692873273,0.0950500704613909,0.5751685910671326,0.058658862968365255,0.00020215210891140478,-0.03770962903764413,0.6951735718641521
5,2.0,1.0,1.0,1,39,0.005,312,0.7032633631651627,0.038193501934395496,0.0925663088918148,0.5604206784756677,0.058658862968365255,0.00019189436725564057,-0.03838539630165114,0.7037711162043774
5,2.0,1.0,1.0,1,40,0.005,320,0.7116105200412919,0.03886587542297285,0.09020928336526676,0.5464101615137762,0.058658862968365255,0.00018239857131414905,-0.039048273994287,0.7120872628334697
5,2.0,1.0,1.0,1,41,0.005,328,0.7196821490714678,0.0395248928823799,0.08796951963155607,0.533083084403684,0.058658862968365255,0.00017359103486183636,-0.039698483917241734,0.7201310160426485
5,2.0,1.0,1.0,1,42,0.005,336,0.7274874761166874,0.04017083702416091,0.08583846612264835,0.5203906300131199,0.058658862968365255,0.0001654067741452131,-0.04033624379830612,0.727911172131696
5,2.0,1.0,1.0,1,43,0.005,344,0.7350354394791588,0.04080397910158314,0.08380838416493025,0.5082885223383963,0.058658862968365255,0.00015778830232401897,-0.04096176740390716,0.7354363079638893
5,2.0,1.0,1.0,1,44,0.005,352,0.7423346943182881,0.04142458002961365,0.08187225351932316,0.4967365104670692,0.058658862968365255,0.0001506846144738172,-0.041575264644087465,0.7427147734933517
5,2.0,1.0,1.0,1,45,0.005,360,0.7493936179124056,0.04203289134139461,0.08002369080717661,0.48569792134557876,0.058658862968365255,0.00014405032943017038,-0.04217694167082478,0.7497546873924654
5,2.0,1.0,1.0,1,46,0.005,368,0.7562203155474938,0.04262915600917046,0.07825687881496905,0.4751392708815444,0.058658862968365255,0.00013784496139912505,-0.04276700097056958,0.756563935099192
5,2.0,1.0,1.0,1,47,0.005,376,0.7628226268603525,0.043213609152278815,0.07656650502057,0.46502992469257537,0.058658862968365255,0.00013203229937705507,-0.04334564145165587,0.7631501687515685
5,2.0,1.0,1.0,1,48,0.005,384,0.769208132499678,0.04378647865067623,0.07494770796639703,0.45534180126148005,0.058658862968365255,0.0001265798764252951,-0.04391305852710153,0.7695208085904264
5,2.0,1.0,1.0,1,49,0.005,392,0.7753841609970056,0.0443479856790544,0.07339603033432254,0.44604911143981707,0.058658862968365255,0.00012145851439963884,-0.04446944419345404,0.7756830454994804
5,2.0,1.0,1.0,1,50,0.005,400,0.7813577957618836,0.044898345173989884,0.07190737776435753,0.43712812921102084,0.058658862968365255,0.00011664193188952454,-0.04501498710587941,0.7816438444206257
5,2.0,1.0,1.0,1,51,0.005,408,0.7871358821334105,0.04543776624433958,0.07047798261268282,0.4285569894225695,0.058658862968365255,0.00011210640574355057,-0.04554987265008313,0.7874099484361586
5,2.0,1.0,1.0,1,52,0.005,416,0.7927250344344057,0.04596645253339135,0.06910437197083485,0.42031550885675084,0.058658862968365255,0.00010783047782658706,-0.04607428301121794,0.7929878833519884
5,2.0,1.0,1.0,1,53,0.005,424,0.7981316429859061,0.04648460253983461,0.06778333937237567,0.41238502755756684,0.058658862968365255,0.00010379470025810578,-0.04658839724009271,0.7983839626492983
5,2.0,1.0,1.0,1,54,0.005,432,0.803361881048632,0.04699240990344958,0.0665119196999872,0.40474826778798223,0.058658862968365255,9.998141350939238e-05,-0.04709239131695897,0.8036042926987854
5,2.0,1.0,1.0,1,55,0.005,440,0.8084217116654797,0.04749006366046886,0.0652873668781493,0.3973892083736553,0.058658862968365255,9.637455257043015e-05,-0.04758643821303929,0.8086547781526504
5,2.0,1.0,1.0,1,56,0.005,448,0.813316894384882,0.04797774847278079,0.06410713399694691,0.39029297250984,0.058658862968365255,9.29594771741371e-05,-0.048070707949954924,0.8135411274465716
5,2.0,1.0,1.0,1,57,0.005,456,0.8180529918496995,0.04845564483449336,0.06296885556319062,0.38344572737808846,0.058658862968365255,8.972282277104615e-05,-0.04854536765726441,0.8182688583573443
5,2.0,1.0,1.0,1,58,0.005,464,0.8226353762401301,0.04892392925883073,0.06187033161771789,0.37683459414743176,0.058658862968365255,8.665236937155374e-05,-0.049010581628202286,0.8228433035728517
5,2.0,1.0,1.0,1,59,0.005,472,0.8270692355622145,0.04938277444790552,0.06080951349372987,0.37044756712798377,0.058658862968365255,8.373692587079762e-05,-0.04946651137377632,0.8272696162398796
5,2.0,1.0,1.0,1,60,0.005,480,0.8313595797760487,0.049832349447515266,0.05978449102159088,0.364273441009184,0.058658862968365255,8.096622778507034e-05,-0.049913315675300336,0.8315527754624028
5,2.0,1.0,1.0,1,61,0.005,488,0.835511246759929,0.05027281978882429,0.05879348101143064,0.35830174525493513,0.058658862968365255,7.833084664643497e-05,-0.05035115063547072,0.835697591728657
5,2.0,1.0,1.0,1,62,0.005,496,0.8395289081081477,0.05070434761849203,0.05783481686703273,0.35252268484759747,0.058658862968365255,7.582210961883107e-05,-0.05078016972811086,0.8397087122502729
5,2.0,1.0,1.0,1,63,0.005,504,0.8434170747617029,0.051127091818633834,0.05690693920337427,0.34692708667541333,0.058658862968365255,7.343202788781533e-05,-0.05120052384652165,0.8435906262002364
5,2.0,1.0,1.0,1,64,0.005,512,0.8471801024720866,0.05154120811776995,0.05600838735638287,0.34150635094611004,0.058658862968365255,7.115323296158493e-05,-0.051612361350731537,0.8473476698398898
5,2.0,1.0,1.0,1,65,0.005,520,0.8508221970993156,0.051946849193778656,0.055137791687445585,0.33625240708540066,0.058658862968365255,6.897891973484116e-05,-0.0520158281135135,0.8509840315274557
5,2.0,1.0,1.0,1,66,0.005,528,0.8543474197459594,0.052344164769745724,0.0542938665971272,0.3311576736447128,0.058658862968365255,6.690279555077172e-05,-0.052411067565296496,0.8545037566028654
5,2.0,1.0,1.0,1,67,0.005,536,0.85775969172956,0.052733301703461376,0.05347540417298275,0.32621502179926926,0.058658862968365255,6.491903457456205e-05,-0.05279822073803594,0.8579107521452201
5,2.0,1.0,1.0,1,68,0.005,544,0.8610627993962219,0.0531144040712347,0.052681268405261356,0.3214177420669271,0.058658862968365255,6.302223682277952e-05,-0.05317742630805748,0.8612087916006411
5,2.0,1.0,1.0,1,69,0.005,552,0.8642603987784924,0.05348761324661018,0.05191038991214342,0.3167595139210296,0.058658862968365255,6.120739137346898e-05,-0.05354882063798365,0.8644015192794288
5,2.0,1.0,1.0,1,70,0.005,560,0.8673560201009375,0.05385306797449464,0.05116176112283503,0.31223437800787196,0.058658862968365255,5.9469843154857926e-05,-0.0539125378176495,0.8674924547222859
5,2.0,1.0,1.0,1,71,0.005,568,0.8703530721369724,0.05421090444113134,0.050434431872826806,0.30783671071198654,0.058658862968365255,5.780526306523037e-05,-0.05426870970419657,0.8704849969361879
5,2.0,1.0,1.0,1,72,0.005,576,0.8732548464206827,0.05456125634033125,0.04972750537071901,0.3035612008409867,0.058658862968365255,5.620962095606585e-05,-0.05461746596128732,0.873382428500999
5,2.0,1.0,1.0,1,73,0.005,584,0.8760645213174266,0.05490425493629007,0.049040134500516384,0.2994028282267266,0.058658862968365255,5.4679161189397085e-05,-0.05495893409747947,0.8761879195484892
5,2.0,1.0,1.0,1,74,0.005,592,0.8787851659571052,0.05524002912331331,0.048371518427308295,0.29535684406150065,0.058658862968365255,5.321038047230442e-05,-0.05529323950378561,0.8789045316156942
5,2.0,1.0,1.0,1,75,0.005,600,0.8814197440339839,0.055568705482706246,0.04772089947762883,0.2914187528073473,0.058658862968365255,5.18000077999875e-05,-0.055620505490506233,0.8815352213749572
5,2.0,1.0,1.0,1,76,0.005,608,0.8839711174769536,0.05589040833707391,0.047087560268935603,0.2875842955335663,0.058658862968365255,5.044498624154348e-05,-0.055940853323315456,0.8840828442431667
5,2.0,1.0,1.0,1,77,0.005,616,0.8864420499941121,0.05620525980224905,0.046470821065260313,0.28384943455261097,0.058658862968365255,4.914245625509128e-05,-0.056254402258504144,0.8865501578729074
5,2.0,1.0,1.0,1,78,0.005,624,0.8888352104955225,0.056513379837032494,0.04587003733853042,0.28021033923783384,0.058658862968365255,4.7889740676959613e-05,-0.056561269577709454,0.8889398255282914
5,2.0,1.0,1.0,1,79,0.005,632,0.8911531763979061,0.05681488629092016,0.04528459751710837,0.2766633729183676,0.058658862968365255,4.6684330892693415e-05,-0.05686157062181285,0.8912544193484926
5,2.0,1.0,1.0,1,80,0.005,640,0.8933984368150291,0.05710989494995831,0.044713920904993355,0.2732050807568881,0.058658862968365255,4.552387424519577e-05,-0.057155418824203504,0.8934964235019186
5,2.0,1.0,1.0,1,1,0.01,8,0.8583150581555228,0.699294975776791,1.9992595228829722,21.856406460551042,0.058658862968365255,-0.7123024838319769,0.013007508055185912,0.9234139376340234
5,2.0,1.0,1.0,1,2,0.01,16,0.9492017559017845,0.43821659920941647,1.9933486575636479,10.928203230275521,0.058658862968365255,0.4585986073992056,-0.020382008189789136,0.9717008182923661
5,2.0,1.0,1.0,1,3,0.01,24,0.7672568882886043,0.03729405218445367,1.6959154263928513,7.285468820183681,0.058658862968365255,0.047435699747089805,-0.010141647562636136,0.8568679831188983
5,2.0,1.0,1.0,1,4,0.01,32,0.48760676101576617,0.012271741144348508,1.1795520131861552,5.464101615137761,0.058658862968365255,0.02274089400760207,-0.010469152863253561,0.6295387695440502
5,2.0,1.0,1.0,1,5,0.01,40,0.4105456275736279,0.0009483341920489413,0.8833691438787252,4.3712812921102095,0.058658862968365255,0.013435789379396712,-0.01248745518734777,0.5227591492868784
5,2.0,1.0,1.0,1,6,0.01,48,0.40073279736165646,0.005748459178759213,0.7034837735389087,3.6427344100918404,0.058658862968365255,0.0089314841264235,-0.014679943305182713,0.4783385646163211
5,2.0,1.0,1.0,1,7,0.01,56,0.41485108549723326,0.010468125191578886,0.5842198556012722,3.12234378007872,0.058658862968365255,0.006391210051089821,-0.016859335242668708,0.4664588594211816
5,2.0,1.0,1.0,1,8,0.01,64,0.4382109973036281,0.014169802492472579,0.49966021817864975,2.7320508075688803,0.058658862968365255,0.00481031865923974,-0.01898012115171232,0.4723290229523428
5,2.0,1.0,1.0,1,9,0.01,72,0.465030595378354,0.01727320987670232,0.43663980432876204,2.4284896067278936,0.058658862968365255,0.003756488907342856,-0.021029698784045175,0.48782400186999636
5,2.0,1.0,1.0,1,10,0.01,80,0.49276586088198115,0.019987992528202547,0.3878611810037032,2.1856406460551048,0.058658862968365255,0.0030173913465912777,-0.023005383874793825,0.5082782404021549
5,2.0,1.0,1.0,1,11,0.01,88,0.5202138799813766,0.02242955871265736,0.34897790628462816,1.9869460418682767,0.058658862968365255,0.002478326085486801,-0.02490788479814416,0.53100378188103
5,2.0,1.0,1.0,1,12,0.01,96,0.5467858487848098,0.02466641675603662,0.31724672505971135,1.8213672050459202,0.058658862968365255,0.002072709178095933,-0.02673912593413255,0.5544621237058588
5,2.0,1.0,1.0,1,13,0.01,104,0.5721965005430537,0.02674179976161655,0.29085282225487297,1.6812620354270034,0.058658862968365255,0.001759645423743031,-0.028501445185359582,0.5777795731100003
5,2.0,1.0,1.0,1,14,0.01,112,0.5963193975656809,0.028684430813063072,0.2685482258932246,1.56117189003936,0.058658862968365255,0.0015128490408484185,-0.03019727985391149,0.6004666583788405
5,2.0,1.0,1.0,1,15,0.01,120,0.619114623065715,0.030514261390312335,0.24944661665977255,1.457093764036736,0.058658862968365255,0.0013147794350993058,-0.031829040825411645,0.6222574404046384
5,2.0,1.0,1.0,1,16,0.01,128,0.6405905445944874,0.0322457057989393,0.23290113361772682,1.3660254037844402,0.058658862968365255,0.0011533577255281868,-0.03339906352446749,0.643017396784993
5,2.0,1.0,1.0,1,17,0.01,136,0.6607826462386049,0.03388955100284929,0.21842855615081938,1.2856709682677083,0.058658862968365255,0.001020040219309029,-0.034909591222158316,0.6626900562281085
5,2.0,1.0,1.0,1,18,0.01,144,0.6797413726149035,0.03545412965740609,0.20566057393088252,1.2142448033639468,0.058658862968365255,0.0009086424294730971,-0.036362772086879186,0.6812655911225363
5,2.0,1.0,1.0,1,19,0.01,152,0.6975249468418112,0.03694606544804396,0.19431149652538396,1.1503371821342652,0.058658862968365255,0.0008145964605386635,-0.03776066190858263,0.6987620048526044
5,2.0,1.0,1.0,1,20,0.01,160,0.7141950393042978,0.038370760884222935,0.18415627864280135,1.0928203230275524,0.058658862968365255,0.0007344680483670624,-0.03910522893259,0.7152136678945561
5,2.0,1.0,1.0,1,21,0.01,168,0.7298141234188265,0.0397327249748857,0.17501521062673192,1.0407812600262398,0.058658862968365255,0.0006656342578802293,-0.040398359232765926,0.7306642248811857
5,2.0,1.0,1.0,1,22,0.01,176,0.7444438569721804,0.04103579852152339,0.16674302848331163,0.9934730209341384,0.058658862968365255,0.0006060634339411369,-0.04164186195546453,0.7451621526751767
5,2.0,1.0,1.0,1,23,0.01,184,0.7581441010284586,0.04228331229526934,0.1592210226275161,0.9502785417630888,0.058658862968365255,0.000554161881897719,-0.04283747417716706,0.7587579567121496
5,2.0,1.0,1.0,1,24,0.01,192,0.7709723423815746,0.04347820022592715,0.1523512236651968,0.9106836025229601,0.058658862968365255,0.000508665078573084,-0.04398686530450023,0.7715023974502638
5,2.0,1.0,1.0,1,25,0.01,200,0.7829833749228028,0.044623081824583355,0.14605205373934793,0.8742562584220417,0.058658862968365255,0.0004685592015255119,-0.04509164102610887,0.783445374613351
5,2.0,1.0,1.0,1,26,0.01,208,0.7942291486140685,0.045720323179805636,0.14025502947100477,0.8406310177135017,0.058658862968365255,0.0004330236776280416,-0.04615334685743368,0.7946352370753684
5,2.0,1.0,1.0,1,27,0.01,216,0.8047587273449396,0.04677208278260889,0.13490223104052548,0.8094965355759645,0.058658862968365255,0.0004013885458443722,-0.04717347132845326,0.8051183711202864
5,2.0,1.0,1.0,1,28,0.01,224,0.8146183173061622,0.04778034644464944,0.12994433725417628,0.78058594501968,0.058658862968365255,0.00037310241867703764,-0.048153448863326474,0.8149389721679299
5,2.0,1.0,1.0,1,29,0.01,232,0.8238513404783556,0.04874695426468529,0.1253390840891851,0.7536691882948635,0.058658862968365255,0.00034770813141678236,-0.04909466239610207,0.8241389379135704
5,2.0,1.0,1.0,1,30,0.01,240,0.8324985362400257,0.049673621721783905,0.121050043821717,0.728546882018368,0.058658862968365255,0.00032482403860155384,-0.04999844576038546,0.8327578417884108
5,2.0,1.0,1.0,1,31,0.01,248,0.8405980796346275,0.05056195637754196,0.11704564947732848,0.7050453696951949,0.058658862968365255,0.0003041295075847522,-0.05086608588512671,0.8408329592233521
5,2.0,1.0,1.0,1,32,0.01,256,0.8481857085332744,0.05141347125796243,0.11329840889593033,0.6830127018922201,0.058658862968365255,0.00028535356519521216,-0.051698824823157644,0.8483993281162074
5,2.0,1.0,1.0,1,33,0.01,264,0.85529485442909,0.052229595697545525,0.10978426671771643,0.6623153472894256,0.058658862968365255,0.00026826593723576486,-0.05249786163478129,0.855489830837495
5,2.0,1.0,1.0,1,34,0.01,272,0.861956773307052,0.05301168422394654,0.10648208276342398,0.6428354841338542,0.058658862968365255,0.0002526699207501121,-0.05326435414469665,0.8621352891072392
5,2.0,1.0,1.0,1,35,0.01,280,0.8682006742106794,0.05376102391508139,0.10337320274081484,0.6244687560157439,0.058658862968365255,0.0002383966725174741,-0.053999420587598865,0.8683645657962186
5,2.0,1.0,1.0,1,36,0.01,288,0.8740538439445114,0.05447884055433945,0.10044110273862156,0.6071224016819734,0.058658862968365255,0.00022530060079188619,-0.054704141155131336,0.8742046695754173
5,2.0,1.0,1.0,1,37,0.01,296,0.8795417669220531,0.05516630383170884,0.09767109310834333,0.5907136881230013,0.058658862968365255,0.0002132556231121685,-0.05537955945482101,0.879680859633472
5,2.0,1.0,1.0,1,38,0.01,304,0.8846882395684539,0.0558245317810492,0.0950500704613909,0.5751685910671326,0.058658862968365255,0.00020215210891140478,-0.056026683889960606,0.8848167485864523
5,2.0,1.0,1.0,1,39,0.01,312,0.8895154789671066,0.05645459460070136,0.0925663088918148,0.5604206784756677,0.058658862968365255,0.00019189436725564057,-0.056646488967957,0.889634402338968
5,2.0,1.0,1.0,1,40,0.01,320,0.8940442256349004,0.05705751797228886,0.09020928336526676,0.5464101615137762,0.058658862968365255,0.00018239857131414905,-0.05723991654360301,0.8941544361027456
5,2.0,1.0,1.0,1,41,0.01,328,0.898293840446587,0.05763428596790863,0.08796951963155607,0.533083084403684,0.058658862968365255,0.00017359103486183636,-0.057807877002770465,0.8983961060943144
5,2.0,1.0,1.0,1,42,0.01,336,0.902282395821697,0.05818584361714753,0.08583846612264835,0.5203906300131199,0.058658862968365255,0.0001654067741452131,-0.05835125039129274,0.9023773966560673
5,2.0,1.0,1.0,1,43,0.01,344,0.906026761349865,0.058713099190816964,0.08380838416493025,0.5082885223383963,0.058658862968365255,0.00015778830232401897,-0.05887088749314098,0.9061151027015452
5,2.0,1.0,1.0,1,44,0.01,352,0.9095426840708578,0.05921692624705882,0.08187225351932316,0.4967365104670692,0.058658862968365255,0.0001506846144738172,-0.05936761086153264,0.9096249074949763
5,2.0,1.0,1.0,1,45,0.01,360,0.9128448636502284,0.059698165476681025,0.08002369080717661,0.48569792134557876,0.058658862968365255,0.00014405032943017038,-0.059842215806111196,0.9129214558506037
5,2.0,1.0,1.0,1,46,0.01,368,0.9159470227048584,0.06015762637764856,0.07825687881496905,0.4751392708815444,0.058658862968365255,0.00013784496139912505,-0.06029547133904768,0.9160184228880697
5,2.0,1.0,1.0,1,47,0.01,376,0.9188619725378431,0.060596088783211974,0.07656650502057,0.46502992469257537,0.058658862968365255,0.00013203229937705507,-0.06072812108258903,0.9189285785134145
5,2.0,1.0,1.0,1,48,0.01,384,0.9216016745416343,0.06101430426377477,0.07494770796639703,0.45534180126148005,0.058658862968365255,0.0001265798764252951,-0.061140884140200066,0.9216638478158165
5,2.0,1.0,1.0,1,49,0.01,392,0.9241772975237992,0.06141299741913733,0.07339603033432254,0.44604911143981707,0.058658862968365255,0.00012145851439963884,-0.06153445593353697,0.9242353675813675
5,2.0,1.0,1.0,1,50,0.01,400,0.9265992712024308,0.0617928670749424,0.07190737776435753,0.43712812921102084,0.058658862968365255,0.00011664193188952454,-0.061909509006831925,0.926653539129902
5,2.0,1.0,1.0,1,51,0.01,408,0.9288773361090675,0.062154587394888425,0.07047798261268282,0.4285569894225695,0.058658862968365255,0.00011210640574355057,-0.062266693800631975,0.9289280776809135
5,2.0,1.0,1.0,1,52,0.01,416,0.9310205901266416,0.062498808918431945,0.06910437197083485,0.42031550885675084,0.058658862968365255,0.00010783047782658706,-0.06260663939625853,0.9310680584512918
5,2.0,1.0,1.0,1,53,0.01,424,0.9330375318790062,0.06282615953219606,0.06778333937237567,0.41238502755756684,0.058658862968365255,0.00010379470025810578,-0.06292995423245416,0.9330819596819153
5,2.0,1.0,1.0,1,54,0.01,432,0.9349361011772648,0.06313724538206818,0.0665119196999872,0.40474826778798223,0.058658862968365255,9.998141350939238e-05,-0.06323722679557757,0.9349777027831221
5,2.0,1.0,1.0,1,55,0.01,440,0.9367237167168149,0.0634326517319517,0.0652873668781493,0.3973892083736553,0.058658862968365255,9.637455257043015e-05,-0.06352902628452213,0.9367626897808294
5,2.0,1.0,1.0,1,56,0.01,448,0.9384073112077964,0.06371294377430232,0.06410713399694691,0.39029297250984,0.058658862968365255,9.29594771741371e-05,-0.06380590325147646,0.938443838236561
5,2.0,1.0,1.0,1,57,0.01,456,0.9399933641107514,0.06397866739685566,0.06296885556319062,0.38344572737808846,0.058658862968365255,8.972282277104615e-05,-0.06406839021962671,0.9400276138055152
5,2.0,1.0,1.0,1,58,0.01,464,0.941487932138731,0.06423034990939673,0.06187033161771789,0.37683459414743176,0.058658862968365255,8.665236937155374e-05,-0.06431700227876828,0.9415200605879248
5,2.0,1.0,1.0,1,59,0.01,472,0.9428966776769871,0.06446850073390983,0.06080951349372987,0.37044756712798377,0.058658862968365255,8.373692587079762e-05,-0.06455223765978063,0.9429268294199896
5,2.0,1.0,1.0,1,60,0.01,480,0.9442248952617066,0.06469361206103555,0.05978449102159088,0.364273441009184,0.058658862968365255,8.096622778507034e-05,-0.06477457828882062,0.9442532042420381
5,2.0,1.0,1.0,1,61,0.01,488,0.9454775362501239,0.06490615947541772,0.05879348101143064,0.35830174525493513,0.058658862968365255,7.833084664643497e-05,-0.06498449032206416,0.9455041266729483
5,2.0,1.0,1.0,1,62,0.01,496,0.9466592318055954,0.0651066025522195,0.05783481686703273,0.35252268484759747,0.058658862968365255,7.582210961883107e-05,-0.06518242466183835,0.9466842189121714
5,2.0,1.0,1.0,1,63,0.01,504,0.9477743143131069,0.06529538542684211,0.05690693920337427,0.34692708667541333,0.058658862968365255,7.343202788781533e-05,-0.06536881745472993,0.9477978050824962
5,2.0,1.0,1.0,1,64,0.01,512,0.9488268373329038,0.06547293733964217,0.05600838735638287,0.34150635094611004,0.058658862968365255,7.115323296158493e-05,-0.06554409057260376,0.948848931119817
5,2.0,1.0,1.0,1,65,0.01,520,0.949820594192735,0.06563967315728025,0.055137791687445585,0.33625240708540066,0.058658862968365255,6.897891973484116e-05,-0.0657086520770151,0.9498413833088427
5,2.0,1.0,1.0,1,66,0.01,528,0.9507591353123575,0.06579599387215691,0.0542938665971272,0.3311576736447128,0.058658862968365255,6.690279555077172e-05,-0.06586289666770768,0.9507787055574887
5,2.0,1.0,1.0,1,67,0.01,536,0.9516457843476218,0.06594228708125448,0.05347540417298275,0.32621502179926926,0.058658862968365255,6.491903457456205e-05,-0.06600720611582904,0.951664215496153
5,2.0,1.0,1.0,1,68,0.01,544,0.9524836532354537,0.06607892744558932,0.052681268405261356,0.3214177420669271,0.058658862968365255,6.302223682277952e-05,-0.0661419496824121,0.9525010194825954
5,2.0,1.0,1.0,1,69,0.01,552,0.9532756562155035,0.0662062771313423,0.05191038991214342,0.3167595139210296,0.058658862968365255,6.120739137346898e-05,-0.06626748452271577,0.9532920265874518
5,2.0,1.0,1.0,1,70,0.01,560,0.9540245228990094,0.06632468623370325,0.05116176112283503,0.31223437800787196,0.058658862968365255,5.9469843154857926e-05,-0.0663841560768581,0.954039961630482
5,2.0,1.0,1.0,1,71,0.01,568,0.9547328104505647,0.06643449318430104,0.050434431872826806,0.30783671071198654,0.058658862968365255,5.780526306523037e-05,-0.06649229844736627,0.9547473773327666
5,2.0,1.0,1.0,1,72,0.01,576,0.9554029149439466,0.06653602514309895,0.04972750537071901,0.3035612008409867,0.058658862968365255,5.620962095606585e-05,-0.06659223476405501,0.9554166656456429
5,2.0,1.0,1.0,1,73,0.01,584,0.9560370819489258,0.06662959837549653,0.049040134500516384,0.2994028282267266,0.058658862968365255,5.4679161189397085e-05,-0.06668427753668593,0.9560500683130249
5,2.0,1.0,1.0,1,74,0.01,592,0.9566374164020474,0.06671551861539253,0.048371518427308295,0.29535684406150065,0.058658862968365255,5.321038047230442e-05,-0.06676872899586483,0.9566496867197717
5,2.0,1.0,1.0,1,75,0.01,600,0.9572058918106893,0.06679408141484368,0.04772089947762883,0.2914187528073473,0.058658862968365255,5.18000077999875e-05,-0.06684588142264367,0.9572174910752076
5,2.0,1.0,1.0,1,76,0.01,608,0.9577443588362835,0.06686557248097214,0.047087560268935603,0.2875842955335663,0.058658862968365255,5.044498624154348e-05,-0.06691601746721368,0.9577553289775362
5,2.0,1.0,1.0,1,77,0.01,616,0.9582545532994093,0.06693026800066923,0.046470821065260313,0.28384943455261097,0.058658862968365255,4.914245625509128e-05,-0.06697941045692432,0.9582649334016146
5,2.0,1.0,1.0,1,78,0.01,624,0.9587381036464955,0.06698843495367066,0.04587003733853042,0.28021033923783384,0.058658862968365255,4.7889740676959613e-05,-0.06703632469434762,0.9587479301496931
5,2.0,1.0,1.0,1,79,0.01,632,0.9591965379151015,0.06704033141448461,0.04528459751710837,0.2766633729183676,0.058658862968365255,4.6684330892693415e-05,-0.0670870157453773,0.959205844802012
5,2.0,1.0,1.0,1,80,0.01,640,0.9596312902321934,0.06708620684366783,0.044713920904993355,0.2732050807568881,0.058658862968365255,4.552387424519577e-05,-0.06713173071791302,0.9596401092015009
5,2.0,1.0,1.0,1,1,0.02,8,0.8654291626606988,0.6864181964457781,1.9992595228829722,21.856406460551042,0.058658862968365255,-0.7123024838319769,0.025884287386198856,0.9245391471050448
5,2.0,1.0,1.0,1,2,0.02,16,0.9530484286389042,0.4184429582208254,1.9933486575636479,10.928203230275521,0.058658862968365255,0.4585986073992056,-0.040155649178380215,0.9715408431636438
5,2.0,1.0,1.0,1,3,0.02,24,0.8025338203220725,0.027960220411666847,1.6959154263928513,7.285468820183681,0.058658862968365255,0.047435699747089805,-0.019475479335422957,0.8650673031832774
5,2.0,1.0,1.0,1,4,0.02,32,0.6017849886250056,0.0028480212334495297,1.1795520131861552,5.464101615137761,0.058658862968365255,0.02274089400760207,-0.01989287277415254,0.6825995649595256
5,2.0,1.0,1.0,1,5,0.02,40,0.5710411596676905,0.009844865793706373,0.8833691438787252,4.3712812921102095,0.058658862968365255,0.013435789379396712,-0.023280655173103085,0.6217364734993753
5,2.0,1.0,1.0,1,6,0.02,48,0.5900474545876703,0.01792603192442533,0.7034837735389087,3.6427344100918404,0.058658862968365255,0.0089314841264235,-0.02685751605084883,0.6180963533879031
5,2.0,1.0,1.0,1,7,0.02,56,0.6228376585174954,0.02389689747926805,0.5842198556012722,3.12234378007872,0.058658862968365255,0.006391210051089821,-0.03028810753035787,0.6382407228080134
5,2.0,1.0,1.0,1,8,0.02,64,0.6581430419454958,0.028691657728438593,0.49966021817864975,2.7320508075688803,0.058658862968365255,0.00481031865923974,-0.03350197638767834,0.6668562241520631
5,2.0,1.0,1.0,1,9,0.02,72,0.6920690388819546,0.03273228613383095,0.43663980432876204,2.4284896067278936,0.058658862968365255,0.003756488907342856,-0.03648877504117381,0.6972036772807462
5,2.0,1.0,1.0,1,10,0.02,80,0.7232706899486233,0.036237881734638544,0.3878611810037032,2.1856406460551048,0.058658862968365255,0.0030173913465912777,-0.03925527308122982,0.7264284363268714
5,2.0,1.0,1.0,1,11,0.02,88,0.7513846965306941,0.03933503917885683,0.34897790628462816,1.9869460418682767,0.058658862968365255,0.002478326085486801,-0.04181336526434363,0.75340844682375
5,2.0,1.0,1.0,1,12,0.02,96,0.7764480358953817,0.04210347873294001,0.31724672505971135,1.8213672050459202,0.058658862968365255,0.002072709178095933,-0.04417618791103594,0.7777963477739253
5,2.0,1.0,1.0,1,13,0.02,104,0.7986602996431693,0.04459711450799128,0.29085282225487297,1.6812620354270034,0.058658862968365255,0.001759645423743031,-0.04635675993173431,0.7995915611055135
5,2.0,1.0,1.0,1,14,0.02,112,0.8182797505893576,0.046854653728943874,0.2685482258932246,1.56117189003936,0.058658862968365255,0.0015128490408484185,-0.04836750276979229,0.8189445852652906
5,2.0,1.0,1.0,1,15,0.02,120,0.835576094616316,0.04890530978949628,0.24944661665977255,1.457093764036736,0.058658862968365255,0.0013147794350993058,-0.05022008922459559,0.8360651552904252
5,2.0,1.0,1.0,1,16,0.02,128,0.850808951639635,0.05077206243269249,0.23290113361772682,1.3660254037844402,0.058658862968365255,0.0011533577255281868,-0.05192542015822068,0.8511784563754421
5,2.0,1.0,1.0,1,17,0.02,136,0.8642185437753789,0.052473610590776446,0.21842855615081938,1.2856709682677083,0.058658862968365255,0.001020040219309029,-0.053493650810085475,0.8645043558890461
5,2.0,1.0,1.0,1,18,0.02,144,0.8760223681608525,0.05402559249571137,0.20566057393088252,1.2142448033639468,0.058658862968365255,0.0009086424294730971,-0.05493423492518447,0.8762479906478247
5,2.0,1.0,1.0,1,19,0.02,152,0.8864148285627688,0.05544137706355079,0.19431149652538396,1.1503371821342652,0.058658862968365255,0.0008145964605386635,-0.05625597352408945,0.8865960674512843
5,2.0,1.0,1.0,1,20,0.02,160,0.8955683007850428,0.05673259486560135,0.18415627864280135,1.0928203230275524,0.058658862968365255,0.0007344680483670624,-0.057467062913968414,0.8957160537626042
5,2.0,1.0,1.0,1,21,0.02,168,0.9036348432446432,0.05790950560889685,0.17501521062673192,1.0407812600262398,0.058658862968365255,0.0006656342578802293,-0.05857513986677708,0.9037568059404425
5,2.0,1.0,1.0,1,22,0.02,176,0.9107481396260433,0.05898125989231247,0.16674302848331163,0.9934730209341384,0.058658862968365255,0.0006060634339411369,-0.059587323326253605,0.9108498722561813
5,2.0,1.0,1.0,1,23,0.02,184,0.917025458067275,0.05995609073222548,0.1592210226275161,0.9502785417630888,0.058658862968365255,0.000554161881897719,-0.0605102526141232,0.9171110658737215
5,2.0,1.0,1.0,1,24,0.02,192,0.9225695176693653,0.06084145726894532,0.1523512236651968,0.9106836025229601,0.058658862968365255,0.000508665078573084,-0.0613501223475184,0.9226420934979312
5,2.0,1.0,1.0,1,25,0.02,200,0.9274702112052682,0.06164415515718087,0.14605205373934793,0.8742562584220417,0.058658862968365255,0.0004685592015255119,-0.06211271435870638,0.9275321288470406
5,2.0,1.0,1.0,1,26,0.02,208,0.9318061647705258,0.062370403239230515,0.14025502947100477,0.8406310177135017,0.058658862968365255,0.0004330236776280416,-0.06280342691685856,0.9318592770170283
5,2.0,1.0,1.0,1,27,0.02,216,0.9356461324353467,0.06302591298610222,0.13490223104052548,0.8094965355759645,0.058658862968365255,0.0004013885458443722,-0.06342730153194659,0.9356919072662695
5,2.0,1.0,1.0,1,28,0.02,224,0.9390502330780499,0.06361594517296906,0.12994433725417628,0.78058594501968,0.058658862968365255,0.00037310241867703764,-0.0639890475916461,0.9390898490215766
5,2.0,1.0,1.0,1,29,0.02,232,0.9420710410416633,0.06414535692070335,0.1253390840891851,0.7536691882948635,0.058658862968365255,0.00034770813141678236,-0.06449306505212013,0.9421054551585346
5,2.0,1.0,1.0,1,30,0.02,240,0.9447545440691544,0.06461864133687288,0.121050043821717,0.728546882018368,0.058658862968365255,0.00032482403860155384,-0.06494346537547444,0.9447845412866656
5,2.0,1.0,1.0,1,31,0.02,248,0.9471409822978778,0.06503996137474408,0.11704564947732848,0.7050453696951949,0.058658862968365255,0.0003041295075847522,-0.06534409088232881,0.9471672118355134
5,2.0,1.0,1.0,1,32,0.02,256,0.9492655816063732,0.06541317910146,0.11329840889593033,0.6830127018922201,0.058658862968365255,0.00028535356519521216,-0.06569853266665521,0.9492885843236682
5,2.0,1.0,1.0,1,33,0.02,264,0.9511591937028465,0.0657418812650967,0.10978426671771643,0.6623153472894256,0.058658862968365255,0.00026826593723576486,-0.06601014720233246,0.9511794229604742
5,2.0,1.0,1.0,1,34,0.02,272,0.9528488542564174,0.06602940183468917,0.10648208276342398,0.6428354841338542,0.058658862968365255,0.0002526699207501121,-0.06628207175543929,0.9528666920674055
5,2.0,1.0,1.0,1,35,0.02,280,0.9543582692337821,0.06627884203105729,0.10337320274081484,0.6244687560157439,0.058658862968365255,0.0002383966725174741,-0.06651723870357476,0.9543740389404918
5,2.0,1.0,1.0,1,36,0.02,288,0.9557082384910378,0.06649308825159486,0.10044110273862156,0.6071224016819734,0.058658862968365255,0.00022530060079188619,-0.06671838885238675,0.9557222148394264
5,2.0,1.0,1.0,1,37,0.02,296,0.9569170246236822,0.06667482820699294,0.09767109310834333,0.5907136881230013,0.058658862968365255,0.0002132556231121685,-0.06688808383010511,0.9569294418583894
5,2.0,1.0,1.0,1,38,0.02,304,0.9580006741167164,0.06682656552384858,0.0950500704613909,0.5751685910671326,0.058658862968365255,0.00020215210891140478,-0.06702871763276,0.9580117325496872
5,2.0,1.0,1.0,1,39,0.02,312,0.9589732969683581,0.06695063301841114,0.0925663088918148,0.5604206784756677,0.058658862968365255,0.00019189436725564057,-0.06714252738566678,0.9589831683543856
5,2.0,1.0,1.0,1,40,0.02,320,0.9598473101847579,0.06704920480933409,0.09020928336526676,0.5464101615137762,0.058658862968365255,0.00018239857131414905,-0.06723160338064824,0.9598561421531657
5,2.0,1.0,1.0,1,41,0.02,328,0.9606336498549743,0.06712430740819109,0.08796951963155607,0.533083084403684,0.058658862968365255,0.00017359103486183636,-0.06729789844305292,0.9606415695862551
5,2.0,1.0,1.0,1,42,0.02,336,0.9613419559087817,0.06717782990369459,0.08583846612264835,0.5203906300131199,0.058658862968365255,0.0001654067741452131,-0.0673432366778398,0.9613490732013105
5,2.0,1.0,1.0,1,43,0.02,344,0.9619807331273071,0.06721153333745081,0.08380838416493025,0.5082885223383963,0.058658862968365255,0.00015778830232401897,-0.06736932163977483,0.9619871429670526
5,2.0,1.0,1.0,1,44,0.02,352,0.9625574915104494,0.06722705935454479,0.08187225351932316,0.4967365104670692,0.058658862968365255,0.0001506846144738172,-0.0673777439690186,0.9625632762325903
5,2.0,1.0,1.0,1,45,0.02,360,0.9630788686981757,0.06722593820049638,0.08002369080717661,0.48569792134557876,0.058658862968365255,0.00014405032943017038,-0.06736998852992657,0.963084099811525
5,2.0,1.0,1.0,1,46,0.02,368,0.9635507367882991,0.0672095961265543,0.07825687881496905,0.4751392708815444,0.058658862968365255,0.00013784496139912505,-0.06734744108795343,0.9635554765194789
5,2.0,1.0,1.0,1,47,0.02,376,0.9639782955848542,0.06717936225733837,0.07656650502057,0.46502992469257537,0.058658862968365255,0.00013203229937705507,-0.06731139455671542,0.9639825981884462
5,2.0,1.0,1.0,1,48,0.02,384,0.9643661540430475,0.06713647496828279,0.07494770796639703,0.45534180126148005,0.058658862968365255,0.0001265798764252951,-0.0672630548447081,0.9643700669155649
5,2.0,1.0,1.0,1,49,0.02,392,0.9647184014438838,0.06708208781478894,0.07339603033432254,0.44604911143981707,0.058658862968365255,0.00012145851439963884,-0.06720354632918857,0.9647219660727262
5,2.0,1.0,1.0,1,50,0.02,400,0.9650386696294191,0.06701727505032339,0.07190737776435753,0.43712812921102084,0.058658862968365255,0.00011664193188952454,-0.06713391698221291,0.9650419224025722
5,2.0,1.0,1.0,1,51,0.02,408,0.9653301874541947,0.06694303676671581,0.07047798261268282,0.4285569894225695,0.058658862968365255,0.00011210640574355057,-0.06705514317245936,0.9653331603521329
5,2.0,1.0,1.0,1,52,0.02,416,0.9655958284562702,0.06686030368648724,0.06910437197083485,0.42031550885675084,0.058658862968365255,0.00010783047782658706,-0.06696813416431383,0.965598549644083
5,2.0,1.0,1.0,1,53,0.02,424,0.9658381526193469,0.06676994163407336,0.06778333937237567,0.41238502755756684,0.058658862968365255,0.00010379470025810578,-0.06687373633433147,0.9658406469540703
5,2.0,1.0,1.0,1,54,0.02,432,0.966059442983051,0.06667275571024318,0.0665119196999872,0.40474826778798223,0.058658862968365255,9.998141350939238e-05,-0.06677273712375258,0.9660617324489458
5,2.0,1.0,1.0,1,55,0.02,440,0.9662617377592514,0.0665694941917486,0.0652873668781493,0.3973892083736553,0.058658862968365255,9.637455257043015e-05,-0.06666586874431903,0.966263841841666
5,2.0,1.0,1.0,1,56,0.02,448,0.9664468585262441,0.06646085217627444,0.06410713399694691,0.39029297250984,0.058658862968365255,9.29594771741371e-05,-0.06655381165344858,0.9664487945331438
5,2.0,1.0,1.0,1,57,0.02,456,0.9666164349980343,0.06634747499097632,0.06296885556319062,0.38344572737808846,0.058658862968365255,8.972282277104615e-05,-0.06643719781374736,0.9666182183368495
5,2.0,1.0,1.0,1,58,0.02,464,0.9667719268012269,0.06622996138136243,0.06187033161771789,0.37683459414743176,0.058658862968365255,8.665236937155374e-05,-0.06631661375073399,0.9667735712175017
5,2.0,1.0,1.0,1,59,0.02,472,0.9669146426358928,0.06610886649587143,0.06080951349372987,0.37044756712798377,0.058658862968365255,8.373692587079762e-05,-0.06619260342174223,0.9669161604192573
5,2.0,1.0,1.0,1,60,0.02,480,0.9670457571480522,0.06598470468023512,0.05978449102159088,0.364273441009184,0.058658862968365255,8.096622778507034e-05,-0.06606567090802021,0.9670471593102801
5,2.0,1.0,1.0,1,61,0.02,488,0.9671663257991511,0.06585795209462242,0.05879348101143064,0.35830174525493513,0.058658862968365255,7.833084664643497e-05,-0.06593628294126885,0.9671676222281785
5,2.0,1.0,1.0,1,62,0.02,496,0.9672772979811612,0.06572904916552663,0.05783481686703273,0.35252268484759747,0.058658862968365255,7.582210961883107e-05,-0.06580487127514546,0.9672784975746143
5,2.0,1.0,1.0,1,63,0.02,504,0.9673795285940834,0.0655984028834402,0.05690693920337427,0.34692708667541333,0.058658862968365255,7.343202788781533e-05,-0.06567183491132801,0.9673806393751087
5,2.0,1.0,1.0,1,64,0.02,512,0.967473788274904,0.06546638895654243,0.05600838735638287,0.34150635094611004,0.058658862968365255,7.115323296158493e-05,-0.06553754218950401,0.9674748174928689
5,2.0,1.0,1.0,1,65,0.02,520,0.9675607724430043,0.06533335382985717,0.055137791687445585,0.33625240708540066,0.058658862968365255,6.897891973484116e-05,-0.06540233274959201,0.9675617266611161
5,2.0,1.0,1.0,1,66,0.02,528,0.967641109306071,0.06519961657864591,0.0542938665971272,0.3311576736447128,0.058658862968365255,6.690279555077172e-05,-0.06526651937419668,0.9676419944777913
5,2.0,1.0,1.0,1,67,0.02,536,0.9677153669523673,0.06506547068417133,0.05347540417298275,0.32621502179926926,0.058658862968365255,6.491903457456205e-05,-0.06513038971874589,0.9677161884881365
5,2.0,1.0,1.0,1,68,0.02,544,0.9677840596393781,0.06493118569939385,0.052681268405261356,0.3214177420669271,0.058658862968365255,6.302223682277952e-05,-0.06499420793621663,0.9677848224649879
5,2.0,1.0,1.0,1,69,0.02,552,0.9678476533750483,0.06479700881162269,0.05191038991214342,0.3167595139210296,0.058658862968365255,6.120739137346898e-05,-0.06485821620299616,0.9678483619828117
5,2.0,1.0,1.0,1,70,0.02,560,0.9679065708758366,0.06466316630865479,0.05116176112283503,0.31223437800787196,0.058658862968365255,5.9469843154857926e-05,-0.06472263615180965,0.9679072293694864
5,2.0,1.0,1.0,1,71,0.02,568,0.9679611959753271,0.06452986495449708,0.050434431872826806,0.30783671071198654,0.058658862968365255,5.780526306523037e-05,-0.06458767021756232,0.9679618081095591
5,2.0,1.0,1.0,1,72,0.02,576,0.9680118775480383,0.06439729328033693,0.04972750537071901,0.3035612008409867,0.058658862968365255,5.620962095606585e-05,-0.064453502901293,0.9680124467633195
5,2.0,1.0,1.0,1,73,0.02,584,0.9680589330050917,0.06426562279605381,0.049040134500516384,0.2994028282267266,0.058658862968365255,5.4679161189397085e-05,-0.06432030195724321,0.9680594624584493
5,2.0,1.0,1.0,1,74,0.02,592,0.9681026514114809,0.06413500912721418,0.048371518427308295,0.29535684406150065,0.058658862968365255,5.321038047230442e-05,-0.06418821950768648,0.9681031440037404
5,2.0,1.0,1.0,1,75,0.02,600,0.9681432962686061,0.0640055930821453,0.04772089947762883,0.2914187528073473,0.058658862968365255,5.18000077999875e-05,-0.06405739308994529,0.968143754668527
5,2.0,1.0,1.0,1,76,0.02,608,0.9681811080004437,0.06387750165341331,0.047087560268935603,0.2875842955335663,0.058658862968365255,5.044498624154348e-05,-0.06392794663965486,0.9681815346662026
5,2.0,1.0,1.0,1,77,0.02,616,0.9682163061771003,0.06375084895771012,0.046470821065260313,0.28384943455261097,0.058658862968365255,4.914245625509128e-05,-0.06379999141396521,0.9682167033754303
5,2.0,1.0,1.0,1,78,0.02,624,0.9682490915054475,0.06362573711792893,0.04587003733853042,0.28021033923783384,0.058658862968365255,4.7889740676959613e-05,-0.06367362685860589,0.9682494613287032
5,2.0,1.0,1.0,1,79,0.02,632,0.9682796476129847,0.06350225709095017,0.04528459751710837,0.2766633729183676,0.058658862968365255,4.6684330892693415e-05,-0.06354894142184286,0.9682799919944115
5,2.0,1.0,1.0,1,80,0.02,640,0.9683081426479846,0.06338048944442282,0.044713920904993355,0.2732050807568881,0.058658862968365255,4.552387424519577e-05,-0.06342601331866801,0.9683084633754163
5,2.0,1.0,1.0,1,1,0.05,8,0.884358521825249,0.6485722307977746,1.9992595228829722,21.856406460551042,0.058658862968365255,-0.7123024838319769,0.06373025303420221,0.9282802637734198
5,2.0,1.0,1.0,1,2,0.05,16,0.9612672763825568,0.36265057950521074,1.9933486575636479,10.928203230275521,0.058658862968365255,0.4585986073992056,-0.09594802789399487,0.9713434956992628
5,2.0,1.0,1.0,1,3,0.05,24,0.8754725904307974,0.004284876377172259,1.6959154263928513,7.285468820183681,0.058658862968365255,0.047435699747089805,-0.043150823369917546,0.8952903186834047
5,2.0,1.0,1.0,1,4,0.05,32,0.8053375545870637,0.01994883580082936,1.1795520131861552,5.464101615137761,0.058658862968365255,0.02274089400760207,-0.04268972980843143,0.8196396674262988
5,2.0,1.0,1.0,1,5,0.05,40,0.8231737638417405,0.03391545505407886,0.8833691438787252,4.3712812921102095,0.058658862968365255,0.013435789379396712,-0.04735124443347557,0.8285384131557902
5,2.0,1.0,1.0,1,6,0.05,48,0.8537375296955252,0.042932552400322246,0.7034837735389087,3.6427344100918404,0.058658862968365255,0.0089314841264235,-0.051864036526745746,0.8557307336408998
5,2.0,1.0,1.0,1,7,0.05,56,0.8809467871062061,0.04930026648587697,0.5842198556012722,3.12234378007872,0.058658862968365255,0.006391210051089821,-0.055691476536966794,0.8817587606131518
5,2.0,1.0,1.0,1,8,0.05,64,0.9023923587725553,0.05400359043724833,0.49966021817864975,2.7320508075688803,0.058658862968365255,0.00481031865923974,-0.05881390909648807,0.9027604875592232
5,2.0,1.0,1.0,1,9,0.05,72,0.918648629876287,0.05755283362037346,0.43663980432876204,2.4284896067278936,0.058658862968365255,0.003756488907342856,-0.061309322527716315,0.9188335594994399
5,2.0,1.0,1.0,1,10,0.05,80,0.9308027170245465,0.060252420148341444,0.3878611810037032,2.1856406460551048,0.058658862968365255,0.0030173913465912777,-0.06326981149493272,0.930904428474241
5,2.0,1.0,1.0,1,11,0.05,88,0.9398566179129387,0.06230301705818406,0.34897790628462816,1.9869460418682767,0.058658862968365255,0.002478326085486801,-0.06478134314367086,0.939916957613724
5,2.0,1.0,1.0,1,12,0.05,96,0.94660887079113,0.06384648014297215,0.31724672505971135,1.8213672050459202,0.058658862968365255,0.002072709178095933,-0.06591918932106808,0.9466469177209078
5,2.0,1.0,1.0,1,13,0.05,104,0.9516633831169979,0.06498809794755156,0.29085282225487297,1.6812620354270034,0.058658862968365255,0.001759645423743031,-0.06674774337129458,0.9516885653081602
5,2.0,1.0,1.0,1,14,0.05,112,0.9554668409367801,0.06580871315022391,0.2685482258932246,1.56117189003936,0.058658862968365255,0.0015128490408484185,-0.06732156219107233,0.9554841682394433
5,2.0,1.0,1.0,1,15,0.05,120,0.9583465262640434,0.06637188269240749,0.24944661665977255,1.457093764036736,0.058658862968365255,0.0013147794350993058,-0.06768666212750679,0.9583588330553732
5,2.0,1.0,1.0,1,16,0.05,128,0.9605414731048302,0.0667284049170458,0.23290113361772682,1.3660254037844402,0.058658862968365255,0.0011533577255281868,-0.06788176264257399,0.9605504489771715
5,2.0,1.0,1.0,1,17,0.05,136,0.962226314169054,0.06691934993473594,0.21842855615081938,1.2856709682677083,0.058658862968365255,0.001020040219309029,-0.06793939015404496,0.9622330102531811
5,2.0,1.0,1.0,1,18,0.05,144,0.9635289390288062,0.0669781862621846,0.20566057393088252,1.2142448033639468,0.058658862968365255,0.0009086424294730971,-0.0678868286916577,0.9635340325132826
5,2.0,1.0,1.0,1,19,0.05,152,0.9645433601149004,0.06693233204674603,0.19431149652538396,1.1503371821342652,0.058658862968365255,0.0008145964605386635,-0.0677469285072847,0.964547300186549
5,2.0,1.0,1.0,1,20,0.05,160,0.9653390139581094,0.06680432244236686,0.18415627864280135,1.0928203230275524,0.058658862968365255,0.0007344680483670624,-0.06753879049073391,0.9653421061502084
5,2.0,1.0,1.0,1,21,0.05,168,0.965967463582162,0.06661271034250402,0.17501521062673192,1.0407812600262398,0.058658862968365255,0.0006656342578802293,-0.06727834460038426,0.9659699204339702
5,2.0,1.0,1.0,1,22,0.05,176,0.9664672258389057,0.06637277533074551,0.16674302848331163,0.9934730209341384,0.058658862968365255,0.0006060634339411369,-0.06697883876468665,0.9664691982885779
5,2.0,1.0,1.0,1,23,0.05,184,0.9668672527648453,0.0660970905599101,0.1592210226275161,0.9502785417630888,0.058658862968365255,0.000554161881897719,-0.06665125244180782,0.9668688501060922
5,2.0,1.0,1.0,1,24,0.05,192,0.9671894486111652,0.06579598174359023,0.1523512236651968,0.9106836025229601,0.058658862968365255,0.000508665078573084,-0.06630464682216332,0.9671907514522393
5,2.0,1.0,1.0,1,25,0.05,200,0.9674504959171522,0.0654779025095297,0.14605205373934793,0.8742562584220417,0.058658862968365255,0.0004685592015255119,-0.06594646171105521,0.9674515647513432
5,2.0,1.0,1.0,1,26,0.05,208,0.9676631857711823,0.06514974379459815,0.14025502947100477,0.8406310177135017,0.058658862968365255,0.0004330236776280416,-0.06558276747222619,0.9676640667391305
5,2.0,1.0,1.0,1,27,0.05,216,0.9678373914093485,0.06481709048295588,0.13490223104052548,0.8094965355759645,0.058658862968365255,0.0004013885458443722,-0.06521847902880025,0.9678381202338437
5,2.0,1.0,1.0,1,28,0.05,224,0.9679807844193266,0.0644844353508678,0.12994433725417628,0.78058594501968,0.058658862968365255,0.00037310241867703764,-0.06485753776954484,0.967981389133179
5,2.0,1.0,1.0,1,29,0.05,232,0.968099364475699,0.06415535812677933,0.1253390840891851,0.7536691882948635,0.058658862968365255,0.00034770813141678236,-0.06450306625819612,0.9680998673418212
5,2.0,1.0,1.0,1,30,0.05,240,0.9681978534040474,0.0638326758182598,0.121050043821717,0.728546882018368,0.058658862968365255,0.00032482403860155384,-0.06415749985686135,0.9681982722879221
5,2.0,1.0,1.0,1,31,0.05,248,0.9682799900652536,0.0635185692151484,0.11704564947732848,0.7050453696951949,0.058658862968365255,0.0003041295075847522,-0.06382269872273315,0.9682803394314846
5,2.0,1.0,1.0,1,32,0.05,256,0.9683487523680321,0.06321468953030153,0.11329840889593033,0.6830127018922201,0.058658862968365255,0.00028535356519521216,-0.06350004309549674,0.9683490440154483
5,2.0,1.0,1.0,1,33,0.05,264,0.96840652545222,0.06292224840462936,0.10978426671771643,0.6623153472894256,0.058658862968365255,0.00026826593723576486,-0.06319051434186512,0.9684067690646908
5,2.0,1.0,1.0,1,34,0.05,272,0.9684552298869424,0.06264209392589522,0.10648208276342398,0.6428354841338542,0.058658862968365255,0.0002526699207501121,-0.06289476384664533,0.9684554334524769
5,2.0,1.0,1.0,1,35,0.05,280,0.9684964199960026,0.06237477485177833,0.10337320274081484,0.6244687560157439,0.058658862968365255,0.0002383966725174741,-0.0626131715242958,0.9684965901302921
5,2.0,1.0,1.0,1,36,0.05,288,0.9685313597339436,0.06212059485898322,0.10044110273862156,0.6071224016819734,0.058658862968365255,0.00022530060079188619,-0.062345895459775105,0.9685315019335483
5,2.0,1.0,1.0,1,37,0.05,296,0.9685610815908666,0.06187965834121262,0.09767109310834333,0.5907136881230013,0.058658862968365255,0.0002132556231121685,-0.062092913964324786,0.9685612004337921
5,2.0,1.0,1.0,1,38,0.05,304,0.9685864325904815,0.061651909034489444,0.0950500704613909,0.5751685910671326,0.058658862968365255,0.00020215210891140478,-0.06185406114340085,0.9685865318968303
5,2.0,1.0,1.0,1,39,0.05,312,0.9686081104138679,0.061437162547217934,0.0925663088918148,0.5604206784756677,0.058658862968365255,0.00019189436725564057,-0.061629056914473575,0.968608193375727
5,2.0,1.0,1.0,1,40,0.05,320,0.9686266919243329,0.06123513370585505,0.09020928336526676,0.5464101615137762,0.058658862968365255,0.00018239857131414905,-0.0614175322771692,0.968626761211668
5,2.0,1.0,1.0,1,41,0.05,328,0.9686426558104946,0.06104545948839303,0.08796951963155607,0.533083084403684,0.058658862968365255,0.00017359103486183636,-0.06121905052325487,0.9686427136580416
5,2.0,1.0,1.0,1,42,0.05,336,0.9686564006509096,0.06086771820186103,0.08583846612264835,0.5203906300131199,0.058658862968365255,0.0001654067741452131,-0.06103312497600624,0.9686564489298942
5,2.0,1.0,1.0,1,43,0.05,344,0.9686682593951694,0.06070144546257118,0.08380838416493025,0.5082885223383963,0.058658862968365255,0.00015778830232401897,-0.0608592337648952,0.9686682996727576
5,2.0,1.0,1.0,1,44,0.05,352,0.9686785110252909,0.06054614745563767,0.08187225351932316,0.4967365104670692,0.058658862968365255,0.0001506846144738172,-0.060696832070111485,0.968678544614042
5,2.0,1.0,1.0,1,45,0.05,360,0.9686873899870869,0.060401311880737024,0.08002369080717661,0.48569792134557876,0.058658862968365255,0.00014405032943017038,-0.060545362210167195,0.9686874179862218
5,2.0,1.0,1.0,1,46,0.05,368,0.9686950938492644,0.06026641693203545,0.07825687881496905,0.4751392708815444,0.058658862968365255,0.00013784496139912505,-0.06040426189343458,0.9686951171791791
5,2.0,1.0,1.0,1,47,0.05,376,0.9687017895474596,0.06014093860999217,0.07656650502057,0.46502992469257537,0.058658862968365255,0.00013203229937705507,-0.06027297090936923,0.9687018089785933
5,2.0,1.0,1.0,1,48,0.05,384,0.9687076184934006,0.060024356619891146,0.07494770796639703,0.45534180126148005,0.058658862968365255,0.0001265798764252951,-0.06015093649631644,0.968707634670453
5,2.0,1.0,1.0,1,49,0.05,392,0.9687127007700689,0.05991615907536886,0.07339603033432254,0.44604911143981707,0.058658862968365255,0.00012145851439963884,-0.0600376175897685,0.9687127142323249
5,2.0,1.0,1.0,1,50,0.05,400,0.9687171385877941,0.059815846193855875,0.07190737776435753,0.43712812921102084,0.058658862968365255,0.00011664193188952454,-0.0599324881257454,0.9687171497861758
5,2.0,1.0,1.0,1,51,0.05,408,0.9687210191404618,0.05972293314400494,0.07047798261268282,0.4285569894225695,0.058658862968365255,0.00011210640574355057,-0.05983503954974849,0.968721028451835
5,2.0,1.0,1.0,1,52,0.05,416,0.9687244169730478,0.05963695218212264,0.06910437197083485,0.42031550885675084,0.058658862968365255,0.00010783047782658706,-0.05974478265994923,0.9687244247122483
5,2.0,1.0,1.0,1,53,0.05,424,0.968727395949717,0.059557454194816124,0.06778333937237567,0.41238502755756684,0.058658862968365255,0.00010379470025810578,-0.05966124889507423,0.9687274023796272
5,2.0,1.0,1.0,1,54,0.05,432,0.9687300108943617,0.059484009748052,0.0665119196999872,0.40474826778798223,0.058658862968365255,9.998141350939238e-05,-0.05958399116156139,0.9687300162343917
5,2.0,1.0,1.0,1,55,0.05,440,0.9687323089616978,0.05941620972816681,0.0652873668781493,0.3973892083736553,0.058658862968365255,9.637455257043015e-05,-0.05951258428073724,0.968732313394882
5,2.0,1.0,1.0,1,56,0.05,448,0.9687343307860657,0.05935366564777162,0.06410713399694691,0.39029297250984,0.058658862968365255,9.29594771741371e-05,-0.05944662512494576,0.9687343344650218
5,2.0,1.0,1.0,1,57,0.05,456,0.9687361114463233,0.059296009678645664,0.06296885556319062,0.38344572737808846,0.058658862968365255,8.972282277104615e-05,-0.05938573250141671,0.9687361144982518
5,2.0,1.0,1.0,1,58,0.05,464,0.9687376812781764,0.05924289446437388,0.06187033161771789,0.37683459414743176,0.058658862968365255,8.665236937155374e-05,-0.05932954683374543,0.9687376838090404
5,2.0,1.0,1.0,1,59,0.05,472,0.9687390665596238,0.059193992757444455,0.06080951349372987,0.37044756712798377,0.058658862968365255,8.373692587079762e-05,-0.05927772968331525,0.9687390686576458
5,2.0,1.0,1.0,1,60,0.05,480,0.9687402900906096,0.0591489969186232,0.05978449102159088,0.364273441009184,0.058658862968365255,8.096622778507034e-05,-0.05922996314640827,0.9687402918292307
5,2.0,1.0,1.0,1,61,0.05,488,0.9687413716842646,0.05910761831046232,0.05879348101143064,0.35830174525493513,0.058658862968365255,7.833084664643497e-05,-0.05918594915710876,0.9687413731245651
5,2.0,1.0,1.0,1,62,0.05,496,0.9687423285840762,0.05906958661170914,0.05783481686703273,0.35252268484759747,0.058658862968365255,7.582210961883107e-05,-0.05914540872132797,0.968742329776855
5,2.0,1.0,1.0,1,63,0.05,504,0.9687431758188845,0.059034649074990966,0.05690693920337427,0.34692708667541333,0.058658862968365255,7.343202788781533e-05,-0.05910808110287878,0.9687431768063643
5,2.0,1.0,1.0,1,64,0.05,512,0.9687439265055543,0.0590025697464005,0.05600838735638287,0.34150635094611004,0.058658862968365255,7.115323296158493e-05,-0.05907372297936209,0.9687439273228231
5,2.0,1.0,1.0,1,65,0.05,520,0.9687445921075392,0.05897312866238454,0.055137791687445585,0.33625240708540066,0.058658862968365255,6.897891973484116e-05,-0.059042107582119384,0.9687445927837322
5,2.0,1.0,1.0,1,66,0.05,528,0.9687451826561699,0.0589461210366009,0.0542938665971272,0.3311576736447128,0.058658862968365255,6.690279555077172e-05,-0.05901302383215167,0.9687451832154741
5,2.0,1.0,1.0,1,67,0.05,536,0.9687457069403935,0.05892135644705322,0.05347540417298275,0.32621502179926926,0.058658862968365255,6.491903457456205e-05,-0.058986275481627784,0.9687457074028811
5,2.0,1.0,1.0,1,68,0.05,544,0.968746172669745,0.05889865803182129,0.052681268405261356,0.3214177420669271,0.058658862968365255,6.302223682277952e-05,-0.05896168026864407,0.9687461730520657
5,2.0,1.0,1.0,1,69,0.05,552,0.9687465866145734,0.05887786170001648,0.05191038991214342,0.3167595139210296,0.058658862968365255,6.120739137346898e-05,-0.05893906909138995,0.9687465869305404
5,2.0,1.0,1.0,1,70,0.05,560,0.9687469547268988,0.05885881536314405,0.05116176112283503,0.31223437800787196,0.058658862968365255,5.9469843154857926e-05,-0.05891828520629891,0.9687469549879568
5,2.0,1.0,1.0,1,71,0.05,568,0.9687472822447459,0.058841378190862444,0.050434431872826806,0.30783671071198654,0.058658862968365255,5.780526306523037e-05,-0.058899183453927674,0.9687472824603869
5,2.0,1.0,1.0,1,72,0.05,576,0.9687475737823619,0.05882541989408664,0.04972750537071901,0.3035612008409867,0.058658862968365255,5.620962095606585e-05,-0.05888162951504271,0.9687475739604374
5,2.0,1.0,1.0,1,73,0.05,584,0.9687478334083408,0.058810820037562606,0.049040134500516384,0.2994028282267266,0.058658862968365255,5.4679161189397085e-05,-0.058865499198752,0.9687478335553567
5,2.0,1.0,1.0,1,74,0.05,592,0.9687480647133879,0.058797467383298566,0.048371518427308295,0.29535684406150065,0.058658862968365255,5.321038047230442e-05,-0.05885067776377087,0.9687480648347385
5,2.0,1.0,1.0,1,75,0.05,600,0.968748270869178,0.058785259265679596,0.04772089947762883,0.2914187528073473,0.058658862968365255,5.18000077999875e-05,-0.05883705927347958,0.9687482709693176
5,2.0,1.0,1.0,1,76,0.05,608,0.9687484546795513,0.05877410099858972,0.047087560268935603,0.2875842955335663,0.058658862968365255,5.044498624154348e-05,-0.058824545984831264,0.968748454762163
5,2.0,1.0,1.0,1,77,0.05,616,0.9687486186251064,0.05876390531448759,0.046470821065260313,0.28384943455261097,0.058658862968365255,4.914245625509128e-05,-0.05881304777074268,0.9687486186932464
5,2.0,1.0,1.0,1,78,0.05,624,0.9687487649020967,0.05875459183505181,0.04587003733853042,0.28021033923783384,0.058658862968365255,4.7889740676959613e-05,-0.05880248157572877,0.9687487649582927
5,2.0,1.0,1.0,1,79,0.05,632,0.9687488954563966,0.05874608657277494,0.04528459751710837,0.2766633729183676,0.058658862968365255,4.6684330892693415e-05,-0.058792770903667635,0.9687488955027306
5,2.0,1.0,1.0,1,80,0.05,640,0.9687490120132032,0.05873832146267444,0.044713920904993355,0.2732050807568881,0.058658862968365255,4.552387424519577e-05,-0.05878384533691963,0.9687490120513891
5,2.0,1.0,1.0,2,1,0.0,8,0.8999447036134594,0.654966128579481,1.9998229269205892,40.79706361959276,0.058658862968365255,0.654966128579481,0.0,0.9486541538482078
5,2.0,1.0,1.0,2,2,0.0,16,0.9403314935792896,0.02866817762624752,1.9962249373682548,10.19926590489819,0.058658862968365255,-0.028668177626247515,-3.469446951953614e-18,0.9697069111743466
5,2.0,1.0,1.0,2,3,0.0,24,0.3520297409225619,0.06282846755164849,1.3003973223641723,4.533007068843639,0.058658862968365255,-0.0628284675516486,1.1622647289044608e-16,0.5933209425956265
5,2.0,1.0,1.0,2,4,0.0,32,0.12273777948514031,0.03640462210920277,0.6954692222969356,2.5498164762245477,0.058658862968365255,-0.0364046221092027,-6.938893903907228e-17,0.35033952030158055
5,2.0,1.0,1.0,2,5,0.0,40,0.05015215039475107,0.023378539004113907,0.4290979916040719,1.6318825447837109,0.058658862968365255,-0.023378539004113782,-1.249000902703301e-16,0.22394675794650776
5,2.0,1.0,1.0,2,6,0.0,48,0.02390296205887421,0.016234945329699664,0.2915331428652052,1.1332517672109097,0.058658862968365255,-0.016234945329699144,-5.204170427930421e-16,0.15460582802363107
5,2.0,1.0,1.0,2,7,0.0,56,0.012770128259992908,0.011921311521124446,0.21126900511213084,0.8325931350937297,0.058658862968365255,-0.011921311521124564,1.1796119636642288e-16,0.11300499219058457
5,2.0,1.0,1.0,2,8,0.0,64,0.007426858927671254,0.009122292781428752,0.1602898196809732,0.6374541190561369,0.058658862968365255,-0.009122292781429397,6.453171330633722e-16,0.08617922561541184
5,2.0,1.0,1.0,2,9,0.0,72,0.004609161586741961,0.00720444570352375,0.1258528362963413,0.5036674520937378,0.058658862968365255,-0.0072044457035246035,8.534839501805891e-16,0.06789080634920205
5,2.0,1.0,1.0,2,10,0.0,80,0.003010521016420742,0.005833458554330873,0.10147857930565199,0.4079706361959277,0.058658862968365255,-0.005833458554331344,4.718447854656915e-16,0.054868214992106666
5,2.0,1.0,1.0,2,11,0.0,88,0.0020491337091836925,0.004819628407863583,0.08358356706504504,0.33716581503795673,0.058658862968365255,-0.004819628407864027,4.440892098500626e-16,0.045267358098172804
5,2.0,1.0,1.0,2,12,0.0,96,0.0014429206027850583,0.00404887670543818,0.07005237259641726,0.2833129418027274,0.058658862968365255,-0.004048876705438867,6.869504964868156e-16,0.03798579474989816
5,2.0,1.0,1.0,2,13,0.0,104,0.0010453497172762116,0.0034492765739713785,0.05956947495142596,0.24140274331119982,0.058658862968365255,-0.0034492765739712605,-1.1796119636642288e-16,0.032331868446926704
5,2.0,1.0,1.0,2,14,0.0,112,0.0007758384339294766,0.002973661049989737,0.051281260316119015,0.20814828377343242,0.058658862968365255,-0.0029736610499890986,-6.38378239159465e-16,0.02785387646138767
5,2.0,1.0,1.0,2,15,0.0,120,0.0005879014626036794,0.0025900587708934733,0.04461388045513618,0.18132028275374562,0.058658862968365255,-0.002590058770893522,4.85722573273506e-17,0.024246679413984472
5,2.0,1.0,1.0,2,16,0.0,128,0.00045360965085228244,0.0022761770633588987,0.039169836202819344,0.15936352976403423,0.058658862968365255,-0.0022761770633590445,1.457167719820518e-16,0.021298113786322022
5,2.0,1.0,1.0,2,17,0.0,136,0.00035558437926586084,0.002016087605088583,0.03466662385142993,0.1411663101023971,0.058658862968365255,-0.002016087605089159,5.759281940243e-16,0.01885694512036939
5,2.0,1.0,1.0,2,18,0.0,144,0.0002826772136363953,0.0017981643127287991,0.03089894739536346,0.12591686302343444,0.058658862968365255,-0.0017981643127298608,1.061650767297806e-15,0.016813007275183967
5,2.0,1.0,1.0,2,19,0.0,152,0.00022754231500199396,0.0016137606107367933,0.027714680508680985,0.11301125656396885,0.058658862968365255,-0.0016137606107349545,-1.8388068845354155e-15,0.01508450579216928
5,2.0,1.0,1.0,2,20,0.0,160,0.00018522330568926382,0.001456337938851332,0.024999137893995986,0.10199265904898193,0.058658862968365255,-0.0014563379388494585,-1.8735013540549517e-15,0.013609676913090086
5,2.0,1.0,1.0,2,21,0.0,168,0.00015230458332182728,0.0013208777819915113,0.02266452499319535,0.09251034834374774,0.058658862968365255,-0.0013208777819920664,5.551115123125783e-16,0.012341174309017069
5,2.0,1.0,1.0,2,22,0.0,176,0.00012638727401115268,0.0012034765066092565,0.020642703567795143,0.08429145375948918,0.058658862968365255,-0.0012034765066081948,-1.061650767297806e-15,0.011242209481133518
5,2.0,1.0,1.0,2,23,0.0,184,0.00010575749617391939,0.0011010608187559945,0.018880132377476166,0.07712110325064794,0.058658862968365255,-0.0011010608187560361,4.163336342344337e-17,0.01028384637001201
5,2.0,1.0,1.0,2,24,0.0,192,8.917160511301425e-05,0.0010111844823934846,0.017334265801325747,0.07082823545068186,0.058658862968365255,-0.0010111844823941507,6.661338147750939e-16,0.009443071804653081
5,2.0,1.0,1.0,2,25,0.0,200,7.57143181084885e-05,0.0009318808184378621,0.015970948899751175,0.06527530179134843,0.058658862968365255,-0.000931880818438216,3.5388358909926865e-16,0.008701397480829006
5,2.0,1.0,1.0,2,26,0.0,208,6.470324031848662e-05,0.0008615541529357479,0.014762505607169664,0.060350685827799955,0.058658862968365255,-0.0008615541529354981,-2.498001805406602e-16,0.00804383243916277
5,2.0,1.0,1.0,2,27,0.0,216,5.562352260846115e-05,0.0007988988882601869,0.013686316865622963,0.05596305023263752,0.058658862968365255,-0.0007988988882597498,-4.371503159461554e-16,0.0074581179004341545
5,2.0,1.0,1.0,2,28,0.0,224,4.808244429588271e-05,0.0007428384464017862,0.012723750188125773,0.052037070943358105,0.058658862968365255,-0.0007428384464009952,-7.91033905045424e-16,0.006934150580767856
5,2.0,1.0,1.0,2,29,0.0,232,4.1777390949682136e-05,0.0006924786967765703,0.011859344714145596,0.0485101826630116,0.058658862968365255,-0.0006924786967758279,-7.424616477180734e-16,0.006463543220837365
5,2.0,1.0,1.0,2,30,0.0,240,3.647297823317075e-05,0.0006470720706139785,0.011080184325592764,0.045330070688436405,0.058658862968365255,-0.0006470720706135691,-4.0939474033052647e-16,0.006039286236401131
5,2.0,1.0,1.0,2,31,0.0,248,3.1984507661064754e-05,0.0006059896483279134,0.010375410784328047,0.04245271968740141,0.058658862968365255,-0.0006059896483305016,2.588207426157396e-15,0.005655484740094219
5,2.0,1.0,1.0,2,32,0.0,256,2.8165865886498054e-05,0.0005686992578697245,0.009735842235974977,0.03984088244100856,0.058658862968365255,-0.0005686992578691763,-5.48172618408671e-16,0.005307152334343015
5,2.0,1.0,1.0,2,33,0.0,264,2.490057990400807e-05,0.0005347481488821512,0.009153671789106097,0.03746286833755075,0.058658862968365255,-0.0005347481488807149,-1.4363510381087963e-15,0.004990048085626978
5,2.0,1.0,1.0,2,34,0.0,272,2.2095138760613864e-05,0.0005037491816386602,0.00862222751199622,0.03529157752559928,0.058658862968365255,-0.0005037491816366618,-1.9984014443252818e-15,0.0047005466442710635
5,2.0,1.0,1.0,2,35,0.0,280,1.9673962093458286e-05,0.00047536973908494234,0.00813577994340677,0.03330372540374919,0.058658862968365255,-0.0004753697390834505,-1.4918621893400541e-15,0.004435534024103298
5,2.0,1.0,1.0,2,36,0.0,288,1.7575575550488054e-05,0.00044932276496073564,0.0076893866586696755,0.03147921575585861,0.058658862968365255,-0.0004493227649622067,1.4710455076283324e-15,0.004192323406444825
5,2.0,1.0,1.0,2,37,0.0,296,1.5749680298271507e-05,0.00042535947472527313,0.007278765953870553,0.02980063083973175,0.058658862968365255,-0.00042535947472563396,3.608224830031759e-16,0.0039685866881668435
5,2.0,1.0,1.0,2,38,0.0,304,1.4154889987350039e-05,0.000403263391578354,0.006900193574239777,0.028252814140992212,0.058658862968365255,-0.0004032633915764666,-1.887379141862766e-15,0.0037622984962752412
5,2.0,1.0,1.0,2,39,0.0,312,1.2756970444227633e-05,0.0003828454393029618,0.006550417802723315,0.02682252703457775,0.058658862968365255,-0.0003828454393014491,-1.5126788710517758e-15,0.0035716901396846083
5,2.0,1.0,1.0,2,40,0.0,320,1.1527461365457015e-05,0.00036393988321489074,0.006226589269287903,0.025498164762245482,0.058658862968365255,-0.0003639398832141344,-7.563394355258879e-16,0.0033952115319067803
5,2.0,1.0,1.0,2,41,0.0,328,1.044258935856135e-05,0.00034640095567218393,0.005926202634037576,0.02426952029719974,0.058658862968365255,-0.0003464009556721631,-2.0816681711721685e-17,0.0032314995457440477
5,2.0,1.0,1.0,2,42,0.0,336,9.482406189142978e-06,0.0003301000373597332,0.005647047901962679,0.023127587085936936,0.058658862968365255,-0.00033010003736379245,4.0592529337857286e-15,0.0030793515872338923
5,2.0,1.0,1.0,2,43,0.0,344,8.630101441475801e-06,0.00031492329219628967,0.005387169592673122,0.022064393520601817,0.058658862968365255,-0.00031492329220048076,4.191091917959966e-15,0.0029377034276553094
5,2.0,1.0,1.0,2,44,0.0,352,7.871450424690174e-06,0.0003007696740974508,0.005144832349146092,0.021072863439872296,0.058658862968365255,-0.00030076967409697897,-4.718447854656915e-16,0.0028056105270966632
5,2.0,1.0,1.0,2,45,0.0,360,7.194369764595976e-06,0.0002875492405415986,0.004918491849969395,0.02014669808374952,0.058658862968365255,-0.00028754924054155695,-4.163336342344337e-17,0.0026822322346419913
5,2.0,1.0,1.0,2,46,0.0,368,6.588556484388164e-06,0.00027518171986367496,0.004706770110567182,0.019280275812661986,0.058658862968365255,-0.0002751817198612255,-2.4494295480792516e-15,0.0025668183698977546
5,2.0,1.0,1.0,2,47,0.0,376,6.045194784087826e-06,0.00026359528980401253,0.004508434432172374,0.018468566600087263,0.058658862968365255,-0.00026359528980278435,-1.2281842209915794e-15,0.002458697784025541
5,2.0,1.0,1.0,2,48,0.0,384,5.556715173216098e-06,0.0002527255321623928,0.0043223793954968925,0.017707058862670464,0.058658862968365255,-0.00025272553216104665,-1.3461454173580023e-15,0.002357268573664373
5,2.0,1.0,1.0,2,49,0.0,392,5.116597315280025e-06,0.00024251453542758344,0.004147611405933781,0.01699169663456591,0.058658862968365255,-0.00024251453542800672,4.2327252813834093e-16,0.002261989680018172
5,2.0,1.0,1.0,2,50,0.0,400,4.719207308268025e-06,0.00023291012176369918,0.003983235385089709,0.016318825447837106,0.058658862968365255,-0.0002329101217656282,1.9290125052862095e-15,0.002172373653621152
5,2.0,1.0,1.0,2,51,0.0,408,4.359662177266799e-06,0.00022386517897404756,0.003828443274633474,0.01568514556693301,0.058658862968365255,-0.00022386517897898806,4.9404924595819466e-15,0.0020879804034714304
5,2.0,1.0,1.0,2,52,0.0,416,4.033717895257638e-06,0.0002153370816198527,0.0036825040757467345,0.015087671456949989,0.058658862968365255,-0.0002153370816218858,2.033095913844818e-15,0.0020084117803398256
5,2.0,1.0,1.0,2,53,0.0,424,3.737675434378751e-06,0.0002072871878414581,0.0035447551939917976,0.014523696553788807,0.058658862968365255,-0.000207287187842492,1.033895191682177e-15,0.001933306869448691
5,2.0,1.0,1.0,2,54,0.0,432,3.468302389619815e-06,0.00019968040083147287,0.0034145948977235673,0.01399076255815938,0.058658862968365255,-0.00019968040083194472,4.718447854656915e-16,0.001862337888236503
5,2.0,1.0,1.0,2,55,0.0,440,3.2227667354778333e-06,0.00019248478556743026,0.0032914757292325588,0.013486632601518268,0.058658862968365255,-0.00019248478556707638,-3.5388358909926865e-16,0.001795206601971436
5,2.0,1.0,1.0,2,56,0.0,448,2.998581219770813e-06,0.000185671233068313,0.0031748987334308722,0.013009267735839526,0.058658862968365255,-0.00018567123307548783,7.174816296640074e-15,0.0017316411837876582
5,2.0,1.0,1.0,2,57,0.0,456,2.793556058033886e-06,0.00017921316550176258,0.0030644083902176197,0.01255680628488543,0.058658862968365255,-0.0001792131655008744,-8.881784197001252e-16,0.001671393457276682
5,2.0,1.0,1.0,2,58,0.0,464,2.6057593578432403e-06,0.00017308627664789494,0.002959588153984549,0.0121275456657529,0.058658862968365255,-0.00017308627664705534,-8.396061623727746e-16,0.0016142364692002626
5,2.0,1.0,1.0,2,59,0.0,472,2.433482529595743e-06,0.00016726830272829202,0.0028600565187994233,0.01171992634863337,0.058658862968365255,-0.00016726830273150473,3.2127078775090467e-15,0.001559962348095526
5,2.0,1.0,1.0,2,60,0.0,480,2.2752114380297783e-06,0.00016173881993374745,0.0027654635392567466,0.011332517672109101,0.058658862968365255,-0.00016173881993397643,2.2898349882893854e-16,0.0015083804106767016
5,2.0,1.0,1.0,2,61,0.0,488,2.1296016832206277e-06,0.00015647906490551255,0.002675487748016433,0.010964005272666694,0.058658862968365255,-0.0001564790649056652,1.5265566588595902e-16,0.0014593154840024168
5,2.0,1.0,1.0,2,62,0.0,496,1.9954568853952637e-06,0.00015147177529948458,0.002589833418930507,0.010613179921850353,0.058658862968365255,-0.00015147177530189238,2.4077961846558082e-15,0.0014126064156658093
5,2.0,1.0,1.0,2,63,0.0,504,1.871710601619725e-06,0.00014670104801665917,0.0025082281322030392,0.01027892759374975,0.058658862968365255,-0.00014670104801750572,8.465450562766819e-16,0.0013681047482652494
5,2.0,1.0,1.0,2,64,0.0,512,1.7574103345907588e-06,0.00014215221271723227,0.002430420604172957,0.00996022061025214,0.058658862968365255,-0.00014215221271529632,-1.9359513991901167e-15,0.0013256735378802164
5,2.0,1.0,1.0,2,65,0.0,520,1.65170382682156e-06,0.00013781171892320726,0.0023561787492750196,0.009656109732447992,0.058658862968365255,-0.00013781171892369992,4.926614671774132e-16,0.001285186298865193
5,2.0,1.0,1.0,2,66,0.0,528,1.5538272211124138e-06,0.0001336670349749297,0.0022852879462166107,0.009365717084387687,0.058658862968365255,-0.00013366703497739996,2.4702462297909733e-15,0.0012465260597684879
5,2.0,1.0,1.0,2,67,0.0,536,1.4630947464677746e-06,0.00012970655746725318,0.0022175494841523468,0.009088229810557532,0.058658862968365255,-0.00012970655746399884,-3.25434124093249e-15,0.0012095845172331414
5,2.0,1.0,1.0,2,68,0.0,544,1.378889525227578e-06,0.00012591952993157296,0.002152779167811011,0.00882289438139982,0.058658862968365255,-0.00012591952993307176,1.4988010832439613e-15,0.0011742612764017606
5,2.0,1.0,1.0,2,69,0.0,552,1.3006562493700358e-06,0.0001222959697807363,0.002090806063246647,0.008569011472294217,0.058658862968365255,-0.0001222959697796816,-1.0547118733938987e-15,0.0011404631678227678
5,2.0,1.0,1.0,2,70,0.0,560,1.2278936645238048e-06,0.00011882660233963199,0.0020314713682802977,0.008325931350937298,0.058658862968365255,-0.00011882660233412945,-5.502542865798432e-15,0.0011081036323044265
5,2.0,1.0,1.0,2,71,0.0,568,1.1601490543799997e-06,0.00011550280155084303,0.0019746273935951917,0.008093049716245342,0.058658862968365255,-0.00011550280154788706,-2.9559688030644793e-15,0.0010771021659452596
5,2.0,1.0,1.0,2,72,0.0,576,1.097012905626471e-06,0.00011231653625362603,0.001920136642288225,0.007869803938964652,0.058658862968365255,-0.00011231653625339011,-2.3592239273284576e-16,0.0010473838187810185
5,2.0,1.0,1.0,2,73,0.0,584,1.0381139499138214e-06,0.00010926032155830767,0.0018678709772459283,0.007655669660272614,0.058658862968365255,-0.00010926032155431087,-3.9968028886505635e-15,0.0010188787412647505
5,2.0,1.0,1.0,2,74,0.0,592,9.831154494932548e-07,0.00010632717496864008,0.001817710866710458,0.007450157709932938,0.058658862968365255,-0.00010632717496383837,-4.801714581503802e-15,0.0009915217732999267
5,2.0,1.0,1.0,2,75,0.0,600,9.317115741147575e-07,0.00010351057638539884,0.001769544699900788,0.007252811310149826,0.058658862968365255,-0.00010351057638816052,2.761679773755077e-15,0.0009652520714209252
5,2.0,1.0,1.0,2,76,0.0,608,8.83623948677581e-07,0.00010080443184522919,0.001723268165378056,0.007063203535248053,0.058658862968365255,-0.00010080443184408427,-1.1449174941446927e-15,0.000940012770144728
5,2.0,1.0,1.0,2,77,0.0,616,8.385993024440097e-07,9.820304057197443e-05,0.0016787836854485056,0.006880935000774628,0.058658862968365255,-9.820304056945561e-05,-2.518818487118324e-15,0.0009157506738322007
5,2.0,1.0,1.0,2,78,0.0,624,7.964062487264556e-07,9.570106483011015e-05,0.0016359999012073826,0.006705631758644437,0.058658862968365255,-9.570106482822971e-05,-1.880440247958859e-15,0.0008924159761606957
5,2.0,1.0,1.0,2,79,0.0,632,7.568339270846991e-07,9.329350265560588e-05,0.0015948312028287346,0.006536943377598583,0.058658862968365255,-9.329350265417646e-05,-1.429412144204889e-15,0.0008699620041713121
5,2.0,1.0,1.0,2,80,0.0,640,7.19689246642119e-07,9.09756627010122e-05,0.0015551973008387952,0.0063745411905613706,0.058658862968365255,-9.097566270721558e-05,6.203371150093062e-15,0.0008483449846971138
5,2.0,1.0,1.0,2,1,0.0002,8,0.9000500770112734,0.6546807071278617,1.9998229269205892,40.79706361959276,0.058658862968365255,0.654966128579481,-0.0002854214516191389,0.9486517790199488
5,2.0,1.0,1.0,2,2,0.0002,16,0.9404531240345779,0.02859479729755314,1.9962249373682548,10.19926590489819,0.058658862968365255,-0.028668177626247515,7.338032869437516e-05,0.9697017312734326
5,2.0,1.0,1.0,2,3,0.0002,24,0.3545709309256099,0.06285071929747216,1.3003973223641723,4.533007068843639,0.058658862968365255,-0.0628284675516486,-2.2251745823552264e-05,0.594008572625385
5,2.0,1.0,1.0,2,4,0.0002,32,0.12738034087215822,0.03651969227700036,0.6954692222969356,2.5498164762245477,0.058658862968365255,-0.0364046221092027,-0.00011507016779765955,0.35191546431160914
5,2.0,1.0,1.0,2,5,0.0002,40,0.05645109989429098,0.023570605909461757,0.4290979916040719,1.6318825447837109,0.058658862968365255,-0.023378539004113782,-0.00019206690534797483,0.22636093507347
5,2.0,1.0,1.0,2,6,0.0002,48,0.03166557154129068,0.01649616160990111,0.2915331428652052,1.1332517672109097,0.058658862968365255,-0.016234945329699144,-0.0002612162802019674,0.15780920132875487
5,2.0,1.0,1.0,2,7,0.0002,56,0.021917343300507874,0.012247343269984175,0.21126900511213084,0.8325931350937297,0.058658862968365255,-0.011921311521124564,-0.00032603174885961067,0.11697732166363761
5,2.0,1.0,1.0,2,8,0.0002,64,0.01792172916040702,0.009510489937298985,0.1602898196809732,0.6374541190561369,0.058658862968365255,-0.009122292781429397,-0.0003881971558695879,0.09092204001653947
5,2.0,1.0,1.0,2,9,0.0002,72,0.016432166462991393,0.007653061899553011,0.1258528362963413,0.5036674520937378,0.058658862968365255,-0.0072044457035246035,-0.0004486161960284077,0.07342213756765256
5,2.0,1.0,1.0,2,10,0.0002,80,0.016150147942449622,0.006341276030842592,0.10147857930565199,0.4079706361959277,0.058658862968365255,-0.005833458554331344,-0.0005078174765112478,0.06122003020374274
5,2.0,1.0,1.0,2,11,0.0002,88,0.016497889230201568,0.00538575952532469,0.08358356706504504,0.33716581503795673,0.058658862968365255,-0.004819628407864027,-0.0005661311174606637,0.05248412048304174
5,2.0,1.0,1.0,2,12,0.0002,96,0.017195480068178837,0.004672650808210575,0.07005237259641726,0.2833129418027274,0.058658862968365255,-0.004048876705438867,-0.0006237741027717084,0.04612334211969553
5,2.0,1.0,1.0,2,13,0.0002,104,0.018097630485582772,0.004130171600279051,0.05956947495142596,0.24140274331119982,0.058658862968365255,-0.0034492765739712605,-0.0006808950263077901,0.041456071986803664
5,2.0,1.0,1.0,2,14,0.0002,112,0.01912450528604137,0.003711260177913983,0.051281260316119015,0.20814828377343242,0.058658862968365255,-0.0029736610499890986,-0.0007375991279248845,0.03803872166977211
5,2.0,1.0,1.0,2,15,0.0002,120,0.02023008827748063,0.0033840218357602883,0.04461388045513618,0.18132028275374562,0.058658862968365255,-0.002590058770893522,-0.0007939630648667664,0.035571576299520416
5,2.0,1.0,1.0,2,16,0.0002,128,0.021386755576710326,0.003126221082992535,0.039169836202819344,0.15936352976403423,0.058658862968365255,-0.0022761770633590445,-0.0008500440196334905,0.03384445408876883
5,2.0,1.0,1.0,2,17,0.0002,136,0.022577333609890116,0.0029219731335692056,0.03466662385142993,0.1411663101023971,0.058658862968365255,-0.002016087605089159,-0.0009058855284800466,0.03270417661868295
5,2.0,1.0,1.0,2,18,0.0002,144,0.023790815593628833,0.002759685644477955,0.03089894739536346,0.12591686302343444,0.058658862968365255,-0.0017981643127298608,-0.0009615213317480942,0.03203471805368095
5,2.0,1.0,1.0,2,19,0.0002,152,0.02501995605209284,0.0026307385990556875,0.027714680508680985,0.11301125656396885,0.058658862968365255,-0.0016137606107349545,-0.001016977988320733,0.03174510146466429
5,2.0,1.0,1.0,2,20,0.0002,160,0.026259871379153976,0.0025286146328705253,0.024999137893995986,0.10199265904898193,0.058658862968365255,-0.0014563379388494585,-0.0010722766940210668,0.031762129061483374
5,2.0,1.0,1.0,2,21,0.0002,168,0.027507199878063715,0.0024483123554169192,0.02266452499319535,0.09251034834374774,0.058658862968365255,-0.0013208777819920664,-0.0011274345734248528,0.032026055879738974
5,2.0,1.0,1.0,2,22,0.0002,176,0.028759583413770606,0.0023859421215958326,0.020642703567795143,0.08429145375948918,0.058658862968365255,-0.0012034765066081948,-0.0011824656149876378,0.032487932498960606
5,2.0,1.0,1.0,2,23,0.0002,184,0.030015339483109194,0.002338442178179169,0.018880132377476166,0.07712110325064794,0.058658862968365255,-0.0011010608187560361,-0.0012373813594231328,0.03310780093812668
5,2.0,1.0,1.0,2,24,0.0002,192,0.031273249053179186,0.0023033758966177695,0.017334265801325747,0.07082823545068186,0.058658862968365255,-0.0010111844823941507,-0.0012921914142236188,0.033853286660823836
5,2.0,1.0,1.0,2,25,0.0002,200,0.03253241648655114,0.002278784661913544,0.015970948899751175,0.06527530179134843,0.058658862968365255,-0.000931880818438216,-0.0013469038434753278,0.034698379869060145
5,2.0,1.0,1.0,2,26,0.0002,208,0.033792175337326924,0.0022630796198616493,0.014762505607169664,0.060350685827799955,0.058658862968365255,-0.0008615541529354981,-0.0014015254669261512,0.03562234175252656
5,2.0,1.0,1.0,2,27,0.0002,216,0.03505202391889983,0.002254960980299925,0.013686316865622963,0.05596305023263752,0.058658862968365255,-0.0007988988882597498,-0.0014560620920401751,0.036608731873758335
5,2.0,1.0,1.0,2,28,0.0002,224,0.036311580547741196,0.0022533571423470206,0.012723750188125773,0.052037070943358105,0.058658862968365255,-0.0007428384464009952,-0.0015105186959460254,0.03764456615996654
5,2.0,1.0,1.0,2,29,0.0002,232,0.037570552007645586,0.002257378266241991,0.011859344714145596,0.0485101826630116,0.058658862968365255,-0.0006924786967758279,-0.0015648995694661633,0.03871960880260504
5,2.0,1.0,1.0,2,30,0.0002,240,0.03882871103577212,0.0022662805027696686,0.011080184325592764,0.045330070688436405,0.058658862968365255,-0.0006470720706135691,-0.0016192084321560996,0.03982579154658093
5,2.0,1.0,1.0,2,31,0.0002,248,0.04008588005114444,0.002279438173254933,0.010375410784328047,0.04245271968740141,0.058658862968365255,-0.0006059896483305016,-0.0016734485249244313,0.040956746729616814
5,2.0,1.0,1.0,2,32,0.0002,256,0.04134191926137232,0.002296321943077384,0.009735842235974977,0.03984088244100856,0.058658862968365255,-0.0005686992578691763,-0.0017276226852082077,0.04210743716806378
5,2.0,1.0,1.0,2,33,0.0002,264,0.04259671787716457,0.002316481557246425,0.009153671789106097,0.03746286833755075,0.058658862968365255,-0.0005347481488807149,-0.00178173340836571,0.04327386570829768
5,2.0,1.0,1.0,2,34,0.0002,272,0.04385018755749848,0.002339532079861692,0.00862222751199622,0.03529157752559928,0.058658862968365255,-0.0005037491816366618,-0.0018357828982250302,0.044452848738154846
5,2.0,1.0,1.0,2,35,0.0002,280,0.04510225747460861,0.0023651428479672457,0.00813577994340677,0.03330372540374919,0.058658862968365255,-0.0004753697390834505,-0.0018897731088837952,0.04564184019720602
5,2.0,1.0,1.0,2,36,0.0002,288,0.04635287056536297,0.0023930285445074168,0.0076893866586696755,0.03147921575585861,0.058658862968365255,-0.0004493227649622067,-0.00194370577954521,0.04683879501434396
5,2.0,1.0,1.0,2,37,0.0002,296,0.04760198066106236,0.0024229419383793097,0.007278765953870553,0.02980063083973175,0.058658862968365255,-0.00042535947472563396,-0.0019975824636536757,0.04804206311313571
5,2.0,1.0,1.0,2,38,0.0002,304,0.04884955027253812,0.0024546679449991213,0.006900193574239777,0.028252814140992212,0.058658862968365255,-0.0004032633915764666,-0.0020514045534226547,0.04925030702160697
5,2.0,1.0,1.0,2,39,0.0002,312,0.05009554886858736,0.0024880187398663364,0.006550417802723315,0.02682252703457775,0.058658862968365255,-0.0003828454393014491,-0.0021051733005648873,0.050462437678113384
5,2.0,1.0,1.0,2,40,0.0002,320,0.05133995152898252,0.00252282971713641,0.006226589269287903,0.025498164762245482,0.058658862968365255,-0.0003639398832141344,-0.0021588898339222756,0.051677564263602704
5,2.0,1.0,1.0,2,41,0.0002,328,0.05258273788306367,0.0025589561301568517,0.005926202634037576,0.02426952029719974,0.058658862968365255,-0.0003464009556721631,-0.0022125551744846886,0.05289495485846215
5,2.0,1.0,1.0,2,42,0.0002,336,0.053823891268830915,0.0025962702856261316,0.005647047901962679,0.023127587085936936,0.058658862968365255,-0.00033010003736379245,-0.002266170248262339,0.05411400547109928
5,2.0,1.0,1.0,2,43,0.0002,344,0.05506339806280158,0.002634659189570482,0.005387169592673122,0.022064393520601817,0.058658862968365255,-0.00031492329220048076,-0.002319735897370001,0.05533421555880283
5,2.0,1.0,1.0,2,44,0.0002,352,0.05630124714216178,0.002674022563671677,0.005144832349146092,0.021072863439872296,0.058658862968365255,-0.00030076967409697897,-0.002373252889574698,0.05655516859930331
5,2.0,1.0,1.0,2,45,0.0002,360,0.05753742945213536,0.0027142711671026276,0.004918491849969395,0.02014669808374952,0.058658862968365255,-0.00028754924054155695,-0.0024267219265610707,0.057776516606510876
5,2.0,1.0,1.0,2,46,0.0002,368,0.05877193765496125,0.0027553253710213277,0.004706770110567182,0.019280275812661986,0.058658862968365255,-0.0002751817198612255,-0.002480143651160102,0.05899796773688108
5,2.0,1.0,1.0,2,47,0.0002,376,0.06000476584491743,0.002797113943400778,0.004508434432172374,0.018468566600087263,0.058658862968365255,-0.00026359528980278435,-0.0025335186535979937,0.06021927632821993
5,2.0,1.0,1.0,2,48,0.0002,384,0.06123590931446743,0.0028395730091593935,0.0043223793954968925,0.017707058862670464,0.058658862968365255,-0.00025272553216104665,-0.002586847476998347,0.061440234859421225
5,2.0,1.0,1.0,2,49,0.0002,392,0.06246536436297234,0.0028826451576214607,0.004147611405933781,0.01699169663456591,0.058658862968365255,-0.00024251453542800672,-0.002640130622193454,0.06266066743465841
5,2.0,1.0,1.0,2,50,0.0002,400,0.06369312813895311,0.0029262786737228874,0.003983235385089709,0.016318825447837106,0.058658862968365255,-0.0002329101217656282,-0.002693368551957259,0.06388042448136845
5,2.0,1.0,1.0,2,51,0.0002,408,0.06491919850889838,0.0029704268737279216,0.003828443274633474,0.01568514556693301,0.058658862968365255,-0.00022386517897898806,-0.0027465616947489335,0.06509937841857624
5,2.0,1.0,1.0,2,52,0.0002,416,0.06614357394888071,0.003015047529631616,0.0036825040757467345,0.015087671456949989,0.058658862968365255,-0.0002153370816218858,-0.0027997104480097304,0.06631742010484484
5,2.0,1.0,1.0,2,53,0.0002,424,0.06736625345376346,0.0030601023689389023,0.0035447551939917976,0.014523696553788807,0.058658862968365255,-0.000207287187842492,-0.0028528151810964103,0.06753445591407276
5,2.0,1.0,1.0,2,54,0.0002,432,0.06858723646151277,0.0031055566387107533,0.0034145948977235673,0.01399076255815938,0.058658862968365255,-0.00019968040083194472,-0.0029058762378788086,0.06875040531967305
5,2.0,1.0,1.0,2,55,0.0002,440,0.06980652278927191,0.003151378724637381,0.0032914757292325588,0.013486632601518268,0.058658862968365255,-0.00019248478556707638,-0.002958893939070305,0.06996519889130418
5,2.0,1.0,1.0,2,56,0.0002,448,0.07102411257976848,0.003197539817355488,0.0031748987334308722,0.013009267735839526,0.058658862968365255,-0.00018567123307548783,-0.0030118685842800003,0.07117877662817723
5,2.0,1.0,1.0,2,57,0.0002,456,0.07224000625577398,0.003244013619406197,0.0030644083902176197,0.01255680628488543,0.058658862968365255,-0.0001792131655008744,-0.0030648004539053225,0.07239108656751525
5,2.0,1.0,1.0,2,58,0.0002,464,0.07345420448202566,0.0032907760873667202,0.002959588153984549,0.0121275456657529,0.058658862968365255,-0.00017308627664705534,-0.003117689810719665,0.07360208361923166
5,2.0,1.0,1.0,2,59,0.0002,472,0.07466670813199228,0.0033378052041583978,0.0028600565187994233,0.01171992634863337,0.058658862968365255,-0.00016726830273150473,-0.003170536901426893,0.0748117285863664
5,2.0,1.0,1.0,2,60,0.0002,480,0.07587751826018319,0.0033850807779258266,0.0027654635392567466,0.011332517672109101,0.058658862968365255,-0.00016173881993397643,-0.00322334195799185,0.07601998733971363
5,2.0,1.0,1.0,2,61,0.0002,488,0.07708663607844923,0.003432584263717814,0.002675487748016433,0.010964005272666694,0.058658862968365255,-0.0001564790649056652,-0.0032761051988121487,0.0772268301200362
5,2.0,1.0,1.0,2,62,0.0002,496,0.07829406293518604,0.0034802986051561888,0.002589833418930507,0.010613179921850353,0.058658862968365255,-0.00015147177530189238,-0.0033288268298542964,0.0784322309461909
5,2.0,1.0,1.0,2,63,0.0002,504,0.07949980029801096,0.0035282080936404267,0.0025082281322030392,0.01027892759374975,0.058658862968365255,-0.00014670104801750572,-0.003381507045622921,0.07963616711211592
5,2.0,1.0,1.0,2,64,0.0002,512,0.08070384973852218,0.003576298242769553,0.002430420604172957,0.00996022061025214,0.058658862968365255,-0.00014215221271529632,-0.0034341460300542567,0.08083861875776295
5,2.0,1.0,1.0,2,65,0.0002,520,0.08190621291918654,0.0036245556762422235,0.0023561787492750196,0.009656109732447992,0.058658862968365255,-0.00013781171892369992,-0.0034867439573185235,0.08203956850231661
5,2.0,1.0,1.0,2,66,0.0002,528,0.08310689158204854,0.0036729680275729426,0.0022852879462166107,0.009365717084387687,0.058658862968365255,-0.00013366703497739996,-0.0035393009925955426,0.08323900112980284
5,2.0,1.0,1.0,2,67,0.0002,536,0.08430588753895307,0.003721523850173686,0.0022175494841523468,0.009088229810557532,0.058658862968365255,-0.00012970655746399884,-0.003591817292709687,0.08443690331891006
5,2.0,1.0,1.0,2,68,0.0002,544,0.08550320266274047,0.0037702125366698355,0.002152779167811011,0.00882289438139982,0.058658862968365255,-0.00012591952993307176,-0.0036442930067367638,0.08563326341012736
5,2.0,1.0,1.0,2,69,0.0002,552,0.08669883888033314,0.003819024246401792,0.002090806063246647,0.008569011472294217,0.058658862968365255,-0.0001222959697796816,-0.0036967282766221105,0.08682807120495353
5,2.0,1.0,1.0,2,70,0.0002,560,0.08789279816561435,0.003867949839952624,0.0020314713682802977,0.008325931350937298,0.058658862968365255,-0.00011882660233412945,-0.0037491232376184944,0.08802131779163336
5,2.0,1.0,1.0,2,71,0.0002,568,0.08908508253416692,0.003916980820342683,0.0019746273935951917,0.008093049716245342,0.058658862968365255,-0.00011550280154788706,-0.003801478018794796,0.08921299539439011
5,2.0,1.0,1.0,2,72,0.0002,576,0.09027569403825031,0.003966109279717418,0.001920136642288225,0.007869803938964652,0.058658862968365255,-0.00011231653625339011,-0.003853792743464028,0.09040309724216791
5,2.0,1.0,1.0,2,73,0.0002,584,0.09146463476213318,0.004015327851135515,0.0018678709772459283,0.007655669660272614,0.058658862968365255,-0.00010926032155431087,-0.0039060675295812045,0.09159161745411211
5,2.0,1.0,1.0,2,74,0.0002,592,0.09265190681855151,0.00406462966503246,0.001817710866710458,0.007450157709932938,0.058658862968365255,-0.00010632717496383837,-0.0039583024900686214,0.09277855093985053
5,2.0,1.0,1.0,2,75,0.0002,600,0.09383751234532789,0.004114008309572245,0.001769544699900788,0.007252811310149826,0.058658862968365255,-0.00010351057638816052,-0.004010497733184085,0.09396389331210983
5,2.0,1.0,1.0,2,76,0.0002,608,0.09502145350211555,0.00416345779469128,0.001723268165378056,0.007063203535248053,0.058658862968365255,-0.00010080443184408427,-0.004062653362847196,0.09514764080997244
5,2.0,1.0,1.0,2,77,0.0002,616,0.09620373246818614,0.004212972519423326,0.0016787836854485056,0.006880935000774628,0.058658862968365255,-9.820304056945561e-05,-0.0041147694788538705,0.09632979023176981
5,2.0,1.0,1.0,2,78,0.0002,624,0.09738435143942314,0.004262547242023448,0.0016359999012073826,0.006705631758644437,0.058658862968365255,-9.570106482822971e-05,-0.004166846177195219,0.09751033887554222
5,2.0,1.0,1.0,2,79,0.0002,632,0.09856331262704221,0.004312177052933505,0.0015948312028287346,0.006536943377598583,0.058658862968365255,-9.329350265417646e-05,-0.004218883550279329,0.09868928448715655
5,2.0,1.0,1.0,2,80,0.0002,640,0.09974061825503333,0.004361857349854323,0.0015551973008387952,0.0063745411905613706,0.058658862968365255,-9.097566270721558e-05,-0.004270881687147107,0.09986662521384457
5,2.0,1.0,1.0,2,1,0.0005,8,0.9002078624057155,0.6542526819941812,1.9998229269205892,40.79706361959276,0.058658862968365255,0.654966128579481,-0.0007134465852997041,0.9486483295356278
5,2.0,1.0,1.0,2,2,0.0005,16,0.9406348183325618,0.028485028321464104,1.9962249373682548,10.19926590489819,0.058658862968365255,-0.028668177626247515,0.00018314930478341082,0.9696941207502356
5,2.0,1.0,1.0,2,3,0.0005,24,0.3583632730013896,0.06288401869482554,1.3003973223641723,4.533007068843639,0.058658862968365255,-0.0628284675516486,-5.555114317693736e-05,0.5950441514225762
5,2.0,1.0,1.0,2,4,0.0005,32,0.13429649763481954,0.03669171526872075,0.6954692222969356,2.5498164762245477,0.058658862968365255,-0.0364046221092027,-0.00028709315951804676,0.3543017605862808
5,2.0,1.0,1.0,2,5,0.0005,40,0.0658181760131279,0.023857477146879788,0.4290979916040719,1.6318825447837109,0.058658862968365255,-0.023378539004113782,-0.00047893814276600555,0.2300532255301575
5,2.0,1.0,1.0,2,6,0.0005,48,0.04318882748432751,0.016885964076282567,0.2915331428652052,1.1332517672109097,0.058658862968365255,-0.016234945329699144,-0.0006510187465834233,0.16278264353652316
5,2.0,1.0,1.0,2,7,0.0005,56,0.035472025278616925,0.012733429601999365,0.21126900511213084,0.8325931350937297,0.058658862968365255,-0.011921311521124564,-0.0008121180808748005,0.12327160841525468
5,2.0,1.0,1.0,2,8,0.0005,64,0.033446005300198145,0.01008873864442969,0.1602898196809732,0.6374541190561369,0.058658862968365255,-0.009122292781429397,-0.0009664458630002926,0.09863235639787277
5,2.0,1.0,1.0,2,9,0.0005,72,0.03389024961582232,0.008320707305032954,0.1258528362963413,0.5036674520937378,0.058658862968365255,-0.0072044457035246035,-0.0011162616015083504,0.08269013985112308
5,2.0,1.0,1.0,2,10,0.0005,80,0.035518225946021276,0.007096345694244062,0.10147857930565199,0.4079706361959277,0.058658862968365255,-0.005833458554331344,-0.0012628871399127176,0.07222439519492764
5,2.0,1.0,1.0,2,11,0.0005,88,0.0377581725036239,0.006226776531487246,0.08358356706504504,0.33716581503795673,0.058658862968365255,-0.004819628407864027,-0.0014071481236232197,0.06542672399951191
5,2.0,1.0,1.0,2,12,0.0005,96,0.040333442102348904,0.005598464069699334,0.07005237259641726,0.2833129418027274,0.058658862968365255,-0.004048876705438867,-0.0015495873642604671,0.0612097040410827
5,2.0,1.0,1.0,2,13,0.0005,104,0.04310062645147006,0.005139853274165267,0.05956947495142596,0.24140274331119982,0.058658862968365255,-0.0034492765739712605,-0.0016905767001940061,0.058872079618174
5,2.0,1.0,1.0,2,14,0.0005,112,0.04598103523286501,0.004804040634518503,0.051281260316119015,0.20814828377343242,0.058658862968365255,-0.0029736610499890986,-0.001830379584529404,0.05792897292663317
5,2.0,1.0,1.0,2,15,0.0005,120,0.0489293826899061,0.0045592467836731015,0.04461388045513618,0.18132028275374562,0.058658862968365255,-0.002590058770893522,-0.0019691880127795797,0.058025506875506706
5,2.0,1.0,1.0,2,16,0.0005,128,0.05191853150929682,0.004383322355618058,0.039169836202819344,0.15936352976403423,0.058658862968365255,-0.0022761770633590445,-0.0021071452922590134,0.05889361863165775
5,2.0,1.0,1.0,2,17,0.0005,136,0.05493164553319785,0.0042604482183498035,0.03466662385142993,0.1411663101023971,0.058658862968365255,-0.002016087605089159,-0.0022443606132606445,0.06032958456084077
5,2.0,1.0,1.0,2,18,0.0005,144,0.057957961053270335,0.004179082987668253,0.03089894739536346,0.12591686302343444,0.058658862968365255,-0.0017981643127298608,-0.0023809186749383926,0.06218006298660953
5,2.0,1.0,1.0,2,19,0.0005,152,0.060990414213832,0.0041306468322460585,0.027714680508680985,0.11301125656396885,0.058658862968365255,-0.0016137606107349545,-0.002516886221511104,0.06433131696120452
5,2.0,1.0,1.0,2,20,0.0005,160,0.06402426193823318,0.00410865452720327,0.024999137893995986,0.10199265904898193,0.058658862968365255,-0.0014563379388494585,-0.002652316588353812,0.06670007202137258
5,2.0,1.0,1.0,2,21,0.0005,168,0.06705625493627887,0.004108130713590785,0.02266452499319535,0.09251034834374774,0.058658862968365255,-0.0013208777819920664,-0.002787252931598719,0.06922587185750524
5,2.0,1.0,1.0,2,22,0.0005,176,0.0700841278224924,0.0041252070726207415,0.020642703567795143,0.08429145375948918,0.058658862968365255,-0.0012034765066081948,-0.0029217305660125467,0.07186498573427312
5,2.0,1.0,1.0,2,23,0.0005,184,0.07310627683802062,0.004156839504792419,0.018880132377476166,0.07712110325064794,0.058658862968365255,-0.0011010608187560361,-0.0030557786860363825,0.07458576741831488
5,2.0,1.0,1.0,2,24,0.0005,192,0.07612155153873645,0.004200606134502655,0.017334265801325747,0.07082823545068186,0.058658862968365255,-0.0010111844823941507,-0.003189421652108504,0.07736523542359947
5,2.0,1.0,1.0,2,25,0.0005,200,0.07912911739101891,0.004254560783697597,0.015970948899751175,0.06527530179134843,0.058658862968365255,-0.000931880818438216,-0.0033226799652593814,0.08018660662877972
5,2.0,1.0,1.0,2,26,0.0005,208,0.0821283634514629,0.0043171251677538505,0.014762505607169664,0.060350685827799955,0.058658862968365255,-0.0008615541529354981,-0.0034555710148183524,0.08303753887138016
5,2.0,1.0,1.0,2,27,0.0005,216,0.08511883928364838,0.004387008546841639,0.013686316865622963,0.05596305023263752,0.058658862968365255,-0.0007988988882597498,-0.0035881096585818895,0.08590888532808191
5,2.0,1.0,1.0,2,28,0.0005,224,0.08810021118159228,0.004463147124108814,0.012723750188125773,0.052037070943358105,0.058658862968365255,-0.0007428384464009952,-0.003720308677707819,0.08879381211310852
5,2.0,1.0,1.0,2,29,0.0005,232,0.09107223135474507,0.004544657833590926,0.011859344714145596,0.0485101826630116,0.058658862968365255,-0.0006924786967758279,-0.003852179136815098,0.09168717149261937
5,2.0,1.0,1.0,2,30,0.0005,240,0.09403471595057722,0.004630802742205523,0.011080184325592764,0.045330070688436405,0.058658862968365255,-0.0006470720706135691,-0.0039837306715919535,0.09458505450766955
5,2.0,1.0,1.0,2,31,0.0005,248,0.09698752918706144,0.004720961368710086,0.010375410784328047,0.04245271968740141,0.058658862968365255,-0.0006059896483305016,-0.004114971720379584,0.09748446966068129
5,2.0,1.0,1.0,2,32,0.0005,256,0.09993057176663711,0.004814608969963274,0.009735842235974977,0.03984088244100856,0.058658862968365255,-0.0005686992578691763,-0.004245909712094098,0.10038311050783107
5,2.0,1.0,1.0,2,33,0.0005,264,0.10286377232668131,0.004911299368641667,0.009153671789106097,0.03746286833755075,0.058658862968365255,-0.0005347481488807149,-0.004376551219760952,0.10327918628583324
5,2.0,1.0,1.0,2,34,0.0005,272,0.10578708106759438,0.005010651268498964,0.00862222751199622,0.03529157752559928,0.058658862968365255,-0.0005037491816366618,-0.004506902086862302,0.10617129751488677
5,2.0,1.0,1.0,2,35,0.0005,280,0.10870046496070818,0.0051123372709560855,0.00813577994340677,0.03330372540374919,0.058658862968365255,-0.0004753697390834505,-0.004636967531872635,0.10905834391853339
5,2.0,1.0,1.0,2,36,0.0005,288,0.11160390411233023,0.0052160750002877565,0.0076893866586696755,0.03147921575585861,0.058658862968365255,-0.0004493227649622067,-0.00476675223532555,0.1119394557345269
5,2.0,1.0,1.0,2,37,0.0005,296,0.11449738898296269,0.005321619887413191,0.007278765953870553,0.02980063083973175,0.058658862968365255,-0.00042535947472563396,-0.004896260412687557,0.11481394208369614
5,2.0,1.0,1.0,2,38,0.0005,304,0.11738091824392405,0.005428759267238251,0.006900193574239777,0.028252814140992212,0.058658862968365255,-0.0004032633915764666,-0.005025495875661784,0.1176812518717049
5,2.0,1.0,1.0,2,39,0.0005,312,0.12025449711336855,0.005537307523353754,0.006550417802723315,0.02682252703457775,0.058658862968365255,-0.0003828454393014491,-0.005154462084052305,0.12054094396768378
5,2.0,1.0,1.0,2,40,0.0005,320,0.12311813605599742,0.0056471020730173085,0.006226589269287903,0.025498164762245482,0.058658862968365255,-0.0003639398832141344,-0.005283162189803174,0.123392664299903
5,2.0,1.0,1.0,2,41,0.0005,328,0.1259718497597051,0.005758000030247894,0.005926202634037576,0.02426952029719974,0.058658862968365255,-0.0003464009556721631,-0.005411599074575731,0.12623612814530755
5,2.0,1.0,1.0,2,42,0.0005,336,0.12881565632593728,0.005869875419295213,0.005647047901962679,0.023127587085936936,0.058658862968365255,-0.00033010003736379245,-0.005539775381931421,0.12907110634653907
5,2.0,1.0,1.0,2,43,0.0005,344,0.1316495766253114,0.005982616837226763,0.005387169592673122,0.022064393520601817,0.058658862968365255,-0.00031492329220048076,-0.0056676935450262825,0.13189741451848086
5,2.0,1.0,1.0,2,44,0.0005,352,0.13447363378119404,0.006096125484597342,0.005144832349146092,0.021072863439872296,0.058658862968365255,-0.00030076967409697897,-0.005795355810500363,0.13471490454481705
5,2.0,1.0,1.0,2,45,0.0005,360,0.13728785275492572,0.006210313499706743,0.004918491849969395,0.02014669808374952,0.058658862968365255,-0.00028754924054155695,-0.005922764259165186,0.13752345784060283
5,2.0,1.0,1.0,2,46,0.0005,368,0.14009226000980146,0.006325102543895782,0.004706770110567182,0.019280275812661986,0.058658862968365255,-0.0002751817198612255,-0.006049920824034556,0.14032297998394067
5,2.0,1.0,1.0,2,47,0.0005,376,0.14288688323870014,0.00644042259577602,0.004508434432172374,0.018468566600087263,0.058658862968365255,-0.00026359528980278435,-0.006176827305973236,0.14311339641617965
5,2.0,1.0,1.0,2,48,0.0005,384,0.14567175114099484,0.00655621091961929,0.0043223793954968925,0.017707058862670464,0.058658862968365255,-0.00025272553216104665,-0.006303485387458244,0.1458946489797519
5,2.0,1.0,1.0,2,49,0.0005,392,0.1484468932403742,0.006672411180021216,0.004147611405933781,0.01699169663456591,0.058658862968365255,-0.00024251453542800672,-0.00642989664459321,0.14866669311725264
5,2.0,1.0,1.0,2,50,0.0005,400,0.15121233973492232,0.006788972679480684,0.003983235385089709,0.016318825447837106,0.058658862968365255,-0.0002329101217656282,-0.006556062557715056,0.15142949559447272
5,2.0,1.0,1.0,2,51,0.0005,408,0.15396812137263205,0.006905849699703759,0.003828443274633474,0.01568514556693301,0.058658862968365255,-0.00022386517897898806,-0.006681984520724771,0.15418303264066502
5,2.0,1.0,1.0,2,52,0.0005,416,0.15671426934889476,0.007023000930992437,0.0036825040757467345,0.015087671456949989,0.058658862968365255,-0.0002153370816218858,-0.006807663849370552,0.15692728842338172
5,2.0,1.0,1.0,2,53,0.0005,424,0.15945081522070836,0.00714038897638386,0.0035447551939917976,0.014523696553788807,0.058658862968365255,-0.000207287187842492,-0.006933101788541368,0.15966225379196164
5,2.0,1.0,1.0,2,54,0.0005,432,0.16217779083541062,0.007257979919640292,0.0034145948977235673,0.01399076255815938,0.058658862968365255,-0.00019968040083194472,-0.0070582995188083475,0.1623879252384195
5,2.0,1.0,1.0,2,55,0.0005,440,0.16489522827063796,0.007375742947776133,0.0032914757292325588,0.013486632601518268,0.058658862968365255,-0.00019248478556707638,-0.007183258162209057,0.1651043040344492
5,2.0,1.0,1.0,2,56,0.0005,448,0.16760315978414753,0.0074936500204901765,0.0031748987334308722,0.013009267735839526,0.058658862968365255,-0.00018567123307548783,-0.007307978787414689,0.16781139551222318
5,2.0,1.0,1.0,2,57,0.0005,456,0.1703016177712835,0.007611675579906219,0.0030644083902176197,0.01255680628488543,0.058658862968365255,-0.0001792131655008744,-0.007432462414405344,0.17050920846259293
5,2.0,1.0,1.0,2,58,0.0005,464,0.17299063472956222,0.0077297962951893145,0.002959588153984549,0.0121275456657529,0.058658862968365255,-0.00017308627664705534,-0.007556710018542259,0.17319775463006207
5,2.0,1.0,1.0,2,59,0.0005,472,0.17567024322790203,0.00784799083709617,0.0028600565187994233,0.01171992634863337,0.058658862968365255,-0.00016726830273150473,-0.007680722534364665,0.175877048287019
5,2.0,1.0,1.0,2,60,0.0005,480,0.17834047588105384,0.007966239678864978,0.0027654635392567466,0.011332517672109101,0.058658862968365255,-0.00016173881993397643,-0.007804500858931002,0.17854710587408798
5,2.0,1.0,1.0,2,61,0.0005,488,0.18100136532783884,0.008084524919713919,0.002675487748016433,0.010964005272666694,0.058658862968365255,-0.0001564790649056652,-0.007928045854808254,0.18120794569517273
5,2.0,1.0,1.0,2,62,0.0005,496,0.18365294421215317,0.008202830128148195,0.002589833418930507,0.010613179921850353,0.058658862968365255,-0.00015147177530189238,-0.008051358352846302,0.18385958765789567
5,2.0,1.0,1.0,2,63,0.0005,504,0.18629524516723972,0.008321140202646751,0.0025082281322030392,0.01027892759374975,0.058658862968365255,-0.00014670104801750572,-0.008174439154629246,0.18650205305234954
5,2.0,1.0,1.0,2,64,0.0005,512,0.1889283008019117,0.008439441247430013,0.002430420604172957,0.00996022061025214,0.058658862968365255,-0.00014215221271529632,-0.008297289034714717,0.18913536436170408
5,2.0,1.0,1.0,2,65,0.0005,520,0.1915521436888099,0.008557720461580792,0.0023561787492750196,0.009656109732447992,0.058658862968365255,-0.00013781171892369992,-0.008419908742657092,0.19175954509971457
5,2.0,1.0,1.0,2,66,0.0005,528,0.19416680635436723,0.008675966039859984,0.0022852879462166107,0.009365717084387687,0.058658862968365255,-0.00013366703497739996,-0.008542299004882584,0.19437461967095734
5,2.0,1.0,1.0,2,67,0.0005,536,0.1967723212701613,0.008794167083818777,0.0022175494841523468,0.009088229810557532,0.058658862968365255,-0.00012970655746399884,-0.008664460526354778,0.1969806132502595
5,2.0,1.0,1.0,2,68,0.0005,544,0.1993687208452557,0.008912313522012758,0.002152779167811011,0.00882289438139982,0.058658862968365255,-0.00012591952993307176,-0.008786393992079686,0.19957755167836508
5,2.0,1.0,1.0,2,69,0.0005,552,0.2019560374202103,0.009030396038351235,0.002090806063246647,0.008569011472294217,0.058658862968365255,-0.0001222959697796816,-0.008908100068571553,0.20216546137170463
5,2.0,1.0,1.0,2,70,0.0005,560,0.20453430326099298,0.00914840600740352,0.0020314713682802977,0.008325931350937298,0.058658862968365255,-0.00011882660233412945,-0.00902957940506939,0.20474436924365003
5,2.0,1.0,1.0,2,71,0.0005,568,0.20710355055456753,0.009266335436286313,0.0019746273935951917,0.008093049716245342,0.058658862968365255,-0.00011550280154788706,-0.009150832634738426,0.20731430263624737
5,2.0,1.0,1.0,2,72,0.0005,576,0.20966381140471058,0.009384176911991768,0.001920136642288225,0.007869803938964652,0.058658862968365255,-0.00011231653625339011,-0.009271860375738378,0.2098752892604866
5,2.0,1.0,1.0,2,73,0.0005,584,0.2122151178281957,0.009501923553781502,0.0018678709772459283,0.007655669660272614,0.058658862968365255,-0.00010926032155431087,-0.009392663232227191,0.212427357143968
5,2.0,1.0,1.0,2,74,0.0005,592,0.21475750175199138,0.009619568970192532,0.001817710866710458,0.007450157709932938,0.058658862968365255,-0.00010632717496383837,-0.009513241795228694,0.21497053458521906
5,2.0,1.0,1.0,2,75,0.0005,600,0.21729099501057103,0.009737107219874142,0.001769544699900788,0.007252811310149826,0.058658862968365255,-0.00010351057638816052,-0.009633596643485981,0.21750485011346593
5,2.0,1.0,1.0,2,76,0.0005,608,0.21981562934344678,0.009854532776109107,0.001723268165378056,0.007063203535248053,0.058658862968365255,-0.00010080443184408427,-0.009753728344265022,0.2200303324531664
5,2.0,1.0,1.0,2,77,0.0005,616,0.22233143639352426,0.00997184049454887,0.0016787836854485056,0.006880935000774628,0.058658862968365255,-9.820304056945561e-05,-0.009873637453979414,0.22254701049292036
5,2.0,1.0,1.0,2,78,0.0005,624,0.22483844770487582,0.010089025583753151,0.0016359999012073826,0.006705631758644437,0.058658862968365255,-9.570106482822971e-05,-0.009993324518924922,0.22505491325771787
5,2.0,1.0,1.0,2,79,0.0005,632,0.2273366947219584,0.010206083578497623,0.0015948312028287346,0.006536943377598583,0.058658862968365255,-9.329350265417646e-05,-0.010112790075843446,0.2275540698847819
5,2.0,1.0,1.0,2,80,0.0005,640,0.22982620878776294,0.010323010315185288,0.0015551973008387952,0.0063745411905613706,0.058658862968365255,-9.097566270721558e-05,-0.010232034652478073,0.23004450960173173
5,2.0,1.0,1.0,2,1,0.001,8,0.9004701069737633,0.6535395922213767,1.9998229269205892,40.79706361959276,0.058658862968365255,0.654966128579481,-0.0014265363581041912,0.9486428798321086
5,2.0,1.0,1.0,2,2,0.001,16,0.940935648089662,0.02830288256421931,1.9962249373682548,10.19926590489819,0.058658862968365255,-0.028668177626247515,0.0003652950620282036,0.9696818579947218
5,2.0,1.0,1.0,2,3,0.001,24,0.36463234036807834,0.06293930920413182,1.3003973223641723,4.533007068843639,0.058658862968365255,-0.0628284675516486,-0.00011084165248321457,0.596780950124729
5,2.0,1.0,1.0,2,4,0.001,32,0.14569741088017363,0.03697687312980253,0.6954692222969356,2.5498164762245477,0.058658862968365255,-0.0364046221092027,-0.0005722510205998302,0.3583372934243972
5,2.0,1.0,1.0,2,5,0.001,40,0.08121551492725299,0.024332333998832938,0.4290979916040719,1.6318825447837109,0.058658862968365255,-0.023378539004113782,-0.0009537949947191551,0.23639092257419303
5,2.0,1.0,1.0,2,6,0.001,48,0.06207693372210277,0.017530275225724784,0.2915331428652052,1.1332517672109097,0.058658862968365255,-0.016234945329699144,-0.0012953298960256404,0.1715022510810912
5,2.0,1.0,1.0,2,7,0.001,56,0.057627278086082034,0.013535733017733448,0.21126900511213084,0.8325931350937297,0.058658862968365255,-0.011921311521124564,-0.0016144214966088838,0.13460264462149507
5,2.0,1.0,1.0,2,8,0.001,64,0.05874915520209478,0.011041783671442547,0.1602898196809732,0.6374541190561369,0.058658862968365255,-0.009122292781429397,-0.0019194908900131494,0.11292294644243209
5,2.0,1.0,1.0,2,9,0.001,72,0.06226531209547459,0.009419504998586216,0.1258528362963413,0.5036674520937378,0.058658862968365255,-0.0072044457035246035,-0.0022150592950616124,0.1003531032128166
5,2.0,1.0,1.0,2,10,0.001,80,0.0669091979684645,0.00833723132693677,0.10147857930565199,0.4079706361959277,0.058658862968365255,-0.005833458554331344,-0.0025037727726054254,0.09366043229631013
5,2.0,1.0,1.0,2,11,0.001,88,0.07211919216260432,0.007606913452281774,0.08358356706504504,0.33716581503795673,0.058658862968365255,-0.004819628407864027,-0.0027872850444177477,0.09093962085305636
5,2.0,1.0,1.0,2,12,0.001,96,0.07762423036008825,0.007115560885247688,0.07005237259641726,0.2833129418027274,0.058658862968365255,-0.004048876705438867,-0.0030666841798088207,0.09094786820020409
5,2.0,1.0,1.0,2,13,0.001,104,0.08328420664852187,0.00679199287397983,0.05956947495142596,0.24140274331119982,0.058658862968365255,-0.0034492765739712605,-0.003342716300008569,0.09282186049036628
5,2.0,1.0,1.0,2,14,0.001,112,0.08902251704366893,0.006589571797334999,0.051281260316119015,0.20814828377343242,0.058658862968365255,-0.0029736610499890986,-0.0036159107473459004,0.09595368157153866
5,2.0,1.0,1.0,2,15,0.001,120,0.09479527795695142,0.006476712708798134,0.04461388045513618,0.18132028275374562,0.058658862968365255,-0.002590058770893522,-0.003886653937904612,0.09992202490224805
5,2.0,1.0,1.0,2,16,0.001,128,0.10057635129319631,0.006431411962757816,0.039169836202819344,0.15936352976403423,0.058658862968365255,-0.0022761770633590445,-0.0041552348993987714,0.10444121243140889
5,2.0,1.0,1.0,2,17,0.001,136,0.10634965318355416,0.006437962018474047,0.03466662385142993,0.1411663101023971,0.058658862968365255,-0.002016087605089159,-0.004421874413384888,0.10932048276865719
5,2.0,1.0,1.0,2,18,0.001,144,0.1121050155070622,0.006484908579934293,0.03089894739536346,0.12591686302343444,0.058658862968365255,-0.0017981643127298608,-0.004686744267204432,0.11443322637271001
5,2.0,1.0,1.0,2,19,0.001,152,0.11783586738989826,0.006563740937407185,0.027714680508680985,0.11301125656396885,0.058658862968365255,-0.0016137606107349545,-0.004949980326672231,0.1196952667031847
5,2.0,1.0,1.0,2,20,0.001,160,0.12353788960897127,0.0066680295674307125,0.024999137893995986,0.10199265904898193,0.058658862968365255,-0.0014563379388494585,-0.005211691628581254,0.12505024301988804
5,2.0,1.0,1.0,2,21,0.001,168,0.12920820890587237,0.006792844622192595,0.02266452499319535,0.09251034834374774,0.058658862968365255,-0.0013208777819920664,-0.005471966840200529,0.13046003222468006
5,2.0,1.0,1.0,2,22,0.001,176,0.13484490200913923,0.006934355441895114,0.020642703567795143,0.08429145375948918,0.058658862968365255,-0.0012034765066081948,-0.005730878935286919,0.13589854308070426
5,2.0,1.0,1.0,2,23,0.001,184,0.1404466826358457,0.007089549455182392,0.018880132377476166,0.07712110325064794,0.058658862968365255,-0.0011010608187560361,-0.005988488636426356,0.14134770004731323
5,2.0,1.0,1.0,2,24,0.001,192,0.14601269950034912,0.007256031470257378,0.017334265801325747,0.07082823545068186,0.058658862968365255,-0.0010111844823941507,-0.006244846987863227,0.14679483074801508
5,2.0,1.0,1.0,2,25,0.001,200,0.15154240329568736,0.0074318781233281145,0.015970948899751175,0.06527530179134843,0.058658862968365255,-0.000931880818438216,-0.0064999973048898985,0.1522309513492851
5,2.0,1.0,1.0,2,26,0.001,208,0.15703545746842262,0.007615530822339615,0.014762505607169664,0.060350685827799955,0.058658862968365255,-0.0008615541529354981,-0.006753976669404117,0.15764962883537176
5,2.0,1.0,1.0,2,27,0.001,216,0.16249167735428127,0.007805715978649097,0.013686316865622963,0.05596305023263752,0.058658862968365255,-0.0007988988882597498,-0.007006817090389347,0.16304621695512939
5,2.0,1.0,1.0,2,28,0.001,224,0.1679109880155678,0.00800138486021637,0.012723750188125773,0.052037070943358105,0.058658862968365255,-0.0007428384464009952,-0.0072585464138153755,0.16841733670531744
5,2.0,1.0,1.0,2,29,0.001,232,0.17329339461621784,0.008201667739736067,0.011859344714145596,0.0485101826630116,0.058658862968365255,-0.0006924786967758279,-0.007509189042960239,0.1737605186746795
5,2.0,1.0,1.0,2,30,0.001,240,0.17863896133318335,0.00840583858431386,0.011080184325592764,0.045330070688436405,0.058658862968365255,-0.0006470720706135691,-0.007758766513700291,0.17907395380489238
5,2.0,1.0,1.0,2,31,0.001,248,0.1839477961607967,0.00861328760611052,0.010375410784328047,0.04245271968740141,0.058658862968365255,-0.0006059896483305016,-0.008007297957780019,0.18435631764343072
5,2.0,1.0,1.0,2,32,0.001,256,0.1892200398386117,0.008823499736588171,0.009735842235974977,0.03984088244100856,0.058658862968365255,-0.0005686992578691763,-0.008254800478718995,0.18960664500556462
5,2.0,1.0,1.0,2,33,0.001,264,0.19445585769924645,0.009036037607855749,0.009153671789106097,0.03746286833755075,0.058658862968365255,-0.0005347481488807149,-0.008501289458975034,0.19482423961196138
5,2.0,1.0,1.0,2,34,0.001,272,0.1996554336071843,0.00925052799430906,0.00862222751199622,0.03529157752559928,0.058658862968365255,-0.0005037491816366618,-0.008746778812672398,0.2000086082641939
5,2.0,1.0,1.0,2,35,0.001,280,0.20481896541213707,0.009466650933848617,0.00813577994340677,0.03330372540374919,0.058658862968365255,-0.0004753697390834505,-0.008991281194765166,0.20515941242048163
5,2.0,1.0,1.0,2,36,0.001,288,0.20994666150909613,0.009684130940166874,0.0076893866586696755,0.03147921575585861,0.058658862968365255,-0.0004493227649622067,-0.009234808175204667,0.21027643223640735
5,2.0,1.0,1.0,2,37,0.001,296,0.21503873821561093,0.009902729859467552,0.007278765953870553,0.02980063083973175,0.058658862968365255,-0.00042535947472563396,-0.009477370384741918,0.21535953962313736
5,2.0,1.0,1.0,2,38,0.001,304,0.2200954177572888,0.010122241029185866,0.006900193574239777,0.028252814140992212,0.058658862968365255,-0.0004032633915764666,-0.0097189776376094,0.22040867789004626
5,2.0,1.0,1.0,2,39,0.001,312,0.22511692670991024,0.010342484474573317,0.006550417802723315,0.02682252703457775,0.058658862968365255,-0.0003828454393014491,-0.009959639035271868,0.2254238462381702
5,2.0,1.0,1.0,2,40,0.001,320,0.23010349478733727,0.010563302937779614,0.006226589269287903,0.025498164762245482,0.058658862968365255,-0.0003639398832141344,-0.01019936305456548,0.23040508785790184
5,2.0,1.0,1.0,2,41,0.001,328,0.23505535389239562,0.010784558578557521,0.005926202634037576,0.02426952029719974,0.058658862968365255,-0.0003464009556721631,-0.010438157622885358,0.2353524807261688
5,2.0,1.0,1.0,2,42,0.001,336,0.23997273737019065,0.011006130219972585,0.005647047901962679,0.023127587085936936,0.058658862968365255,-0.00033010003736379245,-0.010676030182608792,0.24026613044151768
5,2.0,1.0,1.0,2,43,0.001,344,0.24485587941772757,0.011227911038708266,0.005387169592673122,0.022064393520601817,0.058658862968365255,-0.00031492329220048076,-0.010912987746507785,0.24514616460884783
5,2.0,1.0,1.0,2,44,0.001,352,0.24970501461438643,0.011449806619680064,0.005144832349146092,0.021072863439872296,0.058658862968365255,-0.00030076967409697897,-0.011149036945583085,0.24999272841069076
5,2.0,1.0,1.0,2,45,0.001,360,0.2545203775480578,0.011671733311031579,0.004918491849969395,0.02014669808374952,0.058658862968365255,-0.00028754924054155695,-0.011384184070490022,0.2548059810936834
5,2.0,1.0,1.0,2,46,0.001,368,0.2593022025154317,0.011893616827460082,0.004706770110567182,0.019280275812661986,0.058658862968365255,-0.0002751817198612255,-0.011618435107598857,0.259586093164877
5,2.0,1.0,1.0,2,47,0.001,376,0.2640507232818924,0.012115391060178685,0.004508434432172374,0.018468566600087263,0.058658862968365255,-0.00026359528980278435,-0.0118517957703759,0.2643332441425944
5,2.0,1.0,1.0,2,48,0.001,384,0.26876617288764804,0.01233699705906724,0.0043223793954968925,0.017707058862670464,0.058658862968365255,-0.00025272553216104665,-0.012084271526906193,0.26904762074249466
5,2.0,1.0,1.0,2,49,0.001,392,0.2734487834919692,0.012558382159414634,0.004147611405933781,0.01699169663456591,0.058658862968365255,-0.00024251453542800672,-0.012315867623986627,0.2737294154077947
5,2.0,1.0,1.0,2,50,0.001,400,0.2780987862474995,0.012779499230116773,0.003983235385089709,0.016318825447837106,0.058658862968365255,-0.0002329101217656282,-0.012546589108351144,0.2783788251126547
5,2.0,1.0,1.0,2,51,0.001,408,0.2827164111982571,0.013000306024374984,0.003828443274633474,0.01568514556693301,0.058658862968365255,-0.00022386517897898806,-0.012776440845395996,0.28299605038350883
5,2.0,1.0,1.0,2,52,0.001,416,0.2873018871978775,0.01322076461736637,0.0036825040757467345,0.015087671456949989,0.058658862968365255,-0.0002153370816218858,-0.013005427535744483,0.2875812944955923
5,2.0,1.0,1.0,2,53,0.001,424,0.2918554418434006,0.013440840917758781,0.0035447551939917976,0.014523696553788807,0.058658862968365255,-0.000207287187842492,-0.01323355372991629,0.2921347628104695
5,2.0,1.0,1.0,2,54,0.001,432,0.2963773014223594,0.013660504242230712,0.0034145948977235673,0.01399076255815938,0.058658862968365255,-0.00019968040083194472,-0.013460823841398767,0.2966566622279637
5,2.0,1.0,1.0,2,55,0.001,440,0.3008676908701837,0.01387972694383869,0.0032914757292325588,0.013486632601518268,0.058658862968365255,-0.00019248478556707638,-0.013687242158271613,0.3011472007310061
5,2.0,1.0,1.0,2,56,0.001,448,0.3053268337366225,0.01409848408666231,0.0031748987334308722,0.013009267735839526,0.058658862968365255,-0.00018567123307548783,-0.013912812853586823,0.3056065870065862
5,2.0,1.0,1.0,2,57,0.001,456,0.3097549521591112,0.014316753160206447,0.0030644083902176197,0.01255680628488543,0.058658862968365255,-0.0001792131655008744,-0.014137539994705572,0.3100350301289988
5,2.0,1.0,1.0,2,58,0.001,464,0.3141522668425699,0.014534513828192375,0.002959588153984549,0.0121275456657529,0.058658862968365255,-0.00017308627664705534,-0.01436142755154532,0.3144327392946331
5,2.0,1.0,1.0,2,59,0.001,472,0.31851899704340636,0.014751747706884186,0.0028600565187994233,0.01171992634863337,0.058658862968365255,-0.00016726830273150473,-0.014584479404152681,0.31879992359905607
5,2.0,1.0,1.0,2,60,0.001,480,0.32285536055816866,0.014968438169356536,0.0027654635392567466,0.011332517672109101,0.058658862968365255,-0.00016173881993397643,-0.01480669934942256,0.32313679184954164
5,2.0,1.0,1.0,2,61,0.001,488,0.3271615737155622,0.015184570172052825,0.002675487748016433,0.010964005272666694,0.058658862968365255,-0.0001564790649056652,-0.01502809110714716,0.3274435524069847
5,2.0,1.0,1.0,2,62,0.001,496,0.3314378513709635,0.015400130100855391,0.002589833418930507,0.010613179921850353,0.058658862968365255,-0.00015147177530189238,-0.015248658325553499,0.33172041305229627
5,2.0,1.0,1.0,2,63,0.001,504,0.33568440690373746,0.015615105634274276,0.0025082281322030392,0.01027892759374975,0.058658862968365255,-0.00014670104801750572,-0.01546840458625677,0.33596758087353035
5,2.0,1.0,1.0,2,64,0.001,512,0.33990145221628154,0.015829485621484438,0.002430420604172957,0.00996022061025214,0.058658862968365255,-0.00014215221271529632,-0.01568733340876914,0.3401852621702821
5,2.0,1.0,1.0,2,65,0.001,520,0.3440891977348227,0.016043259973519526,0.0023561787492750196,0.009656109732447992,0.058658862968365255,-0.00013781171892369992,-0.015905448254595826,0.3443736623727616
5,2.0,1.0,1.0,2,66,0.001,528,0.348247852411647,0.016256419565954063,0.0022852879462166107,0.009365717084387687,0.058658862968365255,-0.00013366703497739996,-0.016122752530976663,0.348532985973251
5,2.0,1.0,1.0,2,67,0.001,536,0.3523776237284981,0.016468956151731676,0.0022175494841523468,0.009088229810557532,0.058658862968365255,-0.00012970655746399884,-0.016339249594267677,0.3526634364681018
5,2.0,1.0,1.0,2,68,0.001,544,0.3564787177008275,0.016680862282953804,0.002152779167811011,0.00882289438139982,0.058658862968365255,-0.00012591952993307176,-0.016554942753020732,0.3567652163086516
5,2.0,1.0,1.0,2,69,0.001,552,0.3605513388833327,0.01689213124064534,0.002090806063246647,0.008569011472294217,0.058658862968365255,-0.0001222959697796816,-0.01676983527086566,0.36083852685988527
5,2.0,1.0,1.0,2,70,0.001,560,0.364595690375479,0.017102756971380716,0.0020314713682802977,0.008325931350937298,0.058658862968365255,-0.00011882660233412945,-0.016983930369046586,0.3648835683654958
5,2.0,1.0,1.0,2,71,0.001,568,0.3686119738283251,0.017312734030368426,0.0019746273935951917,0.008093049716245342,0.058658862968365255,-0.00011550280154788706,-0.01719723122882054,0.3689005399186974
5,2.0,1.0,1.0,2,72,0.001,576,0.3726003894514849,0.017522057529890396,0.001920136642288225,0.007869803938964652,0.058658862968365255,-0.00011231653625339011,-0.017409740993637006,0.3728896394378026
5,2.0,1.0,1.0,2,73,0.001,584,0.3765611360203778,0.01773072309270461,0.0018678709772459283,0.007655669660272614,0.058658862968365255,-0.00010926032155431087,-0.0176214627711503,0.3768510636459259
5,2.0,1.0,1.0,2,74,0.001,592,0.3804944108842414,0.01793872680998705,0.001817710866710458,0.007450157709932938,0.058658862968365255,-0.00010632717496383837,-0.017832399635023213,0.38078500805437365
5,2.0,1.0,1.0,2,75,0.001,600,0.3844004099741989,0.018146065203042086,0.001769544699900788,0.007252811310149826,0.058658862968365255,-0.00010351057638816052,-0.018042554626653926,0.38469166694907453
5,2.0,1.0,1.0,2,76,0.001,608,0.3882793278114186,0.01835273518860498,0.001723268165378056,0.007063203535248053,0.058658862968365255,-0.00010080443184408427,-0.018251930756760897,0.3885712333797
5,2.0,1.0,1.0,2,77,0.001,616,0.39213135751592354,0.018558734047331035,0.0016787836854485056,0.006880935000774628,0.058658862968365255,-9.820304056945561e-05,-0.01846053100676158,0.3924238991511958
5,2.0,1.0,1.0,2,78,0.001,624,0.39595669081484364,0.018764059395007283,0.0016359999012073826,0.006705631758644437,0.058658862968365255,-9.570106482822971e-05,-0.018668358330179054,0.3962498548172208
5,2.0,1.0,1.0,2,79,0.001,632,0.3997555180517761,0.018968709156492042,0.0015948312028287346,0.006536943377598583,0.058658862968365255,-9.329350265417646e-05,-0.018875415653837865,0.4000492896755338
5,2.0,1.0,1.0,2,80,0.001,640,0.4035280281952236,0.019172681541727812,0.0015551973008387952,0.0063745411905613706,0.058658862968365255,-9.097566270721558e-05,-0.019081705879020597,0.40382239176475987
5,2.0,1.0,1.0,2,1,0.002,8,0.9009918642887036,0.6521144831132555,1.9998229269205892,40.79706361959276,0.058658862968365255,0.654966128579481,-0.0028516454662254054,0.9486330949030708
5,2.0,1.0,1.0,2,2,0.002,16,0.9415298943448697,0.027941590393290874,1.9962249373682548,10.19926590489819,0.058658862968365255,-0.028668177626247515,0.0007265872329566408,0.9696588899568287
5,2.0,1.0,1.0,2,3,0.002,24,0.37697964632112724,0.06304910911627107,1.3003973223641723,4.533007068843639,0.058658862968365255,-0.0628284675516486,-0.00022064156462246482,0.600293892708528
5,2.0,1.0,1.0,2,4,0.002,32,0.16803431647899958,0.037541424526172484,0.6954692222969356,2.5498164762245477,0.058658862968365255,-0.0364046221092027,-0.0011368024169697843,0.3666180939305701
5,2.0,1.0,1.0,2,5,0.002,40,0.11122240443359965,0.02526992143057203,0.4290979916040719,1.6318825447837109,0.058658862968365255,-0.023378539004113782,-0.0018913824264582477,0.24971450609337886
5,2.0,1.0,1.0,2,6,0.002,48,0.09869251994184802,0.018799014722670676,0.2915331428652052,1.1332517672109097,0.058658862968365255,-0.016234945329699144,-0.0025640693929715325,0.19040494293032612
5,2.0,1.0,1.0,2,7,0.002,56,0.10035037377391687,0.015111314207878535,0.21126900511213084,0.8325931350937297,0.058658862968365255,-0.011921311521124564,-0.0031900026867539705,0.15993862015371418
5,2.0,1.0,1.0,2,8,0.002,64,0.10728621807129712,0.012908333336361155,0.1602898196809732,0.6374541190561369,0.058658862968365255,-0.009122292781429397,-0.0037860405549317577,0.1456034488113227
5,2.0,1.0,1.0,2,9,0.002,72,0.11640954048364294,0.011565689245369812,0.1258528362963413,0.5036674520937378,0.058658862968365255,-0.0072044457035246035,-0.004361243541845208,0.14101333459989304
5,2.0,1.0,1.0,2,10,0.002,80,0.12649456210781618,0.010754381001943578,0.10147857930565199,0.4079706361959277,0.058658862968365255,-0.005833458554331344,-0.004920922447612233,0.14244905095214663
5,2.0,1.0,1.0,2,11,0.002,88,0.13700103173552325,0.010288031916221609,0.08358356706504504,0.33716581503795673,0.058658862968365255,-0.004819628407864027,-0.005468403508357582,0.14755606131593058
5,2.0,1.0,1.0,2,12,0.002,96,0.14767026973537367,0.010054758308186723,0.07005237259641726,0.2833129418027274,0.058658862968365255,-0.004048876705438867,-0.006005881602747856,0.15484218078437034
5,2.0,1.0,1.0,2,13,0.002,104,0.15837005493329948,0.009984144169225342,0.05956947495142596,0.24140274331119982,0.058658862968365255,-0.0034492765739712605,-0.006534867595254082,0.16339125634146906
5,2.0,1.0,1.0,2,14,0.002,112,0.16902926068447965,0.010030099698426984,0.051281260316119015,0.20814828377343242,0.058658862968365255,-0.0029736610499890986,-0.007056438648437885,0.1726546531968544
5,2.0,1.0,1.0,2,15,0.002,120,0.17960811745454153,0.010161444689530272,0.04461388045513618,0.18132028275374562,0.058658862968365255,-0.002590058770893522,-0.00757138591863675,0.18230638184355796
5,2.0,1.0,1.0,2,16,0.002,128,0.19008378928633085,0.0103564826924872,0.039169836202819344,0.15936352976403423,0.058658862968365255,-0.0022761770633590445,-0.008080305629128155,0.1921516213457689
5,2.0,1.0,1.0,2,17,0.002,136,0.20044298814507489,0.010599744960109833,0.03466662385142993,0.1411663101023971,0.058658862968365255,-0.002016087605089159,-0.008583657355020674,0.2020723666318034
5,2.0,1.0,1.0,2,18,0.002,144,0.2106780120781706,0.010879966841567806,0.03089894739536346,0.12591686302343444,0.058658862968365255,-0.0017981643127298608,-0.009081802528837946,0.2119959606201108
5,2.0,1.0,1.0,2,19,0.002,152,0.22078453261908793,0.011188791198766479,0.027714680508680985,0.11301125656396885,0.058658862968365255,-0.0016137606107349545,-0.009575030588031525,0.22187693854543378
5,2.0,1.0,1.0,2,20,0.002,160,0.2307603147827464,0.01151991510109069,0.024999137893995986,0.10199265904898193,0.058658862968365255,-0.0014563379388494585,-0.010063577162241231,0.2316864560136721
5,2.0,1.0,1.0,2,21,0.002,168,0.24060445320513302,0.011868514776412972,0.02266452499319535,0.09251034834374774,0.058658862968365255,-0.0013208777819920664,-0.010547636994420906,0.24140603533697447
5,2.0,1.0,1.0,2,22,0.002,176,0.2503169035531032,0.012230849801503046,0.020642703567795143,0.08429145375948918,0.058658862968365255,-0.0012034765066081948,-0.011027373294894852,0.2510237962820272
5,2.0,1.0,1.0,2,23,0.002,184,0.2598981879035752,0.012603985446705712,0.018880132377476166,0.07712110325064794,0.058658862968365255,-0.0011010608187560361,-0.011502924627949676,0.26053213887288146
5,2.0,1.0,1.0,2,24,0.002,192,0.269349205369978,0.01298559454161919,0.017334265801325747,0.07082823545068186,0.058658862968365255,-0.0010111844823941507,-0.01197441005922504,0.2699262904828289
5,2.0,1.0,1.0,2,25,0.002,200,0.27867110793762406,0.01337381387458822,0.015970948899751175,0.06527530179134843,0.058658862968365255,-0.000931880818438216,-0.012441933056150004,0.27920337726331357
5,2.0,1.0,1.0,2,26,0.002,208,0.28786521758378414,0.013767138633525647,0.014762505607169664,0.060350685827799955,0.058658862968365255,-0.0008615541529354981,-0.012905584480590149,0.2883618197679409
5,2.0,1.0,1.0,2,27,0.002,216,0.2969329700553728,0.014164343799511758,0.013686316865622963,0.05596305023263752,0.058658862968365255,-0.0007988988882597498,-0.013365444911252009,0.2974009327543623
5,2.0,1.0,1.0,2,28,0.002,224,0.3058758761724327,0.014564424911270288,0.012723750188125773,0.052037070943358105,0.058658862968365255,-0.0007428384464009952,-0.013821586464869293,0.30632065586673335
5,2.0,1.0,1.0,2,29,0.002,232,0.31469549484465387,0.014966552934916319,0.011859344714145596,0.0485101826630116,0.058658862968365255,-0.0006924786967758279,-0.014274074238140491,0.31512136963141546
5,2.0,1.0,1.0,2,30,0.002,240,0.3233934140371404,0.015370039530201995,0.011080184325592764,0.045330070688436405,0.058658862968365255,-0.0006470720706135691,-0.014722967459588426,0.3238037679510838
5,2.0,1.0,1.0,2,31,0.002,248,0.33197123720577393,0.015774310065623076,0.010375410784328047,0.04245271968740141,0.058658862968365255,-0.0006059896483305016,-0.015168320417292575,0.3323687685769915
5,2.0,1.0,1.0,2,32,0.002,256,0.340430573546326,0.01617888246974762,0.009735842235974977,0.03984088244100856,0.058658862968365255,-0.0005686992578691763,-0.015610183211878445,0.34081744947172343
5,2.0,1.0,1.0,2,33,0.002,264,0.34877303093434064,0.01658335052087998,0.009153671789106097,0.03746286833755075,0.058658862968365255,-0.0005347481488807149,-0.016048602371999267,0.34915100305699664
5,2.0,1.0,1.0,2,34,0.002,272,0.3570002107842626,0.016987370542518046,0.00862222751199622,0.03529157752559928,0.058658862968365255,-0.0005037491816366618,-0.016483621360881384,0.35737070297115237
5,2.0,1.0,1.0,2,35,0.002,280,0.36511370429280265,0.01739065073482697,0.00813577994340677,0.03330372540374919,0.058658862968365255,-0.0004753697390834505,-0.01691528099574352,0.3654778796801115
5,2.0,1.0,1.0,2,36,0.002,288,0.3731150896891373,0.017792942562155516,0.0076893866586696755,0.03147921575585861,0.058658862968365255,-0.0004493227649622067,-0.01734361979719331,0.37347390242364387
5,2.0,1.0,1.0,2,37,0.002,296,0.3810059302247837,0.01819403375659031,0.007278765953870553,0.02980063083973175,0.058658862968365255,-0.00042535947472563396,-0.017768674281864676,0.3813601657427936
5,2.0,1.0,1.0,2,38,0.002,304,0.3887877727108622,0.018593742600391858,0.006900193574239777,0.028252814140992212,0.058658862968365255,-0.0004032633915764666,-0.01819047920881539,0.38913807935268074
5,2.0,1.0,1.0,2,39,0.002,312,0.39646214646366873,0.01899191322733105,0.006550417802723315,0.02682252703457775,0.058658862968365255,-0.0003828454393014491,-0.0186090677880296,0.3968090604811706
5,2.0,1.0,1.0,2,40,0.002,320,0.4040305625572209,0.01938841174089776,0.006226589269287903,0.025498164762245482,0.058658862968365255,-0.0003639398832141344,-0.019024471857683627,0.4043745280411827
5,2.0,1.0,1.0,2,41,0.002,328,0.4114945133072774,0.019783122991180152,0.005926202634037576,0.02426952029719974,0.058658862968365255,-0.0003464009556721631,-0.01943672203550799,0.4118358981778114
5,2.0,1.0,1.0,2,42,0.002,336,0.4188554719318345,0.020175947885948856,0.005647047901962679,0.023127587085936936,0.058658862968365255,-0.00033010003736379245,-0.019845847848585063,0.41919458085446937
5,2.0,1.0,1.0,2,43,0.002,344,0.42611489234629374,0.02056680113733822,0.005387169592673122,0.022064393520601817,0.058658862968365255,-0.00031492329220048076,-0.02025187784513774,0.42645197723005496
5,2.0,1.0,1.0,2,44,0.002,352,0.43327420906144076,0.02095560936522599,0.005144832349146092,0.021072863439872296,0.058658862968365255,-0.00030076967409697897,-0.02065483969112901,0.43360947764249924
5,2.0,1.0,1.0,2,45,0.002,360,0.4403348371614453,0.021342309494609087,0.004918491849969395,0.02014669808374952,0.058658862968365255,-0.00028754924054155695,-0.02105476025406753,0.44066846006039523
5,2.0,1.0,1.0,2,46,0.002,368,0.44729817234274316,0.021726847395874098,0.004706770110567182,0.019280275812661986,0.058658862968365255,-0.0002751817198612255,-0.021451665676012872,0.44763028889796996
5,2.0,1.0,1.0,2,47,0.002,376,0.4541655910007535,0.02210917672709109,0.004508434432172374,0.018468566600087263,0.058658862968365255,-0.00026359528980278435,-0.021845581437288306,0.45449631411391783
5,2.0,1.0,1.0,2,48,0.002,384,0.46093845035269476,0.022489257944554718,0.0043223793954968925,0.017707058862670464,0.058658862968365255,-0.00025272553216104665,-0.02223653241239367,0.4612678705330313
5,2.0,1.0,1.0,2,49,0.002,392,0.46761808858919807,0.02286705745453728,0.004147611405933781,0.01699169663456591,0.058658862968365255,-0.00024251453542800672,-0.022624542919109272,0.46794627734373617
5,2.0,1.0,1.0,2,50,0.002,400,0.4742058250476844,0.02324254688358661,0.003983235385089709,0.016318825447837106,0.058658862968365255,-0.0002329101217656282,-0.02300963676182098,0.47453283773502425
5,2.0,1.0,1.0,2,51,0.002,408,0.4807029604020695,0.023615702448832876,0.003828443274633474,0.01568514556693301,0.058658862968365255,-0.00022386517897898806,-0.023391837269853888,0.4810288386443134
5,2.0,1.0,1.0,2,52,0.002,416,0.4871107768656342,0.023986504413077078,0.0036825040757467345,0.015087671456949989,0.058658862968365255,-0.0002153370816218858,-0.023771167331455192,0.4874355505940174
5,2.0,1.0,1.0,2,53,0.002,424,0.4934305384031291,0.02435493661186352,0.0035447551939917976,0.014523696553788807,0.058658862968365255,-0.000207287187842492,-0.024147649424021027,0.4937542275991469
5,2.0,1.0,1.0,2,54,0.002,432,0.4996634909501547,0.02472098604189972,0.0034145948977235673,0.01399076255815938,0.058658862968365255,-0.00019968040083194472,-0.024521305641067775,0.49998610713203595
5,2.0,1.0,1.0,2,55,0.002,440,0.5058108626373391,0.025084642501912835,0.0032914757292325588,0.013486632601518268,0.058658862968365255,-0.00019248478556707638,-0.02489215771634576,0.5061324101330685
5,2.0,1.0,1.0,2,56,0.002,448,0.5118738640181744,0.02544589827850774,0.0031748987334308722,0.013009267735839526,0.058658862968365255,-0.00018567123307548783,-0.02526022704543225,0.5121943410585107
5,2.0,1.0,1.0,2,57,0.002,456,0.5178536882988556,0.02580474787070211,0.0030644083902176197,0.01255680628488543,0.058658862968365255,-0.0001792131655008744,-0.025625534705201236,0.5181730879583089
5,2.0,1.0,1.0,2,58,0.002,464,0.5237515115696203,0.02616118774787758,0.002959588153984549,0.0121275456657529,0.058658862968365255,-0.00017308627664705534,-0.025988101471230526,0.5240698225780607
5,2.0,1.0,1.0,2,59,0.002,472,0.5295684930359339,0.026515216136410204,0.0028600565187994233,0.01171992634863337,0.058658862968365255,-0.00016726830273150473,-0.0263479478336787,0.5298857004805191
5,2.0,1.0,1.0,2,60,0.002,480,0.5353057752497683,0.026866832831497843,0.0027654635392567466,0.011332517672109101,0.058658862968365255,-0.00016173881993397643,-0.026705094011563867,0.5356218611827743
5,2.0,1.0,1.0,2,61,0.002,488,0.5409644843399952,0.02721603903060183,0.002675487748016433,0.010964005272666694,0.058658862968365255,-0.0001564790649056652,-0.027059559965696166,0.5412794283060472
5,2.0,1.0,1.0,2,62,0.002,496,0.5465457302413004,0.0275628371858046,0.002589833418930507,0.010613179921850353,0.058658862968365255,-0.00015147177530189238,-0.027411365410502708,0.5468595097355256
5,2.0,1.0,1.0,2,63,0.002,504,0.5520506069217972,0.027907230872774774,0.0025082281322030392,0.01027892759374975,0.058658862968365255,-0.00014670104801750572,-0.02776052982475727,0.5523631977881522
5,2.0,1.0,1.0,2,64,0.002,512,0.5574801926085914,0.028249224674093035,0.002430420604172957,0.00996022061025214,0.058658862968365255,-0.00014215221271529632,-0.02810707246137774,0.5577915693866544
5,2.0,1.0,1.0,2,65,0.002,520,0.5628355500113225,0.028588824075321703,0.0023561787492750196,0.009656109732447992,0.058658862968365255,-0.00013781171892369992,-0.028451012356398003,0.5631456862383666
5,2.0,1.0,1.0,2,66,0.002,528,0.5681177265434797,0.028926035372188706,0.0022852879462166107,0.009365717084387687,0.058658862968365255,-0.00013366703497739996,-0.028792368337211306,0.5684265950176819
5,2.0,1.0,1.0,2,67,0.002,536,0.5733277545413297,0.02926086558757854,0.0022175494841523468,0.009088229810557532,0.058658862968365255,-0.00012970655746399884,-0.02913115903011454,0.5736353275511383
5,2.0,1.0,1.0,2,68,0.002,544,0.5784666514802426,0.02959332239717867,0.002152779167811011,0.00882289438139982,0.058658862968365255,-0.00012591952993307176,-0.0294674028672456,0.5787729010043526
5,2.0,1.0,1.0,2,69,0.002,552,0.5835354201887988,0.02992341406282077,0.002090806063246647,0.008569011472294217,0.058658862968365255,-0.0001222959697796816,-0.029801118093041087,0.5838403180700438
5,2.0,1.0,1.0,2,70,0.002,560,0.5885350490597394,0.030251149372467038,0.0020314713682802977,0.008325931350937298,0.058658862968365255,-0.00011882660233412945,-0.03013232277013291,0.5888385671567239
5,2.0,1.0,1.0,2,71,0.002,568,0.5934665122587581,0.030576537586393882,0.0019746273935951917,0.008093049716245342,0.058658862968365255,-0.00011550280154788706,-0.030461034784845995,0.5937686225773907
5,2.0,1.0,1.0,2,72,0.002,576,0.5983307699303487,0.03089958838854969,0.001920136642288225,0.007869803938964652,0.058658862968365255,-0.00011231653625339011,-0.0307872718522963,0.59863144473799
5,2.0,1.0,1.0,2,73,0.002,584,0.6031287684008454,0.031220311842707852,0.0018678709772459283,0.007655669660272614,0.058658862968365255,-0.00010926032155431087,-0.03111105152115354,0.6034279803252613
5,2.0,1.0,1.0,2,74,0.002,592,0.607861440379025,0.03153871835295171,0.001817710866710458,0.007450157709932938,0.058658862968365255,-0.00010632717496383837,-0.03143239117798787,0.6081591624936269
5,2.0,1.0,1.0,2,75,0.002,600,0.6125297051538234,0.031854818627814,0.001769544699900788,0.007252811310149826,0.058658862968365255,-0.00010351057638816052,-0.03175130805142584,0.6128259110509702
5,2.0,1.0,1.0,2,76,0.002,608,0.6171344687892379,0.03216862364786891,0.001723268165378056,0.007063203535248053,0.058658862968365255,-0.00010080443184408427,-0.03206781921602483,0.6174291326431254
5,2.0,1.0,1.0,2,77,0.002,616,0.6216766243168194,0.03248014463634558,0.0016787836854485056,0.006880935000774628,0.058658862968365255,-9.820304056945561e-05,-0.03238194159577613,0.6219697209368084
5,2.0,1.0,1.0,2,78,0.002,624,0.6261570519250024,0.032789393032422634,0.0016359999012073826,0.006705631758644437,0.058658862968365255,-9.570106482822971e-05,-0.032693691967594404,0.6264485568010316
5,2.0,1.0,1.0,2,79,0.002,632,0.6305766191463908,0.0330963804670632,0.0015948312028287346,0.006536943377598583,0.058658862968365255,-9.329350265417646e-05,-0.033003086964409026,0.6308665084866416
5,2.0,1.0,1.0,2,80,0.002,640,0.6349361810417441,0.03340111874089724,0.0015551973008387952,0.0063745411905613706,0.058658862968365255,-9.097566270721558e-05,-0.033310143078190024,0.6352244318042037
5,2.0,1.0,1.0,2,1,0.005,8,0.9025354757980105,0.647847719288791,1.9998229269205892,40.79706361959276,0.058658862968365255,0.654966128579481,-0.007118409290689853,0.9486124893625587
5,2.0,1.0,1.0,2,2,0.005,16,0.9432545972654053,0.02688150615551803,1.9962249373682548,10.19926590489819,0.058658862968365255,-0.028668177626247515,0.0017866714707294867,0.9696019937385678
5,2.0,1.0,1.0,2,3,0.005,24,0.41254000423712367,0.06337227503450858,1.3003973223641723,4.533007068843639,0.058658862968365255,-0.0628284675516486,-0.000543807482859985,0.6111216490444683
5,2.0,1.0,1.0,2,4,0.005,32,0.23147356344252712,0.03918970288166769,0.6954692222969356,2.5498164762245477,0.058658862968365255,-0.0364046221092027,-0.00278508077246499,0.3929418142926091
5,2.0,1.0,1.0,2,5,0.005,40,0.19525604080161107,0.027987754162585962,0.4290979916040719,1.6318825447837109,0.058658862968365255,-0.023378539004113782,-0.00460921515847218,0.29390248871824143
5,2.0,1.0,1.0,2,6,0.005,48,0.1998125707511893,0.022450398188383784,0.2915331428652052,1.1332517672109097,0.058658862968365255,-0.016234945329699144,-0.0062154528586846405,0.2551948549178084
5,2.0,1.0,1.0,2,7,0.005,56,0.21671038256997344,0.019613190022703314,0.21126900511213084,0.8325931350937297,0.058658862968365255,-0.011921311521124564,-0.00769187850157875,0.2470666671548262
5,2.0,1.0,1.0,2,8,0.005,64,0.23766601279065225,0.018203221980286115,0.1602898196809732,0.6374541190561369,0.058658862968365255,-0.009122292781429397,-0.009080929198856717,0.2545881990513442
5,2.0,1.0,1.0,2,9,0.005,72,0.25986207582428367,0.01761000379438863,0.1258528362963413,0.5036674520937378,0.058658862968365255,-0.0072044457035246035,-0.010405558090864027,0.26970746474131035
5,2.0,1.0,1.0,2,10,0.005,80,0.2822119373546321,0.017512801981853926,0.10147857930565199,0.4079706361959277,0.058658862968365255,-0.005833458554331344,-0.011679343427522582,0.2882573208669358
5,2.0,1.0,1.0,2,11,0.005,88,0.3042577098270437,0.017730526620538416,0.08358356706504504,0.33716581503795673,0.058658862968365255,-0.004819628407864027,-0.012910898212674389,0.30818445374466996
5,2.0,1.0,1.0,2,12,0.005,96,0.32579642924854624,0.018154878782574914,0.07005237259641726,0.2833129418027274,0.058658862968365255,-0.004048876705438867,-0.014106002077136047,0.3284899700460496
5,2.0,1.0,1.0,2,13,0.005,104,0.3467378739079052,0.01871799582067342,0.05956947495142596,0.24140274331119982,0.058658862968365255,-0.0034492765739712605,-0.015268719246702159,0.34868247625650506
5,2.0,1.0,1.0,2,14,0.005,112,0.3670452252478549,0.01937568527522033,0.051281260316119015,0.20814828377343242,0.058658862968365255,-0.0029736610499890986,-0.01640202422523123,0.3685166338874221
5,2.0,1.0,1.0,2,15,0.005,120,0.3867083399948352,0.02009822982754568,0.04461388045513618,0.18132028275374562,0.058658862968365255,-0.002590058770893522,-0.017508171056652158,0.3878697735259933
5,2.0,1.0,1.0,2,16,0.005,128,0.405730924042059,0.02086509814450109,0.039169836202819344,0.15936352976403423,0.058658862968365255,-0.0022761770633590445,-0.018588921081142046,0.40668251642662184
5,2.0,1.0,1.0,2,17,0.005,136,0.4241240420352852,0.02166177634624071,0.03466662385142993,0.1411663101023971,0.058658862968365255,-0.002016087605089159,-0.01964568874115155,0.42492925282057625
5,2.0,1.0,1.0,2,18,0.005,144,0.44190268312041747,0.02247780225915158,0.03089894739536346,0.12591686302343444,0.058658862968365255,-0.0017981643127298608,-0.02067963794642172,0.4426029220115021
5,2.0,1.0,1.0,2,19,0.005,152,0.45908387455628286,0.023305508155875843,0.027714680508680985,0.11301125656396885,0.058658862968365255,-0.0016137606107349545,-0.021691747545140888,0.45970688000368487
5,2.0,1.0,1.0,2,20,0.005,160,0.47568561311423707,0.024139194832135065,0.024999137893995986,0.10199265904898193,0.058658862968365255,-0.0014563379388494585,-0.022682856893285606,0.47625040646360156
5,2.0,1.0,1.0,2,21,0.005,168,0.49172624476789273,0.02497457603824768,0.02266452499319535,0.09251034834374774,0.058658862968365255,-0.0013208777819920664,-0.023653698256255615,0.49224614597344934
5,2.0,1.0,1.0,2,22,0.005,176,0.5072240981952068,0.025808396796807145,0.020642703567795143,0.08429145375948918,0.058658862968365255,-0.0012034765066081948,-0.02460492029019895,0.507708611206239
5,2.0,1.0,1.0,2,23,0.005,184,0.5221972661179438,0.02663816617074949,0.018880132377476166,0.07712110325064794,0.058658862968365255,-0.0011010608187560361,-0.025537105351993453,0.5226532868246551
5,2.0,1.0,1.0,2,24,0.005,192,0.5366634749163822,0.02746196694096904,0.017334265801325747,0.07082823545068186,0.058658862968365255,-0.0010111844823941507,-0.02645078245857489,0.5370960826717461
5,2.0,1.0,1.0,2,25,0.005,200,0.5506400081021798,0.028278317944897748,0.015970948899751175,0.06527530179134843,0.058658862968365255,-0.000931880818438216,-0.02734643712645953,0.5510529952103346
5,2.0,1.0,1.0,2,26,0.005,208,0.5641436632596402,0.02908607309240854,0.014762505607169664,0.060350685827799955,0.058658862968365255,-0.0008615541529354981,-0.02822451893947304,0.564539895975809
5,2.0,1.0,1.0,2,27,0.005,216,0.577190730101362,0.029884346326983703,0.013686316865622963,0.05596305023263752,0.058658862968365255,-0.0007988988882597498,-0.029085447438723953,0.5775723991004654
5,2.0,1.0,1.0,2,28,0.005,224,0.5897969819995639,0.030672455203898996,0.012723750188125773,0.052037070943358105,0.058658862968365255,-0.0007428384464009952,-0.029929616757498,0.5901657789732437
5,2.0,1.0,1.0,2,29,0.005,232,0.6019776761818258,0.03144987800293042,0.011859344714145596,0.0485101826630116,0.058658862968365255,-0.0006924786967758279,-0.030757399306154596,0.6023349202044421
5,2.0,1.0,1.0,2,30,0.005,240,0.6137475595117544,0.03221622080059701,0.011080184325592764,0.045330070688436405,0.058658862968365255,-0.0006470720706135691,-0.03156914872998344,0.6140942886960932
5,2.0,1.0,1.0,2,31,0.005,248,0.6251208778526895,0.03297119195340227,0.010375410784328047,0.04245271968740141,0.058658862968365255,-0.0006059896483305016,-0.03236520230507177,0.6254579166590362
5,2.0,1.0,1.0,2,32,0.005,256,0.6361113876977261,0.03371458215351019,0.009735842235974977,0.03984088244100856,0.058658862968365255,-0.0005686992578691763,-0.033145882895641014,0.6364393969251767
5,2.0,1.0,1.0,2,33,0.005,264,0.6467323691891501,0.03444624871496932,0.009153671789106097,0.03746286833755075,0.058658862968365255,-0.0005347481488807149,-0.033911500566088604,0.6470518834876843
5,2.0,1.0,1.0,2,34,0.005,272,0.6569966399380232,0.035166103100774795,0.00862222751199622,0.03529157752559928,0.058658862968365255,-0.0005037491816366618,-0.034662353919138134,0.6573080962187902
5,2.0,1.0,1.0,2,35,0.005,280,0.6669165692458816,0.03587410095383137,0.00813577994340677,0.03330372540374919,0.058658862968365255,-0.0004753697390834505,-0.03539873121474792,0.6672203283774415
5,2.0,1.0,1.0,2,36,0.005,288,0.6765040924573273,0.03657023407749114,0.0076893866586696755,0.03147921575585861,0.058658862968365255,-0.0004493227649622067,-0.03612091131252893,0.6768004559575302
5,2.0,1.0,1.0,2,37,0.005,296,0.6857707252594173,0.037254523945654316,0.007278765953870553,0.02980063083973175,0.058658862968365255,-0.00042535947472563396,-0.03682916447092868,0.6860599482206833
5,2.0,1.0,1.0,2,38,0.005,304,0.6947275778025932,0.0379270164210653,0.006900193574239777,0.028252814140992212,0.058658862968365255,-0.0004032633915764666,-0.037523753029488835,0.6950098789568708
5,2.0,1.0,1.0,2,39,0.005,312,0.7033853685589186,0.03858777743436534,0.006550417802723315,0.02682252703457775,0.058658862968365255,-0.0003828454393014491,-0.03820493199506389,0.7036609381525454
5,2.0,1.0,1.0,2,40,0.005,320,0.7117544378619838,0.039236889431901636,0.006226589269287903,0.025498164762245482,0.058658862968365255,-0.0003639398832141344,-0.0388729495486875,0.7120234438407265
5,2.0,1.0,1.0,2,41,0.005,328,0.7198447610923655,0.03987444844214359,0.005926202634037576,0.02426952029719974,0.058658862968365255,-0.0003464009556721631,-0.03952804748647143,0.7201073539739707
5,2.0,1.0,1.0,2,42,0.005,336,0.7276659614871462,0.04050056164279461,0.005647047901962679,0.023127587085936936,0.058658862968365255,-0.00033010003736379245,-0.040170461605430814,0.7279222782077617
5,2.0,1.0,1.0,2,43,0.005,344,0.7352273225615767,0.0411153453352376,0.005387169592673122,0.022064393520601817,0.058658862968365255,-0.00031492329220048076,-0.04080042204303712,0.7354774895154383
5,2.0,1.0,1.0,2,44,0.005,352,0.7425378001378333,0.04171892325185603,0.005144832349146092,0.021072863439872296,0.058658862968365255,-0.00030076967409697897,-0.04141815357775905,0.7427819355799661
5,2.0,1.0,1.0,2,45,0.005,360,0.7496060339815545,0.04231142513700065,0.004918491849969395,0.02014669808374952,0.058658862968365255,-0.00028754924054155695,-0.04202387589645909,0.74984424992463
5,2.0,1.0,1.0,2,46,0.005,368,0.7564403590493955,0.04289298555353257,0.004706770110567182,0.019280275812661986,0.058658862968365255,-0.0002751817198612255,-0.04261780383367134,0.7566727627580748
5,2.0,1.0,1.0,2,47,0.005,376,0.763048816354232,0.04346374287646112,0.004508434432172374,0.018468566600087263,0.058658862968365255,-0.00026359528980278435,-0.043200147586658334,0.7632755115175803
5,2.0,1.0,1.0,2,48,0.005,384,0.7694391634554578,0.044023838442008786,0.0043223793954968925,0.017707058862670464,0.058658862968365255,-0.00025272553216104665,-0.04377111290984774,0.7696602511020006
5,2.0,1.0,1.0,2,49,0.005,392,0.775618884583922,0.04457341582671442,0.004147611405933781,0.01699169663456591,0.058658862968365255,-0.00024251453542800672,-0.04433090129128641,0.775834463789875
5,2.0,1.0,1.0,2,50,0.005,400,0.781595200411096,0.04511262023538603,0.003983235385089709,0.016318825447837106,0.058658862968365255,-0.0002329101217656282,-0.0448797101136204,0.7818053688424832
5,2.0,1.0,1.0,2,51,0.005,408,0.7873750774726103,0.045641597980593994,0.003828443274633474,0.01568514556693301,0.058658862968365255,-0.00022386517897898806,-0.045417732801615006,0.7875799317942749
5,2.0,1.0,1.0,2,52,0.005,416,0.7929652372570529,0.04616049603946991,0.0036825040757467345,0.015087671456949989,0.058658862968365255,-0.0002153370816218858,-0.04594515895784802,0.7931648734344683
5,2.0,1.0,1.0,2,53,0.005,424,0.7983721649703537,0.0466694616759334,0.0035447551939917976,0.014523696553788807,0.058658862968365255,-0.000207287187842492,-0.04646217448809091,0.7985666784857063
5,2.0,1.0,1.0,2,54,0.005,432,0.8036021179865458,0.04716864211841666,0.0034145948977235673,0.01399076255815938,0.058658862968365255,-0.00019968040083194472,-0.04696896171758472,0.8037916039861241
5,2.0,1.0,1.0,2,55,0.005,440,0.8086611339952381,0.04765818428486292,0.0032914757292325588,0.013486632601518268,0.058658862968365255,-0.00019248478556707638,-0.04746569949929584,0.8088456873822998
5,2.0,1.0,1.0,2,56,0.005,448,0.8135550388562706,0.04813823454808601,0.0031748987334308722,0.013009267735839526,0.058658862968365255,-0.00018567123307548783,-0.04795256331501052,0.8137347543405997
5,2.0,1.0,1.0,2,57,0.005,456,0.8182894541715398,0.04860893853566246,0.0030644083902176197,0.01255680628488543,0.058658862968365255,-0.0001792131655008744,-0.04842972537016159,0.8184644262851082
5,2.0,1.0,1.0,2,58,0.005,464,0.8228698045840451,0.04907044095946397,0.002959588153984549,0.0121275456657529,0.058658862968365255,-0.00017308627664705534,-0.04889735468281692,0.8230401276700139
5,2.0,1.0,1.0,2,59,0.005,472,0.8273013248134555,0.049522885470551455,0.0028600565187994233,0.01171992634863337,0.058658862968365255,-0.00016726830273150473,-0.04935561716781995,0.8274670929951986
5,2.0,1.0,1.0,2,60,0.005,480,0.8315890664378781,0.04996641453613196,0.0027654635392567466,0.011332517672109101,0.058658862968365255,-0.00016173881993397643,-0.04980467571619798,0.8317503735726447
5,2.0,1.0,1.0,2,61,0.005,488,0.8357379044307133,0.05040116933536917,0.002675487748016433,0.010964005272666694,0.058658862968365255,-0.0001564790649056652,-0.05024469027046351,0.8358948440520888
5,2.0,1.0,1.0,2,62,0.005,496,0.8397525434613022,0.05082728967156043,0.002589833418930507,0.010613179921850353,0.058658862968365255,-0.00015147177530189238,-0.05067581789625854,0.8399052087140269
5,2.0,1.0,1.0,2,63,0.005,504,0.8436375239680534,0.05124491389853869,0.0025082281322030392,0.01027892759374975,0.058658862968365255,-0.00014670104801750572,-0.051098212850521185,0.8437860075376223
5,2.0,1.0,1.0,2,64,0.005,512,0.8473972280120818,0.0516541788593243,0.002430420604172957,0.00996022061025214,0.058658862968365255,-0.00014215221271529632,-0.051512026646609005,0.8475416220514813
5,2.0,1.0,1.0,2,65,0.005,520,0.851035884919373,0.0520552198354891,0.0023561787492750196,0.009656109732447992,0.058658862968365255,-0.00013781171892369992,-0.0519174081165654,0.851176280974683
5,2.0,1.0,1.0,2,66,0.005,528,0.8545575767191254,0.05244817050580662,0.0022852879462166107,0.009365717084387687,0.058658862968365255,-0.00013366703497739996,-0.05231450347082922,0.8546940656553497
5,2.0,1.0,1.0,2,67,0.005,536,0.8579662433856496,0.05283316291298442,0.0022175494841523468,0.009088229810557532,0.058658862968365255,-0.00012970655746399884,-0.05270345635552042,0.8580989153139048
5,2.0,1.0,1.0,2,68,0.005,544,0.861265687890929,0.05321032743745169,0.002152779167811011,0.00882289438139982,0.058658862968365255,-0.00012591952993307176,-0.053084407907518616,0.8613946320979675
5,2.0,1.0,1.0,2,69,0.005,552,0.8644595810748523,0.05357979277733889,0.002090806063246647,0.008569011472294217,0.058658862968365255,-0.0001222959697796816,-0.05345749680755921,0.8645848859552552
5,2.0,1.0,1.0,2,70,0.005,560,0.8675514663394982,0.053941685933717204,0.0020314713682802977,0.008325931350937298,0.058658862968365255,-0.00011882660233412945,-0.053822859331383074,0.867673219331582
5,2.0,1.0,1.0,2,71,0.005,568,0.8705447641741779,0.05429613220068072,0.0019746273935951917,0.008093049716245342,0.058658862968365255,-0.00011550280154788706,-0.05418062939913283,0.8706630516994478
5,2.0,1.0,1.0,2,72,0.005,576,0.8734427765171742,0.05464325515938845,0.001920136642288225,0.007869803938964652,0.058658862968365255,-0.00011231653625339011,-0.05453093862313506,0.8735576839238435
5,2.0,1.0,1.0,2,73,0.005,584,0.876248690960168,0.05498317667571774,0.0018678709772459283,0.007655669660272614,0.058658862968365255,-0.00010926032155431087,-0.05487391635416343,0.87636030247103
5,2.0,1.0,1.0,2,74,0.005,592,0.8789655848011926,0.055316016901121826,0.001817710866710458,0.007450157709932938,0.058658862968365255,-0.00010632717496383837,-0.05520968972615799,0.879073983465593
5,2.0,1.0,1.0,2,75,0.005,600,0.8815964289515082,0.055641894276096567,0.001769544699900788,0.007252811310149826,0.058658862968365255,-0.00010351057638816052,-0.055538383699708406,0.8817016966016369
5,2.0,1.0,1.0,2,76,0.005,608,0.8841440917017231,0.05596092553610081,0.001723268165378056,0.007063203535248053,0.058658862968365255,-0.00010080443184408427,-0.05586012110425673,0.8842463089133182
5,2.0,1.0,1.0,2,77,0.005,616,0.8866113423524186,0.05627322571951657,0.0016787836854485056,0.006880935000774628,0.058658862968365255,-9.820304056945561e-05,-0.05617502267894711,0.8867105884094706
5,2.0,1.0,1.0,2,78,0.005,624,0.8890008547139787,0.056578908177411125,0.0016359999012073826,0.006705631758644437,0.058658862968365255,-9.570106482822971e-05,-0.056483207112582895,0.8890972075778989
5,2.0,1.0,1.0,2,79,0.005,632,0.8913152104807103,0.05687808458491439,0.0015948312028287346,0.006536943377598583,0.058658862968365255,-9.329350265417646e-05,-0.056784791082260214,0.8914087467630741
5,2.0,1.0,1.0,2,80,0.005,640,0.8935569024834573,0.057170864953869395,0.0015551973008387952,0.0063745411905613706,0.058658862968365255,-9.097566270721558e-05,-0.05707988929116218,0.8936476974230159
5,2.0,1.0,1.0,2,1,0.01,8,0.905037239429586,0.6407649912476785,1.9998229269205892,40.79706361959276,0.058658862968365255,0.654966128579481,-0.014201137331802394,0.9486062215751647
5,2.0,1.0,1.0,2,2,0.01,16,0.9459438589395476,0.025192668323026787,1.9962249373682548,10.19926590489819,0.058658862968365255,-0.028668177626247515,0.003475509303220728,0.9695442741361838
5,2.0,1.0,1.0,2,3,0.01,24,0.4671557053820101,0.06389021460746833,1.3003973223641723,4.533007068843639,0.058658862968365255,-0.0628284675516486,-0.0010617470558197204,0.6299575736983339
5,2.0,1.0,1.0,2,4,0.01,32,0.32622668211033334,0.04179038840545405,0.6954692222969356,2.5498164762245477,0.058658862968365255,-0.0364046221092027,-0.00538576629625135,0.44034129131899025
5,2.0,1.0,1.0,2,5,0.01,40,0.31729571771079723,0.032214468613843875,0.4290979916040719,1.6318825447837109,0.058658862968365255,-0.023378539004113782,-0.008835929609730092,0.37476770017265404
5,2.0,1.0,1.0,2,6,0.01,48,0.34263520777264955,0.028046972917785767,0.2915331428652052,1.1332517672109097,0.058658862968365255,-0.016234945329699144,-0.011812027588086624,0.3695344742820731
5,2.0,1.0,1.0,2,7,0.01,56,0.376574673403574,0.026413329262408358,0.21126900511213084,0.8325931350937297,0.058658862968365255,-0.011921311521124564,-0.014492017741283794,0.38957946163952617
5,2.0,1.0,1.0,2,8,0.01,64,0.41193197879630805,0.026084968076005195,0.1602898196809732,0.6374541190561369,0.058658862968365255,-0.009122292781429397,-0.016962675294575798,0.41872287861783114
5,2.0,1.0,1.0,2,9,0.01,72,0.4464255246403429,0.02647622695594197,0.1258528362963413,0.5036674520937378,0.058658862968365255,-0.0072044457035246035,-0.019271781252417367,0.4502982249674644
5,2.0,1.0,1.0,2,10,0.01,80,0.4792863698747173,0.027281766626301114,0.10147857930565199,0.4079706361959277,0.058658862968365255,-0.005833458554331344,-0.02144830807196977,0.48169300612557353
5,2.0,1.0,1.0,2,11,0.01,88,0.5102774964037551,0.028330859031503574,0.08358356706504504,0.33716581503795673,0.058658862968365255,-0.004819628407864027,-0.023511230623639547,0.511895752230199
5,2.0,1.0,1.0,2,12,0.01,96,0.5393672720627405,0.02952266530979031,0.07005237259641726,0.2833129418027274,0.058658862968365255,-0.004048876705438867,-0.025473788604351445,0.5405337716889429
5,2.0,1.0,1.0,2,13,0.01,104,0.5666077711914874,0.030795000100646362,0.05956947495142596,0.24140274331119982,0.058658862968365255,-0.0034492765739712605,-0.0273457235266751,0.5674998500374402
5,2.0,1.0,1.0,2,14,0.01,112,0.5920852448436272,0.03210819305761254,0.051281260316119015,0.20814828377343242,0.058658862968365255,-0.0029736610499890986,-0.02913453200762344,0.592801414014557
5,2.0,1.0,1.0,2,15,0.01,120,0.6158985462777626,0.03343626529015216,0.04461388045513618,0.18132028275374562,0.058658862968365255,-0.002590058770893522,-0.03084620651925864,0.616496181085984
5,2.0,1.0,1.0,2,16,0.01,128,0.6381492711746894,0.03476187026760024,0.039169836202819344,0.15936352976403423,0.058658862968365255,-0.0022761770633590445,-0.032485693204241196,0.6386632308164062
5,2.0,1.0,1.0,2,17,0.01,136,0.6589371335269824,0.036073273377737636,0.03466662385142993,0.1411663101023971,0.058658862968365255,-0.002016087605089159,-0.03405718577264848,0.6593894184548812
5,2.0,1.0,1.0,2,18,0.01,144,0.6783578077396605,0.037362484771230955,0.03089894739536346,0.12591686302343444,0.058658862968365255,-0.0017981643127298608,-0.035564320458501095,0.6787627929973582
5,2.0,1.0,1.0,2,19,0.01,152,0.6965019818203707,0.03862406972514848,0.027714680508680985,0.11301125656396885,0.058658862968365255,-0.0016137606107349545,-0.037010309114413525,0.6968693667263892
5,2.0,1.0,1.0,2,20,0.01,160,0.7134550237581898,0.0398543703622406,0.024999137893995986,0.10199265904898193,0.058658862968365255,-0.0014563379388494585,-0.03839803242339114,0.7137915540688764
5,2.0,1.0,1.0,2,21,0.01,168,0.7292969639099616,0.041050984477698726,0.02266452499319535,0.09251034834374774,0.058658862968365255,-0.0013208777819920664,-0.03973010669570666,0.7296074695194484
5,2.0,1.0,1.0,2,22,0.01,176,0.7441026402916271,0.042212409254122035,0.020642703567795143,0.08429145375948918,0.058658862968365255,-0.0012034765066081948,-0.04100893274751384,0.7443906783911935
5,2.0,1.0,1.0,2,23,0.01,184,0.7579419255384119,0.04333779318068032,0.018880132377476166,0.07712110325064794,0.058658862968365255,-0.0011010608187560361,-0.04223673236192428,0.7582101894059483
5,2.0,1.0,1.0,2,24,0.01,192,0.7708799914340689,0.04442676045929213,0.017334265801325747,0.07082823545068186,0.058658862968365255,-0.0010111844823941507,-0.04341557597689798,0.7711305761518805
5,2.0,1.0,1.0,2,25,0.01,200,0.7829775867020834,0.04547928488326368,0.015970948899751175,0.06527530179134843,0.058658862968365255,-0.000931880818438216,-0.04454740406482546,0.7832121653539525
5,2.0,1.0,1.0,2,26,0.01,208,0.7942913145878623,0.04649559805565608,0.014762505607169664,0.060350685827799955,0.058658862968365255,-0.0008615541529354981,-0.045634043902720585,0.7945112571801625
5,2.0,1.0,1.0,2,27,0.01,216,0.804873902831049,0.04747612181225955,0.013686316865622963,0.05596305023263752,0.058658862968365255,-0.0007988988882597498,-0.0466772229239998,0.8050803578258199
5,2.0,1.0,1.0,2,28,0.01,224,0.8147744620916226,0.04842141794629036,0.012723750188125773,0.052037070943358105,0.058658862968365255,-0.0007428384464009952,-0.047678579499889365,0.8149684130908907
5,2.0,1.0,1.0,2,29,0.01,232,0.8240387308984964,0.04933215045991621,0.011859344714145596,0.0485101826630116,0.058658862968365255,-0.0006924786967758279,-0.04863967176314038,0.8242210365473244
5,2.0,1.0,1.0,2,30,0.01,240,0.8327093063604085,0.05020905699302846,0.011080184325592764,0.045330070688436405,0.058658862968365255,-0.0006470720706135691,-0.04956198492241489,0.8328807287545245
5,2.0,1.0,1.0,2,31,0.01,248,0.840825860562422,0.05105292704801716,0.010375410784328047,0.04245271968740141,0.058658862968365255,-0.0006059896483305016,-0.050446937399686656,0.8409870856830564
5,2.0,1.0,1.0,2,32,0.01,256,0.8484253429675741,0.051864585297586516,0.009735842235974977,0.03984088244100856,0.058658862968365255,-0.0005686992578691763,-0.05129588603971734,0.8485769955259425
5,2.0,1.0,1.0,2,33,0.01,264,0.8555421693657299,0.05264487872908971,0.009153671789106097,0.03746286833755075,0.058658862968365255,-0.0005347481488807149,-0.052110130580208996,0.8556848236908484
5,2.0,1.0,1.0,2,34,0.01,272,0.8622083980295117,0.05339466670886872,0.00862222751199622,0.03529157752559928,0.058658862968365255,-0.0005037491816366618,-0.05289091752723206,0.8623425861335046
5,2.0,1.0,1.0,2,35,0.01,280,0.8684538937914386,0.054114813286328056,0.00813577994340677,0.03330372540374919,0.058658862968365255,-0.0004753697390834505,-0.053639443547244606,0.8685801114074564
5,2.0,1.0,1.0,2,36,0.01,288,0.874306480771096,0.054806181227816164,0.0076893866586696755,0.03147921575585861,0.058658862968365255,-0.0004493227649622067,-0.05435685846285396,0.8744251919272149
5,2.0,1.0,1.0,2,37,0.01,296,0.8797920844728457,0.05546962739529235,0.007278765953870553,0.02980063083973175,0.058658862968365255,-0.00042535947472563396,-0.055044267920566714,0.8799037250037236
5,2.0,1.0,1.0,2,38,0.01,304,0.8849348639519227,0.056105999176350146,0.006900193574239777,0.028252814140992212,0.058658862968365255,-0.0004032633915764666,-0.05570273578477368,0.885039844237069
5,2.0,1.0,1.0,2,39,0.01,312,0.8897573347163721,0.05671613174054936,0.006550417802723315,0.02682252703457775,0.058658862968365255,-0.0003828454393014491,-0.05633328630124791,0.8898560418536182
5,2.0,1.0,1.0,2,40,0.01,320,0.8942804829977161,0.05730084594821651,0.006226589269287903,0.025498164762245482,0.058658862968365255,-0.0003639398832141344,-0.056936906065002374,0.8943732825629809
5,2.0,1.0,1.0,2,41,0.01,328,0.898523871986728,0.05786094677642328,0.005926202634037576,0.02426952029719974,0.058658862968365255,-0.0003464009556721631,-0.05751454582075112,0.8986111094903801
5,2.0,1.0,1.0,2,42,0.01,336,0.9025057405943272,0.058397222156409447,0.005647047901962679,0.023127587085936936,0.058658862968365255,-0.00033010003736379245,-0.058067122119045654,0.9025877427140638
5,2.0,1.0,1.0,2,43,0.01,344,0.9062430952615492,0.058910442139234825,0.005387169592673122,0.022064393520601817,0.058658862968365255,-0.00031492329220048076,-0.058595518847034345,0.9063201709101321
5,2.0,1.0,1.0,2,44,0.01,352,0.9097517953078663,0.059401358323700304,0.005144832349146092,0.021072863439872296,0.058658862968365255,-0.00030076967409697897,-0.059100588649603325,0.9098242365785466
5,2.0,1.0,1.0,2,45,0.01,360,0.9130466322743075,0.05987070349437776,0.004918491849969395,0.02014669808374952,0.058658862968365255,-0.00028754924054155695,-0.0595831542538362,0.9131147152943359
5,2.0,1.0,1.0,2,46,0.01,368,0.9161414036861867,0.06031919142781681,0.004706770110567182,0.019280275812661986,0.058658862968365255,-0.0002751817198612255,-0.060044009707955585,0.9162053894010634
5,2.0,1.0,1.0,2,47,0.01,376,0.9190489816310523,0.060747516833531516,0.004508434432172374,0.018468566600087263,0.058658862968365255,-0.00026359528980278435,-0.06048392154372873,0.9191091165351193
5,2.0,1.0,1.0,2,48,0.01,384,0.9217813765194801,0.06115635540264726,0.0043223793954968925,0.017707058862670464,0.058658862968365255,-0.00025272553216104665,-0.06090362987048621,0.9218378933447464
5,2.0,1.0,1.0,2,49,0.01,392,0.9243497963707505,0.0615463639425939,0.004147611405933781,0.01699169663456591,0.058658862968365255,-0.00024251453542800672,-0.06130384940716589,0.9244029147415636
5,2.0,1.0,1.0,2,50,0.01,400,0.9267647019410099,0.06191818058006571,0.003983235385089709,0.016318825447837106,0.058658862968365255,-0.0002329101217656282,-0.06168527045830008,0.9268146290001547
5,2.0,1.0,1.0,2,51,0.01,408,0.9290358579889976,0.0622724250178914,0.003828443274633474,0.01568514556693301,0.058658862968365255,-0.00022386517897898806,-0.062048559838912415,0.929082788999378
5,2.0,1.0,1.0,2,52,0.01,416,0.9311723809535797,0.06260969883418373,0.0036825040757467345,0.015087671456949989,0.058658862968365255,-0.0002153370816218858,-0.06239436175256184,0.9312164998776302
5,2.0,1.0,1.0,2,53,0.01,424,0.9331827832975668,0.062930585814202,0.0035447551939917976,0.014523696553788807,0.058658862968365255,-0.000207287187842492,-0.0627232986263595,0.933224263356289
5,2.0,1.0,1.0,2,54,0.01,432,0.9350750147542921,0.0632356523070754,0.0034145948977235673,0.01399076255815938,0.058658862968365255,-0.00019968040083194472,-0.06303597190624344,0.9351140189667451
5,2.0,1.0,1.0,2,55,0.01,440,0.93685650069641,0.06352544760103737,0.0032914757292325588,0.013486632601518268,0.058658862968365255,-0.00019248478556707638,-0.0633329628154703,0.9368931824004808
5,2.0,1.0,1.0,2,56,0.01,448,0.9385341778307967,0.06380050431192534,0.0031748987334308722,0.013009267735839526,0.058658862968365255,-0.00018567123307548783,-0.06361483307884985,0.9385686811854275
5,2.0,1.0,1.0,2,57,0.01,456,0.940114527408768,0.06406133878064132,0.0030644083902176197,0.01255680628488543,0.058658862968365255,-0.0001792131655008744,-0.06388212561514045,0.940146987877982
5,2.0,1.0,1.0,2,58,0.01,464,0.9416036061274017,0.06430845147606958,0.002959588153984549,0.0121275456657529,0.058658862968365255,-0.00017308627664705534,-0.06413536519942252,0.9416341509459192
5,2.0,1.0,1.0,2,59,0.01,472,0.9430070748850299,0.06454232740049046,0.0028600565187994233,0.01171992634863337,0.058658862968365255,-0.00016726830273150473,-0.06437505909775895,0.9430358235060325
5,2.0,1.0,1.0,2,60,0.01,480,0.9443302255425164,0.06476343649528611,0.0027654635392567466,0.011332517672109101,0.058658862968365255,-0.00016173881993397643,-0.06460169767535213,0.9443572900672744
5,2.0,1.0,1.0,2,61,0.01,488,0.9455780058309537,0.06497223404486616,0.002675487748016433,0.010964005272666694,0.058658862968365255,-0.0001564790649056652,-0.0648157549799605,0.9456034914204445
5,2.0,1.0,1.0,2,62,0.01,496,0.9467550425363899,0.06516916107732187,0.002589833418930507,0.010613179921850353,0.058658862968365255,-0.00015147177530189238,-0.06501768930201998,0.9467790478053084
5,2.0,1.0,1.0,2,63,0.01,504,0.9478656630829694,0.06535464476055808,0.0025082281322030392,0.01027892759374975,0.058658862968365255,-0.00014670104801750572,-0.06520794371254057,0.9478882804760449
5,2.0,1.0,1.0,2,64,0.01,512,0.9489139156270935,0.06552909879284788,0.002430420604172957,0.00996022061025214,0.058658862968365255,-0.00014215221271529632,-0.06538694658013258,0.9489352317781354
5,2.0,1.0,1.0,2,65,0.01,520,0.9499035877672581,0.06569292378703313,0.0023561787492750196,0.009656109732447992,0.058658862968365255,-0.00013781171892369992,-0.06555511206810943,0.9499236838412137
5,2.0,1.0,1.0,2,66,0.01,528,0.9508382239667516,0.06584650764773167,0.0022852879462166107,0.009365717084387687,0.058658862968365255,-0.00013366703497739996,-0.06571284061275429,0.950857175985087
5,2.0,1.0,1.0,2,67,0.01,536,0.9517211417794681,0.06599022594104137,0.0022175494841523468,0.009088229810557532,0.058658862968365255,-0.00012970655746399884,-0.06586051938357737,0.9517390209292849
5,2.0,1.0,1.0,2,68,0.01,544,0.9525554469626711,0.06612444225641217,0.002152779167811011,0.00882289438139982,0.058658862968365255,-0.00012591952993307176,-0.0659985227264791,0.9525723198901197
5,2.0,1.0,1.0,2,69,0.01,552,0.953344047554639,0.06624950856038232,0.002090806063246647,0.008569011472294217,0.058658862968365255,-0.0001222959697796816,-0.06612721259060264,0.9533599766427386
5,2.0,1.0,1.0,2,70,0.01,560,0.9540896669894551,0.06636576554196215,0.0020314713682802977,0.008325931350937298,0.058658862968365255,-0.00011882660233412945,-0.06624693893962802,0.9541047106213965
5,2.0,1.0,1.0,2,71,0.01,568,0.9547948563162758,0.06647354294966955,0.0019746273935951917,0.008093049716245342,0.058658862968365255,-0.00011550280154788706,-0.06635804014812166,0.9548090691241311
5,2.0,1.0,1.0,2,72,0.01,576,0.9554620055854431,0.066573159919983,0.001920136642288225,0.007869803938964652,0.058658862968365255,-0.00011231653625339011,-0.06646084338372961,0.955475438685176
5,2.0,1.0,1.0,2,73,0.01,584,0.9560933544595025,0.06666492529732293,0.0018678709772459283,0.007655669660272614,0.058658862968365255,-0.00010926032155431087,-0.06655566497576862,0.9561060556728325
5,2.0,1.0,1.0,2,74,0.01,592,0.9566910021030781,0.06674913794560823,0.001817710866710458,0.007450157709932938,0.058658862968365255,-0.00010632717496383837,-0.06664281077064439,0.9567030161665039
5,2.0,1.0,1.0,2,75,0.01,600,0.9572569164016786,0.06682608705130919,0.001769544699900788,0.007252811310149826,0.058658862968365255,-0.00010351057638816052,-0.06672257647492102,0.957268285163366
5,2.0,1.0,1.0,2,76,0.01,608,0.9577929425560109,0.06689605241822962,0.001723268165378056,0.007063203535248053,0.058658862968365255,-0.00010080443184408427,-0.06679524798638553,0.9578037051612032
5,2.0,1.0,1.0,2,77,0.01,616,0.9583008110951257,0.0669593047540433,0.0016787836854485056,0.006880935000774628,0.058658862968365255,-9.820304056945561e-05,-0.06686110171347384,0.9583110041603112
5,2.0,1.0,1.0,2,78,0.01,624,0.9587821453485557,0.06701610594874037,0.0016359999012073826,0.006705631758644437,0.058658862968365255,-9.570106482822971e-05,-0.06692040488391214,0.9587918031254405
5,2.0,1.0,1.0,2,79,0.01,632,0.9592384684149537,0.0670667093451421,0.0015948312028287346,0.006536943377598583,0.058658862968365255,-9.329350265417646e-05,-0.06697341584248792,0.959247622944045
5,2.0,1.0,1.0,2,80,0.01,640,0.9596712096618709,0.06711136000156304,0.0015551973008387952,0.0063745411905613706,0.058658862968365255,-9.097566270721558e-05,-0.06702038433885582,0.9596798909169806
5,2.0,1.0,1.0,2,1,0.02,8,0.9097841811847256,0.6267065789141859,1.9998229269205892,40.79706361959276,0.058658862968365255,0.654966128579481,-0.02825954966529498,0.9486910998532663
5,2.0,1.0,1.0,2,2,0.02,16,0.950685590069108,0.022097510227142965,1.9962249373682548,10.19926590489819,0.058658862968365255,-0.028668177626247515,0.00657066739910455,0.9695474129921199
5,2.0,1.0,1.0,2,3,0.02,24,0.5609077145589855,0.06484952434496966,1.3003973223641723,4.533007068843639,0.058658862968365255,-0.0628284675516486,-0.002021056793321048,0.6693115352831658
5,2.0,1.0,1.0,2,4,0.02,32,0.48069141857120123,0.046476960276505726,0.6954692222969356,2.5498164762245477,0.058658862968365255,-0.0364046221092027,-0.010072338167303026,0.538335924672551
5,2.0,1.0,1.0,2,5,0.02,40,0.5062354165914797,0.039625981315683546,0.4290979916040719,1.6318825447837109,0.058658862968365255,-0.023378539004113782,-0.016247442311569764,0.5284363221853138
5,2.0,1.0,1.0,2,6,0.02,48,0.5527869459605477,0.03759318391816552,0.2915331428652052,1.1332517672109097,0.058658862968365255,-0.016234945329699144,-0.02135823858846637,0.5615558892097494
5,2.0,1.0,1.0,2,7,0.02,56,0.600282594358601,0.03769428684770411,0.21126900511213084,0.8325931350937297,0.058658862968365255,-0.011921311521124564,-0.02577297532657954,0.6042016563563891
5,2.0,1.0,1.0,2,8,0.02,64,0.6439904196336865,0.038799476104469224,0.1602898196809732,0.6374541190561369,0.058658862968365255,-0.009122292781429397,-0.029677183323039823,0.6460015825780675
5,2.0,1.0,1.0,2,9,0.02,72,0.6829721088342212,0.04038206512677486,0.1258528362963413,0.5036674520937378,0.058658862968365255,-0.0072044457035246035,-0.03317761942325026,0.6841444770868553
5,2.0,1.0,1.0,2,10,0.02,80,0.717337610786088,0.04217603473782627,0.10147857930565199,0.4079706361959277,0.058658862968365255,-0.005833458554331344,-0.03634257618349493,0.7180987645055497
5,2.0,1.0,1.0,2,11,0.02,88,0.7474915538816871,0.04403915680859197,0.08358356706504504,0.33716581503795673,0.058658862968365255,-0.004819628407864027,-0.03921952840072794,0.7480296053667572
5,2.0,1.0,1.0,2,12,0.02,96,0.7739001410223596,0.045892581779170855,0.07005237259641726,0.2833129418027274,0.058658862968365255,-0.004048876705438867,-0.04184370507373199,0.7743054264182747
5,2.0,1.0,1.0,2,13,0.02,104,0.7970143921200236,0.04769189216135687,0.05956947495142596,0.24140274331119982,0.058658862968365255,-0.0034492765739712605,-0.04424261558738561,0.7973339051980577
5,2.0,1.0,1.0,2,14,0.02,112,0.817245653795772,0.04941226900972968,0.051281260316119015,0.20814828377343242,0.058658862968365255,-0.0029736610499890986,-0.04643860795974058,0.8175057149385085
5,2.0,1.0,1.0,2,15,0.02,120,0.8349598782726497,0.05104045833489612,0.04461388045513618,0.18132028275374562,0.058658862968365255,-0.002590058770893522,-0.0484503995640026,0.8351762797682865
5,2.0,1.0,1.0,2,16,0.02,128,0.8504788421216902,0.052570215991938285,0.039169836202819344,0.15936352976403423,0.058658862968365255,-0.0022761770633590445,-0.05029403892857924,0.8506616864433013
5,2.0,1.0,1.0,2,17,0.02,136,0.8640838226363704,0.05399962414861881,0.03466662385142993,0.1411663101023971,0.058658862968365255,-0.002016087605089159,-0.05198353654352965,0.8642399630741546
5,2.0,1.0,1.0,2,18,0.02,144,0.8760199527343685,0.055329459034274206,0.03089894739536346,0.12591686302343444,0.058658862968365255,-0.0017981643127298608,-0.053531294721544345,0.8761542877438333
5,2.0,1.0,1.0,2,19,0.02,152,0.8865005372870456,0.056562171446415364,0.027714680508680985,0.11301125656396885,0.058658862968365255,-0.0016137606107349545,-0.05494841083568041,0.8866167287429276
5,2.0,1.0,1.0,2,20,0.02,160,0.8957110525202979,0.05770123601966584,0.024999137893995986,0.10199265904898193,0.058658862968365255,-0.0014563379388494585,-0.05624489808081638,0.8958119413559632
5,2.0,1.0,1.0,2,21,0.02,168,0.9038127375053142,0.058750728667463364,0.02266452499319535,0.09251034834374774,0.058658862968365255,-0.0013208777819920664,-0.0574298508854713,0.9039005940163553
5,2.0,1.0,1.0,2,22,0.02,176,0.9109457676280723,0.059715048657567035,0.020642703567795143,0.08429145375948918,0.058658862968365255,-0.0012034765066081948,-0.05851157215095884,0.9110224481883649
5,2.0,1.0,1.0,2,23,0.02,184,0.9172320339023172,0.060598734311002864,0.018880132377476166,0.07712110325064794,0.058658862968365255,-0.0011010608187560361,-0.05949767349224683,0.917299082956845
5,2.0,1.0,1.0,2,24,0.02,192,0.9227775647746745,0.06140634041262043,0.017334265801325747,0.07082823545068186,0.058658862968365255,-0.0010111844823941507,-0.06039515593022628,0.9228362838395743
5,2.0,1.0,1.0,2,25,0.02,200,0.9276746301856227,0.062142356932946785,0.015970948899751175,0.06527530179134843,0.058658862968365255,-0.000931880818438216,-0.06121047611450857,0.9277261263544752
5,2.0,1.0,1.0,2,26,0.02,208,0.9320035664256133,0.06281115576549771,0.014762505607169664,0.060350685827799955,0.058658862968365255,-0.0008615541529354981,-0.061949601612562216,0.9320487877579104
5,2.0,1.0,1.0,2,27,0.02,216,0.9358343572813377,0.0634169566628858,0.013686316865622963,0.05596305023263752,0.058658862968365255,-0.0007988988882597498,-0.06261805777462603,0.9358741195300005
5,2.0,1.0,1.0,2,28,0.02,224,0.9392280033058438,0.06396380643458935,0.012723750188125773,0.052037070943358105,0.058658862968365255,-0.0007428384464009952,-0.06322096798818835,0.9392630107383684
5,2.0,1.0,1.0,2,29,0.02,232,0.9422377073376388,0.06445556735280297,0.011859344714145596,0.0485101826630116,0.058658862968365255,-0.0006924786967758279,-0.06376308865602714,0.9422685693927936
5,2.0,1.0,1.0,2,30,0.02,240,0.9449099008977232,0.06489591196547867,0.011080184325592764,0.045330070688436405,0.058658862968365255,-0.0006470720706135691,-0.0642488398948651,0.9449371458046729
5,2.0,1.0,1.0,2,31,0.02,248,0.9472851329145019,0.06528832236034249,0.010375410784328047,0.04245271968740141,0.058658862968365255,-0.0006059896483305016,-0.06468233271201199,0.9473092190229697
5,2.0,1.0,1.0,2,32,0.02,256,0.9493988393946332,0.06563609250155414,0.009735842235974977,0.03984088244100856,0.058658862968365255,-0.0005686992578691763,-0.06506739324368496,0.9494201647263677
5,2.0,1.0,1.0,2,33,0.02,264,0.9512820101649004,0.06594233266032554,0.009153671789106097,0.03746286833755075,0.058658862968365255,-0.0005347481488807149,-0.06540758451144482,0.9513009205452222
5,2.0,1.0,1.0,2,34,0.02,272,0.9529617666321422,0.06620997524056868,0.00862222751199622,0.03529157752559928,0.058658862968365255,-0.0005037491816366618,-0.06570622605893203,0.952978562662143
5,2.0,1.0,1.0,2,35,0.02,280,0.9544618626143684,0.0664417814984396,0.00813577994340677,0.03330372540374919,0.058658862968365255,-0.0004753697390834505,-0.06596641175935614,0.9544768056784515
5,2.0,1.0,1.0,2,36,0.02,288,0.9558031186540807,0.06664034879546374,0.0076893866586696755,0.03147921575585861,0.058658862968365255,-0.0004493227649622067,-0.06619102603050153,0.9558164361137534
5,2.0,1.0,1.0,2,37,0.02,296,0.9570037988042202,0.06680811812643227,0.007278765953870553,0.02980063083973175,0.058658862968365255,-0.00042535947472563396,-0.06638275865170663,0.9570156884977861
5,2.0,1.0,1.0,2,38,0.02,304,0.9580799376494651,0.06694738173644268,0.006900193574239777,0.028252814140992212,0.058658862968365255,-0.0004032633915764666,-0.0665441183448662,0.9580905717953176
5,2.0,1.0,1.0,2,39,0.02,312,0.959045624265691,0.06706029069495949,0.006550417802723315,0.02682252703457775,0.058658862968365255,-0.0003828454393014491,-0.06667744525565804,0.9590551528504341
5,2.0,1.0,1.0,2,40,0.02,320,0.959913248905735,0.06714886233378758,0.006226589269287903,0.025498164762245482,0.058658862968365255,-0.0003639398832141344,-0.06678492245057345,0.9599218026255332
5,2.0,1.0,1.0,2,41,0.02,328,0.9606937174104557,0.06721498748452889,0.005926202634037576,0.02426952029719974,0.058658862968365255,-0.0003464009556721631,-0.06686858652885672,0.9607014102245336
5,2.0,1.0,1.0,2,42,0.02,336,0.9613966376634892,0.0672604374722221,0.005647047901962679,0.023127587085936936,0.058658862968365255,-0.00033010003736379245,-0.06693033743485831,0.9614035690101439
5,2.0,1.0,1.0,2,43,0.02,344,0.9620304818209467,0.06728687083746067,0.005387169592673122,0.022064393520601817,0.058658862968365255,-0.00031492329220048076,-0.06697194754526019,0.9620367385398843
5,2.0,1.0,1.0,2,44,0.02,352,0.9626027275408435,0.06729583977058867,0.005144832349146092,0.021072863439872296,0.058658862968365255,-0.00030076967409697897,-0.0669950700964917,0.9626083855403279
5,2.0,1.0,1.0,2,45,0.02,360,0.9631199810002345,0.06728879625023612,0.004918491849969395,0.02014669808374952,0.058658862968365255,-0.00028754924054155695,-0.06700124700969456,0.9631251067019415
5,2.0,1.0,1.0,2,46,0.02,368,0.9635880841109512,0.06726709788433549,0.004706770110567182,0.019280275812661986,0.058658862968365255,-0.0002751817198612255,-0.06699191616447428,0.9635927357019225
5,2.0,1.0,1.0,2,47,0.02,376,0.9640122080196221,0.06723201345644489,0.004508434432172374,0.018468566600087263,0.058658862968365255,-0.00026359528980278435,-0.0669684181666421,0.9640164365363997
5,2.0,1.0,1.0,2,48,0.02,384,0.9643969346967501,0.06718472818315245,0.0043223793954968925,0.017707058862670464,0.058658862968365255,-0.00025272553216104665,-0.0669320026509914,0.9644007849642403
5,2.0,1.0,1.0,2,49,0.02,392,0.9647463281772822,0.06712634869082834,0.004147611405933781,0.01699169663456591,0.058658862968365255,-0.00024251453542800672,-0.06688383415540033,0.9647498396213389
5,2.0,1.0,1.0,2,50,0.02,400,0.965063996805652,0.0670579077212774,0.003983235385089709,0.016318825447837106,0.058658862968365255,-0.0002329101217656282,-0.06682499759951177,0.9650672041562198
5,2.0,1.0,1.0,2,51,0.02,408,0.9653531476574084,0.06698036857690853,0.003828443274633474,0.01568514556693301,0.058658862968365255,-0.00022386517897898806,-0.06675650339792955,0.9653560815572153
5,2.0,1.0,1.0,2,52,0.02,416,0.9656166341533238,0.06689462931665133,0.0036825040757467345,0.015087671456949989,0.058658862968365255,-0.0002153370816218858,-0.06667929223502944,0.9656193216845248
5,2.0,1.0,1.0,2,53,0.02,424,0.9658569977467023,0.06680152671406911,0.0035447551939917976,0.014523696553788807,0.058658862968365255,-0.000207287187842492,-0.06659423952622662,0.9658594628867451
5,2.0,1.0,1.0,2,54,0.02,432,0.9660765044478616,0.0667018399891542,0.0034145948977235673,0.01399076255815938,0.058658862968365255,-0.00019968040083194472,-0.06650215958832226,0.9660787684640447
5,2.0,1.0,1.0,2,55,0.02,440,0.9662771768486975,0.06659629432522893,0.0032914757292325588,0.013486632601518268,0.058658862968365255,-0.00019248478556707638,-0.06640380953966185,0.9662792586399152
5,2.0,1.0,1.0,2,56,0.02,448,0.9664608222228682,0.06648556418211629,0.0031748987334308722,0.013009267735839526,0.058658862968365255,-0.00018567123307548783,-0.0662998929490408,0.9664627386155881
5,2.0,1.0,1.0,2,57,0.02,456,0.9666290572014422,0.06637027641644182,0.0030644083902176197,0.01255680628488543,0.058658862968365255,-0.0001792131655008744,-0.06619106325094094,0.9666308232063264
5,2.0,1.0,1.0,2,58,0.02,464,0.9667833294584,0.06625101321953428,0.002959588153984549,0.0121275456657529,0.058658862968365255,-0.00017308627664705534,-0.06607792694288722,0.9667849584926227
5,2.0,1.0,1.0,2,59,0.02,472,0.9669249367835571,0.0661283148829605,0.0028600565187994233,0.01171992634863337,0.058658862968365255,-0.00016726830273150473,-0.065961046580229,0.9669264408639827
5,2.0,1.0,1.0,2,60,0.02,480,0.9670550438714279,0.06600268240144017,0.0027654635392567466,0.011332517672109101,0.058658862968365255,-0.00016173881993397643,-0.06584094358150619,0.9670564337822793
5,2.0,1.0,1.0,2,61,0.02,488,0.967174697111847,0.06587457992221196,0.002675487748016433,0.010964005272666694,0.058658862968365255,-0.0001564790649056652,-0.0657181008573063,0.9671759825503706
5,2.0,1.0,1.0,2,62,0.02,496,0.9672848376312213,0.06574443704966895,0.002589833418930507,0.010613179921850353,0.058658862968365255,-0.00015147177530189238,-0.06559296527436706,0.9672860273345759
5,2.0,1.0,1.0,2,63,0.02,504,0.9673863128012818,0.06561265101357094,0.0025082281322030392,0.01027892759374975,0.058658862968365255,-0.00014670104801750572,-0.06546594996555344,0.967387414656945
5,2.0,1.0,1.0,2,64,0.02,512,0.9674798864043004,0.0654795887086686,0.002430420604172957,0.00996022061025214,0.058658862968365255,-0.00014215221271529632,-0.0653374364959533,0.9674809075463957
5,2.0,1.0,1.0,2,65,0.02,520,0.967566247619632,0.06534558861322519,0.0023561787492750196,0.009656109732447992,0.058658862968365255,-0.00013781171892369992,-0.06520777689430149,0.9675671945130422
5,2.0,1.0,1.0,2,66,0.02,528,0.967646018975431,0.06521096259347393,0.0022852879462166107,0.009365717084387687,0.058658862968365255,-0.00013366703497739996,-0.06507729555849653,0.9676468974893191
5,2.0,1.0,1.0,2,67,0.02,536,0.9677197633911491,0.0650759976006452,0.0022175494841523468,0.009088229810557532,0.058658862968365255,-0.00012970655746399884,-0.0649462910431812,0.9677205788633301
5,2.0,1.0,1.0,2,68,0.02,544,0.967787990420557,0.06494095726686847,0.002152779167811011,0.00882289438139982,0.058658862968365255,-0.00012591952993307176,-0.0648150377369354,0.9677887477140357
5,2.0,1.0,1.0,2,69,0.02,552,0.9678511617912691,0.06480608340586583,0.002090806063246647,0.008569011472294217,0.058658862968365255,-0.0001222959697796816,-0.06468378743608616,0.9678518653436864
5,2.0,1.0,1.0,2,70,0.02,560,0.9679096963246545,0.06467159742396311,0.0020314713682802977,0.008325931350937298,0.058658862968365255,-0.00011882660233412945,-0.06455277082162898,0.96791035019207
5,2.0,1.0,1.0,2,71,0.02,568,0.9679639743096844,0.06453770164680345,0.0019746273935951917,0.008093049716245342,0.058658862968365255,-0.00011550280154788706,-0.06442219884525556,0.9679645822049545
5,2.0,1.0,1.0,2,72,0.02,576,0.9680143413950324,0.06440458056655088,0.001920136642288225,0.007869803938964652,0.058658862968365255,-0.00011231653625339011,-0.06429226403029749,0.9680149067217344
5,2.0,1.0,1.0,2,73,0.02,584,0.968061112055864,0.06427240201436642,0.0018678709772459283,0.007655669660272614,0.058658862968365255,-0.00010926032155431087,-0.0641631416928121,0.9680616379384623
5,2.0,1.0,1.0,2,74,0.02,592,0.9681045726848394,0.06414131826254112,0.001817710866710458,0.007450157709932938,0.058658862968365255,-0.00010632717496383837,-0.06403499108757728,0.9681050619952423
5,2.0,1.0,1.0,2,75,0.02,600,0.968144984350743,0.0640114670603228,0.001769544699900788,0.007252811310149826,0.058658862968365255,-0.00010351057638816052,-0.06390795648393464,0.9681454397319156
5,2.0,1.0,1.0,2,76,0.02,608,0.9681825852629146,0.06388297260743094,0.001723268165378056,0.007063203535248053,0.058658862968365255,-0.00010080443184408427,-0.06378216817558685,0.9681830091500094
5,2.0,1.0,1.0,2,77,0.02,616,0.9682175929750639,0.06375594646885475,0.0016787836854485056,0.006880935000774628,0.058658862968365255,-9.820304056945561e-05,-0.0636577434282853,0.9682179876140631
5,2.0,1.0,1.0,2,78,0.02,624,0.9682502063579342,0.06363048843440014,0.0016359999012073826,0.006705631758644437,0.058658862968365255,-9.570106482822971e-05,-0.06353478736957191,0.9682505738226217
5,2.0,1.0,1.0,2,79,0.02,632,0.9682806073668828,0.06350668732624007,0.0015948312028287346,0.006536943377598583,0.058658862968365255,-9.329350265417646e-05,-0.0634133938235859,0.9682809495736645
5,2.0,1.0,1.0,2,80,0.02,640,0.9683089626271895,0.06338462175745534,0.0015551973008387952,0.0063745411905613706,0.058658862968365255,-9.097566270721558e-05,-0.06329364609474812,0.9683092813487494
5,2.0,1.0,1.0,2,1,0.05,8,0.9221490112249691,0.5853876919035657,1.9998229269205892,40.79706361959276,0.058658862968365255,0.654966128579481,-0.06957843667591523,0.9495816492757663
5,2.0,1.0,1.0,2,2,0.05,16,0.9608072065455042,0.014883272526670974,1.9962249373682548,10.19926590489819,0.058658862968365255,-0.028668177626247515,0.013784905099576542,0.970154069300368
5,2.0,1.0,1.0,2,3,0.05,24,0.7496474851970436,0.06713927768089202,1.3003973223641723,4.533007068843639,0.058658862968365255,-0.0628284675516486,-0.004310810129243423,0.7804836100407779
5,2.0,1.0,1.0,2,4,0.05,32,0.7540754098410972,0.057028866667068814,0.6954692222969356,2.5498164762245477,0.058658862968365255,-0.0364046221092027,-0.020624244557866114,0.763080814864731
5,2.0,1.0,1.0,2,5,0.05,40,0.8012623869163227,0.055132716321734464,0.4290979916040719,1.6318825447837109,0.058658862968365255,-0.023378539004113782,-0.03175417731762068,0.8036604770271218
5,2.0,1.0,1.0,2,6,0.05,48,0.8437900321768553,0.05611939691050069,0.2915331428652052,1.1332517672109097,0.058658862968365255,-0.016234945329699144,-0.03988445158080155,0.8445937940939585
5,2.0,1.0,1.0,2,7,0.05,56,0.8762734755376398,0.05797628143569826,0.21126900511213084,0.8325931350937297,0.058658862968365255,-0.011921311521124564,-0.046054969914573696,0.876616419104264
5,2.0,1.0,1.0,2,8,0.05,64,0.9001769191580542,0.05995129130790909,0.1602898196809732,0.6374541190561369,0.058658862968365255,-0.009122292781429397,-0.05082899852647969,0.900353270536919
5,2.0,1.0,1.0,2,9,0.05,72,0.9176203929109524,0.06175868844803428,0.1258528362963413,0.5036674520937378,0.058658862968365255,-0.0072044457035246035,-0.05455424274450968,0.9177231873873695
5,2.0,1.0,1.0,2,10,0.05,80,0.9303583731662478,0.06329962912701528,0.10147857930565199,0.4079706361959277,0.058658862968365255,-0.005833458554331344,-0.05746617057268394,0.930423249059539
5,2.0,1.0,1.0,2,11,0.05,88,0.9396992948711134,0.06455431793169646,0.08358356706504504,0.33716581503795673,0.058658862968365255,-0.004819628407864027,-0.05973468952383243,0.9397423829594831
5,2.0,1.0,1.0,2,12,0.05,96,0.9465891692925282,0.06553671907567249,0.07005237259641726,0.2833129418027274,0.058658862968365255,-0.004048876705438867,-0.06148784237023362,0.9466188027163246
5,2.0,1.0,1.0,2,13,0.05,104,0.9517053863791657,0.06627433191679369,0.05956947495142596,0.24140274331119982,0.058658862968365255,-0.0034492765739712605,-0.06282505534282243,0.9517263051406759
5,2.0,1.0,1.0,2,14,0.05,112,0.9555321525617236,0.06679882153426693,0.051281260316119015,0.20814828377343242,0.058658862968365255,-0.0029736610499890986,-0.06382516048427783,0.9555472377478806
5,2.0,1.0,1.0,2,15,0.05,120,0.9584161967375747,0.0671416430510552,0.04461388045513618,0.18132028275374562,0.058658862968365255,-0.002590058770893522,-0.06455158428016168,0.9584272799451947
5,2.0,1.0,1.0,2,16,0.05,128,0.9606066853479117,0.06733206669547445,0.039169836202819344,0.15936352976403423,0.058658862968365255,-0.0022761770633590445,-0.06505588963211541,0.9606149676721819
5,2.0,1.0,1.0,2,17,0.05,136,0.9622834974164798,0.06739638963168677,0.03466662385142993,0.1411663101023971,0.058658862968365255,-0.002016087605089159,-0.06538030202659761,0.9622897845646671
5,2.0,1.0,1.0,2,18,0.05,144,0.9635771785669576,0.06735774014173404,0.03089894739536346,0.12591686302343444,0.058658862968365255,-0.0017981643127298608,-0.06555957582900418,0.9635820208331347
5,2.0,1.0,1.0,2,19,0.05,152,0.9645830202533952,0.06723617304442392,0.027714680508680985,0.11301125656396885,0.058658862968365255,-0.0016137606107349545,-0.06562241243368896,0.9645867993982513
5,2.0,1.0,1.0,2,20,0.05,160,0.9653710108055996,0.06704890024053412,0.024999137893995986,0.10199265904898193,0.058658862968365255,-0.0014563379388494585,-0.06559256230168466,0.965373995565145
5,2.0,1.0,1.0,2,21,0.05,168,0.9659928885622019,0.06681057453803438,0.02266452499319535,0.09251034834374774,0.058658862968365255,-0.0013208777819920664,-0.06548969675604233,0.9659952708443669
5,2.0,1.0,1.0,2,22,0.05,176,0.9664871587941462,0.0665335840167233,0.020642703567795143,0.08429145375948918,0.058658862968365255,-0.0012034765066081948,-0.0653301075101151,0.966489077639685
5,2.0,1.0,1.0,2,23,0.05,184,0.9668826768884262,0.06622833520457816,0.018880132377476166,0.07712110325064794,0.058658862968365255,-0.0011010608187560361,-0.06512727438582212,0.9668842345217882
5,2.0,1.0,1.0,2,24,0.05,192,0.9672012191277405,0.0659035147661106,0.017334265801325747,0.07082823545068186,0.058658862968365255,-0.0010111844823941507,-0.06489233028371645,0.9672024918198495
5,2.0,1.0,1.0,2,25,0.05,200,0.967459336158236,0.0655663256319395,0.015970948899751175,0.06527530179134843,0.058658862968365255,-0.000931880818438216,-0.06463444481350128,0.9674603816490175
5,2.0,1.0,1.0,2,26,0.05,208,0.9676696962824233,0.0652226968561164,0.014762505607169664,0.060350685827799955,0.058658862968365255,-0.0008615541529354981,-0.06436114270318091,0.967670558901887
5,2.0,1.0,1.0,2,27,0.05,216,0.9678420643797581,0.06487746823926664,0.013686316865622963,0.05596305023263752,0.058658862968365255,-0.0007988988882597498,-0.06407856935100689,0.9678427786173512
5,2.0,1.0,1.0,2,28,0.05,224,0.967984019413368,0.06453455160436039,0.012723750188125773,0.052037070943358105,0.058658862968365255,-0.0007428384464009952,-0.0637917131579594,0.9679846124329856
5,2.0,1.0,1.0,2,29,0.05,232,0.968101483485941,0.06419707095420625,0.011859344714145596,0.0485101826630116,0.058658862968365255,-0.0006924786967758279,-0.06350459225743042,0.9681019769193138
5,2.0,1.0,1.0,2,30,0.05,240,0.9681991143516084,0.06386748380282578,0.011080184325592764,0.045330070688436405,0.058658862968365255,-0.0006470720706135691,-0.06322041173221221,0.9681995255932432
5,2.0,1.0,1.0,2,31,0.05,248,0.9682805984648405,0.06354768588640251,0.010375410784328047,0.04245271968740141,0.058658862968365255,-0.0006059896483305016,-0.06294169623807201,0.9682809416200038
5,2.0,1.0,1.0,2,32,0.05,256,0.9683488711739469,0.06323910129953975,0.009735842235974977,0.03984088244100856,0.058658862968365255,-0.0005686992578691763,-0.06267040204167057,0.9683491577623519
5,2.0,1.0,1.0,2,33,0.05,264,0.9684062832412224,0.06294275991140794,0.009153671789106097,0.03746286833755075,0.058658862968365255,-0.0005347481488807149,-0.06240801176252722,0.9684065227267871
5,2.0,1.0,1.0,2,34,0.05,272,0.9684547275868961,0.06265936371884624,0.00862222751199622,0.03529157752559928,0.058658862968365255,-0.0005037491816366618,-0.06215561453720958,0.9684549277824839
5,2.0,1.0,1.0,2,35,0.05,280,0.9684957363773258,0.062389343602613195,0.00813577994340677,0.03330372540374919,0.058658862968365255,-0.0004753697390834505,-0.061913973863529745,0.9684959037579907
5,2.0,1.0,1.0,2,36,0.05,288,0.9685305558670176,0.06213290777524136,0.0076893866586696755,0.03147921575585861,0.058658862968365255,-0.0004493227649622067,-0.06168358501027915,0.9685306958157393
5,2.0,1.0,1.0,2,37,0.05,296,0.9685602044495307,0.06189008304774215,0.007278765953870553,0.02980063083973175,0.058658862968365255,-0.00042535947472563396,-0.061464723573016515,0.9685603214521693
5,2.0,1.0,1.0,2,38,0.05,304,0.9685855179561857,0.06166074989784487,0.006900193574239777,0.028252814140992212,0.058658862968365255,-0.0004032633915764666,-0.0612574865062684,0.9685856157578396
5,2.0,1.0,1.0,2,39,0.05,312,0.9686071852104241,0.061444672194600064,0.006550417802723315,0.02682252703457775,0.058658862968365255,-0.0003828454393014491,-0.061061826755298615,0.9686072669420462
5,2.0,1.0,1.0,2,40,0.05,320,0.9686257760910026,0.06124152232161206,0.006226589269287903,0.025498164762245482,0.058658862968365255,-0.0003639398832141344,-0.06087758243839793,0.9686258443725836
5,2.0,1.0,1.0,2,41,0.05,328,0.9686417638018731,0.06105090234257811,0.005926202634037576,0.02426952029719974,0.058658862968365255,-0.0003464009556721631,-0.060704501386905946,0.9686418208273122
5,2.0,1.0,1.0,2,42,0.05,336,0.9686555426358068,0.060872361766860686,0.005647047901962679,0.023127587085936936,0.058658862968365255,-0.00033010003736379245,-0.06054226172949689,0.9686555902429527
5,2.0,1.0,1.0,2,43,0.05,344,0.968667442213122,0.060705412397950284,0.005387169592673122,0.022064393520601817,0.058658862968365255,-0.00031492329220048076,-0.0603904891057498,0.968667481941761
5,2.0,1.0,1.0,2,44,0.05,352,0.9686777389481493,0.06054954068248657,0.005144832349146092,0.021072863439872296,0.058658862968365255,-0.00030076967409697897,-0.060248771008389594,0.9686777720884762
5,2.0,1.0,1.0,2,45,0.05,360,0.968686665324049,0.06040421792116603,0.004918491849969395,0.02014669808374952,0.058658862968365255,-0.00028754924054155695,-0.06011666868062447,0.9686866929569589
5,2.0,1.0,1.0,2,46,0.05,368,0.9686944174262562,0.0602689086536124,0.004706770110567182,0.019280275812661986,0.058658862968365255,-0.0002751817198612255,-0.05999372693375118,0.9686944404571691
5,2.0,1.0,1.0,2,47,0.05,376,0.9687011610857984,0.06014307748692305,0.004508434432172374,0.018468566600087263,0.058658862968365255,-0.00026359528980278435,-0.05987948219712026,0.9687011802728329
5,2.0,1.0,1.0,2,48,0.05,384,0.9687070369077738,0.06002619460052146,0.0043223793954968925,0.017707058862670464,0.058658862968365255,-0.00025272553216104665,-0.05977346906836041,0.9687070528855874
5,2.0,1.0,1.0,2,49,0.05,392,0.96871216440199,0.05991774012817523,0.004147611405933781,0.01699169663456591,0.058658862968365255,-0.00024251453542800672,-0.059675225592747225,0.9687121777016927
5,2.0,1.0,1.0,2,50,0.05,400,0.9687166453875143,0.05981720759012262,0.003983235385089709,0.016318825447837106,0.058658862968365255,-0.0002329101217656282,-0.05958429746835699,0.9687166564532848
5,2.0,1.0,1.0,2,51,0.05,408,0.968720566807755,0.0597241065242944,0.003828443274633474,0.01568514556693301,0.058658862968365255,-0.00022386517897898806,-0.05950024134531541,0.9687205760109704
5,2.0,1.0,1.0,2,52,0.05,416,0.9687240030652772,0.059637964444811634,0.0036825040757467345,0.015087671456949989,0.058658862968365255,-0.0002153370816218858,-0.05942262736318975,0.9687240107162759
5,2.0,1.0,1.0,2,53,0.05,424,0.9687270179639073,0.059558328237853904,0.0035447551939917976,0.014523696553788807,0.058658862968365255,-0.000207287187842492,-0.05935104105001141,0.9687270243219241
5,2.0,1.0,1.0,2,54,0.05,432,0.9687296663286972,0.05948476508934679,0.0034145948977235673,0.01399076255815938,0.058658862968365255,-0.00019968040083194472,-0.059285084688514844,0.9687296716101285
5,2.0,1.0,1.0,2,55,0.05,440,0.9687319953607721,0.059416863025408564,0.0032914757292325588,0.013486632601518268,0.058658862968365255,-0.00019248478556707638,-0.05922437823984149,0.9687319997461983
5,2.0,1.0,1.0,2,56,0.05,448,0.9687340457733722,0.059354231134762,0.0031748987334308722,0.013009267735839526,0.058658862968365255,-0.00018567123307548783,-0.05916855990168651,0.9687340494134005
5,2.0,1.0,1.0,2,57,0.05,456,0.9687358527467614,0.05929649953216237,0.0030644083902176197,0.01255680628488543,0.058658862968365255,-0.0001792131655008744,-0.0591172863666615,0.9687358557670039
5,2.0,1.0,1.0,2,58,0.05,464,0.9687374467328166,0.05924331911314133,0.002959588153984549,0.0121275456657529,0.058658862968365255,-0.00017308627664705534,-0.05907023283649428,0.968737449237866
5,2.0,1.0,1.0,2,59,0.05,472,0.9687388541344802,0.059194361142724056,0.0028600565187994233,0.01171992634863337,0.058658862968365255,-0.00016726830273150473,-0.05902709283999255,0.9687388562114707
5,2.0,1.0,1.0,2,60,0.05,480,0.9687400978808571,0.05914931671437397,0.0027654635392567466,0.011332517672109101,0.058658862968365255,-0.00016173881993397643,-0.058987577894439994,0.968740099602357
5,2.0,1.0,1.0,2,61,0.05,488,0.9687411979150176,0.059107896109589234,0.002675487748016433,0.010964005272666694,0.058658862968365255,-0.0001564790649056652,-0.05895141704468357,0.9687411993413735
5,2.0,1.0,1.0,2,62,0.05,496,0.9687421716086104,0.05906982808384709,0.002589833418930507,0.010613179921850353,0.058658862968365255,-0.00015147177530189238,-0.058918356308545194,0.9687421727900398
5,2.0,1.0,1.0,2,63,0.05,504,0.968743034115012,0.0590348591003731,0.0025082281322030392,0.01027892759374975,0.058658862968365255,-0.00014670104801750572,-0.058888158052355595,0.9687430350932597
5,2.0,1.0,1.0,2,64,0.05,512,0.9687437986706974,0.05900275252956534,0.002430420604172957,0.00996022061025214,0.058658862968365255,-0.00014215221271529632,-0.058860600316850045,0.9687437994804491
5,2.0,1.0,1.0,2,65,0.05,520,0.9687444768529291,0.0589732878288962,0.0023561787492750196,0.009656109732447992,0.058658862968365255,-0.00013781171892369992,-0.0588354761099725,0.9687444775230024
5,2.0,1.0,1.0,2,66,0.05,528,0.968745078800509,0.05894625971541417,0.0022852879462166107,0.009365717084387687,0.058658862968365255,-0.00013366703497739996,-0.05881259268043677,0.9687450793548342
5,2.0,1.0,1.0,2,67,0.05,536,0.9687456134032315,0.058921477340735925,0.0022175494841523468,0.009088229810557532,0.058658862968365255,-0.00012970655746399884,-0.05879177078327193,0.9687456138616505
5,2.0,1.0,1.0,2,68,0.05,544,0.9687460884647582,0.05889876347649939,0.002152779167811011,0.00882289438139982,0.058658862968365255,-0.00012591952993307176,-0.05877284394656632,0.9687460888437969
5,2.0,1.0,1.0,2,69,0.05,552,0.9687465108429102,0.05887795371660644,0.002090806063246647,0.008569011472294217,0.058658862968365255,-0.0001222959697796816,-0.058755657746826756,0.9687465111561939
5,2.0,1.0,1.0,2,70,0.05,560,0.9687468865706648,0.05885889570115956,0.0020314713682802977,0.008325931350937298,0.058658862968365255,-0.00011882660233412945,-0.05874006909882543,0.968746886829549
5,2.0,1.0,1.0,2,71,0.05,568,0.9687472209607386,0.05884144836595645,0.0019746273935951917,0.008093049716245342,0.058658862968365255,-0.00011550280154788706,-0.05872594556440856,0.9687472211746164
5,2.0,1.0,1.0,2,72,0.05,576,0.9687475186960841,0.058825481220213804,0.001920136642288225,0.007869803938964652,0.058658862968365255,-0.00011231653625339011,-0.058713164683960414,0.9687475188727002
5,2.0,1.0,1.0,2,73,0.05,584,0.9687477839083292,0.05881087365457277,0.0018678709772459283,0.007655669660272614,0.058658862968365255,-0.00010926032155431087,-0.05870161333301846,0.96874778405415
5,2.0,1.0,1.0,2,74,0.05,592,0.9687480202458858,0.058797514280658575,0.001817710866710458,0.007450157709932938,0.058658862968365255,-0.00010632717496383837,-0.058691187105694737,0.9687480203662713
5,2.0,1.0,1.0,2,75,0.05,600,0.9687482309331523,0.05878530030284586,0.001769544699900788,0.007252811310149826,0.058658862968365255,-0.00010351057638816052,-0.0586817897264577,0.9687482310325107
5,2.0,1.0,1.0,2,76,0.05,608,0.9687484188220489,0.05877413692254779,0.001723268165378056,0.007063203535248053,0.058658862968365255,-0.00010080443184408427,-0.05867333249070371,0.9687484189040595
5,2.0,1.0,1.0,2,77,0.05,616,0.9687485864369613,0.05876393677484935,0.0016787836854485056,0.006880935000774628,0.058658862968365255,-9.820304056945561e-05,-0.05866573373427989,0.9687485865045866
5,2.0,1.0,1.0,2,78,0.05,624,0.9687487360139437,0.05875461939706772,0.0016359999012073826,0.006705631758644437,0.058658862968365255,-9.570106482822971e-05,-0.05865891833223949,0.9687487360697308
5,2.0,1.0,1.0,2,79,0.05,632,0.9687488695350246,0.05874611072857115,0.0015948312028287346,0.006536943377598583,0.058658862968365255,-9.329350265417646e-05,-0.058652817225916976,0.968748869580997
5,2.0,1.0,1.0,2,80,0.05,640,0.9687489887581833,0.05873834264093168,0.0015551973008387952,0.0063745411905613706,0.058658862968365255,-9.097566270721558e-05,-0.058647366978224466,0.9687489887960804
